p,cor_modifier,lambda,alpha,K_structure,solver,starting_point,tolerance,time_trimmed_mean,f_end
10,0.8,0.1,0,line,pcglasso,C,9.999999999999982e-9,0.04400000000001114,5.521837048833088
10,0.8,0.1,0,line,pcglasso,C,3.5111917342151263e-8,0.040999999999968395,5.521837048833104
10,0.8,0.1,0,line,pcglasso,C,1.2328467394420646e-7,0.04200000000000159,5.521837048834087
10,0.8,0.1,0,line,pcglasso,C,4.328761281083054e-7,0.03899999999998727,5.5218370488461845
10,0.8,0.1,0,line,pcglasso,C,1.5199110829529328e-6,0.02750000000000341,5.521837048871686
10,0.8,0.1,0,line,pcglasso,C,5.336699231206308e-6,0.020000000000010232,5.521837049657667
10,0.8,0.1,0,line,pcglasso,C,1.873817422860384e-5,0.01300000000000523,5.5218370502522545
10,0.8,0.1,0,line,pcglasso,C,6.579332246575681e-5,0.018000000000029104,5.521837086483251
10,0.8,0.1,0,line,pcglasso,C,2.310129700083161e-4,0.009000000000014552,5.52183786257661
10,0.8,0.1,0,line,pcglasso,C,8.11130830789687e-4,0.0075000000000216005,5.5218409754799955
10,0.8,0.1,0,line,pcglasso,C,0.002848035868435802,0.006000000000000227,5.521878654922709
10,0.8,0.1,0,line,pcglasso,C,0.010000000000000004,0.009500000000002728,5.522190160532842
10,0.8,0.1,0,line,pcglasso,I,9.999999999999982e-9,0.044999999999987494,5.521837048833088
10,0.8,0.1,0,line,pcglasso,I,3.5111917342151263e-8,0.04200000000000159,5.521837048833133
10,0.8,0.1,0,line,pcglasso,I,1.2328467394420646e-7,0.03900000000001569,5.521837048833746
10,0.8,0.1,0,line,pcglasso,I,4.328761281083054e-7,0.04100000000002524,5.521837048835659
10,0.8,0.1,0,line,pcglasso,I,1.5199110829529328e-6,0.030000000000001137,5.521837048951255
10,0.8,0.1,0,line,pcglasso,I,5.336699231206308e-6,0.021500000000003183,5.521837060804874
10,0.8,0.1,0,line,pcglasso,I,1.873817422860384e-5,0.017499999999984084,5.521837049899837
10,0.8,0.1,0,line,pcglasso,I,6.579332246575681e-5,0.014000000000010004,5.5218371414555065
10,0.8,0.1,0,line,pcglasso,I,2.310129700083161e-4,0.011000000000024102,5.521838095263525
10,0.8,0.1,0,line,pcglasso,I,8.11130830789687e-4,0.010499999999979082,5.521845218434809
10,0.8,0.1,0,line,pcglasso,I,0.002848035868435802,0.008499999999969532,5.521892231169676
10,0.8,0.1,0,line,pcglasso,I,0.010000000000000004,0.007499999999993179,5.522133776593926
10,0.8,0.1,0,line,pcglasso_cpp,C,9.999999999999982e-9,0.008499999999997954,5.521837064122154
10,0.8,0.1,0,line,pcglasso_cpp,C,3.5111917342151263e-8,0.01300000000000523,5.521837100833234
10,0.8,0.1,0,line,pcglasso_cpp,C,1.2328467394420646e-7,0.007499999999964757,5.5218372243693565
10,0.8,0.1,0,line,pcglasso_cpp,C,4.328761281083054e-7,0.0069999999999765805,5.521837642456687
10,0.8,0.1,0,line,pcglasso_cpp,C,1.5199110829529328e-6,0.005499999999983629,5.5218399909570675
10,0.8,0.1,0,line,pcglasso_cpp,C,5.336699231206308e-6,0.006000000000000227,5.52184718013169
10,0.8,0.1,0,line,pcglasso_cpp,C,1.873817422860384e-5,0.0049999999999954525,5.521860305584872
10,0.8,0.1,0,line,pcglasso_cpp,C,6.579332246575681e-5,0.004000000000019099,5.521893614892503
10,0.8,0.1,0,line,pcglasso_cpp,C,2.310129700083161e-4,0.003999999999962256,5.521931027033173
10,0.8,0.1,0,line,pcglasso_cpp,C,8.11130830789687e-4,0.003500000000030923,5.522753148036991
10,0.8,0.1,0,line,pcglasso_cpp,C,0.002848035868435802,0.0024999999999977263,5.525740840853078
10,0.8,0.1,0,line,pcglasso_cpp,C,0.010000000000000004,0.0024999999999693046,5.532114419004129
10,0.8,0.1,0,line,pcglasso_cpp,I,9.999999999999982e-9,0.007999999999981355,5.52183706018071
10,0.8,0.1,0,line,pcglasso_cpp,I,3.5111917342151263e-8,0.007000000000005002,5.521837092627198
10,0.8,0.1,0,line,pcglasso_cpp,I,1.2328467394420646e-7,0.007000000000005002,5.521837221035455
10,0.8,0.1,0,line,pcglasso_cpp,I,4.328761281083054e-7,0.006500000000016826,5.521837735815319
10,0.8,0.1,0,line,pcglasso_cpp,I,1.5199110829529328e-6,0.01099999999999568,5.521839736031124
10,0.8,0.1,0,line,pcglasso_cpp,I,5.336699231206308e-6,0.0049999999999954525,5.521843631092745
10,0.8,0.1,0,line,pcglasso_cpp,I,1.873817422860384e-5,0.004500000000007276,5.5218619970616984
10,0.8,0.1,0,line,pcglasso_cpp,I,6.579332246575681e-5,0.003999999999962256,5.5219347853147385
10,0.8,0.1,0,line,pcglasso_cpp,I,2.310129700083161e-4,0.002999999999985903,5.522109236462765
10,0.8,0.1,0,line,pcglasso_cpp,I,8.11130830789687e-4,0.002999999999985903,5.522321818939716
10,0.8,0.1,0,line,pcglasso_cpp,I,0.002848035868435802,0.0030000000000143245,5.523633200923151
10,0.8,0.1,0,line,pcglasso_cpp,I,0.010000000000000004,0.006000000000000227,5.525561470476854
10,0.8,0.1,0,line,pcglasso_fortran,C,9.999999999999982e-9,0.014999999999957936,5.5218370651059665
10,0.8,0.1,0,line,pcglasso_fortran,C,3.5111917342151263e-8,0.009000000000014552,5.521837105793409
10,0.8,0.1,0,line,pcglasso_fortran,C,1.2328467394420646e-7,0.007000000000005002,5.5218376833904355
10,0.8,0.1,0,line,pcglasso_fortran,C,4.328761281083054e-7,0.007000000000005002,5.521837943837155
10,0.8,0.1,0,line,pcglasso_fortran,C,1.5199110829529328e-6,0.0055000000000404725,5.521838969511842
10,0.8,0.1,0,line,pcglasso_fortran,C,5.336699231206308e-6,0.005499999999983629,5.521846160177579
10,0.8,0.1,0,line,pcglasso_fortran,C,1.873817422860384e-5,0.004499999999978854,5.521870246512101
10,0.8,0.1,0,line,pcglasso_fortran,C,6.579332246575681e-5,0.003999999999990678,5.52191051710405
10,0.8,0.1,0,line,pcglasso_fortran,C,2.310129700083161e-4,0.004000000000019099,5.521953307631953
10,0.8,0.1,0,line,pcglasso_fortran,C,8.11130830789687e-4,0.002999999999985903,5.522788615973229
10,0.8,0.1,0,line,pcglasso_fortran,C,0.002848035868435802,0.0020000000000095497,5.523462331047059
10,0.8,0.1,0,line,pcglasso_fortran,C,0.010000000000000004,0.0030000000000143245,5.525702209785238
10,0.8,0.1,0,line,pcglasso_fortran,I,9.999999999999982e-9,0.018000000000029104,5.521837066940659
10,0.8,0.1,0,line,pcglasso_fortran,I,3.5111917342151263e-8,0.018000000000000682,5.521837085082427
10,0.8,0.1,0,line,pcglasso_fortran,I,1.2328467394420646e-7,0.01099999999999568,5.5218371983899726
10,0.8,0.1,0,line,pcglasso_fortran,I,4.328761281083054e-7,0.009000000000014552,5.521837914393716
10,0.8,0.1,0,line,pcglasso_fortran,I,1.5199110829529328e-6,0.009000000000014552,5.521839898097812
10,0.8,0.1,0,line,pcglasso_fortran,I,5.336699231206308e-6,0.013500000000021828,5.521846008610389
10,0.8,0.1,0,line,pcglasso_fortran,I,1.873817422860384e-5,0.012500000000017053,5.521885043659111
10,0.8,0.1,0,line,pcglasso_fortran,I,6.579332246575681e-5,0.006000000000028649,5.521934426851129
10,0.8,0.1,0,line,pcglasso_fortran,I,2.310129700083161e-4,0.005499999999983629,5.522055974009505
10,0.8,0.1,0,line,pcglasso_fortran,I,8.11130830789687e-4,0.01099999999999568,5.522147723501089
10,0.8,0.1,0,line,pcglasso_fortran,I,0.002848035868435802,0.004500000000007276,5.522519374178432
10,0.8,0.1,0,line,pcglasso_fortran,I,0.010000000000000004,0.004000000000019099,5.523593665328168
10,0.8,0.1,0.5,line,pcglasso,C,9.999999999999982e-9,0.069500000000005,7.667101073660166
10,0.8,0.1,0.5,line,pcglasso,C,3.5111917342151263e-8,0.04550000000000409,7.667101073660169
10,0.8,0.1,0.5,line,pcglasso,C,1.2328467394420646e-7,0.039499999999975444,7.667101073660223
10,0.8,0.1,0.5,line,pcglasso,C,4.328761281083054e-7,0.035499999999984766,7.6671010736602545
10,0.8,0.1,0.5,line,pcglasso,C,1.5199110829529328e-6,0.039500000000003865,7.66710107366493
10,0.8,0.1,0.5,line,pcglasso,C,5.336699231206308e-6,0.02600000000001046,7.667101073800607
10,0.8,0.1,0.5,line,pcglasso,C,1.873817422860384e-5,0.016999999999995907,7.667101078427607
10,0.8,0.1,0.5,line,pcglasso,C,6.579332246575681e-5,0.01650000000000773,7.6671010778822986
10,0.8,0.1,0.5,line,pcglasso,C,2.310129700083161e-4,0.013999999999981583,7.667101113887776
10,0.8,0.1,0.5,line,pcglasso,C,8.11130830789687e-4,0.01249999999996021,7.6671017291652035
10,0.8,0.1,0.5,line,pcglasso,C,0.002848035868435802,0.021500000000003183,7.667107828644353
10,0.8,0.1,0.5,line,pcglasso,C,0.010000000000000004,0.009500000000002728,7.667197318785466
10,0.8,0.1,0.5,line,pcglasso,I,9.999999999999982e-9,0.03699999999997772,7.667101073660167
10,0.8,0.1,0.5,line,pcglasso,I,3.5111917342151263e-8,0.04049999999998022,7.667101073660167
10,0.8,0.1,0.5,line,pcglasso,I,1.2328467394420646e-7,0.038000000000010914,7.667101073660189
10,0.8,0.1,0.5,line,pcglasso,I,4.328761281083054e-7,0.035499999999984766,7.667101073660382
10,0.8,0.1,0.5,line,pcglasso,I,1.5199110829529328e-6,0.027000000000015234,7.667101073676845
10,0.8,0.1,0.5,line,pcglasso,I,5.336699231206308e-6,0.024499999999989086,7.667101073843467
10,0.8,0.1,0.5,line,pcglasso,I,1.873817422860384e-5,0.014500000000026603,7.667101078499185
10,0.8,0.1,0.5,line,pcglasso,I,6.579332246575681e-5,0.014000000000038426,7.667101077932687
10,0.8,0.1,0.5,line,pcglasso,I,2.310129700083161e-4,0.012500000000017053,7.6671011143880845
10,0.8,0.1,0.5,line,pcglasso,I,8.11130830789687e-4,0.01099999999999568,7.667101735790419
10,0.8,0.1,0.5,line,pcglasso,I,0.002848035868435802,0.009999999999990905,7.667108009107009
10,0.8,0.1,0.5,line,pcglasso,I,0.010000000000000004,0.009500000000002728,7.667189712245016
10,0.8,0.1,0.5,line,pcglasso_cpp,C,9.999999999999982e-9,0.005500000000012051,7.667101076408484
10,0.8,0.1,0.5,line,pcglasso_cpp,C,3.5111917342151263e-8,0.005500000000012051,7.667101090804461
10,0.8,0.1,0.5,line,pcglasso_cpp,C,1.2328467394420646e-7,0.0049999999999954525,7.667101125621349
10,0.8,0.1,0.5,line,pcglasso_cpp,C,4.328761281083054e-7,0.0049999999999954525,7.667101231912561
10,0.8,0.1,0.5,line,pcglasso_cpp,C,1.5199110829529328e-6,0.0049999999999954525,7.6671016107853065
10,0.8,0.1,0.5,line,pcglasso_cpp,C,5.336699231206308e-6,0.012000000000000455,7.667102906149033
10,0.8,0.1,0.5,line,pcglasso_cpp,C,1.873817422860384e-5,0.003999999999990678,7.667107350243083
10,0.8,0.1,0.5,line,pcglasso_cpp,C,6.579332246575681e-5,0.012000000000000455,7.667122390825602
10,0.8,0.1,0.5,line,pcglasso_cpp,C,2.310129700083161e-4,0.003500000000002501,7.667173225548053
10,0.8,0.1,0.5,line,pcglasso_cpp,C,8.11130830789687e-4,0.002500000000026148,7.667338883352139
10,0.8,0.1,0.5,line,pcglasso_cpp,C,0.002848035868435802,0.0030000000000143245,7.667874877039966
10,0.8,0.1,0.5,line,pcglasso_cpp,C,0.010000000000000004,0.0024999999999693046,7.669588883484305
10,0.8,0.1,0.5,line,pcglasso_cpp,I,9.999999999999982e-9,0.0049999999999954525,7.667101077699574
10,0.8,0.1,0.5,line,pcglasso_cpp,I,3.5111917342151263e-8,0.005499999999983629,7.667101084346211
10,0.8,0.1,0.5,line,pcglasso_cpp,I,1.2328467394420646e-7,0.011500000000012278,7.6671011059182925
10,0.8,0.1,0.5,line,pcglasso_cpp,I,4.328761281083054e-7,0.012000000000000455,7.667101171347972
10,0.8,0.1,0.5,line,pcglasso_cpp,I,1.5199110829529328e-6,0.004500000000007276,7.667101370781991
10,0.8,0.1,0.5,line,pcglasso_cpp,I,5.336699231206308e-6,0.004500000000007276,7.667102077972349
10,0.8,0.1,0.5,line,pcglasso_cpp,I,1.873817422860384e-5,0.003999999999990678,7.667104490662473
10,0.8,0.1,0.5,line,pcglasso_cpp,I,6.579332246575681e-5,0.004500000000007276,7.667112671154271
10,0.8,0.1,0.5,line,pcglasso_cpp,I,2.310129700083161e-4,0.004000000000019099,7.667140752447079
10,0.8,0.1,0.5,line,pcglasso_cpp,I,8.11130830789687e-4,0.0030000000000143245,7.667235850362701
10,0.8,0.1,0.5,line,pcglasso_cpp,I,0.002848035868435802,0.002500000000026148,7.6675637706900455
10,0.8,0.1,0.5,line,pcglasso_cpp,I,0.010000000000000004,0.0024999999999977263,7.668700112957113
10,0.8,0.1,0.5,line,pcglasso_fortran,C,9.999999999999982e-9,0.006000000000000227,7.667101074184334
10,0.8,0.1,0.5,line,pcglasso_fortran,C,3.5111917342151263e-8,0.006000000000000227,7.6671010785258
10,0.8,0.1,0.5,line,pcglasso_fortran,C,1.2328467394420646e-7,0.006000000000000227,7.667101107475389
10,0.8,0.1,0.5,line,pcglasso_fortran,C,4.328761281083054e-7,0.005500000000012051,7.66710120324218
10,0.8,0.1,0.5,line,pcglasso_fortran,C,1.5199110829529328e-6,0.005500000000012051,7.667101462953139
10,0.8,0.1,0.5,line,pcglasso_fortran,C,5.336699231206308e-6,0.006000000000000227,7.667101462953139
10,0.8,0.1,0.5,line,pcglasso_fortran,C,1.873817422860384e-5,0.004500000000007276,7.667102770076266
10,0.8,0.1,0.5,line,pcglasso_fortran,C,6.579332246575681e-5,0.0049999999999954525,7.6671104986968475
10,0.8,0.1,0.5,line,pcglasso_fortran,C,2.310129700083161e-4,0.004499999999978854,7.66714955477347
10,0.8,0.1,0.5,line,pcglasso_fortran,C,8.11130830789687e-4,0.004500000000007276,7.667332906424344
10,0.8,0.1,0.5,line,pcglasso_fortran,C,0.002848035868435802,0.004500000000007276,7.667332906424344
10,0.8,0.1,0.5,line,pcglasso_fortran,C,0.010000000000000004,0.0030000000000143245,7.6691931562845435
10,0.8,0.1,0.5,line,pcglasso_fortran,I,9.999999999999982e-9,0.005000000000023874,7.667101074224088
10,0.8,0.1,0.5,line,pcglasso_fortran,I,3.5111917342151263e-8,0.005500000000012051,7.667101078844809
10,0.8,0.1,0.5,line,pcglasso_fortran,I,1.2328467394420646e-7,0.0049999999999954525,7.667101109610058
10,0.8,0.1,0.5,line,pcglasso_fortran,I,4.328761281083054e-7,0.005000000000023874,7.667101208216576
10,0.8,0.1,0.5,line,pcglasso_fortran,I,1.5199110829529328e-6,0.004500000000007276,7.667101464838222
10,0.8,0.1,0.5,line,pcglasso_fortran,I,5.336699231206308e-6,0.0049999999999954525,7.667101464838222
10,0.8,0.1,0.5,line,pcglasso_fortran,I,1.873817422860384e-5,0.0049999999999954525,7.667102873379234
10,0.8,0.1,0.5,line,pcglasso_fortran,I,6.579332246575681e-5,0.004499999999978854,7.667111684593486
10,0.8,0.1,0.5,line,pcglasso_fortran,I,2.310129700083161e-4,0.0034999999999740794,7.667154682212505
10,0.8,0.1,0.5,line,pcglasso_fortran,I,8.11130830789687e-4,0.002999999999985903,7.667336329518378
10,0.8,0.1,0.5,line,pcglasso_fortran,I,0.002848035868435802,0.003500000000002501,7.667336329518378
10,0.8,0.1,0.5,line,pcglasso_fortran,I,0.010000000000000004,0.002999999999985903,7.6691322224130465
10,0.8,0.2,0,line,pcglasso,C,9.999999999999982e-9,0.04449999999999932,6.5246347857643325
10,0.8,0.2,0,line,pcglasso,C,3.5111917342151263e-8,0.03849999999999909,6.524634785764383
10,0.8,0.2,0,line,pcglasso,C,1.2328467394420646e-7,0.04149999999998499,6.524634785764762
10,0.8,0.2,0,line,pcglasso,C,4.328761281083054e-7,0.03249999999999886,6.524634785764938
10,0.8,0.2,0,line,pcglasso,C,1.5199110829529328e-6,0.032500000000027285,6.5246347858150555
10,0.8,0.2,0,line,pcglasso,C,5.336699231206308e-6,0.014000000000010004,6.524634786774253
10,0.8,0.2,0,line,pcglasso,C,1.873817422860384e-5,0.017499999999984084,6.5246347884016425
10,0.8,0.2,0,line,pcglasso,C,6.579332246575681e-5,0.010499999999979082,6.524634844719638
10,0.8,0.2,0,line,pcglasso,C,2.310129700083161e-4,0.007999999999981355,6.52463541224422
10,0.8,0.2,0,line,pcglasso,C,8.11130830789687e-4,0.007499999999993179,6.52463979259271
10,0.8,0.2,0,line,pcglasso,C,0.002848035868435802,0.006500000000016826,6.5246707021695265
10,0.8,0.2,0,line,pcglasso,C,0.010000000000000004,0.005999999999971806,6.524726739292347
10,0.8,0.2,0,line,pcglasso,I,9.999999999999982e-9,0.04549999999997567,6.524634785764328
10,0.8,0.2,0,line,pcglasso,I,3.5111917342151263e-8,0.04199999999997317,6.524634785764346
10,0.8,0.2,0,line,pcglasso,I,1.2328467394420646e-7,0.03499999999999659,6.52463478576569
10,0.8,0.2,0,line,pcglasso,I,4.328761281083054e-7,0.04050000000000864,6.524634785765809
10,0.8,0.2,0,line,pcglasso,I,1.5199110829529328e-6,0.028500000000008185,6.524634785790327
10,0.8,0.2,0,line,pcglasso,I,5.336699231206308e-6,0.020000000000010232,6.524634793231705
10,0.8,0.2,0,line,pcglasso,I,1.873817422860384e-5,0.01500000000001478,6.5246347962951186
10,0.8,0.2,0,line,pcglasso,I,6.579332246575681e-5,0.013499999999993406,6.524634892082127
10,0.8,0.2,0,line,pcglasso,I,2.310129700083161e-4,0.016000000000019554,6.524636597251117
10,0.8,0.2,0,line,pcglasso,I,8.11130830789687e-4,0.00950000000003115,6.524645765158649
10,0.8,0.2,0,line,pcglasso,I,0.002848035868435802,0.014000000000010004,6.524670477718316
10,0.8,0.2,0,line,pcglasso,I,0.010000000000000004,0.006499999999988404,6.52501175404938
10,0.8,0.2,0,line,pcglasso_cpp,C,9.999999999999982e-9,0.0075000000000216005,6.524634799508095
10,0.8,0.2,0,line,pcglasso_cpp,C,3.5111917342151263e-8,0.012000000000000455,6.524634822568881
10,0.8,0.2,0,line,pcglasso_cpp,C,1.2328467394420646e-7,0.006500000000016826,6.524634955633784
10,0.8,0.2,0,line,pcglasso_cpp,C,4.328761281083054e-7,0.006000000000000227,6.524635212197628
10,0.8,0.2,0,line,pcglasso_cpp,C,1.5199110829529328e-6,0.005000000000023874,6.524636535151713
10,0.8,0.2,0,line,pcglasso_cpp,C,5.336699231206308e-6,0.0049999999999954525,6.524642326872155
10,0.8,0.2,0,line,pcglasso_cpp,C,1.873817422860384e-5,0.004499999999978854,6.524654193192221
10,0.8,0.2,0,line,pcglasso_cpp,C,6.579332246575681e-5,0.004000000000019099,6.524716766126301
10,0.8,0.2,0,line,pcglasso_cpp,C,2.310129700083161e-4,0.002999999999985903,6.524974403056187
10,0.8,0.2,0,line,pcglasso_cpp,C,8.11130830789687e-4,0.0024999999999977263,6.525524705946509
10,0.8,0.2,0,line,pcglasso_cpp,C,0.002848035868435802,0.0020000000000095497,6.5271230332868
10,0.8,0.2,0,line,pcglasso_cpp,C,0.010000000000000004,0.001999999999981128,6.529132464948173
10,0.8,0.2,0,line,pcglasso_cpp,I,9.999999999999982e-9,0.006499999999988404,6.524634797525339
10,0.8,0.2,0,line,pcglasso_cpp,I,3.5111917342151263e-8,0.005499999999983629,6.524634836645078
10,0.8,0.2,0,line,pcglasso_cpp,I,1.2328467394420646e-7,0.005499999999983629,6.524634920707033
10,0.8,0.2,0,line,pcglasso_cpp,I,4.328761281083054e-7,0.005500000000012051,6.52463538014498
10,0.8,0.2,0,line,pcglasso_cpp,I,1.5199110829529328e-6,0.004500000000007276,6.524636335693982
10,0.8,0.2,0,line,pcglasso_cpp,I,5.336699231206308e-6,0.009500000000002728,6.524641763187274
10,0.8,0.2,0,line,pcglasso_cpp,I,1.873817422860384e-5,0.003999999999990678,6.524655217224851
10,0.8,0.2,0,line,pcglasso_cpp,I,6.579332246575681e-5,0.002999999999985903,6.524671688044805
10,0.8,0.2,0,line,pcglasso_cpp,I,2.310129700083161e-4,0.0024999999999977263,6.524773087744638
10,0.8,0.2,0,line,pcglasso_cpp,I,8.11130830789687e-4,0.0024999999999693046,6.524934975019579
10,0.8,0.2,0,line,pcglasso_cpp,I,0.002848035868435802,0.001999999999981128,6.525370865851165
10,0.8,0.2,0,line,pcglasso_cpp,I,0.010000000000000004,0.0020000000000095497,6.526552412994729
10,0.8,0.2,0,line,pcglasso_fortran,C,9.999999999999982e-9,0.014499999999998181,6.524634804155357
10,0.8,0.2,0,line,pcglasso_fortran,C,3.5111917342151263e-8,0.00899999999998613,6.524634808694545
10,0.8,0.2,0,line,pcglasso_fortran,C,1.2328467394420646e-7,0.008499999999997954,6.524634922505573
10,0.8,0.2,0,line,pcglasso_fortran,C,4.328761281083054e-7,0.012499999999988631,6.524635153140376
10,0.8,0.2,0,line,pcglasso_fortran,C,1.5199110829529328e-6,0.006000000000000227,6.524636403811596
10,0.8,0.2,0,line,pcglasso_fortran,C,5.336699231206308e-6,0.006000000000000227,6.52464004873122
10,0.8,0.2,0,line,pcglasso_fortran,C,1.873817422860384e-5,0.005500000000012051,6.524652951786017
10,0.8,0.2,0,line,pcglasso_fortran,C,6.579332246575681e-5,0.003999999999990678,6.524763330815819
10,0.8,0.2,0,line,pcglasso_fortran,C,2.310129700083161e-4,0.004000000000019099,6.524894839323151
10,0.8,0.2,0,line,pcglasso_fortran,C,8.11130830789687e-4,0.0034999999999740794,6.5249301985506145
10,0.8,0.2,0,line,pcglasso_fortran,C,0.002848035868435802,0.0030000000000143245,6.526385061286342
10,0.8,0.2,0,line,pcglasso_fortran,C,0.010000000000000004,0.0024999999999977263,6.528147515482821
10,0.8,0.2,0,line,pcglasso_fortran,I,9.999999999999982e-9,0.016000000000019554,6.524634797887287
10,0.8,0.2,0,line,pcglasso_fortran,I,3.5111917342151263e-8,0.014500000000026603,6.524634827133326
10,0.8,0.2,0,line,pcglasso_fortran,I,1.2328467394420646e-7,0.009000000000014552,6.52463492542712
10,0.8,0.2,0,line,pcglasso_fortran,I,4.328761281083054e-7,0.007999999999981355,6.5246354385000425
10,0.8,0.2,0,line,pcglasso_fortran,I,1.5199110829529328e-6,0.007999999999981355,6.524636386250665
10,0.8,0.2,0,line,pcglasso_fortran,I,5.336699231206308e-6,0.007999999999981355,6.524637512824517
10,0.8,0.2,0,line,pcglasso_fortran,I,1.873817422860384e-5,0.007000000000005002,6.5246585424312915
10,0.8,0.2,0,line,pcglasso_fortran,I,6.579332246575681e-5,0.005500000000012051,6.524674802022143
10,0.8,0.2,0,line,pcglasso_fortran,I,2.310129700083161e-4,0.004499999999978854,6.525294583044663
10,0.8,0.2,0,line,pcglasso_fortran,I,8.11130830789687e-4,0.003500000000002501,6.525704882553143
10,0.8,0.2,0,line,pcglasso_fortran,I,0.002848035868435802,0.003500000000002501,6.526416272710203
10,0.8,0.2,0,line,pcglasso_fortran,I,0.010000000000000004,0.002999999999985903,6.52774331021918
10,0.8,0.2,0.5,line,pcglasso,C,9.999999999999982e-9,0.03849999999997067,8.184351412046645
10,0.8,0.2,0.5,line,pcglasso,C,3.5111917342151263e-8,0.03500000000002501,8.184351412046663
10,0.8,0.2,0.5,line,pcglasso,C,1.2328467394420646e-7,0.03149999999999409,8.184351412046752
10,0.8,0.2,0.5,line,pcglasso,C,4.328761281083054e-7,0.02800000000002001,8.184351412047448
10,0.8,0.2,0.5,line,pcglasso,C,1.5199110829529328e-6,0.027999999999991587,8.184351412049311
10,0.8,0.2,0.5,line,pcglasso,C,5.336699231206308e-6,0.02400000000000091,8.18435141207217
10,0.8,0.2,0.5,line,pcglasso,C,1.873817422860384e-5,0.02400000000002933,8.184351418898974
10,0.8,0.2,0.5,line,pcglasso,C,6.579332246575681e-5,0.01650000000000773,8.184351416132515
10,0.8,0.2,0.5,line,pcglasso,C,2.310129700083161e-4,0.024499999999989086,8.184351421546934
10,0.8,0.2,0.5,line,pcglasso,C,8.11130830789687e-4,0.016000000000019554,8.184351907376328
10,0.8,0.2,0.5,line,pcglasso,C,0.002848035868435802,0.015500000000002956,8.184355731164265
10,0.8,0.2,0.5,line,pcglasso,C,0.010000000000000004,0.014000000000010004,8.184442302910686
10,0.8,0.2,0.5,line,pcglasso,I,9.999999999999982e-9,0.03999999999999204,8.184351412046643
10,0.8,0.2,0.5,line,pcglasso,I,3.5111917342151263e-8,0.028500000000008185,8.184351412046725
10,0.8,0.2,0.5,line,pcglasso,I,1.2328467394420646e-7,0.026499999999970214,8.184351412047137
10,0.8,0.2,0.5,line,pcglasso,I,4.328761281083054e-7,0.02400000000000091,8.184351412053136
10,0.8,0.2,0.5,line,pcglasso,I,1.5199110829529328e-6,0.02400000000000091,8.184351412050242
10,0.8,0.2,0.5,line,pcglasso,I,5.336699231206308e-6,0.02749999999997499,8.184351412092331
10,0.8,0.2,0.5,line,pcglasso,I,1.873817422860384e-5,0.013499999999993406,8.18435141674032
10,0.8,0.2,0.5,line,pcglasso,I,6.579332246575681e-5,0.014499999999998181,8.184351416435135
10,0.8,0.2,0.5,line,pcglasso,I,2.310129700083161e-4,0.014499999999998181,8.18435142637591
10,0.8,0.2,0.5,line,pcglasso,I,8.11130830789687e-4,0.012000000000000455,8.184352021197405
10,0.8,0.2,0.5,line,pcglasso,I,0.002848035868435802,0.011500000000012278,8.184356746943434
10,0.8,0.2,0.5,line,pcglasso,I,0.010000000000000004,0.01849999999998886,8.184390293940199
10,0.8,0.2,0.5,line,pcglasso_cpp,C,9.999999999999982e-9,0.012500000000017053,8.184351419042235
10,0.8,0.2,0.5,line,pcglasso_cpp,C,3.5111917342151263e-8,0.0049999999999954525,8.184351426805474
10,0.8,0.2,0.5,line,pcglasso_cpp,C,1.2328467394420646e-7,0.0049999999999954525,8.184351449442516
10,0.8,0.2,0.5,line,pcglasso_cpp,C,4.328761281083054e-7,0.01099999999999568,8.184351652989454
10,0.8,0.2,0.5,line,pcglasso_cpp,C,1.5199110829529328e-6,0.0049999999999954525,8.184352061128953
10,0.8,0.2,0.5,line,pcglasso_cpp,C,5.336699231206308e-6,0.004499999999978854,8.184353162573235
10,0.8,0.2,0.5,line,pcglasso_cpp,C,1.873817422860384e-5,0.0049999999999954525,8.184356142118165
10,0.8,0.2,0.5,line,pcglasso_cpp,C,6.579332246575681e-5,0.003500000000002501,8.184386875781579
10,0.8,0.2,0.5,line,pcglasso_cpp,C,2.310129700083161e-4,0.004000000000019099,8.184448723394421
10,0.8,0.2,0.5,line,pcglasso_cpp,C,8.11130830789687e-4,0.004000000000019099,8.184619981347495
10,0.8,0.2,0.5,line,pcglasso_cpp,C,0.002848035868435802,0.003500000000002501,8.18509079062971
10,0.8,0.2,0.5,line,pcglasso_cpp,C,0.010000000000000004,0.002999999999985903,8.186393065423049
10,0.8,0.2,0.5,line,pcglasso_cpp,I,9.999999999999982e-9,0.005000000000023874,8.184351418392605
10,0.8,0.2,0.5,line,pcglasso_cpp,I,3.5111917342151263e-8,0.0049999999999954525,8.184351425044449
10,0.8,0.2,0.5,line,pcglasso_cpp,I,1.2328467394420646e-7,0.004499999999978854,8.184351481516288
10,0.8,0.2,0.5,line,pcglasso_cpp,I,4.328761281083054e-7,0.004000000000019099,8.18435158863222
10,0.8,0.2,0.5,line,pcglasso_cpp,I,1.5199110829529328e-6,0.004500000000007276,8.184351888170195
10,0.8,0.2,0.5,line,pcglasso_cpp,I,5.336699231206308e-6,0.004000000000019099,8.184352697736225
10,0.8,0.2,0.5,line,pcglasso_cpp,I,1.873817422860384e-5,0.003500000000002501,8.18436095835788
10,0.8,0.2,0.5,line,pcglasso_cpp,I,6.579332246575681e-5,0.003999999999962256,8.184377640350682
10,0.8,0.2,0.5,line,pcglasso_cpp,I,2.310129700083161e-4,0.003500000000030923,8.18442358432415
10,0.8,0.2,0.5,line,pcglasso_cpp,I,8.11130830789687e-4,0.002999999999985903,8.184548220951973
10,0.8,0.2,0.5,line,pcglasso_cpp,I,0.002848035868435802,0.002500000000026148,8.185753244423337
10,0.8,0.2,0.5,line,pcglasso_cpp,I,0.010000000000000004,0.0020000000000095497,8.188041775988506
10,0.8,0.2,0.5,line,pcglasso_fortran,C,9.999999999999982e-9,0.0049999999999954525,8.184351412935948
10,0.8,0.2,0.5,line,pcglasso_fortran,C,3.5111917342151263e-8,0.01099999999999568,8.184351415371589
10,0.8,0.2,0.5,line,pcglasso_fortran,C,1.2328467394420646e-7,0.025000000000005684,8.18435142670639
10,0.8,0.2,0.5,line,pcglasso_fortran,C,4.328761281083054e-7,0.004500000000007276,8.184351605060963
10,0.8,0.2,0.5,line,pcglasso_fortran,C,1.5199110829529328e-6,0.004500000000007276,8.184351605060963
10,0.8,0.2,0.5,line,pcglasso_fortran,C,5.336699231206308e-6,0.004000000000019099,8.184351908081029
10,0.8,0.2,0.5,line,pcglasso_fortran,C,1.873817422860384e-5,0.004499999999978854,8.184351908081029
10,0.8,0.2,0.5,line,pcglasso_fortran,C,6.579332246575681e-5,0.004500000000007276,8.18435459911385
10,0.8,0.2,0.5,line,pcglasso_fortran,C,2.310129700083161e-4,0.004000000000019099,8.18435459911385
10,0.8,0.2,0.5,line,pcglasso_fortran,C,8.11130830789687e-4,0.004499999999978854,8.184387337900379
10,0.8,0.2,0.5,line,pcglasso_fortran,C,0.002848035868435802,0.003999999999990678,8.184645167855807
10,0.8,0.2,0.5,line,pcglasso_fortran,C,0.010000000000000004,0.003500000000002501,8.185903460316108
10,0.8,0.2,0.5,line,pcglasso_fortran,I,9.999999999999982e-9,0.004500000000007276,8.184351416823521
10,0.8,0.2,0.5,line,pcglasso_fortran,I,3.5111917342151263e-8,0.004500000000007276,8.184351416823521
10,0.8,0.2,0.5,line,pcglasso_fortran,I,1.2328467394420646e-7,0.004000000000019099,8.184351426180296
10,0.8,0.2,0.5,line,pcglasso_fortran,I,4.328761281083054e-7,0.004500000000007276,8.184351426180296
10,0.8,0.2,0.5,line,pcglasso_fortran,I,1.5199110829529328e-6,0.004000000000019099,8.184351481600778
10,0.8,0.2,0.5,line,pcglasso_fortran,I,5.336699231206308e-6,0.003999999999990678,8.184351955429534
10,0.8,0.2,0.5,line,pcglasso_fortran,I,1.873817422860384e-5,0.003999999999990678,8.184351955429534
10,0.8,0.2,0.5,line,pcglasso_fortran,I,6.579332246575681e-5,0.004500000000035698,8.18435642121819
10,0.8,0.2,0.5,line,pcglasso_fortran,I,2.310129700083161e-4,0.004000000000019099,8.184382252106188
10,0.8,0.2,0.5,line,pcglasso_fortran,I,8.11130830789687e-4,0.0034999999999740794,8.184568784267366
10,0.8,0.2,0.5,line,pcglasso_fortran,I,0.002848035868435802,0.0034999999999740794,8.185308769756787
10,0.8,0.2,0.5,line,pcglasso_fortran,I,0.010000000000000004,0.0034999999999740794,8.187568782322277
10,0.9,0.1,0,hub,pcglasso,C,9.999999999999982e-9,0.0649999999999693,7.12000533668898
10,0.9,0.1,0,hub,pcglasso,C,3.5111917342151263e-8,0.058000000000021146,7.120005336689007
10,0.9,0.1,0,hub,pcglasso,C,1.2328467394420646e-7,0.0625,7.120005336690362
10,0.9,0.1,0,hub,pcglasso,C,4.328761281083054e-7,0.046999999999997044,7.120005336695838
10,0.9,0.1,0,hub,pcglasso,C,1.5199110829529328e-6,0.052500000000009095,7.120005336717287
10,0.9,0.1,0,hub,pcglasso,C,5.336699231206308e-6,0.035499999999984766,7.120005337162507
10,0.9,0.1,0,hub,pcglasso,C,1.873817422860384e-5,0.017499999999984084,7.120005352308351
10,0.9,0.1,0,hub,pcglasso,C,6.579332246575681e-5,0.01599999999996271,7.120005346019503
10,0.9,0.1,0,hub,pcglasso,C,2.310129700083161e-4,0.013999999999981583,7.120005468382649
10,0.9,0.1,0,hub,pcglasso,C,8.11130830789687e-4,0.017500000000012506,7.120006873372391
10,0.9,0.1,0,hub,pcglasso,C,0.002848035868435802,0.018000000000000682,7.12003145822936
10,0.9,0.1,0,hub,pcglasso,C,0.010000000000000004,0.4194999999999993,7.1203157083892155
10,0.9,0.1,0,hub,pcglasso,I,9.999999999999982e-9,0.0589999999999975,7.120005336688982
10,0.9,0.1,0,hub,pcglasso,I,3.5111917342151263e-8,0.0619999999999834,7.120005336688997
10,0.9,0.1,0,hub,pcglasso,I,1.2328467394420646e-7,0.05700000000001637,7.1200053366891805
10,0.9,0.1,0,hub,pcglasso,I,4.328761281083054e-7,0.058000000000021146,7.120005336691733
10,0.9,0.1,0,hub,pcglasso,I,1.5199110829529328e-6,0.04400000000001114,7.120005336891279
10,0.9,0.1,0,hub,pcglasso,I,5.336699231206308e-6,0.04599999999999227,7.120005336818214
10,0.9,0.1,0,hub,pcglasso,I,1.873817422860384e-5,0.02600000000001046,7.1200053381486015
10,0.9,0.1,0,hub,pcglasso,I,6.579332246575681e-5,0.01850000000001728,7.120005342867792
10,0.9,0.1,0,hub,pcglasso,I,2.310129700083161e-4,0.015999999999991132,7.120005464587852
10,0.9,0.1,0,hub,pcglasso,I,8.11130830789687e-4,0.025000000000005684,7.12000667389873
10,0.9,0.1,0,hub,pcglasso,I,0.002848035868435802,0.01700000000002433,7.12003895590669
10,0.9,0.1,0,hub,pcglasso,I,0.010000000000000004,0.0630000000000166,7.120384127623582
10,0.9,0.1,0,hub,pcglasso_cpp,C,9.999999999999982e-9,0.014999999999986358,7.120005355599938
10,0.9,0.1,0,hub,pcglasso_cpp,C,3.5111917342151263e-8,0.024499999999960664,7.120005414984014
10,0.9,0.1,0,hub,pcglasso_cpp,C,1.2328467394420646e-7,0.014000000000010004,7.120005562104984
10,0.9,0.1,0,hub,pcglasso_cpp,C,4.328761281083054e-7,0.012499999999988631,7.1200060128713725
10,0.9,0.1,0,hub,pcglasso_cpp,C,1.5199110829529328e-6,0.012000000000000455,7.120008297011901
10,0.9,0.1,0,hub,pcglasso_cpp,C,5.336699231206308e-6,0.01099999999999568,7.120014375171097
10,0.9,0.1,0,hub,pcglasso_cpp,C,1.873817422860384e-5,0.009000000000014552,7.120044943570141
10,0.9,0.1,0,hub,pcglasso_cpp,C,6.579332246575681e-5,0.008000000000009777,7.120124461375721
10,0.9,0.1,0,hub,pcglasso_cpp,C,2.310129700083161e-4,0.006500000000016826,7.1205140039684345
10,0.9,0.1,0,hub,pcglasso_cpp,C,8.11130830789687e-4,0.007999999999981355,7.121491247368805
10,0.9,0.1,0,hub,pcglasso_cpp,C,0.002848035868435802,0.006500000000016826,7.125900074585431
10,0.9,0.1,0,hub,pcglasso_cpp,C,0.010000000000000004,0.17500000000001137,7.135880412111828
10,0.9,0.1,0,hub,pcglasso_cpp,I,9.999999999999982e-9,0.01300000000000523,7.120005352875479
10,0.9,0.1,0,hub,pcglasso_cpp,I,3.5111917342151263e-8,0.012499999999988631,7.120005408738855
10,0.9,0.1,0,hub,pcglasso_cpp,I,1.2328467394420646e-7,0.012999999999976808,7.120005561060269
10,0.9,0.1,0,hub,pcglasso_cpp,I,4.328761281083054e-7,0.011500000000012278,7.120006090849895
10,0.9,0.1,0,hub,pcglasso_cpp,I,1.5199110829529328e-6,0.010000000000019327,7.120007910011556
10,0.9,0.1,0,hub,pcglasso_cpp,I,5.336699231206308e-6,0.008500000000026375,7.120014417057604
10,0.9,0.1,0,hub,pcglasso_cpp,I,1.873817422860384e-5,0.008000000000009777,7.120038029687367
10,0.9,0.1,0,hub,pcglasso_cpp,I,6.579332246575681e-5,0.014500000000026603,7.120083237221402
10,0.9,0.1,0,hub,pcglasso_cpp,I,2.310129700083161e-4,0.006499999999988404,7.120301463813928
10,0.9,0.1,0,hub,pcglasso_cpp,I,8.11130830789687e-4,0.007499999999993179,7.12132872365084
10,0.9,0.1,0,hub,pcglasso_cpp,I,0.002848035868435802,0.004500000000007276,7.124907976251523
10,0.9,0.1,0,hub,pcglasso_cpp,I,0.010000000000000004,0.006000000000000227,7.131717184119807
10,0.9,0.1,0,hub,pcglasso_fortran,C,9.999999999999982e-9,0.025999999999982037,7.1200053540917905
10,0.9,0.1,0,hub,pcglasso_fortran,C,3.5111917342151263e-8,0.019000000000005457,7.1200053895955655
10,0.9,0.1,0,hub,pcglasso_fortran,C,1.2328467394420646e-7,0.018000000000000682,7.12000545389572
10,0.9,0.1,0,hub,pcglasso_fortran,C,4.328761281083054e-7,0.022500000000007958,7.120006489723865
10,0.9,0.1,0,hub,pcglasso_fortran,C,1.5199110829529328e-6,0.014499999999998181,7.120006910632684
10,0.9,0.1,0,hub,pcglasso_fortran,C,5.336699231206308e-6,0.012000000000000455,7.120016201129618
10,0.9,0.1,0,hub,pcglasso_fortran,C,1.873817422860384e-5,0.010500000000007503,7.12000862951328
10,0.9,0.1,0,hub,pcglasso_fortran,C,6.579332246575681e-5,0.0075000000000216005,7.120296026453602
10,0.9,0.1,0,hub,pcglasso_fortran,C,2.310129700083161e-4,0.006499999999988404,7.120661149087269
10,0.9,0.1,0,hub,pcglasso_fortran,C,8.11130830789687e-4,0.007999999999981355,7.120884895748657
10,0.9,0.1,0,hub,pcglasso_fortran,C,0.002848035868435802,0.014500000000026603,7.121127813170652
10,0.9,0.1,0,hub,pcglasso_fortran,C,0.010000000000000004,0.0519999999999925,7.130307859762745
10,0.9,0.1,0,hub,pcglasso_fortran,I,9.999999999999982e-9,0.02349999999998431,7.120005372693732
10,0.9,0.1,0,hub,pcglasso_fortran,I,3.5111917342151263e-8,0.023999999999972488,7.120005410335119
10,0.9,0.1,0,hub,pcglasso_fortran,I,1.2328467394420646e-7,0.017499999999984084,7.120005533378646
10,0.9,0.1,0,hub,pcglasso_fortran,I,4.328761281083054e-7,0.018499999999960437,7.120005783698915
10,0.9,0.1,0,hub,pcglasso_fortran,I,1.5199110829529328e-6,0.01300000000000523,7.1200097291539794
10,0.9,0.1,0,hub,pcglasso_fortran,I,5.336699231206308e-6,0.01099999999999568,7.120014561158676
10,0.9,0.1,0,hub,pcglasso_fortran,I,1.873817422860384e-5,0.009999999999962483,7.120023230645747
10,0.9,0.1,0,hub,pcglasso_fortran,I,6.579332246575681e-5,0.008499999999969532,7.120139280277255
10,0.9,0.1,0,hub,pcglasso_fortran,I,2.310129700083161e-4,0.0075000000000216005,7.120184545922289
10,0.9,0.1,0,hub,pcglasso_fortran,I,8.11130830789687e-4,0.008499999999997954,7.120295426969691
10,0.9,0.1,0,hub,pcglasso_fortran,I,0.002848035868435802,0.008000000000009777,7.120904034381482
10,0.9,0.1,0,hub,pcglasso_fortran,I,0.010000000000000004,0.008499999999997954,7.121887474995106
10,0.9,0.1,0,line,pcglasso,C,9.999999999999982e-9,0.04800000000000182,4.414759866928172
10,0.9,0.1,0,line,pcglasso,C,3.5111917342151263e-8,0.05000000000001137,4.414759866928226
10,0.9,0.1,0,line,pcglasso,C,1.2328467394420646e-7,0.04899999999997817,4.414759866928223
10,0.9,0.1,0,line,pcglasso,C,4.328761281083054e-7,0.04850000000001842,4.41475986693176
10,0.9,0.1,0,line,pcglasso,C,1.5199110829529328e-6,0.040000000000020464,4.414759866945611
10,0.9,0.1,0,line,pcglasso,C,5.336699231206308e-6,0.03700000000000614,4.414759870945479
10,0.9,0.1,0,line,pcglasso,C,1.873817422860384e-5,0.020999999999986585,4.414759881457222
10,0.9,0.1,0,line,pcglasso,C,6.579332246575681e-5,0.018000000000000682,4.414759981246586
10,0.9,0.1,0,line,pcglasso,C,2.310129700083161e-4,0.016000000000019554,4.414760348708415
10,0.9,0.1,0,line,pcglasso,C,8.11130830789687e-4,0.018999999999977035,4.414766501655541
10,0.9,0.1,0,line,pcglasso,C,0.002848035868435802,0.009999999999990905,4.414858758715852
10,0.9,0.1,0,line,pcglasso,C,0.010000000000000004,0.008499999999997954,4.415088545417424
10,0.9,0.1,0,line,pcglasso,I,9.999999999999982e-9,0.0665000000000191,4.414759866928174
10,0.9,0.1,0,line,pcglasso,I,3.5111917342151263e-8,0.04449999999999932,4.414759866928295
10,0.9,0.1,0,line,pcglasso,I,1.2328467394420646e-7,0.048499999999989996,4.414759866928387
10,0.9,0.1,0,line,pcglasso,I,4.328761281083054e-7,0.047000000000025466,4.414759866938691
10,0.9,0.1,0,line,pcglasso,I,1.5199110829529328e-6,0.03900000000001569,4.414759867035332
10,0.9,0.1,0,line,pcglasso,I,5.336699231206308e-6,0.03700000000003456,4.414759867497196
10,0.9,0.1,0,line,pcglasso,I,1.873817422860384e-5,0.027000000000015234,4.414759876588493
10,0.9,0.1,0,line,pcglasso,I,6.579332246575681e-5,0.022499999999979536,4.414759989133051
10,0.9,0.1,0,line,pcglasso,I,2.310129700083161e-4,0.019000000000005457,4.41476120551507
10,0.9,0.1,0,line,pcglasso,I,8.11130830789687e-4,0.014999999999986358,4.41478850629858
10,0.9,0.1,0,line,pcglasso,I,0.002848035868435802,0.013500000000021828,4.414868386710451
10,0.9,0.1,0,line,pcglasso,I,0.010000000000000004,0.01099999999999568,4.415581208401964
10,0.9,0.1,0,line,pcglasso_cpp,C,9.999999999999982e-9,0.020999999999986585,4.414759903117896
10,0.9,0.1,0,line,pcglasso_cpp,C,3.5111917342151263e-8,0.012999999999976808,4.414759983368049
10,0.9,0.1,0,line,pcglasso_cpp,C,1.2328467394420646e-7,0.013499999999993406,4.414760249164637
10,0.9,0.1,0,line,pcglasso_cpp,C,4.328761281083054e-7,0.013499999999993406,4.414761165114788
10,0.9,0.1,0,line,pcglasso_cpp,C,1.5199110829529328e-6,0.018999999999977035,4.414764450766004
10,0.9,0.1,0,line,pcglasso_cpp,C,5.336699231206308e-6,0.010999999999967258,4.414776645128154
10,0.9,0.1,0,line,pcglasso_cpp,C,1.873817422860384e-5,0.012500000000017053,4.414808647215186
10,0.9,0.1,0,line,pcglasso_cpp,C,6.579332246575681e-5,0.00899999999998613,4.414951949484664
10,0.9,0.1,0,line,pcglasso_cpp,C,2.310129700083161e-4,0.008500000000026375,4.415359412730293
10,0.9,0.1,0,line,pcglasso_cpp,C,8.11130830789687e-4,0.006000000000000227,4.415480348274434
10,0.9,0.1,0,line,pcglasso_cpp,C,0.002848035868435802,0.005499999999983629,4.419524368803061
10,0.9,0.1,0,line,pcglasso_cpp,C,0.010000000000000004,0.0049999999999954525,4.41942065925156
10,0.9,0.1,0,line,pcglasso_cpp,I,9.999999999999982e-9,0.022500000000007958,4.414759906719104
10,0.9,0.1,0,line,pcglasso_cpp,I,3.5111917342151263e-8,0.014000000000010004,4.414760018432349
10,0.9,0.1,0,line,pcglasso_cpp,I,1.2328467394420646e-7,0.013000000000033651,4.414760347999618
10,0.9,0.1,0,line,pcglasso_cpp,I,4.328761281083054e-7,0.012999999999976808,4.4147617746706995
10,0.9,0.1,0,line,pcglasso_cpp,I,1.5199110829529328e-6,0.012500000000017053,4.414766329337241
10,0.9,0.1,0,line,pcglasso_cpp,I,5.336699231206308e-6,0.012499999999988631,4.414778409550391
10,0.9,0.1,0,line,pcglasso_cpp,I,1.873817422860384e-5,0.010000000000019327,4.4148303998103415
10,0.9,0.1,0,line,pcglasso_cpp,I,6.579332246575681e-5,0.008499999999997954,4.41499224152214
10,0.9,0.1,0,line,pcglasso_cpp,I,2.310129700083161e-4,0.007499999999993179,4.41540005075082
10,0.9,0.1,0,line,pcglasso_cpp,I,8.11130830789687e-4,0.006000000000000227,4.417224147240193
10,0.9,0.1,0,line,pcglasso_cpp,I,0.002848035868435802,0.0049999999999954525,4.422366980103627
10,0.9,0.1,0,line,pcglasso_cpp,I,0.010000000000000004,0.010000000000019327,4.434027486527169
10,0.9,0.1,0,line,pcglasso_fortran,C,9.999999999999982e-9,0.012999999999976808,4.414759915328768
10,0.9,0.1,0,line,pcglasso_fortran,C,3.5111917342151263e-8,0.012000000000000455,4.414760000237739
10,0.9,0.1,0,line,pcglasso_fortran,C,1.2328467394420646e-7,0.012000000000000455,4.414760093192708
10,0.9,0.1,0,line,pcglasso_fortran,C,4.328761281083054e-7,0.012499999999988631,4.414760614320047
10,0.9,0.1,0,line,pcglasso_fortran,C,1.5199110829529328e-6,0.012000000000000455,4.41476137534605
10,0.9,0.1,0,line,pcglasso_fortran,C,5.336699231206308e-6,0.009500000000002728,4.414771958849498
10,0.9,0.1,0,line,pcglasso_fortran,C,1.873817422860384e-5,0.008000000000009777,4.414806817130263
10,0.9,0.1,0,line,pcglasso_fortran,C,6.579332246575681e-5,0.0075000000000216005,4.414883695207331
10,0.9,0.1,0,line,pcglasso_fortran,C,2.310129700083161e-4,0.005999999999971806,4.415238266925488
10,0.9,0.1,0,line,pcglasso_fortran,C,8.11130830789687e-4,0.005499999999983629,4.415964582452332
10,0.9,0.1,0,line,pcglasso_fortran,C,0.002848035868435802,0.003999999999990678,4.419827513737885
10,0.9,0.1,0,line,pcglasso_fortran,C,0.010000000000000004,0.003500000000002501,4.422077606172347
10,0.9,0.1,0,line,pcglasso_fortran,I,9.999999999999982e-9,0.016999999999995907,4.4147599039038825
10,0.9,0.1,0,line,pcglasso_fortran,I,3.5111917342151263e-8,0.020000000000010232,4.414759986570678
10,0.9,0.1,0,line,pcglasso_fortran,I,1.2328467394420646e-7,0.012999999999976808,4.414760207261124
10,0.9,0.1,0,line,pcglasso_fortran,I,4.328761281083054e-7,0.01300000000000523,4.414761126135347
10,0.9,0.1,0,line,pcglasso_fortran,I,1.5199110829529328e-6,0.033999999999991815,4.414764238367988
10,0.9,0.1,0,line,pcglasso_fortran,I,5.336699231206308e-6,0.012499999999988631,4.41477328253557
10,0.9,0.1,0,line,pcglasso_fortran,I,1.873817422860384e-5,0.015500000000002956,4.414814258052576
10,0.9,0.1,0,line,pcglasso_fortran,I,6.579332246575681e-5,0.015999999999991132,4.414819895720014
10,0.9,0.1,0,line,pcglasso_fortran,I,2.310129700083161e-4,0.01500000000001478,4.414953600696825
10,0.9,0.1,0,line,pcglasso_fortran,I,8.11130830789687e-4,0.008500000000026375,4.4150400810750154
10,0.9,0.1,0,line,pcglasso_fortran,I,0.002848035868435802,0.007499999999993179,4.415339091774796
10,0.9,0.1,0,line,pcglasso_fortran,I,0.010000000000000004,0.006499999999988404,4.419747951415377
10,0.9,0.1,0.5,hub,pcglasso,C,9.999999999999982e-9,0.043500000000022965,8.007397297326746
10,0.9,0.1,0.5,hub,pcglasso,C,3.5111917342151263e-8,0.038000000000010914,8.007397297326767
10,0.9,0.1,0.5,hub,pcglasso,C,1.2328467394420646e-7,0.04699999999996862,8.007397297326762
10,0.9,0.1,0.5,hub,pcglasso,C,4.328761281083054e-7,0.03000000000002956,8.00739729733299
10,0.9,0.1,0.5,hub,pcglasso,C,1.5199110829529328e-6,0.024999999999977263,8.007397297358848
10,0.9,0.1,0.5,hub,pcglasso,C,5.336699231206308e-6,0.03849999999999909,8.00739729733589
10,0.9,0.1,0.5,hub,pcglasso,C,1.873817422860384e-5,0.01849999999998886,8.007397303876896
10,0.9,0.1,0.5,hub,pcglasso,C,6.579332246575681e-5,0.01099999999999568,8.007397305561668
10,0.9,0.1,0.5,hub,pcglasso,C,2.310129700083161e-4,0.015500000000002956,8.007397307148603
10,0.9,0.1,0.5,hub,pcglasso,C,8.11130830789687e-4,0.013499999999993406,8.007397371071846
10,0.9,0.1,0.5,hub,pcglasso,C,0.002848035868435802,0.019499999999993634,8.007397748529101
10,0.9,0.1,0.5,hub,pcglasso,C,0.010000000000000004,0.41850000000002296,8.007420850032625
10,0.9,0.1,0.5,hub,pcglasso,I,9.999999999999982e-9,0.06749999999999545,8.007397297326746
10,0.9,0.1,0.5,hub,pcglasso,I,3.5111917342151263e-8,0.03499999999999659,8.007397297326756
10,0.9,0.1,0.5,hub,pcglasso,I,1.2328467394420646e-7,0.03099999999997749,8.00739729732679
10,0.9,0.1,0.5,hub,pcglasso,I,4.328761281083054e-7,0.02800000000002001,8.007397297329693
10,0.9,0.1,0.5,hub,pcglasso,I,1.5199110829529328e-6,0.022500000000007958,8.007397297402385
10,0.9,0.1,0.5,hub,pcglasso,I,5.336699231206308e-6,0.021500000000003183,8.00739729788804
10,0.9,0.1,0.5,hub,pcglasso,I,1.873817422860384e-5,0.019000000000005457,8.007397299111453
10,0.9,0.1,0.5,hub,pcglasso,I,6.579332246575681e-5,0.011500000000012278,8.007397299111453
10,0.9,0.1,0.5,hub,pcglasso,I,2.310129700083161e-4,0.011000000000024102,8.007397332104215
10,0.9,0.1,0.5,hub,pcglasso,I,8.11130830789687e-4,0.012000000000000455,8.007397332104215
10,0.9,0.1,0.5,hub,pcglasso,I,0.002848035868435802,0.011500000000012278,8.007398786647512
10,0.9,0.1,0.5,hub,pcglasso,I,0.010000000000000004,0.0589999999999975,8.007408081433924
10,0.9,0.1,0.5,hub,pcglasso_cpp,C,9.999999999999982e-9,0.005499999999983629,8.007397297809948
10,0.9,0.1,0.5,hub,pcglasso_cpp,C,3.5111917342151263e-8,0.0049999999999954525,8.0073972996891
10,0.9,0.1,0.5,hub,pcglasso_cpp,C,1.2328467394420646e-7,0.004499999999978854,8.00739731030691
10,0.9,0.1,0.5,hub,pcglasso_cpp,C,4.328761281083054e-7,0.003999999999990678,8.007397371661177
10,0.9,0.1,0.5,hub,pcglasso_cpp,C,1.5199110829529328e-6,0.004000000000019099,8.007397371661177
10,0.9,0.1,0.5,hub,pcglasso_cpp,C,5.336699231206308e-6,0.003500000000002501,8.007397710316553
10,0.9,0.1,0.5,hub,pcglasso_cpp,C,1.873817422860384e-5,0.002999999999985903,8.00739973708395
10,0.9,0.1,0.5,hub,pcglasso_cpp,C,6.579332246575681e-5,0.003999999999990678,8.00739973708395
10,0.9,0.1,0.5,hub,pcglasso_cpp,C,2.310129700083161e-4,0.004500000000007276,8.007412412246282
10,0.9,0.1,0.5,hub,pcglasso_cpp,C,8.11130830789687e-4,0.003999999999962256,8.007498268098207
10,0.9,0.1,0.5,hub,pcglasso_cpp,C,0.002848035868435802,0.004500000000007276,8.007498268098207
10,0.9,0.1,0.5,hub,pcglasso_cpp,C,0.010000000000000004,0.083500000000015,8.008116342697983
10,0.9,0.1,0.5,hub,pcglasso_cpp,I,9.999999999999982e-9,0.0049999999999954525,8.007397297959445
10,0.9,0.1,0.5,hub,pcglasso_cpp,I,3.5111917342151263e-8,0.004499999999978854,8.007397300388837
10,0.9,0.1,0.5,hub,pcglasso_cpp,I,1.2328467394420646e-7,0.004000000000019099,8.007397314310518
10,0.9,0.1,0.5,hub,pcglasso_cpp,I,4.328761281083054e-7,0.003999999999990678,8.007397314310518
10,0.9,0.1,0.5,hub,pcglasso_cpp,I,1.5199110829529328e-6,0.003500000000030923,8.007397397442226
10,0.9,0.1,0.5,hub,pcglasso_cpp,I,5.336699231206308e-6,0.0034999999999740794,8.0073978776109
10,0.9,0.1,0.5,hub,pcglasso_cpp,I,1.873817422860384e-5,0.002999999999985903,8.007400607772162
10,0.9,0.1,0.5,hub,pcglasso_cpp,I,6.579332246575681e-5,0.0030000000000143245,8.007400607772162
10,0.9,0.1,0.5,hub,pcglasso_cpp,I,2.310129700083161e-4,0.0034999999999740794,8.007416009154127
10,0.9,0.1,0.5,hub,pcglasso_cpp,I,8.11130830789687e-4,0.002999999999985903,8.007503621459103
10,0.9,0.1,0.5,hub,pcglasso_cpp,I,0.002848035868435802,0.003500000000002501,8.007503621459103
10,0.9,0.1,0.5,hub,pcglasso_cpp,I,0.010000000000000004,0.004000000000019099,8.008016517620854
10,0.9,0.1,0.5,hub,pcglasso_fortran,C,9.999999999999982e-9,0.006499999999988404,8.007397298101797
10,0.9,0.1,0.5,hub,pcglasso_fortran,C,3.5111917342151263e-8,0.006500000000016826,8.007397300952777
10,0.9,0.1,0.5,hub,pcglasso_fortran,C,1.2328467394420646e-7,0.0055000000000404725,8.007397312139403
10,0.9,0.1,0.5,hub,pcglasso_fortran,C,4.328761281083054e-7,0.011499999999983856,8.007397374245176
10,0.9,0.1,0.5,hub,pcglasso_fortran,C,1.5199110829529328e-6,0.004499999999978854,8.00739768139986
10,0.9,0.1,0.5,hub,pcglasso_fortran,C,5.336699231206308e-6,0.009000000000014552,8.007398822777414
10,0.9,0.1,0.5,hub,pcglasso_fortran,C,1.873817422860384e-5,0.004000000000019099,8.007398822777414
10,0.9,0.1,0.5,hub,pcglasso_fortran,C,6.579332246575681e-5,0.01099999999999568,8.00740221920254
10,0.9,0.1,0.5,hub,pcglasso_fortran,C,2.310129700083161e-4,0.0049999999999954525,8.00740221920254
10,0.9,0.1,0.5,hub,pcglasso_fortran,C,8.11130830789687e-4,0.005000000000023874,8.00742713580715
10,0.9,0.1,0.5,hub,pcglasso_fortran,C,0.002848035868435802,0.004999999999967031,8.007786229496428
10,0.9,0.1,0.5,hub,pcglasso_fortran,C,0.010000000000000004,0.053999999999973625,8.00776253096817
10,0.9,0.1,0.5,hub,pcglasso_fortran,I,9.999999999999982e-9,0.006000000000000227,8.007397298300257
10,0.9,0.1,0.5,hub,pcglasso_fortran,I,3.5111917342151263e-8,0.012000000000000455,8.007397302126911
10,0.9,0.1,0.5,hub,pcglasso_fortran,I,1.2328467394420646e-7,0.004500000000007276,8.007397314008067
10,0.9,0.1,0.5,hub,pcglasso_fortran,I,4.328761281083054e-7,0.0049999999999954525,8.007397314008067
10,0.9,0.1,0.5,hub,pcglasso_fortran,I,1.5199110829529328e-6,0.003999999999990678,8.007397423106656
10,0.9,0.1,0.5,hub,pcglasso_fortran,I,5.336699231206308e-6,0.0034999999999740794,8.00739822728401
10,0.9,0.1,0.5,hub,pcglasso_fortran,I,1.873817422860384e-5,0.005500000000012051,8.00740121526363
10,0.9,0.1,0.5,hub,pcglasso_fortran,I,6.579332246575681e-5,0.003500000000002501,8.00740121526363
10,0.9,0.1,0.5,hub,pcglasso_fortran,I,2.310129700083161e-4,0.003999999999962256,8.007412203949057
10,0.9,0.1,0.5,hub,pcglasso_fortran,I,8.11130830789687e-4,0.004499999999978854,8.007412203949057
10,0.9,0.1,0.5,hub,pcglasso_fortran,I,0.002848035868435802,0.006499999999988404,8.007496931519366
10,0.9,0.1,0.5,hub,pcglasso_fortran,I,0.010000000000000004,0.004000000000019099,8.00841143032828
10,0.9,0.1,0.5,line,pcglasso,C,9.999999999999982e-9,0.04999999999998295,7.393007539724992
10,0.9,0.1,0.5,line,pcglasso,C,3.5111917342151263e-8,0.05099999999998772,7.393007539724996
10,0.9,0.1,0.5,line,pcglasso,C,1.2328467394420646e-7,0.048499999999989996,7.393007539725039
10,0.9,0.1,0.5,line,pcglasso,C,4.328761281083054e-7,0.04450000000002774,7.393007539725428
10,0.9,0.1,0.5,line,pcglasso,C,1.5199110829529328e-6,0.04250000000001819,7.393007539729824
10,0.9,0.1,0.5,line,pcglasso,C,5.336699231206308e-6,0.040000000000020464,7.393007540146723
10,0.9,0.1,0.5,line,pcglasso,C,1.873817422860384e-5,0.028500000000008185,7.393007543436591
10,0.9,0.1,0.5,line,pcglasso,C,6.579332246575681e-5,0.01649999999997931,7.393007547500911
10,0.9,0.1,0.5,line,pcglasso,C,2.310129700083161e-4,0.022999999999996135,7.393007618361454
10,0.9,0.1,0.5,line,pcglasso,C,8.11130830789687e-4,0.015500000000002956,7.393007885380552
10,0.9,0.1,0.5,line,pcglasso,C,0.002848035868435802,0.017499999999984084,7.393011490170867
10,0.9,0.1,0.5,line,pcglasso,C,0.010000000000000004,0.01650000000000773,7.393186251289446
10,0.9,0.1,0.5,line,pcglasso,I,9.999999999999982e-9,0.052500000000009095,7.393007539724991
10,0.9,0.1,0.5,line,pcglasso,I,3.5111917342151263e-8,0.05449999999999022,7.3930075397249935
10,0.9,0.1,0.5,line,pcglasso,I,1.2328467394420646e-7,0.03849999999999909,7.3930075397250405
10,0.9,0.1,0.5,line,pcglasso,I,4.328761281083054e-7,0.036000000000029786,7.393007539725839
10,0.9,0.1,0.5,line,pcglasso,I,1.5199110829529328e-6,0.030500000000017735,7.393007539744705
10,0.9,0.1,0.5,line,pcglasso,I,5.336699231206308e-6,0.02949999999998454,7.393007539889835
10,0.9,0.1,0.5,line,pcglasso,I,1.873817422860384e-5,0.022000000000048203,7.393007543623567
10,0.9,0.1,0.5,line,pcglasso,I,6.579332246575681e-5,0.014000000000010004,7.393007547518833
10,0.9,0.1,0.5,line,pcglasso,I,2.310129700083161e-4,0.015999999999991132,7.393007616404488
10,0.9,0.1,0.5,line,pcglasso,I,8.11130830789687e-4,0.018000000000029104,7.393007868278969
10,0.9,0.1,0.5,line,pcglasso,I,0.002848035868435802,0.033499999999975216,7.393021169895071
10,0.9,0.1,0.5,line,pcglasso,I,0.010000000000000004,0.012499999999988631,7.393170351537871
10,0.9,0.1,0.5,line,pcglasso_cpp,C,9.999999999999982e-9,0.0049999999999954525,7.393007545351898
10,0.9,0.1,0.5,line,pcglasso_cpp,C,3.5111917342151263e-8,0.0049999999999954525,7.39300755308729
10,0.9,0.1,0.5,line,pcglasso_cpp,C,1.2328467394420646e-7,0.0049999999999954525,7.393007583332572
10,0.9,0.1,0.5,line,pcglasso_cpp,C,4.328761281083054e-7,0.004500000000007276,7.393007683642394
10,0.9,0.1,0.5,line,pcglasso_cpp,C,1.5199110829529328e-6,0.004000000000019099,7.393008076087812
10,0.9,0.1,0.5,line,pcglasso_cpp,C,5.336699231206308e-6,0.01849999999998886,7.393008076087812
10,0.9,0.1,0.5,line,pcglasso_cpp,C,1.873817422860384e-5,0.006499999999988404,7.393009567959526
10,0.9,0.1,0.5,line,pcglasso_cpp,C,6.579332246575681e-5,0.003999999999990678,7.393015611560539
10,0.9,0.1,0.5,line,pcglasso_cpp,C,2.310129700083161e-4,0.0049999999999954525,7.393040542161952
10,0.9,0.1,0.5,line,pcglasso_cpp,C,8.11130830789687e-4,0.005499999999983629,7.393142588720655
10,0.9,0.1,0.5,line,pcglasso_cpp,C,0.002848035868435802,0.0034999999999740794,7.393570424644422
10,0.9,0.1,0.5,line,pcglasso_cpp,C,0.010000000000000004,0.0049999999999954525,7.395381606269439
10,0.9,0.1,0.5,line,pcglasso_cpp,I,9.999999999999982e-9,0.004500000000007276,7.393007544714575
10,0.9,0.1,0.5,line,pcglasso_cpp,I,3.5111917342151263e-8,0.005000000000023874,7.3930075516891165
10,0.9,0.1,0.5,line,pcglasso_cpp,I,1.2328467394420646e-7,0.004499999999978854,7.393007578473239
10,0.9,0.1,0.5,line,pcglasso_cpp,I,4.328761281083054e-7,0.0049999999999954525,7.393007666137239
10,0.9,0.1,0.5,line,pcglasso_cpp,I,1.5199110829529328e-6,0.004500000000007276,7.3930080014355815
10,0.9,0.1,0.5,line,pcglasso_cpp,I,5.336699231206308e-6,0.006000000000000227,7.393009240998656
10,0.9,0.1,0.5,line,pcglasso_cpp,I,1.873817422860384e-5,0.0049999999999954525,7.393009240998656
10,0.9,0.1,0.5,line,pcglasso_cpp,I,6.579332246575681e-5,0.004000000000019099,7.393014095021656
10,0.9,0.1,0.5,line,pcglasso_cpp,I,2.310129700083161e-4,0.002999999999985903,7.393033457632662
10,0.9,0.1,0.5,line,pcglasso_cpp,I,8.11130830789687e-4,0.0049999999999954525,7.393110570362165
10,0.9,0.1,0.5,line,pcglasso_cpp,I,0.002848035868435802,0.004000000000019099,7.39342922459886
10,0.9,0.1,0.5,line,pcglasso_cpp,I,0.010000000000000004,0.0030000000000143245,7.394784633973523
10,0.9,0.1,0.5,line,pcglasso_fortran,C,9.999999999999982e-9,0.009000000000014552,7.393007543459585
10,0.9,0.1,0.5,line,pcglasso_fortran,C,3.5111917342151263e-8,0.007000000000005002,7.393007549156576
10,0.9,0.1,0.5,line,pcglasso_fortran,C,1.2328467394420646e-7,0.007000000000005002,7.39300757031979
10,0.9,0.1,0.5,line,pcglasso_fortran,C,4.328761281083054e-7,0.0075000000000216005,7.3930076305141705
10,0.9,0.1,0.5,line,pcglasso_fortran,C,1.5199110829529328e-6,0.007499999999993179,7.3930078222303885
10,0.9,0.1,0.5,line,pcglasso_fortran,C,5.336699231206308e-6,0.010999999999967258,7.393008415245686
10,0.9,0.1,0.5,line,pcglasso_fortran,C,1.873817422860384e-5,0.010000000000019327,7.3930101867642115
10,0.9,0.1,0.5,line,pcglasso_fortran,C,6.579332246575681e-5,0.014000000000010004,7.393034742757406
10,0.9,0.1,0.5,line,pcglasso_fortran,C,2.310129700083161e-4,0.010000000000019327,7.393034742757406
10,0.9,0.1,0.5,line,pcglasso_fortran,C,8.11130830789687e-4,0.01099999999999568,7.393089329915922
10,0.9,0.1,0.5,line,pcglasso_fortran,C,0.002848035868435802,0.0069999999999765805,7.39463098243872
10,0.9,0.1,0.5,line,pcglasso_fortran,C,0.010000000000000004,0.007499999999993179,7.39684343188654
10,0.9,0.1,0.5,line,pcglasso_fortran,I,9.999999999999982e-9,0.006499999999988404,7.393007543789288
10,0.9,0.1,0.5,line,pcglasso_fortran,I,3.5111917342151263e-8,0.006499999999988404,7.3930075497518395
10,0.9,0.1,0.5,line,pcglasso_fortran,I,1.2328467394420646e-7,0.006500000000016826,7.393007571447283
10,0.9,0.1,0.5,line,pcglasso_fortran,I,4.328761281083054e-7,0.005999999999971806,7.393007633543896
10,0.9,0.1,0.5,line,pcglasso_fortran,I,1.5199110829529328e-6,0.005999999999971806,7.393007817029109
10,0.9,0.1,0.5,line,pcglasso_fortran,I,5.336699231206308e-6,0.008499999999997954,7.393009913482336
10,0.9,0.1,0.5,line,pcglasso_fortran,I,1.873817422860384e-5,0.006500000000016826,7.393014879353325
10,0.9,0.1,0.5,line,pcglasso_fortran,I,6.579332246575681e-5,0.0049999999999954525,7.393014879353325
10,0.9,0.1,0.5,line,pcglasso_fortran,I,2.310129700083161e-4,0.004499999999978854,7.39303300268225
10,0.9,0.1,0.5,line,pcglasso_fortran,I,8.11130830789687e-4,0.005499999999983629,7.393351486135549
10,0.9,0.1,0.5,line,pcglasso_fortran,I,0.002848035868435802,0.005499999999983629,7.393351486135549
10,0.9,0.1,0.5,line,pcglasso_fortran,I,0.010000000000000004,0.005500000000012051,7.393481352287414
10,0.9,0.2,0,hub,pcglasso,C,9.999999999999982e-9,0.05750000000000455,8.10612129968614
10,0.9,0.2,0,hub,pcglasso,C,3.5111917342151263e-8,0.06550000000001432,8.10612129968616
10,0.9,0.2,0,hub,pcglasso,C,1.2328467394420646e-7,0.045500000000032514,8.106121299686311
10,0.9,0.2,0,hub,pcglasso,C,4.328761281083054e-7,0.04650000000000887,8.106121299686546
10,0.9,0.2,0,hub,pcglasso,C,1.5199110829529328e-6,0.04049999999998022,8.106121299721556
10,0.9,0.2,0,hub,pcglasso,C,5.336699231206308e-6,0.02400000000000091,8.10612130450118
10,0.9,0.2,0,hub,pcglasso,C,1.873817422860384e-5,0.01650000000000773,8.106121303286997
10,0.9,0.2,0,hub,pcglasso,C,6.579332246575681e-5,0.014999999999986358,8.106121303129264
10,0.9,0.2,0,hub,pcglasso,C,2.310129700083161e-4,0.014499999999998181,8.106121351705196
10,0.9,0.2,0,hub,pcglasso,C,8.11130830789687e-4,0.015500000000002956,8.106122995152683
10,0.9,0.2,0,hub,pcglasso,C,0.002848035868435802,0.017499999999984084,8.106133004780922
10,0.9,0.2,0,hub,pcglasso,C,0.010000000000000004,0.4230000000000018,8.106258968298324
10,0.9,0.2,0,hub,pcglasso,I,9.999999999999982e-9,0.059499999999985675,8.106121299686146
10,0.9,0.2,0,hub,pcglasso,I,3.5111917342151263e-8,0.05150000000000432,8.106121299686162
10,0.9,0.2,0,hub,pcglasso,I,1.2328467394420646e-7,0.05300000000002569,8.106121299686254
10,0.9,0.2,0,hub,pcglasso,I,4.328761281083054e-7,0.036000000000001364,8.106121299689768
10,0.9,0.2,0,hub,pcglasso,I,1.5199110829529328e-6,0.03449999999997999,8.106121299707421
10,0.9,0.2,0,hub,pcglasso,I,5.336699231206308e-6,0.029999999999972715,8.106121300207274
10,0.9,0.2,0,hub,pcglasso,I,1.873817422860384e-5,0.015999999999991132,8.106121306748243
10,0.9,0.2,0,hub,pcglasso,I,6.579332246575681e-5,0.021500000000003183,8.106121301730438
10,0.9,0.2,0,hub,pcglasso,I,2.310129700083161e-4,0.014000000000010004,8.106121370501212
10,0.9,0.2,0,hub,pcglasso,I,8.11130830789687e-4,0.01649999999997931,8.106121982755662
10,0.9,0.2,0,hub,pcglasso,I,0.002848035868435802,0.014000000000010004,8.106144907509151
10,0.9,0.2,0,hub,pcglasso,I,0.010000000000000004,0.06049999999999045,8.106360567585801
10,0.9,0.2,0,hub,pcglasso_cpp,C,9.999999999999982e-9,0.012000000000000455,8.106121313039132
10,0.9,0.2,0,hub,pcglasso_cpp,C,3.5111917342151263e-8,0.009500000000002728,8.106121339286092
10,0.9,0.2,0,hub,pcglasso_cpp,C,1.2328467394420646e-7,0.010500000000007503,8.106121422155432
10,0.9,0.2,0,hub,pcglasso_cpp,C,4.328761281083054e-7,0.008499999999997954,8.106121680735448
10,0.9,0.2,0,hub,pcglasso_cpp,C,1.5199110829529328e-6,0.008000000000009777,8.106122491281882
10,0.9,0.2,0,hub,pcglasso_cpp,C,5.336699231206308e-6,0.007000000000005002,8.106125192562743
10,0.9,0.2,0,hub,pcglasso_cpp,C,1.873817422860384e-5,0.007000000000005002,8.106134355683052
10,0.9,0.2,0,hub,pcglasso_cpp,C,6.579332246575681e-5,0.006000000000000227,8.106167008586759
10,0.9,0.2,0,hub,pcglasso_cpp,C,2.310129700083161e-4,0.006499999999988404,8.10628844866784
10,0.9,0.2,0,hub,pcglasso_cpp,C,8.11130830789687e-4,0.006500000000016826,8.1067580853879
10,0.9,0.2,0,hub,pcglasso_cpp,C,0.002848035868435802,0.006500000000016826,8.108462773150784
10,0.9,0.2,0,hub,pcglasso_cpp,C,0.010000000000000004,0.13100000000000023,8.1142294228114
10,0.9,0.2,0,hub,pcglasso_cpp,I,9.999999999999982e-9,0.009000000000014552,8.106121309652796
10,0.9,0.2,0,hub,pcglasso_cpp,I,3.5111917342151263e-8,0.009500000000002728,8.106121329908285
10,0.9,0.2,0,hub,pcglasso_cpp,I,1.2328467394420646e-7,0.008000000000009777,8.106121394893503
10,0.9,0.2,0,hub,pcglasso_cpp,I,4.328761281083054e-7,0.0069999999999765805,8.106121604982205
10,0.9,0.2,0,hub,pcglasso_cpp,I,1.5199110829529328e-6,0.007000000000005002,8.106123057030853
10,0.9,0.2,0,hub,pcglasso_cpp,I,5.336699231206308e-6,0.006000000000000227,8.106127038787863
10,0.9,0.2,0,hub,pcglasso_cpp,I,1.873817422860384e-5,0.005500000000012051,8.10613993734478
10,0.9,0.2,0,hub,pcglasso_cpp,I,6.579332246575681e-5,0.0049999999999954525,8.10618123863378
10,0.9,0.2,0,hub,pcglasso_cpp,I,2.310129700083161e-4,0.003999999999962256,8.106314514848599
10,0.9,0.2,0,hub,pcglasso_cpp,I,8.11130830789687e-4,0.003999999999990678,8.106775434890853
10,0.9,0.2,0,hub,pcglasso_cpp,I,0.002848035868435802,0.003999999999990678,8.108387086784848
10,0.9,0.2,0,hub,pcglasso_cpp,I,0.010000000000000004,0.0049999999999954525,8.110420918167087
10,0.9,0.2,0,hub,pcglasso_fortran,C,9.999999999999982e-9,0.020999999999986585,8.106121309291566
10,0.9,0.2,0,hub,pcglasso_fortran,C,3.5111917342151263e-8,0.012000000000000455,8.106121309291566
10,0.9,0.2,0,hub,pcglasso_fortran,C,1.2328467394420646e-7,0.016999999999995907,8.106121490116436
10,0.9,0.2,0,hub,pcglasso_fortran,C,4.328761281083054e-7,0.009500000000002728,8.106121977570538
10,0.9,0.2,0,hub,pcglasso_fortran,C,1.5199110829529328e-6,0.009000000000014552,8.10612236950281
10,0.9,0.2,0,hub,pcglasso_fortran,C,5.336699231206308e-6,0.008999999999957708,8.10612325412345
10,0.9,0.2,0,hub,pcglasso_fortran,C,1.873817422860384e-5,0.007000000000005002,8.106150364098006
10,0.9,0.2,0,hub,pcglasso_fortran,C,6.579332246575681e-5,0.006500000000016826,8.106164950723304
10,0.9,0.2,0,hub,pcglasso_fortran,C,2.310129700083161e-4,0.012499999999988631,8.106451761526397
10,0.9,0.2,0,hub,pcglasso_fortran,C,8.11130830789687e-4,0.006500000000016826,8.106716128542192
10,0.9,0.2,0,hub,pcglasso_fortran,C,0.002848035868435802,0.01099999999999568,8.109202813181032
10,0.9,0.2,0,hub,pcglasso_fortran,C,0.010000000000000004,0.052500000000009095,8.110780045534552
10,0.9,0.2,0,hub,pcglasso_fortran,I,9.999999999999982e-9,0.011000000000024102,8.106121305538473
10,0.9,0.2,0,hub,pcglasso_fortran,I,3.5111917342151263e-8,0.009999999999990905,8.106121350836403
10,0.9,0.2,0,hub,pcglasso_fortran,I,1.2328467394420646e-7,0.008499999999997954,8.10612149714428
10,0.9,0.2,0,hub,pcglasso_fortran,I,4.328761281083054e-7,0.007999999999981355,8.106121606217984
10,0.9,0.2,0,hub,pcglasso_fortran,I,1.5199110829529328e-6,0.007499999999993179,8.10612225736655
10,0.9,0.2,0,hub,pcglasso_fortran,I,5.336699231206308e-6,0.007000000000005002,8.10612225736655
10,0.9,0.2,0,hub,pcglasso_fortran,I,1.873817422860384e-5,0.005499999999983629,8.106171934489685
10,0.9,0.2,0,hub,pcglasso_fortran,I,6.579332246575681e-5,0.005000000000023874,8.106189446475867
10,0.9,0.2,0,hub,pcglasso_fortran,I,2.310129700083161e-4,0.003999999999990678,8.106288547741553
10,0.9,0.2,0,hub,pcglasso_fortran,I,8.11130830789687e-4,0.0049999999999954525,8.106468442179567
10,0.9,0.2,0,hub,pcglasso_fortran,I,0.002848035868435802,0.0049999999999954525,8.106852841929083
10,0.9,0.2,0,hub,pcglasso_fortran,I,0.010000000000000004,0.006000000000028649,8.111495337583964
10,0.9,0.2,0,line,pcglasso,C,9.999999999999982e-9,0.05299999999999727,5.546771071302118
10,0.9,0.2,0,line,pcglasso,C,3.5111917342151263e-8,0.05299999999999727,5.546771071302118
10,0.9,0.2,0,line,pcglasso,C,1.2328467394420646e-7,0.050499999999999545,5.546771071302358
10,0.9,0.2,0,line,pcglasso,C,4.328761281083054e-7,0.04899999999997817,5.546771071305598
10,0.9,0.2,0,line,pcglasso,C,1.5199110829529328e-6,0.053999999999973625,5.546771071314851
10,0.9,0.2,0,line,pcglasso,C,5.336699231206308e-6,0.03450000000000841,5.546771075354819
10,0.9,0.2,0,line,pcglasso,C,1.873817422860384e-5,0.03099999999997749,5.5467710810949455
10,0.9,0.2,0,line,pcglasso,C,6.579332246575681e-5,0.02600000000001046,5.546771232902254
10,0.9,0.2,0,line,pcglasso,C,2.310129700083161e-4,0.016500000000036152,5.546772370881529
10,0.9,0.2,0,line,pcglasso,C,8.11130830789687e-4,0.013499999999964984,5.546790241037597
10,0.9,0.2,0,line,pcglasso,C,0.002848035868435802,0.012499999999988631,5.546857198631974
10,0.9,0.2,0,line,pcglasso,C,0.010000000000000004,0.00899999999998613,5.547213696353468
10,0.9,0.2,0,line,pcglasso,I,9.999999999999982e-9,0.04800000000000182,5.5467710713021185
10,0.9,0.2,0,line,pcglasso,I,3.5111917342151263e-8,0.05349999999998545,5.546771071302141
10,0.9,0.2,0,line,pcglasso,I,1.2328467394420646e-7,0.049000000000006594,5.546771071302297
10,0.9,0.2,0,line,pcglasso,I,4.328761281083054e-7,0.04800000000000182,5.546771071303258
10,0.9,0.2,0,line,pcglasso,I,1.5199110829529328e-6,0.05500000000000682,5.546771071324138
10,0.9,0.2,0,line,pcglasso,I,5.336699231206308e-6,0.03150000000002251,5.546771075785491
10,0.9,0.2,0,line,pcglasso,I,1.873817422860384e-5,0.028500000000008185,5.5467710772444265
10,0.9,0.2,0,line,pcglasso,I,6.579332246575681e-5,0.022999999999996135,5.5467711817388965
10,0.9,0.2,0,line,pcglasso,I,2.310129700083161e-4,0.020000000000010232,5.546772598324626
10,0.9,0.2,0,line,pcglasso,I,8.11130830789687e-4,0.01649999999997931,5.546783453810438
10,0.9,0.2,0,line,pcglasso,I,0.002848035868435802,0.013499999999993406,5.546877895219391
10,0.9,0.2,0,line,pcglasso,I,0.010000000000000004,0.012000000000000455,5.547336147500993
10,0.9,0.2,0,line,pcglasso_cpp,C,9.999999999999982e-9,0.011500000000012278,5.546771086416932
10,0.9,0.2,0,line,pcglasso_cpp,C,3.5111917342151263e-8,0.01099999999999568,5.546771119700445
10,0.9,0.2,0,line,pcglasso_cpp,C,1.2328467394420646e-7,0.011499999999983856,5.546771312734691
10,0.9,0.2,0,line,pcglasso_cpp,C,4.328761281083054e-7,0.010500000000007503,5.546771858873299
10,0.9,0.2,0,line,pcglasso_cpp,C,1.5199110829529328e-6,0.009999999999990905,5.54677374895752
10,0.9,0.2,0,line,pcglasso_cpp,C,5.336699231206308e-6,0.009500000000002728,5.546780427646237
10,0.9,0.2,0,line,pcglasso_cpp,C,1.873817422860384e-5,0.007999999999981355,5.546802985665867
10,0.9,0.2,0,line,pcglasso_cpp,C,6.579332246575681e-5,0.006500000000016826,5.546880218221929
10,0.9,0.2,0,line,pcglasso_cpp,C,2.310129700083161e-4,0.012999999999976808,5.5470199257676
10,0.9,0.2,0,line,pcglasso_cpp,C,8.11130830789687e-4,0.005500000000012051,5.547439080747453
10,0.9,0.2,0,line,pcglasso_cpp,C,0.002848035868435802,0.0049999999999954525,5.548106261756234
10,0.9,0.2,0,line,pcglasso_cpp,C,0.010000000000000004,0.004499999999978854,5.55763604151546
10,0.9,0.2,0,line,pcglasso_cpp,I,9.999999999999982e-9,0.009500000000002728,5.5467710924855265
10,0.9,0.2,0,line,pcglasso_cpp,I,3.5111917342151263e-8,0.009999999999990905,5.546771155298174
10,0.9,0.2,0,line,pcglasso_cpp,I,1.2328467394420646e-7,0.009999999999990905,5.5467713236405345
10,0.9,0.2,0,line,pcglasso_cpp,I,4.328761281083054e-7,0.017499999999984084,5.546771821176822
10,0.9,0.2,0,line,pcglasso_cpp,I,1.5199110829529328e-6,0.010500000000007503,5.546773340570542
10,0.9,0.2,0,line,pcglasso_cpp,I,5.336699231206308e-6,0.010499999999979082,5.546781730641886
10,0.9,0.2,0,line,pcglasso_cpp,I,1.873817422860384e-5,0.010000000000047748,5.546804508211817
10,0.9,0.2,0,line,pcglasso_cpp,I,6.579332246575681e-5,0.008499999999997954,5.5468764864864095
10,0.9,0.2,0,line,pcglasso_cpp,I,2.310129700083161e-4,0.005499999999983629,5.547239501958533
10,0.9,0.2,0,line,pcglasso_cpp,I,8.11130830789687e-4,0.005500000000012051,5.548174273320722
10,0.9,0.2,0,line,pcglasso_cpp,I,0.002848035868435802,0.0030000000000143245,5.551333146939362
10,0.9,0.2,0,line,pcglasso_cpp,I,0.010000000000000004,0.002999999999985903,5.554064618108299
10,0.9,0.2,0,line,pcglasso_fortran,C,9.999999999999982e-9,0.01999999999998181,5.546771091491973
10,0.9,0.2,0,line,pcglasso_fortran,C,3.5111917342151263e-8,0.01849999999998886,5.546771131263018
10,0.9,0.2,0,line,pcglasso_fortran,C,1.2328467394420646e-7,0.019500000000022055,5.5467712668533125
10,0.9,0.2,0,line,pcglasso_fortran,C,4.328761281083054e-7,0.012000000000028876,5.546771923457311
10,0.9,0.2,0,line,pcglasso_fortran,C,1.5199110829529328e-6,0.011000000000024102,5.546774150778636
10,0.9,0.2,0,line,pcglasso_fortran,C,5.336699231206308e-6,0.011500000000012278,5.546779146773911
10,0.9,0.2,0,line,pcglasso_fortran,C,1.873817422860384e-5,0.010500000000007503,5.5467830079543194
10,0.9,0.2,0,line,pcglasso_fortran,C,6.579332246575681e-5,0.009000000000014552,5.54683847230684
10,0.9,0.2,0,line,pcglasso_fortran,C,2.310129700083161e-4,0.008000000000009777,5.546868976624387
10,0.9,0.2,0,line,pcglasso_fortran,C,8.11130830789687e-4,0.007000000000005002,5.547587241097175
10,0.9,0.2,0,line,pcglasso_fortran,C,0.002848035868435802,0.012499999999988631,5.548797748516827
10,0.9,0.2,0,line,pcglasso_fortran,C,0.010000000000000004,0.004000000000019099,5.5599030879914135
10,0.9,0.2,0,line,pcglasso_fortran,I,9.999999999999982e-9,0.019000000000005457,5.546771089326224
10,0.9,0.2,0,line,pcglasso_fortran,I,3.5111917342151263e-8,0.019499999999993634,5.54677114630533
10,0.9,0.2,0,line,pcglasso_fortran,I,1.2328467394420646e-7,0.033999999999991815,5.546771314983275
10,0.9,0.2,0,line,pcglasso_fortran,I,4.328761281083054e-7,0.012000000000000455,5.546772086048995
10,0.9,0.2,0,line,pcglasso_fortran,I,1.5199110829529328e-6,0.012000000000000455,5.546774064471004
10,0.9,0.2,0,line,pcglasso_fortran,I,5.336699231206308e-6,0.01099999999999568,5.546779327421449
10,0.9,0.2,0,line,pcglasso_fortran,I,1.873817422860384e-5,0.010999999999967258,5.546796203538445
10,0.9,0.2,0,line,pcglasso_fortran,I,6.579332246575681e-5,0.008499999999997954,5.546879100582137
10,0.9,0.2,0,line,pcglasso_fortran,I,2.310129700083161e-4,0.0075000000000216005,5.547019019724326
10,0.9,0.2,0,line,pcglasso_fortran,I,8.11130830789687e-4,0.006500000000016826,5.547403918000246
10,0.9,0.2,0,line,pcglasso_fortran,I,0.002848035868435802,0.0049999999999954525,5.5495364712064426
10,0.9,0.2,0,line,pcglasso_fortran,I,0.010000000000000004,0.004000000000019099,5.5523465181191956
10,0.9,0.2,0.5,hub,pcglasso,C,9.999999999999982e-9,0.034000000000020236,8.355549239014467
10,0.9,0.2,0.5,hub,pcglasso,C,3.5111917342151263e-8,0.030499999999989313,8.35554923901447
10,0.9,0.2,0.5,hub,pcglasso,C,1.2328467394420646e-7,0.03450000000000841,8.35554923901451
10,0.9,0.2,0.5,hub,pcglasso,C,4.328761281083054e-7,0.024499999999989086,8.355549239015138
10,0.9,0.2,0.5,hub,pcglasso,C,1.5199110829529328e-6,0.02049999999999841,8.355549239024212
10,0.9,0.2,0.5,hub,pcglasso,C,5.336699231206308e-6,0.01799999999997226,8.35554923911665
10,0.9,0.2,0.5,hub,pcglasso,C,1.873817422860384e-5,0.014499999999998181,8.355549240549692
10,0.9,0.2,0.5,hub,pcglasso,C,6.579332246575681e-5,0.013999999999981583,8.355549244531277
10,0.9,0.2,0.5,hub,pcglasso,C,2.310129700083161e-4,0.01700000000002433,8.355549244682786
10,0.9,0.2,0.5,hub,pcglasso,C,8.11130830789687e-4,0.01700000000002433,8.35554925457093
10,0.9,0.2,0.5,hub,pcglasso,C,0.002848035868435802,0.023000000000024556,8.355549595452873
10,0.9,0.2,0.5,hub,pcglasso,C,0.010000000000000004,0.4230000000000018,8.35555543770091
10,0.9,0.2,0.5,hub,pcglasso,I,9.999999999999982e-9,0.03799999999998249,8.355549239014465
10,0.9,0.2,0.5,hub,pcglasso,I,3.5111917342151263e-8,0.028499999999979764,8.35554923901447
10,0.9,0.2,0.5,hub,pcglasso,I,1.2328467394420646e-7,0.024499999999989086,8.355549239014502
10,0.9,0.2,0.5,hub,pcglasso,I,4.328761281083054e-7,0.021500000000003183,8.355549239015021
10,0.9,0.2,0.5,hub,pcglasso,I,1.5199110829529328e-6,0.025000000000034106,8.355549239022379
10,0.9,0.2,0.5,hub,pcglasso,I,5.336699231206308e-6,0.01500000000001478,8.355549239099796
10,0.9,0.2,0.5,hub,pcglasso,I,1.873817422860384e-5,0.011000000000024102,8.355549240275336
10,0.9,0.2,0.5,hub,pcglasso,I,6.579332246575681e-5,0.010499999999979082,8.355549242027143
10,0.9,0.2,0.5,hub,pcglasso,I,2.310129700083161e-4,0.016999999999995907,8.355549243453979
10,0.9,0.2,0.5,hub,pcglasso,I,8.11130830789687e-4,0.012499999999988631,8.355549278939046
10,0.9,0.2,0.5,hub,pcglasso,I,0.002848035868435802,0.01099999999999568,8.355550092145764
10,0.9,0.2,0.5,hub,pcglasso,I,0.010000000000000004,0.0589999999999975,8.355564537504648
10,0.9,0.2,0.5,hub,pcglasso_cpp,C,9.999999999999982e-9,0.005500000000012051,8.355549242259963
10,0.9,0.2,0.5,hub,pcglasso_cpp,C,3.5111917342151263e-8,0.004499999999978854,8.355549249069668
10,0.9,0.2,0.5,hub,pcglasso_cpp,C,1.2328467394420646e-7,0.004500000000035698,8.35554927669913
10,0.9,0.2,0.5,hub,pcglasso_cpp,C,4.328761281083054e-7,0.004000000000019099,8.355549380262065
10,0.9,0.2,0.5,hub,pcglasso_cpp,C,1.5199110829529328e-6,0.004500000000007276,8.355549380262065
10,0.9,0.2,0.5,hub,pcglasso_cpp,C,5.336699231206308e-6,0.004500000000007276,8.355549769190995
10,0.9,0.2,0.5,hub,pcglasso_cpp,C,1.873817422860384e-5,0.003999999999990678,8.355551289557686
10,0.9,0.2,0.5,hub,pcglasso_cpp,C,6.579332246575681e-5,0.0030000000000143245,8.355557163356112
10,0.9,0.2,0.5,hub,pcglasso_cpp,C,2.310129700083161e-4,0.005000000000023874,8.35557983198282
10,0.9,0.2,0.5,hub,pcglasso_cpp,C,8.11130830789687e-4,0.002999999999985903,8.355667209016252
10,0.9,0.2,0.5,hub,pcglasso_cpp,C,0.002848035868435802,0.003500000000002501,8.356003810551458
10,0.9,0.2,0.5,hub,pcglasso_cpp,C,0.010000000000000004,0.037499999999994316,8.357303328815602
10,0.9,0.2,0.5,hub,pcglasso_cpp,I,9.999999999999982e-9,0.004499999999978854,8.355549241470248
10,0.9,0.2,0.5,hub,pcglasso_cpp,I,3.5111917342151263e-8,0.0049999999999954525,8.35554924660256
10,0.9,0.2,0.5,hub,pcglasso_cpp,I,1.2328467394420646e-7,0.004500000000007276,8.355549267388815
10,0.9,0.2,0.5,hub,pcglasso_cpp,I,4.328761281083054e-7,0.004000000000019099,8.355549345045546
10,0.9,0.2,0.5,hub,pcglasso_cpp,I,1.5199110829529328e-6,0.004000000000019099,8.355549635426264
10,0.9,0.2,0.5,hub,pcglasso_cpp,I,5.336699231206308e-6,0.0030000000000143245,8.355550764111085
10,0.9,0.2,0.5,hub,pcglasso_cpp,I,1.873817422860384e-5,0.0030000000000427463,8.355555091852523
10,0.9,0.2,0.5,hub,pcglasso_cpp,I,6.579332246575681e-5,0.0030000000000143245,8.355571598513134
10,0.9,0.2,0.5,hub,pcglasso_cpp,I,2.310129700083161e-4,0.0034999999999740794,8.355631835820871
10,0.9,0.2,0.5,hub,pcglasso_cpp,I,8.11130830789687e-4,0.003500000000002501,8.355631835820871
10,0.9,0.2,0.5,hub,pcglasso_cpp,I,0.002848035868435802,0.004000000000019099,8.35585229818422
10,0.9,0.2,0.5,hub,pcglasso_cpp,I,0.010000000000000004,0.002999999999985903,8.359954779394823
10,0.9,0.2,0.5,hub,pcglasso_fortran,C,9.999999999999982e-9,0.005999999999971806,8.355549239697101
10,0.9,0.2,0.5,hub,pcglasso_fortran,C,3.5111917342151263e-8,0.0049999999999954525,8.355549242272126
10,0.9,0.2,0.5,hub,pcglasso_fortran,C,1.2328467394420646e-7,0.004000000000019099,8.355549255539191
10,0.9,0.2,0.5,hub,pcglasso_fortran,C,4.328761281083054e-7,0.0049999999999954525,8.355549255539191
10,0.9,0.2,0.5,hub,pcglasso_fortran,C,1.5199110829529328e-6,0.003999999999990678,8.355549333717011
10,0.9,0.2,0.5,hub,pcglasso_fortran,C,5.336699231206308e-6,0.011000000000024102,8.355549333717011
10,0.9,0.2,0.5,hub,pcglasso_fortran,C,1.873817422860384e-5,0.004000000000019099,8.355549927337748
10,0.9,0.2,0.5,hub,pcglasso_fortran,C,6.579332246575681e-5,0.003500000000002501,8.355555348018799
10,0.9,0.2,0.5,hub,pcglasso_fortran,C,2.310129700083161e-4,0.0049999999999954525,8.355555348018799
10,0.9,0.2,0.5,hub,pcglasso_fortran,C,8.11130830789687e-4,0.003999999999990678,8.355600179349668
10,0.9,0.2,0.5,hub,pcglasso_fortran,C,0.002848035868435802,0.0049999999999954525,8.355921059605695
10,0.9,0.2,0.5,hub,pcglasso_fortran,C,0.010000000000000004,0.05350000000001387,8.357468213769291
10,0.9,0.2,0.5,hub,pcglasso_fortran,I,9.999999999999982e-9,0.0049999999999954525,8.355549240280924
10,0.9,0.2,0.5,hub,pcglasso_fortran,I,3.5111917342151263e-8,0.01099999999999568,8.355549245229723
10,0.9,0.2,0.5,hub,pcglasso_fortran,I,1.2328467394420646e-7,0.0049999999999954525,8.355549245229723
10,0.9,0.2,0.5,hub,pcglasso_fortran,I,4.328761281083054e-7,0.0049999999999954525,8.355549272733182
10,0.9,0.2,0.5,hub,pcglasso_fortran,I,1.5199110829529328e-6,0.004500000000007276,8.355549272733182
10,0.9,0.2,0.5,hub,pcglasso_fortran,I,5.336699231206308e-6,0.003999999999990678,8.355549464030801
10,0.9,0.2,0.5,hub,pcglasso_fortran,I,1.873817422860384e-5,0.003999999999962256,8.355551026058198
10,0.9,0.2,0.5,hub,pcglasso_fortran,I,6.579332246575681e-5,0.002999999999985903,8.355551026058198
10,0.9,0.2,0.5,hub,pcglasso_fortran,I,2.310129700083161e-4,0.003999999999990678,8.355562204402323
10,0.9,0.2,0.5,hub,pcglasso_fortran,I,8.11130830789687e-4,0.003999999999990678,8.355627792678531
10,0.9,0.2,0.5,hub,pcglasso_fortran,I,0.002848035868435802,0.003999999999990678,8.355910268893943
10,0.9,0.2,0.5,hub,pcglasso_fortran,I,0.010000000000000004,0.004000000000019099,8.356824710740428
10,0.9,0.2,0.5,line,pcglasso,C,9.999999999999982e-9,0.048499999999961574,8.077848146477837
10,0.9,0.2,0.5,line,pcglasso,C,3.5111917342151263e-8,0.047000000000025466,8.077848146477884
10,0.9,0.2,0.5,line,pcglasso,C,1.2328467394420646e-7,0.04999999999998295,8.077848146477859
10,0.9,0.2,0.5,line,pcglasso,C,4.328761281083054e-7,0.05600000000004002,8.077848146478509
10,0.9,0.2,0.5,line,pcglasso,C,1.5199110829529328e-6,0.03100000000000591,8.077848146485337
10,0.9,0.2,0.5,line,pcglasso,C,5.336699231206308e-6,0.02749999999997499,8.077848146755429
10,0.9,0.2,0.5,line,pcglasso,C,1.873817422860384e-5,0.020999999999986585,8.077848154902021
10,0.9,0.2,0.5,line,pcglasso,C,6.579332246575681e-5,0.019000000000005457,8.077848151518669
10,0.9,0.2,0.5,line,pcglasso,C,2.310129700083161e-4,0.016999999999995907,8.07784816728929
10,0.9,0.2,0.5,line,pcglasso,C,8.11130830789687e-4,0.016000000000019554,8.077848538370944
10,0.9,0.2,0.5,line,pcglasso,C,0.002848035868435802,0.013999999999953161,8.077851744349895
10,0.9,0.2,0.5,line,pcglasso,C,0.010000000000000004,0.011500000000012278,8.0779205100238
10,0.9,0.2,0.5,line,pcglasso,I,9.999999999999982e-9,0.05300000000002569,8.077848146477836
10,0.9,0.2,0.5,line,pcglasso,I,3.5111917342151263e-8,0.05000000000001137,8.077848146477857
10,0.9,0.2,0.5,line,pcglasso,I,1.2328467394420646e-7,0.043000000000006366,8.077848146477853
10,0.9,0.2,0.5,line,pcglasso,I,4.328761281083054e-7,0.03599999999997294,8.077848146478244
10,0.9,0.2,0.5,line,pcglasso,I,1.5199110829529328e-6,0.030499999999989313,8.077848146482992
10,0.9,0.2,0.5,line,pcglasso,I,5.336699231206308e-6,0.025500000000022283,8.077848147650196
10,0.9,0.2,0.5,line,pcglasso,I,1.873817422860384e-5,0.022999999999967713,8.077848153562188
10,0.9,0.2,0.5,line,pcglasso,I,6.579332246575681e-5,0.015500000000031378,8.077848157424881
10,0.9,0.2,0.5,line,pcglasso,I,2.310129700083161e-4,0.01999999999998181,8.077848157985336
10,0.9,0.2,0.5,line,pcglasso,I,8.11130830789687e-4,0.012499999999988631,8.077848742893883
10,0.9,0.2,0.5,line,pcglasso,I,0.002848035868435802,0.020999999999986585,8.077852662814621
10,0.9,0.2,0.5,line,pcglasso,I,0.010000000000000004,0.00899999999998613,8.07793721734749
10,0.9,0.2,0.5,line,pcglasso_cpp,C,9.999999999999982e-9,0.006499999999988404,8.077848150780408
10,0.9,0.2,0.5,line,pcglasso_cpp,C,3.5111917342151263e-8,0.01500000000001478,8.077848165780376
10,0.9,0.2,0.5,line,pcglasso_cpp,C,1.2328467394420646e-7,0.005999999999971806,8.077848198903954
10,0.9,0.2,0.5,line,pcglasso_cpp,C,4.328761281083054e-7,0.005499999999983629,8.077848290462883
10,0.9,0.2,0.5,line,pcglasso_cpp,C,1.5199110829529328e-6,0.005500000000012051,8.077848567917227
10,0.9,0.2,0.5,line,pcglasso_cpp,C,5.336699231206308e-6,0.004499999999978854,8.07784937414058
10,0.9,0.2,0.5,line,pcglasso_cpp,C,1.873817422860384e-5,0.0049999999999954525,8.077851706022104
10,0.9,0.2,0.5,line,pcglasso_cpp,C,6.579332246575681e-5,0.017500000000012506,8.077878973331824
10,0.9,0.2,0.5,line,pcglasso_cpp,C,2.310129700083161e-4,0.003500000000030923,8.077939666317063
10,0.9,0.2,0.5,line,pcglasso_cpp,C,8.11130830789687e-4,0.003500000000002501,8.078120902777608
10,0.9,0.2,0.5,line,pcglasso_cpp,C,0.002848035868435802,0.002500000000026148,8.078659876910997
10,0.9,0.2,0.5,line,pcglasso_cpp,C,0.010000000000000004,0.0024999999999693046,8.08027362495495
10,0.9,0.2,0.5,line,pcglasso_cpp,I,9.999999999999982e-9,0.006000000000000227,8.077848151590512
10,0.9,0.2,0.5,line,pcglasso_cpp,I,3.5111917342151263e-8,0.006000000000000227,8.07784815749381
10,0.9,0.2,0.5,line,pcglasso_cpp,I,1.2328467394420646e-7,0.005500000000012051,8.077848176513038
10,0.9,0.2,0.5,line,pcglasso_cpp,I,4.328761281083054e-7,0.006000000000000227,8.077848228359914
10,0.9,0.2,0.5,line,pcglasso_cpp,I,1.5199110829529328e-6,0.004500000000007276,8.077848814112338
10,0.9,0.2,0.5,line,pcglasso_cpp,I,5.336699231206308e-6,0.004500000000007276,8.077850129542764
10,0.9,0.2,0.5,line,pcglasso_cpp,I,1.873817422860384e-5,0.003999999999962256,8.07785416271204
10,0.9,0.2,0.5,line,pcglasso_cpp,I,6.579332246575681e-5,0.003500000000002501,8.077866476463907
10,0.9,0.2,0.5,line,pcglasso_cpp,I,2.310129700083161e-4,0.003500000000002501,8.077904304084557
10,0.9,0.2,0.5,line,pcglasso_cpp,I,8.11130830789687e-4,0.0030000000000143245,8.078021471192676
10,0.9,0.2,0.5,line,pcglasso_cpp,I,0.002848035868435802,0.0030000000000427463,8.078385875130671
10,0.9,0.2,0.5,line,pcglasso_cpp,I,0.010000000000000004,0.0020000000000095497,8.082885199977481
10,0.9,0.2,0.5,line,pcglasso_fortran,C,9.999999999999982e-9,0.007499999999993179,8.077848148508174
10,0.9,0.2,0.5,line,pcglasso_fortran,C,3.5111917342151263e-8,0.007999999999981355,8.077848152899186
10,0.9,0.2,0.5,line,pcglasso_fortran,C,1.2328467394420646e-7,0.006500000000016826,8.077848172306064
10,0.9,0.2,0.5,line,pcglasso_fortran,C,4.328761281083054e-7,0.011999999999972033,8.077848252303744
10,0.9,0.2,0.5,line,pcglasso_fortran,C,1.5199110829529328e-6,0.011500000000012278,8.077848565637122
10,0.9,0.2,0.5,line,pcglasso_fortran,C,5.336699231206308e-6,0.0049999999999954525,8.077849701915301
10,0.9,0.2,0.5,line,pcglasso_fortran,C,1.873817422860384e-5,0.0049999999999954525,8.077853872248056
10,0.9,0.2,0.5,line,pcglasso_fortran,C,6.579332246575681e-5,0.0049999999999954525,8.077853872248056
10,0.9,0.2,0.5,line,pcglasso_fortran,C,2.310129700083161e-4,0.004500000000007276,8.077871135328882
10,0.9,0.2,0.5,line,pcglasso_fortran,C,8.11130830789687e-4,0.003999999999990678,8.077960119678064
10,0.9,0.2,0.5,line,pcglasso_fortran,C,0.002848035868435802,0.0034999999999740794,8.077960119678064
10,0.9,0.2,0.5,line,pcglasso_fortran,C,0.010000000000000004,0.0030000000000143245,8.081441525514045
10,0.9,0.2,0.5,line,pcglasso_fortran,I,9.999999999999982e-9,0.008499999999969532,8.077848152575724
10,0.9,0.2,0.5,line,pcglasso_fortran,I,3.5111917342151263e-8,0.008000000000009777,8.077848157966121
10,0.9,0.2,0.5,line,pcglasso_fortran,I,1.2328467394420646e-7,0.006499999999988404,8.07784822330194
10,0.9,0.2,0.5,line,pcglasso_fortran,I,4.328761281083054e-7,0.007000000000033424,8.077848342115905
10,0.9,0.2,0.5,line,pcglasso_fortran,I,1.5199110829529328e-6,0.005999999999971806,8.077848644642112
10,0.9,0.2,0.5,line,pcglasso_fortran,I,5.336699231206308e-6,0.005999999999971806,8.077851398624214
10,0.9,0.2,0.5,line,pcglasso_fortran,I,1.873817422860384e-5,0.004500000000035698,8.077867418059874
10,0.9,0.2,0.5,line,pcglasso_fortran,I,6.579332246575681e-5,0.004000000000019099,8.077884298783019
10,0.9,0.2,0.5,line,pcglasso_fortran,I,2.310129700083161e-4,0.007499999999993179,8.077945103842687
10,0.9,0.2,0.5,line,pcglasso_fortran,I,8.11130830789687e-4,0.0030000000000143245,8.078097751096003
10,0.9,0.2,0.5,line,pcglasso_fortran,I,0.002848035868435802,0.003500000000002501,8.078499695988326
10,0.9,0.2,0.5,line,pcglasso_fortran,I,0.010000000000000004,0.002500000000026148,8.082821401745253
10,1,0.1,0,hub,pcglasso,C,9.999999999999982e-9,0.07499999999998863,3.247296926290112
10,1,0.1,0,hub,pcglasso,C,3.5111917342151263e-8,0.07200000000000273,3.2472969262901237
10,1,0.1,0,hub,pcglasso,C,1.2328467394420646e-7,0.07050000000000978,3.247296926290346
10,1,0.1,0,hub,pcglasso,C,4.328761281083054e-7,0.0589999999999975,3.247296926294575
10,1,0.1,0,hub,pcglasso,C,1.5199110829529328e-6,0.06599999999997408,3.247296926308172
10,1,0.1,0,hub,pcglasso,C,5.336699231206308e-6,0.04100000000002524,3.24729692645938
10,1,0.1,0,hub,pcglasso,C,1.873817422860384e-5,0.02349999999998431,3.247296942507223
10,1,0.1,0,hub,pcglasso,C,6.579332246575681e-5,0.01849999999998886,3.247297100517982
10,1,0.1,0,hub,pcglasso,C,2.310129700083161e-4,0.018000000000000682,3.247297422812493
10,1,0.1,0,hub,pcglasso,C,8.11130830789687e-4,0.012999999999976808,3.2473028469038896
10,1,0.1,0,hub,pcglasso,C,0.002848035868435802,0.014499999999998181,3.2473460633774667
10,1,0.1,0,hub,pcglasso,C,0.010000000000000004,0.41499999999999204,3.2478323600932075
10,1,0.1,0,hub,pcglasso,I,9.999999999999982e-9,0.06500000000002615,3.2472969262901143
10,1,0.1,0,hub,pcglasso,I,3.5111917342151263e-8,0.0660000000000025,3.2472969262901223
10,1,0.1,0,hub,pcglasso,I,1.2328467394420646e-7,0.0700000000000216,3.247296926290324
10,1,0.1,0,hub,pcglasso,I,4.328761281083054e-7,0.06299999999998818,3.247296926293054
10,1,0.1,0,hub,pcglasso,I,1.5199110829529328e-6,0.05449999999999022,3.247296926300294
10,1,0.1,0,hub,pcglasso,I,5.336699231206308e-6,0.041500000000013415,3.2472969265011997
10,1,0.1,0,hub,pcglasso,I,1.873817422860384e-5,0.03350000000000364,3.2472969421027553
10,1,0.1,0,hub,pcglasso,I,6.579332246575681e-5,0.027999999999991587,3.2472972080133657
10,1,0.1,0,hub,pcglasso,I,2.310129700083161e-4,0.026499999999998636,3.247298170660673
10,1,0.1,0,hub,pcglasso,I,8.11130830789687e-4,0.019499999999993634,3.2473229873154583
10,1,0.1,0,hub,pcglasso,I,0.002848035868435802,0.028499999999979764,3.2474422438314674
10,1,0.1,0,hub,pcglasso,I,0.010000000000000004,0.021000000000015007,3.2487779130472614
10,1,0.1,0,hub,pcglasso_cpp,C,9.999999999999982e-9,0.05299999999999727,3.2472970432267405
10,1,0.1,0,hub,pcglasso_cpp,C,3.5111917342151263e-8,0.027999999999991587,3.2472973604889503
10,1,0.1,0,hub,pcglasso_cpp,C,1.2328467394420646e-7,0.022499999999979536,3.2472984779151703
10,1,0.1,0,hub,pcglasso_cpp,C,4.328761281083054e-7,0.019000000000005457,3.247300986168357
10,1,0.1,0,hub,pcglasso_cpp,C,1.5199110829529328e-6,0.023999999999972488,3.247306423451091
10,1,0.1,0,hub,pcglasso_cpp,C,5.336699231206308e-6,0.022499999999979536,3.247319946304817
10,1,0.1,0,hub,pcglasso_cpp,C,1.873817422860384e-5,0.013999999999981583,3.247368273277635
10,1,0.1,0,hub,pcglasso_cpp,C,6.579332246575681e-5,0.020000000000010232,3.247506955596923
10,1,0.1,0,hub,pcglasso_cpp,C,2.310129700083161e-4,0.01700000000002433,3.247962463797787
10,1,0.1,0,hub,pcglasso_cpp,C,8.11130830789687e-4,0.007000000000005002,3.2488032657105377
10,1,0.1,0,hub,pcglasso_cpp,C,0.002848035868435802,0.007499999999993179,3.251146933550406
10,1,0.1,0,hub,pcglasso_cpp,C,0.010000000000000004,0.2079999999999984,3.249460028976767
10,1,0.1,0,hub,pcglasso_cpp,I,9.999999999999982e-9,0.05099999999998772,3.247297045291179
10,1,0.1,0,hub,pcglasso_cpp,I,3.5111917342151263e-8,0.055999999999983174,3.2472973222143935
10,1,0.1,0,hub,pcglasso_cpp,I,1.2328467394420646e-7,0.04099999999999682,3.247297819386925
10,1,0.1,0,hub,pcglasso_cpp,I,4.328761281083054e-7,0.03449999999997999,3.247298092750328
10,1,0.1,0,hub,pcglasso_cpp,I,1.5199110829529328e-6,0.048499999999989996,3.2472992680833643
10,1,0.1,0,hub,pcglasso_cpp,I,5.336699231206308e-6,0.03249999999999886,3.247301366359276
10,1,0.1,0,hub,pcglasso_cpp,I,1.873817422860384e-5,0.02750000000000341,3.2473144351789
10,1,0.1,0,hub,pcglasso_cpp,I,6.579332246575681e-5,0.015999999999991132,3.2474066414392055
10,1,0.1,0,hub,pcglasso_cpp,I,2.310129700083161e-4,0.013999999999981583,3.2474775900929247
10,1,0.1,0,hub,pcglasso_cpp,I,8.11130830789687e-4,0.01099999999999568,3.2482556341221414
10,1,0.1,0,hub,pcglasso_cpp,I,0.002848035868435802,0.009999999999990905,3.2633914182744848
10,1,0.1,0,hub,pcglasso_cpp,I,0.010000000000000004,0.06050000000001887,3.290177204373074
10,1,0.1,0,hub,pcglasso_fortran,C,9.999999999999982e-9,0.03300000000001546,3.2472970585173524
10,1,0.1,0,hub,pcglasso_fortran,C,3.5111917342151263e-8,0.03699999999997772,3.2472972446481547
10,1,0.1,0,hub,pcglasso_fortran,C,1.2328467394420646e-7,0.03100000000000591,3.2472974129140555
10,1,0.1,0,hub,pcglasso_fortran,C,4.328761281083054e-7,0.02199999999999136,3.2473013814208738
10,1,0.1,0,hub,pcglasso_fortran,C,1.5199110829529328e-6,0.028500000000008185,3.2473017741010435
10,1,0.1,0,hub,pcglasso_fortran,C,5.336699231206308e-6,0.01650000000000773,3.2473048839104086
10,1,0.1,0,hub,pcglasso_fortran,C,1.873817422860384e-5,0.012500000000017053,3.2473844863008474
10,1,0.1,0,hub,pcglasso_fortran,C,6.579332246575681e-5,0.010500000000007503,3.247453079770912
10,1,0.1,0,hub,pcglasso_fortran,C,2.310129700083161e-4,0.009999999999990905,3.2474967425237375
10,1,0.1,0,hub,pcglasso_fortran,C,8.11130830789687e-4,0.008499999999997954,3.2480625595148735
10,1,0.1,0,hub,pcglasso_fortran,C,0.002848035868435802,0.008000000000009777,3.2498282124752826
10,1,0.1,0,hub,pcglasso_fortran,C,0.010000000000000004,0.048499999999989996,3.2519981826491575
10,1,0.1,0,hub,pcglasso_fortran,I,9.999999999999982e-9,0.05699999999998795,3.2472970122519893
10,1,0.1,0,hub,pcglasso_fortran,I,3.5111917342151263e-8,0.06499999999999773,3.2472970372184546
10,1,0.1,0,hub,pcglasso_fortran,I,1.2328467394420646e-7,0.05500000000000682,3.2473004275484367
10,1,0.1,0,hub,pcglasso_fortran,I,4.328761281083054e-7,0.04599999999999227,3.247306992445007
10,1,0.1,0,hub,pcglasso_fortran,I,1.5199110829529328e-6,0.03999999999999204,3.247306992445007
10,1,0.1,0,hub,pcglasso_fortran,I,5.336699231206308e-6,0.03450000000000841,3.2473280847378074
10,1,0.1,0,hub,pcglasso_fortran,I,1.873817422860384e-5,0.030499999999989313,3.2474030829797704
10,1,0.1,0,hub,pcglasso_fortran,I,6.579332246575681e-5,0.03100000000000591,3.247573359542956
10,1,0.1,0,hub,pcglasso_fortran,I,2.310129700083161e-4,0.014500000000026603,3.2498580171110323
10,1,0.1,0,hub,pcglasso_fortran,I,8.11130830789687e-4,0.014499999999998181,3.2498580171110323
10,1,0.1,0,hub,pcglasso_fortran,I,0.002848035868435802,0.01700000000002433,3.2497392857649494
10,1,0.1,0,hub,pcglasso_fortran,I,0.010000000000000004,0.023500000000012733,3.2547025959103397
10,1,0.1,0.5,hub,pcglasso,C,9.999999999999982e-9,0.07300000000003593,6.592505125368664
10,1,0.1,0.5,hub,pcglasso,C,3.5111917342151263e-8,0.05500000000003524,6.592505125368685
10,1,0.1,0.5,hub,pcglasso,C,1.2328467394420646e-7,0.059499999999985675,6.592505125368691
10,1,0.1,0.5,hub,pcglasso,C,4.328761281083054e-7,0.04449999999999932,6.592505125369145
10,1,0.1,0.5,hub,pcglasso,C,1.5199110829529328e-6,0.049000000000006594,6.592505125388998
10,1,0.1,0.5,hub,pcglasso,C,5.336699231206308e-6,0.03249999999999886,6.5925051254871665
10,1,0.1,0.5,hub,pcglasso,C,1.873817422860384e-5,0.024500000000017508,6.592505128949993
10,1,0.1,0.5,hub,pcglasso,C,6.579332246575681e-5,0.02400000000000091,6.592505139015687
10,1,0.1,0.5,hub,pcglasso,C,2.310129700083161e-4,0.01300000000000523,6.592505167969479
10,1,0.1,0.5,hub,pcglasso,C,8.11130830789687e-4,0.019000000000005457,6.592505233695038
10,1,0.1,0.5,hub,pcglasso,C,0.002848035868435802,0.013999999999981583,6.592515483229295
10,1,0.1,0.5,hub,pcglasso,C,0.010000000000000004,0.4194999999999709,6.592542253306327
10,1,0.1,0.5,hub,pcglasso,I,9.999999999999982e-9,0.07349999999999568,6.592505125368664
10,1,0.1,0.5,hub,pcglasso,I,3.5111917342151263e-8,0.06100000000003547,6.59250512536867
10,1,0.1,0.5,hub,pcglasso,I,1.2328467394420646e-7,0.05249999999998067,6.592505125368879
10,1,0.1,0.5,hub,pcglasso,I,4.328761281083054e-7,0.05950000000004252,6.59250512536898
10,1,0.1,0.5,hub,pcglasso,I,1.5199110829529328e-6,0.03499999999999659,6.592505125455158
10,1,0.1,0.5,hub,pcglasso,I,5.336699231206308e-6,0.03599999999997294,6.592505125499181
10,1,0.1,0.5,hub,pcglasso,I,1.873817422860384e-5,0.02400000000000091,6.5925051273806625
10,1,0.1,0.5,hub,pcglasso,I,6.579332246575681e-5,0.01849999999998886,6.592505156856403
10,1,0.1,0.5,hub,pcglasso,I,2.310129700083161e-4,0.019000000000005457,6.592505156856403
10,1,0.1,0.5,hub,pcglasso,I,8.11130830789687e-4,0.017500000000012506,6.592506969779017
10,1,0.1,0.5,hub,pcglasso,I,0.002848035868435802,0.01999999999998181,6.59251114195547
10,1,0.1,0.5,hub,pcglasso,I,0.010000000000000004,0.022499999999979536,6.592562983503669
10,1,0.1,0.5,hub,pcglasso_cpp,C,9.999999999999982e-9,0.009999999999962483,6.592505135053483
10,1,0.1,0.5,hub,pcglasso_cpp,C,3.5111917342151263e-8,0.010000000000047748,6.592505144980534
10,1,0.1,0.5,hub,pcglasso_cpp,C,1.2328467394420646e-7,0.00899999999998613,6.592505217760785
10,1,0.1,0.5,hub,pcglasso_cpp,C,4.328761281083054e-7,0.008500000000026375,6.5925053321369935
10,1,0.1,0.5,hub,pcglasso_cpp,C,1.5199110829529328e-6,0.007499999999993179,6.592506182710291
10,1,0.1,0.5,hub,pcglasso_cpp,C,5.336699231206308e-6,0.007499999999993179,6.59250754423472
10,1,0.1,0.5,hub,pcglasso_cpp,C,1.873817422860384e-5,0.007000000000033424,6.592517728947428
10,1,0.1,0.5,hub,pcglasso_cpp,C,6.579332246575681e-5,0.006500000000016826,6.592533784762205
10,1,0.1,0.5,hub,pcglasso_cpp,C,2.310129700083161e-4,0.005500000000012051,6.5926564036350745
10,1,0.1,0.5,hub,pcglasso_cpp,C,8.11130830789687e-4,0.0075000000000216005,6.592857806662168
10,1,0.1,0.5,hub,pcglasso_cpp,C,0.002848035868435802,0.008000000000009777,6.594462540049553
10,1,0.1,0.5,hub,pcglasso_cpp,C,0.010000000000000004,0.11000000000001364,6.601315795770052
10,1,0.1,0.5,hub,pcglasso_cpp,I,9.999999999999982e-9,0.009499999999974307,6.592505129767623
10,1,0.1,0.5,hub,pcglasso_cpp,I,3.5111917342151263e-8,0.009500000000002728,6.592505144891764
10,1,0.1,0.5,hub,pcglasso_cpp,I,1.2328467394420646e-7,0.008499999999997954,6.5925052140308855
10,1,0.1,0.5,hub,pcglasso_cpp,I,4.328761281083054e-7,0.008000000000009777,6.5925054996774435
10,1,0.1,0.5,hub,pcglasso_cpp,I,1.5199110829529328e-6,0.007499999999993179,6.592506648882399
10,1,0.1,0.5,hub,pcglasso_cpp,I,5.336699231206308e-6,0.0069999999999765805,6.592508150301113
10,1,0.1,0.5,hub,pcglasso_cpp,I,1.873817422860384e-5,0.006500000000016826,6.592516995212244
10,1,0.1,0.5,hub,pcglasso_cpp,I,6.579332246575681e-5,0.005999999999971806,6.592550391276834
10,1,0.1,0.5,hub,pcglasso_cpp,I,2.310129700083161e-4,0.004499999999978854,6.592672966159859
10,1,0.1,0.5,hub,pcglasso_cpp,I,8.11130830789687e-4,0.005000000000023874,6.593108896472372
10,1,0.1,0.5,hub,pcglasso_cpp,I,0.002848035868435802,0.004500000000007276,6.594689633775786
10,1,0.1,0.5,hub,pcglasso_cpp,I,0.010000000000000004,0.005499999999983629,6.5968566783703375
10,1,0.1,0.5,hub,pcglasso_fortran,C,9.999999999999982e-9,0.024500000000017508,6.592505138440543
10,1,0.1,0.5,hub,pcglasso_fortran,C,3.5111917342151263e-8,0.029999999999972715,6.592505310994769
10,1,0.1,0.5,hub,pcglasso_fortran,C,1.2328467394420646e-7,0.019000000000005457,6.592505533870176
10,1,0.1,0.5,hub,pcglasso_fortran,C,4.328761281083054e-7,0.023999999999972488,6.592506067987291
10,1,0.1,0.5,hub,pcglasso_fortran,C,1.5199110829529328e-6,0.01650000000000773,6.592506476184045
10,1,0.1,0.5,hub,pcglasso_fortran,C,5.336699231206308e-6,0.01300000000000523,6.5925267925047795
10,1,0.1,0.5,hub,pcglasso_fortran,C,1.873817422860384e-5,0.011499999999983856,6.592521827132669
10,1,0.1,0.5,hub,pcglasso_fortran,C,6.579332246575681e-5,0.010000000000019327,6.592596760573812
10,1,0.1,0.5,hub,pcglasso_fortran,C,2.310129700083161e-4,0.007000000000005002,6.593328224229386
10,1,0.1,0.5,hub,pcglasso_fortran,C,8.11130830789687e-4,0.009500000000002728,6.593328224229386
10,1,0.1,0.5,hub,pcglasso_fortran,C,0.002848035868435802,0.010500000000007503,6.594575627789014
10,1,0.1,0.5,hub,pcglasso_fortran,C,0.010000000000000004,0.054000000000002046,6.596848014979774
10,1,0.1,0.5,hub,pcglasso_fortran,I,9.999999999999982e-9,0.02400000000000091,6.592505140236752
10,1,0.1,0.5,hub,pcglasso_fortran,I,3.5111917342151263e-8,0.02899999999996794,6.592505235191378
10,1,0.1,0.5,hub,pcglasso_fortran,I,1.2328467394420646e-7,0.023500000000012733,6.5925053822433615
10,1,0.1,0.5,hub,pcglasso_fortran,I,4.328761281083054e-7,0.02050000000002683,6.5925057893052115
10,1,0.1,0.5,hub,pcglasso_fortran,I,1.5199110829529328e-6,0.015500000000002956,6.592506891581172
10,1,0.1,0.5,hub,pcglasso_fortran,I,5.336699231206308e-6,0.020000000000010232,6.592520306864146
10,1,0.1,0.5,hub,pcglasso_fortran,I,1.873817422860384e-5,0.01849999999998886,6.592548298101179
10,1,0.1,0.5,hub,pcglasso_fortran,I,6.579332246575681e-5,0.010000000000019327,6.592634724100108
10,1,0.1,0.5,hub,pcglasso_fortran,I,2.310129700083161e-4,0.006500000000016826,6.593811893153056
10,1,0.1,0.5,hub,pcglasso_fortran,I,8.11130830789687e-4,0.008500000000026375,6.593811893153056
10,1,0.1,0.5,hub,pcglasso_fortran,I,0.002848035868435802,0.006499999999988404,6.596652204967119
10,1,0.1,0.5,hub,pcglasso_fortran,I,0.010000000000000004,0.060000000000002274,6.594858639490896
10,1,0.2,0,hub,pcglasso,C,9.999999999999982e-9,0.05850000000000932,4.3477234126183095
10,1,0.2,0,hub,pcglasso,C,3.5111917342151263e-8,0.06699999999997885,4.347723412618333
10,1,0.2,0,hub,pcglasso,C,1.2328467394420646e-7,0.06299999999998818,4.347723412618343
10,1,0.2,0,hub,pcglasso,C,4.328761281083054e-7,0.056500000000028194,4.347723412620245
10,1,0.2,0,hub,pcglasso,C,1.5199110829529328e-6,0.060000000000030695,4.347723412687235
10,1,0.2,0,hub,pcglasso,C,5.336699231206308e-6,0.09250000000000114,4.347723412832464
10,1,0.2,0,hub,pcglasso,C,1.873817422860384e-5,0.04100000000002524,4.347723425906826
10,1,0.2,0,hub,pcglasso,C,6.579332246575681e-5,0.026500000000027057,4.347723435983954
10,1,0.2,0,hub,pcglasso,C,2.310129700083161e-4,0.02199999999999136,4.347723633436019
10,1,0.2,0,hub,pcglasso,C,8.11130830789687e-4,0.017499999999984084,4.34773219356388
10,1,0.2,0,hub,pcglasso,C,0.002848035868435802,0.020000000000038654,4.3477563866217706
10,1,0.2,0,hub,pcglasso,C,0.010000000000000004,0.4619999999999891,4.348138027525898
10,1,0.2,0,hub,pcglasso,I,9.999999999999982e-9,0.06050000000001887,4.347723412618308
10,1,0.2,0,hub,pcglasso,I,3.5111917342151263e-8,0.07999999999998408,4.3477234126183255
10,1,0.2,0,hub,pcglasso,I,1.2328467394420646e-7,0.06450000000000955,4.347723412618551
10,1,0.2,0,hub,pcglasso,I,4.328761281083054e-7,0.05850000000000932,4.347723412619496
10,1,0.2,0,hub,pcglasso,I,1.5199110829529328e-6,0.05649999999999977,4.347723412624739
10,1,0.2,0,hub,pcglasso,I,5.336699231206308e-6,0.055999999999983174,4.347723412718629
10,1,0.2,0,hub,pcglasso,I,1.873817422860384e-5,0.04449999999999932,4.347723417395518
10,1,0.2,0,hub,pcglasso,I,6.579332246575681e-5,0.03149999999999409,4.347723530877465
10,1,0.2,0,hub,pcglasso,I,2.310129700083161e-4,0.036000000000029786,4.347723784747126
10,1,0.2,0,hub,pcglasso,I,8.11130830789687e-4,0.027000000000015234,4.347735193519652
10,1,0.2,0,hub,pcglasso,I,0.002848035868435802,0.03249999999999886,4.347776424331623
10,1,0.2,0,hub,pcglasso,I,0.010000000000000004,0.023500000000012733,4.348601400216781
10,1,0.2,0,hub,pcglasso_cpp,C,9.999999999999982e-9,0.034000000000020236,4.3477235266290695
10,1,0.2,0,hub,pcglasso_cpp,C,3.5111917342151263e-8,0.039500000000003865,4.3477238125959765
10,1,0.2,0,hub,pcglasso_cpp,C,1.2328467394420646e-7,0.03350000000000364,4.34772428411931
10,1,0.2,0,hub,pcglasso_cpp,C,4.328761281083054e-7,0.03649999999998954,4.347724754736569
10,1,0.2,0,hub,pcglasso_cpp,C,1.5199110829529328e-6,0.02549999999999386,4.347725134097843
10,1,0.2,0,hub,pcglasso_cpp,C,5.336699231206308e-6,0.022500000000007958,4.347728773014657
10,1,0.2,0,hub,pcglasso_cpp,C,1.873817422860384e-5,0.01849999999998886,4.347744238222083
10,1,0.2,0,hub,pcglasso_cpp,C,6.579332246575681e-5,0.015999999999991132,4.347790726093724
10,1,0.2,0,hub,pcglasso_cpp,C,2.310129700083161e-4,0.020000000000010232,4.348055004092848
10,1,0.2,0,hub,pcglasso_cpp,C,8.11130830789687e-4,0.01099999999999568,4.34866004819717
10,1,0.2,0,hub,pcglasso_cpp,C,0.002848035868435802,0.011500000000012278,4.351450426873599
10,1,0.2,0,hub,pcglasso_cpp,C,0.010000000000000004,0.16100000000000136,4.354369255966612
10,1,0.2,0,hub,pcglasso_cpp,I,9.999999999999982e-9,0.03200000000001069,4.347723525082509
10,1,0.2,0,hub,pcglasso_cpp,I,3.5111917342151263e-8,0.03550000000001319,4.347723804193274
10,1,0.2,0,hub,pcglasso_cpp,I,1.2328467394420646e-7,0.069500000000005,4.347724468323825
10,1,0.2,0,hub,pcglasso_cpp,I,4.328761281083054e-7,0.03899999999998727,4.347724684918795
10,1,0.2,0,hub,pcglasso_cpp,I,1.5199110829529328e-6,0.02749999999997499,4.347725397684211
10,1,0.2,0,hub,pcglasso_cpp,I,5.336699231206308e-6,0.04100000000002524,4.34773145042745
10,1,0.2,0,hub,pcglasso_cpp,I,1.873817422860384e-5,0.01999999999998181,4.347744805728011
10,1,0.2,0,hub,pcglasso_cpp,I,6.579332246575681e-5,0.015999999999991132,4.347799857938356
10,1,0.2,0,hub,pcglasso_cpp,I,2.310129700083161e-4,0.013000000000033651,4.348006989702267
10,1,0.2,0,hub,pcglasso_cpp,I,8.11130830789687e-4,0.008000000000009777,4.353914710285489
10,1,0.2,0,hub,pcglasso_cpp,I,0.002848035868435802,0.0069999999999765805,4.36144195621889
10,1,0.2,0,hub,pcglasso_cpp,I,0.010000000000000004,0.006000000000000227,4.372863890854619
10,1,0.2,0,hub,pcglasso_fortran,C,9.999999999999982e-9,0.03499999999999659,4.347723419736134
10,1,0.2,0,hub,pcglasso_fortran,C,3.5111917342151263e-8,0.028500000000008185,4.347723971074218
10,1,0.2,0,hub,pcglasso_fortran,C,1.2328467394420646e-7,0.026999999999986812,4.347723769664936
10,1,0.2,0,hub,pcglasso_fortran,C,4.328761281083054e-7,0.026499999999998636,4.347723867948416
10,1,0.2,0,hub,pcglasso_fortran,C,1.5199110829529328e-6,0.02050000000002683,4.3477368533691925
10,1,0.2,0,hub,pcglasso_fortran,C,5.336699231206308e-6,0.020000000000010232,4.347742380111414
10,1,0.2,0,hub,pcglasso_fortran,C,1.873817422860384e-5,0.01799999999997226,4.347781574523325
10,1,0.2,0,hub,pcglasso_fortran,C,6.579332246575681e-5,0.01650000000000773,4.347809190522205
10,1,0.2,0,hub,pcglasso_fortran,C,2.310129700083161e-4,0.013500000000021828,4.348070261770275
10,1,0.2,0,hub,pcglasso_fortran,C,8.11130830789687e-4,0.01099999999999568,4.348479637678183
10,1,0.2,0,hub,pcglasso_fortran,C,0.002848035868435802,0.012499999999988631,4.350242064752934
10,1,0.2,0,hub,pcglasso_fortran,C,0.010000000000000004,0.055499999999995,4.352472796028408
10,1,0.2,0,hub,pcglasso_fortran,I,9.999999999999982e-9,0.04749999999998522,4.3477235066434865
10,1,0.2,0,hub,pcglasso_fortran,I,3.5111917342151263e-8,0.05150000000000432,4.347723761782973
10,1,0.2,0,hub,pcglasso_fortran,I,1.2328467394420646e-7,0.08299999999999841,4.347723588128488
10,1,0.2,0,hub,pcglasso_fortran,I,4.328761281083054e-7,0.045500000000032514,4.347726568021309
10,1,0.2,0,hub,pcglasso_fortran,I,1.5199110829529328e-6,0.05250000000003752,4.3477275456093984
10,1,0.2,0,hub,pcglasso_fortran,I,5.336699231206308e-6,0.04850000000001842,4.347820360252291
10,1,0.2,0,hub,pcglasso_fortran,I,1.873817422860384e-5,0.03249999999999886,4.347847782175849
10,1,0.2,0,hub,pcglasso_fortran,I,6.579332246575681e-5,0.030500000000017735,4.3481270986907274
10,1,0.2,0,hub,pcglasso_fortran,I,2.310129700083161e-4,0.018000000000000682,4.348008051678042
10,1,0.2,0,hub,pcglasso_fortran,I,8.11130830789687e-4,0.010000000000019327,4.355992391922451
10,1,0.2,0,hub,pcglasso_fortran,I,0.002848035868435802,0.012000000000000455,4.356530171221217
10,1,0.2,0,hub,pcglasso_fortran,I,0.010000000000000004,0.017500000000012506,4.358056369875575
10,1,0.2,0.5,hub,pcglasso,C,9.999999999999982e-9,0.0730000000000075,7.285690765258185
10,1,0.2,0.5,hub,pcglasso,C,3.5111917342151263e-8,0.069500000000005,7.2856907652582015
10,1,0.2,0.5,hub,pcglasso,C,1.2328467394420646e-7,0.05699999999998795,7.285690765258256
10,1,0.2,0.5,hub,pcglasso,C,4.328761281083054e-7,0.05300000000002569,7.2856907652583445
10,1,0.2,0.5,hub,pcglasso,C,1.5199110829529328e-6,0.049000000000006594,7.285690765262555
10,1,0.2,0.5,hub,pcglasso,C,5.336699231206308e-6,0.03699999999997772,7.285690765483467
10,1,0.2,0.5,hub,pcglasso,C,1.873817422860384e-5,0.02949999999998454,7.285690768136301
10,1,0.2,0.5,hub,pcglasso,C,6.579332246575681e-5,0.025000000000005684,7.285690771368858
10,1,0.2,0.5,hub,pcglasso,C,2.310129700083161e-4,0.024499999999989086,7.285690779073841
10,1,0.2,0.5,hub,pcglasso,C,8.11130830789687e-4,0.03249999999999886,7.285692102875946
10,1,0.2,0.5,hub,pcglasso,C,0.002848035868435802,0.026499999999998636,7.285697633986665
10,1,0.2,0.5,hub,pcglasso,C,0.010000000000000004,0.4294999999999902,7.285799636188949
10,1,0.2,0.5,hub,pcglasso,I,9.999999999999982e-9,0.06700000000000728,7.285690765258185
10,1,0.2,0.5,hub,pcglasso,I,3.5111917342151263e-8,0.06400000000002137,7.285690765258189
10,1,0.2,0.5,hub,pcglasso,I,1.2328467394420646e-7,0.05699999999998795,7.285690765258198
10,1,0.2,0.5,hub,pcglasso,I,4.328761281083054e-7,0.05500000000000682,7.2856907652582095
10,1,0.2,0.5,hub,pcglasso,I,1.5199110829529328e-6,0.04699999999996862,7.285690765273786
10,1,0.2,0.5,hub,pcglasso,I,5.336699231206308e-6,0.040000000000020464,7.285690765374502
10,1,0.2,0.5,hub,pcglasso,I,1.873817422860384e-5,0.04049999999998022,7.285690765498639
10,1,0.2,0.5,hub,pcglasso,I,6.579332246575681e-5,0.03350000000000364,7.285690775468998
10,1,0.2,0.5,hub,pcglasso,I,2.310129700083161e-4,0.026499999999998636,7.285690772226383
10,1,0.2,0.5,hub,pcglasso,I,8.11130830789687e-4,0.02199999999999136,7.285692674007427
10,1,0.2,0.5,hub,pcglasso,I,0.002848035868435802,0.03000000000002956,7.2856985697505
10,1,0.2,0.5,hub,pcglasso,I,0.010000000000000004,0.03100000000000591,7.285780866859314
10,1,0.2,0.5,hub,pcglasso_cpp,C,9.999999999999982e-9,0.012500000000017053,7.285690774570537
10,1,0.2,0.5,hub,pcglasso_cpp,C,3.5111917342151263e-8,0.012000000000000455,7.285690794407195
10,1,0.2,0.5,hub,pcglasso_cpp,C,1.2328467394420646e-7,0.012000000000000455,7.285690916541949
10,1,0.2,0.5,hub,pcglasso_cpp,C,4.328761281083054e-7,0.016500000000036152,7.285691184396961
10,1,0.2,0.5,hub,pcglasso_cpp,C,1.5199110829529328e-6,0.009000000000014552,7.285691966334505
10,1,0.2,0.5,hub,pcglasso_cpp,C,5.336699231206308e-6,0.007999999999981355,7.285696966946177
10,1,0.2,0.5,hub,pcglasso_cpp,C,1.873817422860384e-5,0.008000000000009777,7.285708895639188
10,1,0.2,0.5,hub,pcglasso_cpp,C,6.579332246575681e-5,0.006499999999988404,7.285779734789274
10,1,0.2,0.5,hub,pcglasso_cpp,C,2.310129700083161e-4,0.006000000000028649,7.285944907720932
10,1,0.2,0.5,hub,pcglasso_cpp,C,8.11130830789687e-4,0.006499999999988404,7.286871564571953
10,1,0.2,0.5,hub,pcglasso_cpp,C,0.002848035868435802,0.008499999999997954,7.288904027351478
10,1,0.2,0.5,hub,pcglasso_cpp,C,0.010000000000000004,0.06399999999996453,7.294901222416739
10,1,0.2,0.5,hub,pcglasso_cpp,I,9.999999999999982e-9,0.011499999999983856,7.2856907746635775
10,1,0.2,0.5,hub,pcglasso_cpp,I,3.5111917342151263e-8,0.01099999999999568,7.285690794678773
10,1,0.2,0.5,hub,pcglasso_cpp,I,1.2328467394420646e-7,0.010499999999979082,7.285690917632162
10,1,0.2,0.5,hub,pcglasso_cpp,I,4.328761281083054e-7,0.009500000000002728,7.285691186702957
10,1,0.2,0.5,hub,pcglasso_cpp,I,1.5199110829529328e-6,0.009000000000014552,7.285691971299635
10,1,0.2,0.5,hub,pcglasso_cpp,I,5.336699231206308e-6,0.008000000000009777,7.285697011674633
10,1,0.2,0.5,hub,pcglasso_cpp,I,1.873817422860384e-5,0.006499999999988404,7.28570924953255
10,1,0.2,0.5,hub,pcglasso_cpp,I,6.579332246575681e-5,0.006499999999988404,7.285745575862401
10,1,0.2,0.5,hub,pcglasso_cpp,I,2.310129700083161e-4,0.0049999999999954525,7.285977462594349
10,1,0.2,0.5,hub,pcglasso_cpp,I,8.11130830789687e-4,0.004500000000035698,7.286533247006286
10,1,0.2,0.5,hub,pcglasso_cpp,I,0.002848035868435802,0.004499999999978854,7.289692273890354
10,1,0.2,0.5,hub,pcglasso_cpp,I,0.010000000000000004,0.05299999999999727,7.292465817770568
10,1,0.2,0.5,hub,pcglasso_fortran,C,9.999999999999982e-9,0.021000000000015007,7.28569079827864
10,1,0.2,0.5,hub,pcglasso_fortran,C,3.5111917342151263e-8,0.01999999999998181,7.285690888862136
10,1,0.2,0.5,hub,pcglasso_fortran,C,1.2328467394420646e-7,0.025000000000005684,7.285691148740753
10,1,0.2,0.5,hub,pcglasso_fortran,C,4.328761281083054e-7,0.01649999999997931,7.285691901127587
10,1,0.2,0.5,hub,pcglasso_fortran,C,1.5199110829529328e-6,0.012500000000017053,7.285697286049004
10,1,0.2,0.5,hub,pcglasso_fortran,C,5.336699231206308e-6,0.010499999999979082,7.285709167646983
10,1,0.2,0.5,hub,pcglasso_fortran,C,1.873817422860384e-5,0.008499999999997954,7.285764710923975
10,1,0.2,0.5,hub,pcglasso_fortran,C,6.579332246575681e-5,0.007000000000005002,7.285836988588565
10,1,0.2,0.5,hub,pcglasso_fortran,C,2.310129700083161e-4,0.006000000000000227,7.286016470944402
10,1,0.2,0.5,hub,pcglasso_fortran,C,8.11130830789687e-4,0.006500000000016826,7.286161794253103
10,1,0.2,0.5,hub,pcglasso_fortran,C,0.002848035868435802,0.007000000000005002,7.28738136939041
10,1,0.2,0.5,hub,pcglasso_fortran,C,0.010000000000000004,0.05249999999998067,7.289285095948231
10,1,0.2,0.5,hub,pcglasso_fortran,I,9.999999999999982e-9,0.03649999999998954,7.285690814358254
10,1,0.2,0.5,hub,pcglasso_fortran,I,3.5111917342151263e-8,0.026499999999998636,7.285690904509912
10,1,0.2,0.5,hub,pcglasso_fortran,I,1.2328467394420646e-7,0.031999999999982265,7.285691227156984
10,1,0.2,0.5,hub,pcglasso_fortran,I,4.328761281083054e-7,0.030499999999989313,7.285692086195164
10,1,0.2,0.5,hub,pcglasso_fortran,I,1.5199110829529328e-6,0.020999999999986585,7.285693152657422
10,1,0.2,0.5,hub,pcglasso_fortran,I,5.336699231206308e-6,0.024499999999989086,7.285712303163804
10,1,0.2,0.5,hub,pcglasso_fortran,I,1.873817422860384e-5,0.015500000000031378,7.285765281131928
10,1,0.2,0.5,hub,pcglasso_fortran,I,6.579332246575681e-5,0.013500000000021828,7.2859253122223135
10,1,0.2,0.5,hub,pcglasso_fortran,I,2.310129700083161e-4,0.016999999999995907,7.286073901241651
10,1,0.2,0.5,hub,pcglasso_fortran,I,8.11130830789687e-4,0.00899999999998613,7.286505778814464
10,1,0.2,0.5,hub,pcglasso_fortran,I,0.002848035868435802,0.006499999999988404,7.293982648079914
10,1,0.2,0.5,hub,pcglasso_fortran,I,0.010000000000000004,0.008000000000009777,7.295579883270584
50,0.8,0.1,0,line,pcglasso,C,9.999999999999982e-9,0.44350000000002865,36.08022674628972
50,0.8,0.1,0,line,pcglasso,C,3.5111917342151263e-8,0.2785000000000082,36.080226746289796
50,0.8,0.1,0,line,pcglasso,C,1.2328467394420646e-7,0.2545000000000073,36.08022674629152
50,0.8,0.1,0,line,pcglasso,C,4.328761281083054e-7,0.32850000000001955,36.08022674631309
50,0.8,0.1,0,line,pcglasso,C,1.5199110829529328e-6,0.35650000000001114,36.0802267464652
50,0.8,0.1,0,line,pcglasso,C,5.336699231206308e-6,0.17199999999999704,36.08022675103288
50,0.8,0.1,0,line,pcglasso,C,1.873817422860384e-5,0.20300000000000296,36.08022675658901
50,0.8,0.1,0,line,pcglasso,C,6.579332246575681e-5,0.11000000000001364,36.080226829528335
50,0.8,0.1,0,line,pcglasso,C,2.310129700083161e-4,0.10450000000000159,36.08022729245905
50,0.8,0.1,0,line,pcglasso,C,8.11130830789687e-4,0.06499999999999773,36.08023050753991
50,0.8,0.1,0,line,pcglasso,C,0.002848035868435802,0.05999999999997385,36.08027492429886
50,0.8,0.1,0,line,pcglasso,C,0.010000000000000004,0.04999999999998295,36.080852243449826
50,0.8,0.1,0,line,pcglasso,I,9.999999999999982e-9,0.48799999999999955,36.080226746289725
50,0.8,0.1,0,line,pcglasso,I,3.5111917342151263e-8,0.3704999999999927,36.08022674628993
50,0.8,0.1,0,line,pcglasso,I,1.2328467394420646e-7,0.24600000000000932,36.0802267462901
50,0.8,0.1,0,line,pcglasso,I,4.328761281083054e-7,0.2769999999999868,36.08022674630354
50,0.8,0.1,0,line,pcglasso,I,1.5199110829529328e-6,0.22100000000000364,36.08022674659978
50,0.8,0.1,0,line,pcglasso,I,5.336699231206308e-6,0.12600000000000477,36.08022675523432
50,0.8,0.1,0,line,pcglasso,I,1.873817422860384e-5,0.11999999999997613,36.08022675389326
50,0.8,0.1,0,line,pcglasso,I,6.579332246575681e-5,0.19450000000003342,36.08022681587579
50,0.8,0.1,0,line,pcglasso,I,2.310129700083161e-4,0.09350000000000591,36.08022722896491
50,0.8,0.1,0,line,pcglasso,I,8.11130830789687e-4,0.13450000000000273,36.080229769019105
50,0.8,0.1,0,line,pcglasso,I,0.002848035868435802,0.05050000000002797,36.080264777615255
50,0.8,0.1,0,line,pcglasso,I,0.010000000000000004,0.04199999999997317,36.08071654047362
50,0.8,0.1,0,line,pcglasso_cpp,C,9.999999999999982e-9,0.03900000000001569,36.080226754484116
50,0.8,0.1,0,line,pcglasso_cpp,C,3.5111917342151263e-8,0.03750000000002274,36.08022676445186
50,0.8,0.1,0,line,pcglasso_cpp,C,1.2328467394420646e-7,0.03650000000001796,36.08022678701274
50,0.8,0.1,0,line,pcglasso_cpp,C,4.328761281083054e-7,0.03650000000001796,36.08022697019312
50,0.8,0.1,0,line,pcglasso_cpp,C,1.5199110829529328e-6,0.044999999999987494,36.080227274294614
50,0.8,0.1,0,line,pcglasso_cpp,C,5.336699231206308e-6,0.04449999999999932,36.08022972846554
50,0.8,0.1,0,line,pcglasso_cpp,C,1.873817422860384e-5,0.04149999999998499,36.08023411914528
50,0.8,0.1,0,line,pcglasso_cpp,C,6.579332246575681e-5,0.03849999999999909,36.08026469551939
50,0.8,0.1,0,line,pcglasso_cpp,C,2.310129700083161e-4,0.03550000000001319,36.080407888978776
50,0.8,0.1,0,line,pcglasso_cpp,C,8.11130830789687e-4,0.02199999999999136,36.08063019058777
50,0.8,0.1,0,line,pcglasso_cpp,C,0.002848035868435802,0.019000000000005457,36.082314270987055
50,0.8,0.1,0,line,pcglasso_cpp,C,0.010000000000000004,0.016999999999995907,36.08874853791727
50,0.8,0.1,0,line,pcglasso_cpp,I,9.999999999999982e-9,0.04399999999998272,36.08022675802345
50,0.8,0.1,0,line,pcglasso_cpp,I,3.5111917342151263e-8,0.027999999999991587,36.08022678371568
50,0.8,0.1,0,line,pcglasso_cpp,I,1.2328467394420646e-7,0.026500000000027057,36.080226865961464
50,0.8,0.1,0,line,pcglasso_cpp,I,4.328761281083054e-7,0.022999999999967713,36.08022714035362
50,0.8,0.1,0,line,pcglasso_cpp,I,1.5199110829529328e-6,0.02549999999999386,36.08022809157846
50,0.8,0.1,0,line,pcglasso_cpp,I,5.336699231206308e-6,0.027000000000015234,36.08023157881439
50,0.8,0.1,0,line,pcglasso_cpp,I,1.873817422860384e-5,0.026499999999998636,36.080236233578454
50,0.8,0.1,0,line,pcglasso_cpp,I,6.579332246575681e-5,0.021500000000003183,36.08026746103266
50,0.8,0.1,0,line,pcglasso_cpp,I,2.310129700083161e-4,0.019499999999993634,36.08031932400748
50,0.8,0.1,0,line,pcglasso_cpp,I,8.11130830789687e-4,0.012000000000000455,36.08044548373195
50,0.8,0.1,0,line,pcglasso_cpp,I,0.002848035868435802,0.009999999999990905,36.081602540454
50,0.8,0.1,0,line,pcglasso_cpp,I,0.010000000000000004,0.008000000000009777,36.08414693339172
50,0.8,0.1,0,line,pcglasso_fortran,C,9.999999999999982e-9,0.033999999999991815,36.08022675183237
50,0.8,0.1,0,line,pcglasso_fortran,C,3.5111917342151263e-8,0.020999999999986585,36.080226769329855
50,0.8,0.1,0,line,pcglasso_fortran,C,1.2328467394420646e-7,0.07449999999997203,36.08022680238699
50,0.8,0.1,0,line,pcglasso_fortran,C,4.328761281083054e-7,0.02049999999999841,36.08022701553594
50,0.8,0.1,0,line,pcglasso_fortran,C,1.5199110829529328e-6,0.026499999999998636,36.08022781891677
50,0.8,0.1,0,line,pcglasso_fortran,C,5.336699231206308e-6,0.02699999999995839,36.08022913848157
50,0.8,0.1,0,line,pcglasso_fortran,C,1.873817422860384e-5,0.027999999999991587,36.080232869887034
50,0.8,0.1,0,line,pcglasso_fortran,C,6.579332246575681e-5,0.026499999999998636,36.08024204525364
50,0.8,0.1,0,line,pcglasso_fortran,C,2.310129700083161e-4,0.025999999999982037,36.08026454549818
50,0.8,0.1,0,line,pcglasso_fortran,C,8.11130830789687e-4,0.014499999999998181,36.081542343199125
50,0.8,0.1,0,line,pcglasso_fortran,C,0.002848035868435802,0.10699999999999932,36.081542343199125
50,0.8,0.1,0,line,pcglasso_fortran,C,0.010000000000000004,0.013500000000021828,36.083592325051825
50,0.8,0.1,0,line,pcglasso_fortran,I,9.999999999999982e-9,0.024500000000017508,36.080226752962275
50,0.8,0.1,0,line,pcglasso_fortran,I,3.5111917342151263e-8,0.014000000000010004,36.08022677246163
50,0.8,0.1,0,line,pcglasso_fortran,I,1.2328467394420646e-7,0.013499999999964984,36.08022685035513
50,0.8,0.1,0,line,pcglasso_fortran,I,4.328761281083054e-7,0.012500000000017053,36.08022695928411
50,0.8,0.1,0,line,pcglasso_fortran,I,1.5199110829529328e-6,0.016000000000019554,36.080227690546636
50,0.8,0.1,0,line,pcglasso_fortran,I,5.336699231206308e-6,0.01650000000000773,36.080231187371325
50,0.8,0.1,0,line,pcglasso_fortran,I,1.873817422860384e-5,0.014000000000010004,36.08023608423271
50,0.8,0.1,0,line,pcglasso_fortran,I,6.579332246575681e-5,0.015999999999991132,36.08024747714077
50,0.8,0.1,0,line,pcglasso_fortran,I,2.310129700083161e-4,0.014999999999986358,36.080276230674095
50,0.8,0.1,0,line,pcglasso_fortran,I,8.11130830789687e-4,0.007000000000005002,36.08064149733289
50,0.8,0.1,0,line,pcglasso_fortran,I,0.002848035868435802,0.006000000000028649,36.08064149733289
50,0.8,0.1,0,line,pcglasso_fortran,I,0.010000000000000004,0.006500000000016826,36.08064149733289
50,0.8,0.1,0.5,line,pcglasso,C,9.999999999999982e-9,0.14850000000001273,40.65763135079128
50,0.8,0.1,0.5,line,pcglasso,C,3.5111917342151263e-8,0.12999999999999545,40.6576313507915
50,0.8,0.1,0.5,line,pcglasso,C,1.2328467394420646e-7,0.12250000000000227,40.6576313507918
50,0.8,0.1,0.5,line,pcglasso,C,4.328761281083054e-7,0.11249999999998295,40.657631350800514
50,0.8,0.1,0.5,line,pcglasso,C,1.5199110829529328e-6,0.09350000000000591,40.65763135095675
50,0.8,0.1,0.5,line,pcglasso,C,5.336699231206308e-6,0.07749999999998636,40.65763135235464
50,0.8,0.1,0.5,line,pcglasso,C,1.873817422860384e-5,0.18199999999998795,40.657631365225285
50,0.8,0.1,0.5,line,pcglasso,C,6.579332246575681e-5,0.05300000000002569,40.65763137882273
50,0.8,0.1,0.5,line,pcglasso,C,2.310129700083161e-4,0.05299999999999727,40.65763137882273
50,0.8,0.1,0.5,line,pcglasso,C,8.11130830789687e-4,0.05299999999999727,40.657631419700124
50,0.8,0.1,0.5,line,pcglasso,C,0.002848035868435802,0.04800000000000182,40.65763364486238
50,0.8,0.1,0.5,line,pcglasso,C,0.010000000000000004,0.04200000000000159,40.65771711652352
50,0.8,0.1,0.5,line,pcglasso,I,9.999999999999982e-9,0.29750000000001364,40.657631350791284
50,0.8,0.1,0.5,line,pcglasso,I,3.5111917342151263e-8,0.1214999999999975,40.65763135079143
50,0.8,0.1,0.5,line,pcglasso,I,1.2328467394420646e-7,0.10650000000001114,40.657631350792656
50,0.8,0.1,0.5,line,pcglasso,I,4.328761281083054e-7,0.08349999999998658,40.65763135082507
50,0.8,0.1,0.5,line,pcglasso,I,1.5199110829529328e-6,0.06700000000000728,40.657631351109615
50,0.8,0.1,0.5,line,pcglasso,I,5.336699231206308e-6,0.052500000000009095,40.657631352033775
50,0.8,0.1,0.5,line,pcglasso,I,1.873817422860384e-5,0.041500000000013415,40.6576313554673
50,0.8,0.1,0.5,line,pcglasso,I,6.579332246575681e-5,0.03700000000000614,40.65763136579688
50,0.8,0.1,0.5,line,pcglasso,I,2.310129700083161e-4,0.03550000000001319,40.65763138864595
50,0.8,0.1,0.5,line,pcglasso,I,8.11130830789687e-4,0.03499999999999659,40.65763138864595
50,0.8,0.1,0.5,line,pcglasso,I,0.002848035868435802,0.02800000000002001,40.6576368693746
50,0.8,0.1,0.5,line,pcglasso,I,0.010000000000000004,0.025000000000034106,40.65767493668493
50,0.8,0.1,0.5,line,pcglasso_cpp,C,9.999999999999982e-9,0.016000000000019554,40.65763135308815
50,0.8,0.1,0.5,line,pcglasso_cpp,C,3.5111917342151263e-8,0.015999999999991132,40.65763135308815
50,0.8,0.1,0.5,line,pcglasso_cpp,C,1.2328467394420646e-7,0.015500000000002956,40.657631362052626
50,0.8,0.1,0.5,line,pcglasso_cpp,C,4.328761281083054e-7,0.01500000000001478,40.657631362052626
50,0.8,0.1,0.5,line,pcglasso_cpp,C,1.5199110829529328e-6,0.014000000000010004,40.65763143233516
50,0.8,0.1,0.5,line,pcglasso_cpp,C,5.336699231206308e-6,0.012500000000017053,40.6576319508472
50,0.8,0.1,0.5,line,pcglasso_cpp,C,1.873817422860384e-5,0.012499999999988631,40.6576319508472
50,0.8,0.1,0.5,line,pcglasso_cpp,C,6.579332246575681e-5,0.011499999999983856,40.657636091485905
50,0.8,0.1,0.5,line,pcglasso_cpp,C,2.310129700083161e-4,0.012000000000000455,40.657636091485905
50,0.8,0.1,0.5,line,pcglasso_cpp,C,8.11130830789687e-4,0.009999999999990905,40.65766870727863
50,0.8,0.1,0.5,line,pcglasso_cpp,C,0.002848035868435802,0.009000000000014552,40.65792268851503
50,0.8,0.1,0.5,line,pcglasso_cpp,C,0.010000000000000004,0.009999999999990905,40.65792268851503
50,0.8,0.1,0.5,line,pcglasso_cpp,I,9.999999999999982e-9,0.013499999999993406,40.65763135308151
50,0.8,0.1,0.5,line,pcglasso_cpp,I,3.5111917342151263e-8,0.013499999999993406,40.65763135308151
50,0.8,0.1,0.5,line,pcglasso_cpp,I,1.2328467394420646e-7,0.012000000000000455,40.65763136181011
50,0.8,0.1,0.5,line,pcglasso_cpp,I,4.328761281083054e-7,0.012500000000017053,40.65763136181011
50,0.8,0.1,0.5,line,pcglasso_cpp,I,1.5199110829529328e-6,0.011500000000012278,40.657631428414774
50,0.8,0.1,0.5,line,pcglasso_cpp,I,5.336699231206308e-6,0.010500000000035925,40.657631896585286
50,0.8,0.1,0.5,line,pcglasso_cpp,I,1.873817422860384e-5,0.012000000000000455,40.657631896585286
50,0.8,0.1,0.5,line,pcglasso_cpp,I,6.579332246575681e-5,0.009500000000002728,40.65763518323991
50,0.8,0.1,0.5,line,pcglasso_cpp,I,2.310129700083161e-4,0.007999999999981355,40.6576582476146
50,0.8,0.1,0.5,line,pcglasso_cpp,I,8.11130830789687e-4,0.007999999999981355,40.6576582476146
50,0.8,0.1,0.5,line,pcglasso_cpp,I,0.002848035868435802,0.006500000000016826,40.65782042632996
50,0.8,0.1,0.5,line,pcglasso_cpp,I,0.010000000000000004,0.0055000000000404725,40.65896682707398
50,0.8,0.1,0.5,line,pcglasso_fortran,C,9.999999999999982e-9,0.009000000000014552,40.65763135107949
50,0.8,0.1,0.5,line,pcglasso_fortran,C,3.5111917342151263e-8,0.1454999999999984,40.65763135107949
50,0.8,0.1,0.5,line,pcglasso_fortran,C,1.2328467394420646e-7,0.007999999999981355,40.65763135479847
50,0.8,0.1,0.5,line,pcglasso_fortran,C,4.328761281083054e-7,0.009000000000014552,40.65763135479847
50,0.8,0.1,0.5,line,pcglasso_fortran,C,1.5199110829529328e-6,0.007999999999981355,40.657631409115595
50,0.8,0.1,0.5,line,pcglasso_fortran,C,5.336699231206308e-6,0.007499999999993179,40.6576319306957
50,0.8,0.1,0.5,line,pcglasso_fortran,C,1.873817422860384e-5,0.007000000000005002,40.6576319306957
50,0.8,0.1,0.5,line,pcglasso_fortran,C,6.579332246575681e-5,0.007499999999993179,40.6576319306957
50,0.8,0.1,0.5,line,pcglasso_fortran,C,2.310129700083161e-4,0.007000000000005002,40.657636237457794
50,0.8,0.1,0.5,line,pcglasso_fortran,C,8.11130830789687e-4,0.007000000000005002,40.657636237457794
50,0.8,0.1,0.5,line,pcglasso_fortran,C,0.002848035868435802,0.005999999999971806,40.657746826755805
50,0.8,0.1,0.5,line,pcglasso_fortran,C,0.010000000000000004,0.006000000000028649,40.657746826755805
50,0.8,0.1,0.5,line,pcglasso_fortran,I,9.999999999999982e-9,0.0069999999999765805,40.65763135096654
50,0.8,0.1,0.5,line,pcglasso_fortran,I,3.5111917342151263e-8,0.006500000000016826,40.657631352737745
50,0.8,0.1,0.5,line,pcglasso_fortran,I,1.2328467394420646e-7,0.0075000000000216005,40.657631352737745
50,0.8,0.1,0.5,line,pcglasso_fortran,I,4.328761281083054e-7,0.005500000000012051,40.657631371260315
50,0.8,0.1,0.5,line,pcglasso_fortran,I,1.5199110829529328e-6,0.006000000000000227,40.657631371260315
50,0.8,0.1,0.5,line,pcglasso_fortran,I,5.336699231206308e-6,0.005999999999971806,40.65763154736123
50,0.8,0.1,0.5,line,pcglasso_fortran,I,1.873817422860384e-5,0.006000000000000227,40.65763154736123
50,0.8,0.1,0.5,line,pcglasso_fortran,I,6.579332246575681e-5,0.005499999999983629,40.65763154736123
50,0.8,0.1,0.5,line,pcglasso_fortran,I,2.310129700083161e-4,0.0049999999999954525,40.65763501717335
50,0.8,0.1,0.5,line,pcglasso_fortran,I,8.11130830789687e-4,0.0049999999999954525,40.65763501717335
50,0.8,0.1,0.5,line,pcglasso_fortran,I,0.002848035868435802,0.007999999999981355,40.65772734698385
50,0.8,0.1,0.5,line,pcglasso_fortran,I,0.010000000000000004,0.007999999999952934,40.65772734698385
50,0.8,0.2,0,line,pcglasso,C,9.999999999999982e-9,0.2745000000000175,42.142366160523345
50,0.8,0.2,0,line,pcglasso,C,3.5111917342151263e-8,0.25149999999999295,42.14236616052342
50,0.8,0.2,0,line,pcglasso,C,1.2328467394420646e-7,0.31799999999998363,42.142366160525704
50,0.8,0.2,0,line,pcglasso,C,4.328761281083054e-7,0.3090000000000259,42.142366160527935
50,0.8,0.2,0,line,pcglasso,C,1.5199110829529328e-6,0.19249999999999545,42.14236616057974
50,0.8,0.2,0,line,pcglasso,C,5.336699231206308e-6,0.1634999999999991,42.14236616158341
50,0.8,0.2,0,line,pcglasso,C,1.873817422860384e-5,0.09100000000000819,42.14236616916226
50,0.8,0.2,0,line,pcglasso,C,6.579332246575681e-5,0.07849999999999113,42.14236628074707
50,0.8,0.2,0,line,pcglasso,C,2.310129700083161e-4,0.07200000000000273,42.14236670527826
50,0.8,0.2,0,line,pcglasso,C,8.11130830789687e-4,0.06649999999996226,42.142369993148435
50,0.8,0.2,0,line,pcglasso,C,0.002848035868435802,0.057999999999992724,42.142414837208946
50,0.8,0.2,0,line,pcglasso,C,0.010000000000000004,0.05249999999998067,42.142620189409776
50,0.8,0.2,0,line,pcglasso,I,9.999999999999982e-9,0.2580000000000098,42.142366160523345
50,0.8,0.2,0,line,pcglasso,I,3.5111917342151263e-8,0.23149999999998272,42.14236616052353
50,0.8,0.2,0,line,pcglasso,I,1.2328467394420646e-7,0.2769999999999868,42.14236616052437
50,0.8,0.2,0,line,pcglasso,I,4.328761281083054e-7,0.25,42.14236616053307
50,0.8,0.2,0,line,pcglasso,I,1.5199110829529328e-6,0.16749999999998977,42.14236616061657
50,0.8,0.2,0,line,pcglasso,I,5.336699231206308e-6,0.14700000000001978,42.142366162860974
50,0.8,0.2,0,line,pcglasso,I,1.873817422860384e-5,0.07449999999997203,42.142366177928636
50,0.8,0.2,0,line,pcglasso,I,6.579332246575681e-5,0.060000000000002274,42.142366561630276
50,0.8,0.2,0,line,pcglasso,I,2.310129700083161e-4,0.05850000000000932,42.142366954581405
50,0.8,0.2,0,line,pcglasso,I,8.11130830789687e-4,0.05000000000001137,42.14236977399861
50,0.8,0.2,0,line,pcglasso,I,0.002848035868435802,0.04399999999998272,42.14241168477279
50,0.8,0.2,0,line,pcglasso,I,0.010000000000000004,0.038999999999958845,42.1425953947162
50,0.8,0.2,0,line,pcglasso_cpp,C,9.999999999999982e-9,0.023000000000024556,42.14236616186057
50,0.8,0.2,0,line,pcglasso_cpp,C,3.5111917342151263e-8,0.021500000000003183,42.142366165369396
50,0.8,0.2,0,line,pcglasso_cpp,C,1.2328467394420646e-7,0.08400000000000318,42.142366179652086
50,0.8,0.2,0,line,pcglasso_cpp,C,4.328761281083054e-7,0.021000000000015007,42.14236623135881
50,0.8,0.2,0,line,pcglasso_cpp,C,1.5199110829529328e-6,0.01849999999998886,42.14236642565209
50,0.8,0.2,0,line,pcglasso_cpp,C,5.336699231206308e-6,0.016500000000036152,42.142367161295276
50,0.8,0.2,0,line,pcglasso_cpp,C,1.873817422860384e-5,0.01850000000001728,42.14237053398124
50,0.8,0.2,0,line,pcglasso_cpp,C,6.579332246575681e-5,0.01500000000001478,42.14238535605426
50,0.8,0.2,0,line,pcglasso_cpp,C,2.310129700083161e-4,0.013499999999993406,42.142439732877634
50,0.8,0.2,0,line,pcglasso_cpp,C,8.11130830789687e-4,0.012000000000000455,42.14264214211422
50,0.8,0.2,0,line,pcglasso_cpp,C,0.002848035868435802,0.012000000000000455,42.14264214211422
50,0.8,0.2,0,line,pcglasso_cpp,C,0.010000000000000004,0.01099999999999568,42.143429051785574
50,0.8,0.2,0,line,pcglasso_cpp,I,9.999999999999982e-9,0.017499999999984084,42.14236616210956
50,0.8,0.2,0,line,pcglasso_cpp,I,3.5111917342151263e-8,0.018000000000029104,42.14236616790961
50,0.8,0.2,0,line,pcglasso_cpp,I,1.2328467394420646e-7,0.01650000000000773,42.14236619246106
50,0.8,0.2,0,line,pcglasso_cpp,I,4.328761281083054e-7,0.07449999999997203,42.14236619246106
50,0.8,0.2,0,line,pcglasso_cpp,I,1.5199110829529328e-6,0.013999999999981583,42.142366296658984
50,0.8,0.2,0,line,pcglasso_cpp,I,5.336699231206308e-6,0.016000000000019554,42.14236679008864
50,0.8,0.2,0,line,pcglasso_cpp,I,1.873817422860384e-5,0.01099999999999568,42.142369152726395
50,0.8,0.2,0,line,pcglasso_cpp,I,6.579332246575681e-5,0.010000000000019327,42.142381021451065
50,0.8,0.2,0,line,pcglasso_cpp,I,2.310129700083161e-4,0.010000000000019327,42.142381021451065
50,0.8,0.2,0,line,pcglasso_cpp,I,8.11130830789687e-4,0.009000000000014552,42.142444903162385
50,0.8,0.2,0,line,pcglasso_cpp,I,0.002848035868435802,0.007999999999981355,42.14280281481468
50,0.8,0.2,0,line,pcglasso_cpp,I,0.010000000000000004,0.10800000000003251,42.14280281481468
50,0.8,0.2,0,line,pcglasso_fortran,C,9.999999999999982e-9,0.011499999999983856,42.14236616220013
50,0.8,0.2,0,line,pcglasso_fortran,C,3.5111917342151263e-8,0.011500000000012278,42.142366166961985
50,0.8,0.2,0,line,pcglasso_fortran,C,1.2328467394420646e-7,0.011000000000024102,42.14236619003407
50,0.8,0.2,0,line,pcglasso_fortran,C,4.328761281083054e-7,0.01099999999999568,42.14236619003407
50,0.8,0.2,0,line,pcglasso_fortran,C,1.5199110829529328e-6,0.010500000000007503,42.14236629452774
50,0.8,0.2,0,line,pcglasso_fortran,C,5.336699231206308e-6,0.009999999999990905,42.14236680638633
50,0.8,0.2,0,line,pcglasso_fortran,C,1.873817422860384e-5,0.009000000000014552,42.14236894450366
50,0.8,0.2,0,line,pcglasso_fortran,C,6.579332246575681e-5,0.007999999999981355,42.142377701745176
50,0.8,0.2,0,line,pcglasso_fortran,C,2.310129700083161e-4,0.009999999999990905,42.142377701745176
50,0.8,0.2,0,line,pcglasso_fortran,C,8.11130830789687e-4,0.0075000000000216005,42.14243124816451
50,0.8,0.2,0,line,pcglasso_fortran,C,0.002848035868435802,0.008499999999997954,42.14277104027849
50,0.8,0.2,0,line,pcglasso_fortran,C,0.010000000000000004,0.008000000000009777,42.14277104027849
50,0.8,0.2,0,line,pcglasso_fortran,I,9.999999999999982e-9,0.009999999999990905,42.14236616124194
50,0.8,0.2,0,line,pcglasso_fortran,I,3.5111917342151263e-8,0.009999999999990905,42.14236616528111
50,0.8,0.2,0,line,pcglasso_fortran,I,1.2328467394420646e-7,0.010000000000019327,42.142366182783796
50,0.8,0.2,0,line,pcglasso_fortran,I,4.328761281083054e-7,0.010500000000007503,42.14236627114971
50,0.8,0.2,0,line,pcglasso_fortran,I,1.5199110829529328e-6,0.009000000000014552,42.14236627114971
50,0.8,0.2,0,line,pcglasso_fortran,I,5.336699231206308e-6,0.007999999999981355,42.14236665883604
50,0.8,0.2,0,line,pcglasso_fortran,I,1.873817422860384e-5,0.0075000000000216005,42.14236825219115
50,0.8,0.2,0,line,pcglasso_fortran,I,6.579332246575681e-5,0.0069999999999765805,42.14237779395832
50,0.8,0.2,0,line,pcglasso_fortran,I,2.310129700083161e-4,0.006000000000000227,42.14243091591326
50,0.8,0.2,0,line,pcglasso_fortran,I,8.11130830789687e-4,0.006499999999988404,42.14243091591326
50,0.8,0.2,0,line,pcglasso_fortran,I,0.002848035868435802,0.006000000000028649,42.14243091591326
50,0.8,0.2,0,line,pcglasso_fortran,I,0.010000000000000004,0.006499999999988404,42.14243091591326
50,0.8,0.2,0.5,line,pcglasso,C,9.999999999999982e-9,0.06699999999997885,42.107005261866526
50,0.8,0.2,0.5,line,pcglasso,C,3.5111917342151263e-8,0.06749999999999545,42.10700526186652
50,0.8,0.2,0.5,line,pcglasso,C,1.2328467394420646e-7,0.06299999999998818,42.10700526186665
50,0.8,0.2,0.5,line,pcglasso,C,4.328761281083054e-7,0.06099999999997863,42.10700526186671
50,0.8,0.2,0.5,line,pcglasso,C,1.5199110829529328e-6,0.0589999999999975,42.10700526186796
50,0.8,0.2,0.5,line,pcglasso,C,5.336699231206308e-6,0.054000000000002046,42.107005262024934
50,0.8,0.2,0.5,line,pcglasso,C,1.873817422860384e-5,0.05350000000001387,42.107005262105396
50,0.8,0.2,0.5,line,pcglasso,C,6.579332246575681e-5,0.050499999999999545,42.107005263415374
50,0.8,0.2,0.5,line,pcglasso,C,2.310129700083161e-4,0.0479999999999734,42.107005345078825
50,0.8,0.2,0.5,line,pcglasso,C,8.11130830789687e-4,0.049000000000006594,42.107005345078825
50,0.8,0.2,0.5,line,pcglasso,C,0.002848035868435802,0.04400000000001114,42.107005856033226
50,0.8,0.2,0.5,line,pcglasso,C,0.010000000000000004,0.09799999999998477,42.107009430628374
50,0.8,0.2,0.5,line,pcglasso,I,9.999999999999982e-9,0.03650000000001796,42.10700526186652
50,0.8,0.2,0.5,line,pcglasso,I,3.5111917342151263e-8,0.03500000000002501,42.10700526186652
50,0.8,0.2,0.5,line,pcglasso,I,1.2328467394420646e-7,0.030499999999989313,42.10700526186665
50,0.8,0.2,0.5,line,pcglasso,I,4.328761281083054e-7,0.03100000000000591,42.10700526186672
50,0.8,0.2,0.5,line,pcglasso,I,1.5199110829529328e-6,0.024499999999989086,42.107005261868046
50,0.8,0.2,0.5,line,pcglasso,I,5.336699231206308e-6,0.024999999999977263,42.10700526202708
50,0.8,0.2,0.5,line,pcglasso,I,1.873817422860384e-5,0.021999999999962938,42.107005262107045
50,0.8,0.2,0.5,line,pcglasso,I,6.579332246575681e-5,0.021500000000003183,42.10700526355718
50,0.8,0.2,0.5,line,pcglasso,I,2.310129700083161e-4,0.019000000000005457,42.107005347347084
50,0.8,0.2,0.5,line,pcglasso,I,8.11130830789687e-4,0.019000000000005457,42.107005347347084
50,0.8,0.2,0.5,line,pcglasso,I,0.002848035868435802,0.01700000000002433,42.107005347347084
50,0.8,0.2,0.5,line,pcglasso,I,0.010000000000000004,0.014999999999986358,42.107010240654326
50,0.8,0.2,0.5,line,pcglasso_cpp,C,9.999999999999982e-9,0.01650000000000773,42.1070052622877
50,0.8,0.2,0.5,line,pcglasso_cpp,C,3.5111917342151263e-8,0.01649999999997931,42.10700526417906
50,0.8,0.2,0.5,line,pcglasso_cpp,C,1.2328467394420646e-7,0.014999999999986358,42.107005274804806
50,0.8,0.2,0.5,line,pcglasso_cpp,C,4.328761281083054e-7,0.01649999999997931,42.107005274804806
50,0.8,0.2,0.5,line,pcglasso_cpp,C,1.5199110829529328e-6,0.013000000000033651,42.10700535311799
50,0.8,0.2,0.5,line,pcglasso_cpp,C,5.336699231206308e-6,0.014000000000010004,42.10700591278345
50,0.8,0.2,0.5,line,pcglasso_cpp,C,1.873817422860384e-5,0.012499999999988631,42.10700591278345
50,0.8,0.2,0.5,line,pcglasso_cpp,C,6.579332246575681e-5,0.012000000000000455,42.10701007255268
50,0.8,0.2,0.5,line,pcglasso_cpp,C,2.310129700083161e-4,0.011500000000012278,42.10701007255268
50,0.8,0.2,0.5,line,pcglasso_cpp,C,8.11130830789687e-4,0.009999999999990905,42.1070418089747
50,0.8,0.2,0.5,line,pcglasso_cpp,C,0.002848035868435802,0.00899999999998613,42.10729531254058
50,0.8,0.2,0.5,line,pcglasso_cpp,C,0.010000000000000004,0.009000000000014552,42.10729531254058
50,0.8,0.2,0.5,line,pcglasso_cpp,I,9.999999999999982e-9,0.013999999999981583,42.1070052632843
50,0.8,0.2,0.5,line,pcglasso_cpp,I,3.5111917342151263e-8,0.012000000000000455,42.1070052632843
50,0.8,0.2,0.5,line,pcglasso_cpp,I,1.2328467394420646e-7,0.011500000000012278,42.10700526980033
50,0.8,0.2,0.5,line,pcglasso_cpp,I,4.328761281083054e-7,0.009500000000002728,42.10700531781336
50,0.8,0.2,0.5,line,pcglasso_cpp,I,1.5199110829529328e-6,0.009999999999990905,42.10700531781336
50,0.8,0.2,0.5,line,pcglasso_cpp,I,5.336699231206308e-6,0.009000000000014552,42.1070056598228
50,0.8,0.2,0.5,line,pcglasso_cpp,I,1.873817422860384e-5,0.0075000000000216005,42.107008132949346
50,0.8,0.2,0.5,line,pcglasso_cpp,I,6.579332246575681e-5,0.007999999999981355,42.107008132949346
50,0.8,0.2,0.5,line,pcglasso_cpp,I,2.310129700083161e-4,0.007000000000005002,42.10702645603299
50,0.8,0.2,0.5,line,pcglasso_cpp,I,8.11130830789687e-4,0.005999999999971806,42.10702645603299
50,0.8,0.2,0.5,line,pcglasso_cpp,I,0.002848035868435802,0.0049999999999954525,42.10716526466569
50,0.8,0.2,0.5,line,pcglasso_cpp,I,0.010000000000000004,0.003999999999990678,42.10803975590497
50,0.8,0.2,0.5,line,pcglasso_fortran,C,9.999999999999982e-9,0.008500000000026375,42.10700526283724
50,0.8,0.2,0.5,line,pcglasso_fortran,C,3.5111917342151263e-8,0.010000000000019327,42.10700526283724
50,0.8,0.2,0.5,line,pcglasso_fortran,C,1.2328467394420646e-7,0.008000000000009777,42.107005268390886
50,0.8,0.2,0.5,line,pcglasso_fortran,C,4.328761281083054e-7,0.008000000000009777,42.107005268390886
50,0.8,0.2,0.5,line,pcglasso_fortran,C,1.5199110829529328e-6,0.006500000000016826,42.10700531883686
50,0.8,0.2,0.5,line,pcglasso_fortran,C,5.336699231206308e-6,0.006499999999988404,42.107005765326306
50,0.8,0.2,0.5,line,pcglasso_fortran,C,1.873817422860384e-5,0.007000000000005002,42.107005765326306
50,0.8,0.2,0.5,line,pcglasso_fortran,C,6.579332246575681e-5,0.005999999999971806,42.10700984877657
50,0.8,0.2,0.5,line,pcglasso_fortran,C,2.310129700083161e-4,0.006499999999988404,42.10700984877657
50,0.8,0.2,0.5,line,pcglasso_fortran,C,8.11130830789687e-4,0.005499999999983629,42.107047731365356
50,0.8,0.2,0.5,line,pcglasso_fortran,C,0.002848035868435802,0.006000000000028649,42.10704764174504
50,0.8,0.2,0.5,line,pcglasso_fortran,C,0.010000000000000004,0.0049999999999954525,42.10739841062579
50,0.8,0.2,0.5,line,pcglasso_fortran,I,9.999999999999982e-9,0.007000000000005002,42.10700526244213
50,0.8,0.2,0.5,line,pcglasso_fortran,I,3.5111917342151263e-8,0.005999999999971806,42.10700526574278
50,0.8,0.2,0.5,line,pcglasso_fortran,I,1.2328467394420646e-7,0.005500000000012051,42.10700526574278
50,0.8,0.2,0.5,line,pcglasso_fortran,I,4.328761281083054e-7,0.0049999999999954525,42.10700529577727
50,0.8,0.2,0.5,line,pcglasso_fortran,I,1.5199110829529328e-6,0.007000000000033424,42.10700529577727
50,0.8,0.2,0.5,line,pcglasso_fortran,I,5.336699231206308e-6,0.0049999999999954525,42.10700555929874
50,0.8,0.2,0.5,line,pcglasso_fortran,I,1.873817422860384e-5,0.0049999999999954525,42.10700555929874
50,0.8,0.2,0.5,line,pcglasso_fortran,I,6.579332246575681e-5,0.006000000000000227,42.10700786752656
50,0.8,0.2,0.5,line,pcglasso_fortran,I,2.310129700083161e-4,0.005500000000012051,42.107026973300336
50,0.8,0.2,0.5,line,pcglasso_fortran,I,8.11130830789687e-4,0.004000000000019099,42.107026941774286
50,0.8,0.2,0.5,line,pcglasso_fortran,I,0.002848035868435802,0.0034999999999740794,42.10714605345041
50,0.8,0.2,0.5,line,pcglasso_fortran,I,0.010000000000000004,0.002500000000026148,42.107970963708766
50,0.9,0.1,0,hub,pcglasso,C,9.999999999999982e-9,0.37000000000000455,45.13071768648503
50,0.9,0.1,0,hub,pcglasso,C,3.5111917342151263e-8,0.2185000000000059,45.130717686485184
50,0.9,0.1,0,hub,pcglasso,C,1.2328467394420646e-7,0.367999999999995,45.13071768648688
50,0.9,0.1,0,hub,pcglasso,C,4.328761281083054e-7,0.1834999999999809,45.130717686646946
50,0.9,0.1,0,hub,pcglasso,C,1.5199110829529328e-6,0.31349999999997635,45.130717687233926
50,0.9,0.1,0,hub,pcglasso,C,5.336699231206308e-6,0.09850000000000136,45.130717691682605
50,0.9,0.1,0,hub,pcglasso,C,1.873817422860384e-5,0.09799999999998477,45.130717691096706
50,0.9,0.1,0,hub,pcglasso,C,6.579332246575681e-5,0.09650000000002024,45.130717691771736
50,0.9,0.1,0,hub,pcglasso,C,2.310129700083161e-4,0.08899999999999864,45.13071776882883
50,0.9,0.1,0,hub,pcglasso,C,8.11130830789687e-4,0.33549999999999613,45.13071806657837
50,0.9,0.1,0,hub,pcglasso,C,0.002848035868435802,0.08050000000000068,45.13072284153988
50,0.9,0.1,0,hub,pcglasso,C,0.010000000000000004,0.525999999999982,45.13085142715293
50,0.9,0.1,0,hub,pcglasso,I,9.999999999999982e-9,0.26449999999996976,45.13071768648503
50,0.9,0.1,0,hub,pcglasso,I,3.5111917342151263e-8,0.22350000000000136,45.1307176864854
50,0.9,0.1,0,hub,pcglasso,I,1.2328467394420646e-7,0.20400000000003615,45.13071768648878
50,0.9,0.1,0,hub,pcglasso,I,4.328761281083054e-7,0.2435000000000116,45.13071768657751
50,0.9,0.1,0,hub,pcglasso,I,1.5199110829529328e-6,0.16950000000002774,45.130717686916675
50,0.9,0.1,0,hub,pcglasso,I,5.336699231206308e-6,0.09399999999999409,45.13071769254466
50,0.9,0.1,0,hub,pcglasso,I,1.873817422860384e-5,0.1155000000000257,45.13071769254466
50,0.9,0.1,0,hub,pcglasso,I,6.579332246575681e-5,0.12000000000003297,45.1307176944721
50,0.9,0.1,0,hub,pcglasso,I,2.310129700083161e-4,0.10400000000001342,45.13071780434372
50,0.9,0.1,0,hub,pcglasso,I,8.11130830789687e-4,0.09600000000000364,45.13071892609298
50,0.9,0.1,0,hub,pcglasso,I,0.002848035868435802,0.08850000000001046,45.130742239427235
50,0.9,0.1,0,hub,pcglasso,I,0.010000000000000004,0.07200000000000273,45.131768945999674
50,0.9,0.1,0,hub,pcglasso_cpp,C,9.999999999999982e-9,0.028999999999996362,45.130717694709105
50,0.9,0.1,0,hub,pcglasso_cpp,C,3.5111917342151263e-8,0.026999999999986812,45.13071770440418
50,0.9,0.1,0,hub,pcglasso_cpp,C,1.2328467394420646e-7,0.027000000000015234,45.13071777304644
50,0.9,0.1,0,hub,pcglasso_cpp,C,4.328761281083054e-7,0.02400000000000091,45.13071787662489
50,0.9,0.1,0,hub,pcglasso_cpp,C,1.5199110829529328e-6,0.022999999999996135,45.130718618100694
50,0.9,0.1,0,hub,pcglasso_cpp,C,5.336699231206308e-6,0.028500000000008185,45.13071976891972
50,0.9,0.1,0,hub,pcglasso_cpp,C,1.873817422860384e-5,0.03149999999999409,45.130728373858425
50,0.9,0.1,0,hub,pcglasso_cpp,C,6.579332246575681e-5,0.027999999999963165,45.13074237705823
50,0.9,0.1,0,hub,pcglasso_cpp,C,2.310129700083161e-4,0.024499999999989086,45.130857144184056
50,0.9,0.1,0,hub,pcglasso_cpp,C,8.11130830789687e-4,0.022499999999979536,45.131063458432685
50,0.9,0.1,0,hub,pcglasso_cpp,C,0.002848035868435802,0.020499999999969987,45.13161216057982
50,0.9,0.1,0,hub,pcglasso_cpp,C,0.010000000000000004,0.18700000000001182,45.13317941500127
50,0.9,0.1,0,hub,pcglasso_cpp,I,9.999999999999982e-9,0.025500000000022283,45.13071769022374
50,0.9,0.1,0,hub,pcglasso_cpp,I,3.5111917342151263e-8,0.023000000000024556,45.13071770823258
50,0.9,0.1,0,hub,pcglasso_cpp,I,1.2328467394420646e-7,0.022999999999996135,45.130717739388224
50,0.9,0.1,0,hub,pcglasso_cpp,I,4.328761281083054e-7,0.02149999999997476,45.13071781600815
50,0.9,0.1,0,hub,pcglasso_cpp,I,1.5199110829529328e-6,0.020000000000038654,45.13071846264774
50,0.9,0.1,0,hub,pcglasso_cpp,I,5.336699231206308e-6,0.021000000000015007,45.130719589148534
50,0.9,0.1,0,hub,pcglasso_cpp,I,1.873817422860384e-5,0.02400000000002933,45.13072943266677
50,0.9,0.1,0,hub,pcglasso_cpp,I,6.579332246575681e-5,0.02349999999998431,45.13074734110866
50,0.9,0.1,0,hub,pcglasso_cpp,I,2.310129700083161e-4,0.022500000000007958,45.13079387017012
50,0.9,0.1,0,hub,pcglasso_cpp,I,8.11130830789687e-4,0.019500000000022055,45.130916786552135
50,0.9,0.1,0,hub,pcglasso_cpp,I,0.002848035868435802,0.015500000000002956,45.132153753984255
50,0.9,0.1,0,hub,pcglasso_cpp,I,0.010000000000000004,0.014999999999986358,45.134683544172226
50,0.9,0.1,0,hub,pcglasso_fortran,C,9.999999999999982e-9,0.04699999999996862,45.130717696177484
50,0.9,0.1,0,hub,pcglasso_fortran,C,3.5111917342151263e-8,0.043500000000022965,45.13071770763162
50,0.9,0.1,0,hub,pcglasso_fortran,C,1.2328467394420646e-7,0.04749999999998522,45.13071777245939
50,0.9,0.1,0,hub,pcglasso_fortran,C,4.328761281083054e-7,0.20950000000001978,45.13071785753043
50,0.9,0.1,0,hub,pcglasso_fortran,C,1.5199110829529328e-6,0.03650000000001796,45.13071830127304
50,0.9,0.1,0,hub,pcglasso_fortran,C,5.336699231206308e-6,0.03950000000003229,45.13072020494734
50,0.9,0.1,0,hub,pcglasso_fortran,C,1.873817422860384e-5,0.044999999999987494,45.13072625609742
50,0.9,0.1,0,hub,pcglasso_fortran,C,6.579332246575681e-5,0.035499999999984766,45.13074754725727
50,0.9,0.1,0,hub,pcglasso_fortran,C,2.310129700083161e-4,0.02800000000002001,45.1307688571422
50,0.9,0.1,0,hub,pcglasso_fortran,C,8.11130830789687e-4,0.023500000000012733,45.1311329459026
50,0.9,0.1,0,hub,pcglasso_fortran,C,0.002848035868435802,0.015500000000031378,45.1391912653398
50,0.9,0.1,0,hub,pcglasso_fortran,C,0.010000000000000004,0.04549999999997567,45.141718211108376
50,0.9,0.1,0,hub,pcglasso_fortran,I,9.999999999999982e-9,0.04250000000001819,45.130717691210414
50,0.9,0.1,0,hub,pcglasso_fortran,I,3.5111917342151263e-8,0.03899999999998727,45.130717711246184
50,0.9,0.1,0,hub,pcglasso_fortran,I,1.2328467394420646e-7,0.037499999999994316,45.130717728037204
50,0.9,0.1,0,hub,pcglasso_fortran,I,4.328761281083054e-7,0.03550000000001319,45.130717853004235
50,0.9,0.1,0,hub,pcglasso_fortran,I,1.5199110829529328e-6,0.1939999999999884,45.13071829442965
50,0.9,0.1,0,hub,pcglasso_fortran,I,5.336699231206308e-6,0.02549999999996544,45.13072013725692
50,0.9,0.1,0,hub,pcglasso_fortran,I,1.873817422860384e-5,0.02949999999998454,45.130725393043626
50,0.9,0.1,0,hub,pcglasso_fortran,I,6.579332246575681e-5,0.025999999999982037,45.13077269359852
50,0.9,0.1,0,hub,pcglasso_fortran,I,2.310129700083161e-4,0.21399999999997021,45.130819202313
50,0.9,0.1,0,hub,pcglasso_fortran,I,8.11130830789687e-4,0.016999999999995907,45.13138186007169
50,0.9,0.1,0,hub,pcglasso_fortran,I,0.002848035868435802,0.013999999999981583,45.13427585792588
50,0.9,0.1,0,hub,pcglasso_fortran,I,0.010000000000000004,0.015500000000002956,45.13642086129882
50,0.9,0.1,0,line,pcglasso,C,9.999999999999982e-9,0.38949999999996976,25.475030652983214
50,0.9,0.1,0,line,pcglasso,C,3.5111917342151263e-8,0.3649999999999807,25.475030652983293
50,0.9,0.1,0,line,pcglasso,C,1.2328467394420646e-7,0.46999999999999886,25.47503065298438
50,0.9,0.1,0,line,pcglasso,C,4.328761281083054e-7,0.4375,25.475030653005618
50,0.9,0.1,0,line,pcglasso,C,1.5199110829529328e-6,0.3855000000000075,25.475030653000445
50,0.9,0.1,0,line,pcglasso,C,5.336699231206308e-6,0.15100000000003888,25.475030665930184
50,0.9,0.1,0,line,pcglasso,C,1.873817422860384e-5,0.13050000000001205,25.475030686103864
50,0.9,0.1,0,line,pcglasso,C,6.579332246575681e-5,0.11199999999999477,25.475031040590217
50,0.9,0.1,0,line,pcglasso,C,2.310129700083161e-4,0.10249999999999204,25.475033097164125
50,0.9,0.1,0,line,pcglasso,C,8.11130830789687e-4,0.08599999999998431,25.475077382787152
50,0.9,0.1,0,line,pcglasso,C,0.002848035868435802,0.07499999999996021,25.475286954009253
50,0.9,0.1,0,line,pcglasso,C,0.010000000000000004,0.18599999999997863,25.47599771435394
50,0.9,0.1,0,line,pcglasso,I,9.999999999999982e-9,0.5275000000000034,25.475030652983214
50,0.9,0.1,0,line,pcglasso,I,3.5111917342151263e-8,0.37949999999997885,25.475030652983214
50,0.9,0.1,0,line,pcglasso,I,1.2328467394420646e-7,0.3369999999999891,25.475030652984294
50,0.9,0.1,0,line,pcglasso,I,4.328761281083054e-7,0.29349999999999454,25.475030653052514
50,0.9,0.1,0,line,pcglasso,I,1.5199110829529328e-6,0.39099999999999113,25.475030653500674
50,0.9,0.1,0,line,pcglasso,I,5.336699231206308e-6,0.14400000000003388,25.475030669778853
50,0.9,0.1,0,line,pcglasso,I,1.873817422860384e-5,0.12899999999999068,25.47503069607906
50,0.9,0.1,0,line,pcglasso,I,6.579332246575681e-5,0.1115000000000066,25.47503093194765
50,0.9,0.1,0,line,pcglasso,I,2.310129700083161e-4,0.09699999999997999,25.475033923384352
50,0.9,0.1,0,line,pcglasso,I,8.11130830789687e-4,0.08650000000000091,25.475065287223707
50,0.9,0.1,0,line,pcglasso,I,0.002848035868435802,0.07550000000000523,25.475213481772176
50,0.9,0.1,0,line,pcglasso,I,0.010000000000000004,0.0589999999999975,25.476516410582626
50,0.9,0.1,0,line,pcglasso_cpp,C,9.999999999999982e-9,0.08650000000000091,25.475030677711615
50,0.9,0.1,0,line,pcglasso_cpp,C,3.5111917342151263e-8,0.2295000000000016,25.47503074952648
50,0.9,0.1,0,line,pcglasso_cpp,C,1.2328467394420646e-7,0.06800000000001205,25.475031030143057
50,0.9,0.1,0,line,pcglasso_cpp,C,4.328761281083054e-7,0.06649999999996226,25.475031777206965
50,0.9,0.1,0,line,pcglasso_cpp,C,1.5199110829529328e-6,0.06100000000000705,25.475035065205816
50,0.9,0.1,0,line,pcglasso_cpp,C,5.336699231206308e-6,0.0519999999999925,25.475043902196976
50,0.9,0.1,0,line,pcglasso_cpp,C,1.873817422860384e-5,0.046999999999997044,25.475085099899683
50,0.9,0.1,0,line,pcglasso_cpp,C,6.579332246575681e-5,0.04249999999998977,25.475210029598806
50,0.9,0.1,0,line,pcglasso_cpp,C,2.310129700083161e-4,0.039499999999975444,25.475497696899552
50,0.9,0.1,0,line,pcglasso_cpp,C,8.11130830789687e-4,0.03499999999999659,25.476347305080846
50,0.9,0.1,0,line,pcglasso_cpp,C,0.002848035868435802,0.03499999999999659,25.47911568318304
50,0.9,0.1,0,line,pcglasso_cpp,C,0.010000000000000004,0.026999999999986812,25.489982981006456
50,0.9,0.1,0,line,pcglasso_cpp,I,9.999999999999982e-9,0.07699999999999818,25.475030683988898
50,0.9,0.1,0,line,pcglasso_cpp,I,3.5111917342151263e-8,0.20400000000000773,25.475030767471075
50,0.9,0.1,0,line,pcglasso_cpp,I,1.2328467394420646e-7,0.06649999999999068,25.47503097834217
50,0.9,0.1,0,line,pcglasso_cpp,I,4.328761281083054e-7,0.05649999999997135,25.475031866283665
50,0.9,0.1,0,line,pcglasso_cpp,I,1.5199110829529328e-6,0.05299999999999727,25.475035101894477
50,0.9,0.1,0,line,pcglasso_cpp,I,5.336699231206308e-6,0.04400000000001114,25.475047317939918
50,0.9,0.1,0,line,pcglasso_cpp,I,1.873817422860384e-5,0.038000000000010914,25.475093392541922
50,0.9,0.1,0,line,pcglasso_cpp,I,6.579332246575681e-5,0.03300000000001546,25.475205228276543
50,0.9,0.1,0,line,pcglasso_cpp,I,2.310129700083161e-4,0.03099999999997749,25.475668637115696
50,0.9,0.1,0,line,pcglasso_cpp,I,8.11130830789687e-4,0.021500000000003183,25.47702004461357
50,0.9,0.1,0,line,pcglasso_cpp,I,0.002848035868435802,0.017500000000012506,25.480287162026173
50,0.9,0.1,0,line,pcglasso_cpp,I,0.010000000000000004,0.014000000000010004,25.49158604344337
50,0.9,0.1,0,line,pcglasso_fortran,C,9.999999999999982e-9,0.043500000000022965,25.475030672330394
50,0.9,0.1,0,line,pcglasso_fortran,C,3.5111917342151263e-8,0.1570000000000107,25.475030847455585
50,0.9,0.1,0,line,pcglasso_fortran,C,1.2328467394420646e-7,0.03750000000002274,25.475030926813474
50,0.9,0.1,0,line,pcglasso_fortran,C,4.328761281083054e-7,0.03200000000003911,25.475031920647893
50,0.9,0.1,0,line,pcglasso_fortran,C,1.5199110829529328e-6,0.026999999999986812,25.47503399092063
50,0.9,0.1,0,line,pcglasso_fortran,C,5.336699231206308e-6,0.028499999999979764,25.475042183496647
50,0.9,0.1,0,line,pcglasso_fortran,C,1.873817422860384e-5,0.026499999999998636,25.475053143976083
50,0.9,0.1,0,line,pcglasso_fortran,C,6.579332246575681e-5,0.13900000000001,25.47515347121567
50,0.9,0.1,0,line,pcglasso_fortran,C,2.310129700083161e-4,0.02200000000001978,25.475197879065757
50,0.9,0.1,0,line,pcglasso_fortran,C,8.11130830789687e-4,0.01999999999998181,25.47597024810014
50,0.9,0.1,0,line,pcglasso_fortran,C,0.002848035868435802,0.01900000000003388,25.476679505756245
50,0.9,0.1,0,line,pcglasso_fortran,C,0.010000000000000004,0.01700000000002433,25.47855208224245
50,0.9,0.1,0,line,pcglasso_fortran,I,9.999999999999982e-9,0.03450000000000841,25.47503066272037
50,0.9,0.1,0,line,pcglasso_fortran,I,3.5111917342151263e-8,0.026499999999998636,25.475030713558866
50,0.9,0.1,0,line,pcglasso_fortran,I,1.2328467394420646e-7,0.026499999999998636,25.475030903732183
50,0.9,0.1,0,line,pcglasso_fortran,I,4.328761281083054e-7,0.02800000000002001,25.475031537491496
50,0.9,0.1,0,line,pcglasso_fortran,I,1.5199110829529328e-6,0.020000000000010232,25.47503347514057
50,0.9,0.1,0,line,pcglasso_fortran,I,5.336699231206308e-6,0.023999999999972488,25.475036175741746
50,0.9,0.1,0,line,pcglasso_fortran,I,1.873817422860384e-5,0.016999999999995907,25.47505338007521
50,0.9,0.1,0,line,pcglasso_fortran,I,6.579332246575681e-5,0.13450000000000273,25.475068491152403
50,0.9,0.1,0,line,pcglasso_fortran,I,2.310129700083161e-4,0.014999999999986358,25.475226112142487
50,0.9,0.1,0,line,pcglasso_fortran,I,8.11130830789687e-4,0.018999999999977035,25.475335538557076
50,0.9,0.1,0,line,pcglasso_fortran,I,0.002848035868435802,0.014000000000010004,25.475594288715506
50,0.9,0.1,0,line,pcglasso_fortran,I,0.010000000000000004,0.012000000000000455,25.47669869385254
50,0.9,0.1,0.5,hub,pcglasso,C,9.999999999999982e-9,0.20750000000001023,41.87991120335009
50,0.9,0.1,0.5,hub,pcglasso,C,3.5111917342151263e-8,0.18099999999998317,41.879911203350105
50,0.9,0.1,0.5,hub,pcglasso,C,1.2328467394420646e-7,0.35350000000002524,41.87991120335011
50,0.9,0.1,0.5,hub,pcglasso,C,4.328761281083054e-7,0.1910000000000025,41.87991120335023
50,0.9,0.1,0.5,hub,pcglasso,C,1.5199110829529328e-6,0.20349999999999113,41.879911203363825
50,0.9,0.1,0.5,hub,pcglasso,C,5.336699231206308e-6,0.1414999999999793,41.87991120531587
50,0.9,0.1,0.5,hub,pcglasso,C,1.873817422860384e-5,0.08749999999997726,41.879911223994434
50,0.9,0.1,0.5,hub,pcglasso,C,6.579332246575681e-5,0.08300000000002683,41.879911205780104
50,0.9,0.1,0.5,hub,pcglasso,C,2.310129700083161e-4,0.07849999999999113,41.879911205780104
50,0.9,0.1,0.5,hub,pcglasso,C,8.11130830789687e-4,0.07349999999999568,41.879911224782305
50,0.9,0.1,0.5,hub,pcglasso,C,0.002848035868435802,0.06499999999999773,41.87991423830653
50,0.9,0.1,0.5,hub,pcglasso,C,0.010000000000000004,0.5285000000000082,41.87992963913655
50,0.9,0.1,0.5,hub,pcglasso,I,9.999999999999982e-9,0.30349999999998545,41.8799112033501
50,0.9,0.1,0.5,hub,pcglasso,I,3.5111917342151263e-8,0.18700000000001182,41.8799112033501
50,0.9,0.1,0.5,hub,pcglasso,I,1.2328467394420646e-7,0.17300000000000182,41.87991120335009
50,0.9,0.1,0.5,hub,pcglasso,I,4.328761281083054e-7,0.19149999999999068,41.879911203350176
50,0.9,0.1,0.5,hub,pcglasso,I,1.5199110829529328e-6,0.1529999999999916,41.87991120341435
50,0.9,0.1,0.5,hub,pcglasso,I,5.336699231206308e-6,0.08799999999996544,41.879911207997736
50,0.9,0.1,0.5,hub,pcglasso,I,1.873817422860384e-5,0.08699999999998909,41.879911208002866
50,0.9,0.1,0.5,hub,pcglasso,I,6.579332246575681e-5,0.08299999999999841,41.87991120653169
50,0.9,0.1,0.5,hub,pcglasso,I,2.310129700083161e-4,0.07799999999997453,41.879911218946546
50,0.9,0.1,0.5,hub,pcglasso,I,8.11130830789687e-4,0.0805000000000291,41.879911218946546
50,0.9,0.1,0.5,hub,pcglasso,I,0.002848035868435802,0.0689999999999884,41.87991263254956
50,0.9,0.1,0.5,hub,pcglasso,I,0.010000000000000004,0.069500000000005,41.87991870069693
50,0.9,0.1,0.5,hub,pcglasso_cpp,C,9.999999999999982e-9,0.014999999999986358,41.87991120480371
50,0.9,0.1,0.5,hub,pcglasso_cpp,C,3.5111917342151263e-8,0.013500000000021828,41.87991121023252
50,0.9,0.1,0.5,hub,pcglasso_cpp,C,1.2328467394420646e-7,0.019000000000005457,41.87991121023252
50,0.9,0.1,0.5,hub,pcglasso_cpp,C,4.328761281083054e-7,0.01650000000000773,41.87991124003804
50,0.9,0.1,0.5,hub,pcglasso_cpp,C,1.5199110829529328e-6,0.019000000000005457,41.879911399319894
50,0.9,0.1,0.5,hub,pcglasso_cpp,C,5.336699231206308e-6,0.015500000000031378,41.87991225920459
50,0.9,0.1,0.5,hub,pcglasso_cpp,C,1.873817422860384e-5,0.01500000000001478,41.87991225920459
50,0.9,0.1,0.5,hub,pcglasso_cpp,C,6.579332246575681e-5,0.012999999999976808,41.87991713870771
50,0.9,0.1,0.5,hub,pcglasso_cpp,C,2.310129700083161e-4,0.013500000000021828,41.87991713870771
50,0.9,0.1,0.5,hub,pcglasso_cpp,C,8.11130830789687e-4,0.012000000000000455,41.879951587758946
50,0.9,0.1,0.5,hub,pcglasso_cpp,C,0.002848035868435802,0.012000000000000455,41.879951587758946
50,0.9,0.1,0.5,hub,pcglasso_cpp,C,0.010000000000000004,0.08850000000001046,41.879951587758946
50,0.9,0.1,0.5,hub,pcglasso_cpp,I,9.999999999999982e-9,0.019499999999993634,41.87991120554404
50,0.9,0.1,0.5,hub,pcglasso_cpp,I,3.5111917342151263e-8,0.13700000000002888,41.87991120554404
50,0.9,0.1,0.5,hub,pcglasso_cpp,I,1.2328467394420646e-7,0.015499999999974534,41.87991121374297
50,0.9,0.1,0.5,hub,pcglasso_cpp,I,4.328761281083054e-7,0.016999999999995907,41.87991125867445
50,0.9,0.1,0.5,hub,pcglasso_cpp,I,1.5199110829529328e-6,0.019000000000005457,41.87991149802322
50,0.9,0.1,0.5,hub,pcglasso_cpp,I,5.336699231206308e-6,0.018999999999977035,41.87991149802322
50,0.9,0.1,0.5,hub,pcglasso_cpp,I,1.873817422860384e-5,0.016999999999995907,41.879912861712256
50,0.9,0.1,0.5,hub,pcglasso_cpp,I,6.579332246575681e-5,0.016000000000019554,41.87992050852818
50,0.9,0.1,0.5,hub,pcglasso_cpp,I,2.310129700083161e-4,0.014000000000010004,41.87996297276837
50,0.9,0.1,0.5,hub,pcglasso_cpp,I,8.11130830789687e-4,0.014000000000010004,41.87996297276837
50,0.9,0.1,0.5,hub,pcglasso_cpp,I,0.002848035868435802,0.012000000000000455,41.88019320576395
50,0.9,0.1,0.5,hub,pcglasso_cpp,I,0.010000000000000004,0.012499999999988631,41.88138748569951
50,0.9,0.1,0.5,hub,pcglasso_fortran,C,9.999999999999982e-9,0.009000000000014552,41.8799112057656
50,0.9,0.1,0.5,hub,pcglasso_fortran,C,3.5111917342151263e-8,0.1355000000000075,41.8799112057656
50,0.9,0.1,0.5,hub,pcglasso_fortran,C,1.2328467394420646e-7,0.008499999999997954,41.879911212352226
50,0.9,0.1,0.5,hub,pcglasso_fortran,C,4.328761281083054e-7,0.014999999999957936,41.879911259550234
50,0.9,0.1,0.5,hub,pcglasso_fortran,C,1.5199110829529328e-6,0.012499999999988631,41.87991154270295
50,0.9,0.1,0.5,hub,pcglasso_fortran,C,5.336699231206308e-6,0.009500000000002728,41.87991249768392
50,0.9,0.1,0.5,hub,pcglasso_fortran,C,1.873817422860384e-5,0.008000000000009777,41.87991544916718
50,0.9,0.1,0.5,hub,pcglasso_fortran,C,6.579332246575681e-5,0.00899999999998613,41.87991544916718
50,0.9,0.1,0.5,hub,pcglasso_fortran,C,2.310129700083161e-4,0.01300000000000523,41.87993207132966
50,0.9,0.1,0.5,hub,pcglasso_fortran,C,8.11130830789687e-4,0.0069999999999765805,41.88006553402148
50,0.9,0.1,0.5,hub,pcglasso_fortran,C,0.002848035868435802,0.006499999999988404,41.88006553402148
50,0.9,0.1,0.5,hub,pcglasso_fortran,C,0.010000000000000004,0.04349999999999454,41.88001260944487
50,0.9,0.1,0.5,hub,pcglasso_fortran,I,9.999999999999982e-9,0.009000000000014552,41.87991120425143
50,0.9,0.1,0.5,hub,pcglasso_fortran,I,3.5111917342151263e-8,0.008499999999969532,41.879911206827316
50,0.9,0.1,0.5,hub,pcglasso_fortran,I,1.2328467394420646e-7,0.011000000000024102,41.879911224687945
50,0.9,0.1,0.5,hub,pcglasso_fortran,I,4.328761281083054e-7,0.009999999999990905,41.87991133425872
50,0.9,0.1,0.5,hub,pcglasso_fortran,I,1.5199110829529328e-6,0.010500000000007503,41.87991175320183
50,0.9,0.1,0.5,hub,pcglasso_fortran,I,5.336699231206308e-6,0.015000000000043201,41.87991175320183
50,0.9,0.1,0.5,hub,pcglasso_fortran,I,1.873817422860384e-5,0.01650000000000773,41.87991310379423
50,0.9,0.1,0.5,hub,pcglasso_fortran,I,6.579332246575681e-5,0.014999999999986358,41.8799212407244
50,0.9,0.1,0.5,hub,pcglasso_fortran,I,2.310129700083161e-4,0.008000000000009777,41.87997483628086
50,0.9,0.1,0.5,hub,pcglasso_fortran,I,8.11130830789687e-4,0.007000000000005002,41.87997483628086
50,0.9,0.1,0.5,hub,pcglasso_fortran,I,0.002848035868435802,0.006499999999988404,41.88020060374228
50,0.9,0.1,0.5,hub,pcglasso_fortran,I,0.010000000000000004,0.008000000000009777,41.881577334885996
50,0.9,0.1,0.5,line,pcglasso,C,9.999999999999982e-9,0.23150000000001114,38.1826012275394
50,0.9,0.1,0.5,line,pcglasso,C,3.5111917342151263e-8,0.2154999999999916,38.182601227539415
50,0.9,0.1,0.5,line,pcglasso,C,1.2328467394420646e-7,0.2109999999999843,38.18260122753958
50,0.9,0.1,0.5,line,pcglasso,C,4.328761281083054e-7,0.17900000000000205,38.18260122755416
50,0.9,0.1,0.5,line,pcglasso,C,1.5199110829529328e-6,0.16250000000002274,38.182601227596756
50,0.9,0.1,0.5,line,pcglasso,C,5.336699231206308e-6,0.11350000000001614,38.18260123384097
50,0.9,0.1,0.5,line,pcglasso,C,1.873817422860384e-5,0.09149999999996794,38.18260124217933
50,0.9,0.1,0.5,line,pcglasso,C,6.579332246575681e-5,0.07600000000002183,38.18260126728423
50,0.9,0.1,0.5,line,pcglasso,C,2.310129700083161e-4,0.07449999999997203,38.18260132585731
50,0.9,0.1,0.5,line,pcglasso,C,8.11130830789687e-4,0.06999999999999318,38.18260230223671
50,0.9,0.1,0.5,line,pcglasso,C,0.002848035868435802,0.061499999999995225,38.182621067119314
50,0.9,0.1,0.5,line,pcglasso,C,0.010000000000000004,0.05699999999998795,38.18269783659188
50,0.9,0.1,0.5,line,pcglasso,I,9.999999999999982e-9,0.21700000000001296,38.182601227539394
50,0.9,0.1,0.5,line,pcglasso,I,3.5111917342151263e-8,0.20150000000001,38.18260122753941
50,0.9,0.1,0.5,line,pcglasso,I,1.2328467394420646e-7,0.19100000000003092,38.18260122753956
50,0.9,0.1,0.5,line,pcglasso,I,4.328761281083054e-7,0.14349999999998886,38.18260122756207
50,0.9,0.1,0.5,line,pcglasso,I,1.5199110829529328e-6,0.14449999999999363,38.1826012275576
50,0.9,0.1,0.5,line,pcglasso,I,5.336699231206308e-6,0.12399999999999523,38.18260122881501
50,0.9,0.1,0.5,line,pcglasso,I,1.873817422860384e-5,0.06200000000001182,38.1826012354401
50,0.9,0.1,0.5,line,pcglasso,I,6.579332246575681e-5,0.0549999999999784,38.18260127340834
50,0.9,0.1,0.5,line,pcglasso,I,2.310129700083161e-4,0.05000000000001137,38.182601327890666
50,0.9,0.1,0.5,line,pcglasso,I,8.11130830789687e-4,0.04349999999999454,38.18260316128591
50,0.9,0.1,0.5,line,pcglasso,I,0.002848035868435802,0.04099999999999682,38.18260808574733
50,0.9,0.1,0.5,line,pcglasso,I,0.010000000000000004,0.030000000000001137,38.182771004107586
50,0.9,0.1,0.5,line,pcglasso_cpp,C,9.999999999999982e-9,0.02050000000002683,38.18260122845829
50,0.9,0.1,0.5,line,pcglasso_cpp,C,3.5111917342151263e-8,0.14400000000000546,38.18260123091221
50,0.9,0.1,0.5,line,pcglasso_cpp,C,1.2328467394420646e-7,0.018000000000029104,38.182601241008506
50,0.9,0.1,0.5,line,pcglasso_cpp,C,4.328761281083054e-7,0.01700000000002433,38.18260128452853
50,0.9,0.1,0.5,line,pcglasso_cpp,C,1.5199110829529328e-6,0.015999999999991132,38.18260146835277
50,0.9,0.1,0.5,line,pcglasso_cpp,C,5.336699231206308e-6,0.016999999999995907,38.18260234363878
50,0.9,0.1,0.5,line,pcglasso_cpp,C,1.873817422860384e-5,0.014500000000026603,38.18260234363878
50,0.9,0.1,0.5,line,pcglasso_cpp,C,6.579332246575681e-5,0.014000000000010004,38.18260669086594
50,0.9,0.1,0.5,line,pcglasso_cpp,C,2.310129700083161e-4,0.012000000000000455,38.182629255967335
50,0.9,0.1,0.5,line,pcglasso_cpp,C,8.11130830789687e-4,0.01099999999999568,38.18275303037298
50,0.9,0.1,0.5,line,pcglasso_cpp,C,0.002848035868435802,0.01099999999999568,38.18275303037298
50,0.9,0.1,0.5,line,pcglasso_cpp,C,0.010000000000000004,0.010500000000007503,38.18345322151055
50,0.9,0.1,0.5,line,pcglasso_cpp,I,9.999999999999982e-9,0.016999999999995907,38.18260122925718
50,0.9,0.1,0.5,line,pcglasso_cpp,I,3.5111917342151263e-8,0.016000000000019554,38.182601233971205
50,0.9,0.1,0.5,line,pcglasso_cpp,I,1.2328467394420646e-7,0.020000000000010232,38.18260125604639
50,0.9,0.1,0.5,line,pcglasso_cpp,I,4.328761281083054e-7,0.01500000000001478,38.18260125604639
50,0.9,0.1,0.5,line,pcglasso_cpp,I,1.5199110829529328e-6,0.013999999999981583,38.18260135380009
50,0.9,0.1,0.5,line,pcglasso_cpp,I,5.336699231206308e-6,0.012499999999988631,38.18260184271692
50,0.9,0.1,0.5,line,pcglasso_cpp,I,1.873817422860384e-5,0.011500000000012278,38.18260435587326
50,0.9,0.1,0.5,line,pcglasso_cpp,I,6.579332246575681e-5,0.012000000000000455,38.18260435587326
50,0.9,0.1,0.5,line,pcglasso_cpp,I,2.310129700083161e-4,0.010000000000047748,38.18261750094861
50,0.9,0.1,0.5,line,pcglasso_cpp,I,8.11130830789687e-4,0.009500000000002728,38.18268785325658
50,0.9,0.1,0.5,line,pcglasso_cpp,I,0.002848035868435802,0.007999999999981355,38.18307211154266
50,0.9,0.1,0.5,line,pcglasso_cpp,I,0.010000000000000004,0.008000000000009777,38.18307211154266
50,0.9,0.1,0.5,line,pcglasso_fortran,C,9.999999999999982e-9,0.015499999999974534,38.182601229900826
50,0.9,0.1,0.5,line,pcglasso_fortran,C,3.5111917342151263e-8,0.012000000000000455,38.182601237080654
50,0.9,0.1,0.5,line,pcglasso_fortran,C,1.2328467394420646e-7,0.012000000000000455,38.182601237080654
50,0.9,0.1,0.5,line,pcglasso_fortran,C,4.328761281083054e-7,0.01099999999999568,38.182601264248895
50,0.9,0.1,0.5,line,pcglasso_fortran,C,1.5199110829529328e-6,0.01099999999999568,38.18260139891655
50,0.9,0.1,0.5,line,pcglasso_fortran,C,5.336699231206308e-6,0.009999999999990905,38.182601960924444
50,0.9,0.1,0.5,line,pcglasso_fortran,C,1.873817422860384e-5,0.010500000000007503,38.182601960924444
50,0.9,0.1,0.5,line,pcglasso_fortran,C,6.579332246575681e-5,0.012000000000000455,38.18260546097024
50,0.9,0.1,0.5,line,pcglasso_fortran,C,2.310129700083161e-4,0.009000000000014552,38.18260546097024
50,0.9,0.1,0.5,line,pcglasso_fortran,C,8.11130830789687e-4,0.008000000000009777,38.18288508744804
50,0.9,0.1,0.5,line,pcglasso_fortran,C,0.002848035868435802,0.13100000000000023,38.18288508744804
50,0.9,0.1,0.5,line,pcglasso_fortran,C,0.010000000000000004,0.008000000000009777,38.18297858885962
50,0.9,0.1,0.5,line,pcglasso_fortran,I,9.999999999999982e-9,0.01300000000000523,38.18260122950985
50,0.9,0.1,0.5,line,pcglasso_fortran,I,3.5111917342151263e-8,0.009499999999974307,38.18260122950985
50,0.9,0.1,0.5,line,pcglasso_fortran,I,1.2328467394420646e-7,0.00899999999998613,38.18260123763368
50,0.9,0.1,0.5,line,pcglasso_fortran,I,4.328761281083054e-7,0.008499999999969532,38.182601288053576
50,0.9,0.1,0.5,line,pcglasso_fortran,I,1.5199110829529328e-6,0.008000000000009777,38.182601480278
50,0.9,0.1,0.5,line,pcglasso_fortran,I,5.336699231206308e-6,0.0075000000000216005,38.182601480278
50,0.9,0.1,0.5,line,pcglasso_fortran,I,1.873817422860384e-5,0.007000000000005002,38.18260234003346
50,0.9,0.1,0.5,line,pcglasso_fortran,I,6.579332246575681e-5,0.007000000000005002,38.18260234003346
50,0.9,0.1,0.5,line,pcglasso_fortran,I,2.310129700083161e-4,0.006499999999959982,38.18260898733862
50,0.9,0.1,0.5,line,pcglasso_fortran,I,8.11130830789687e-4,0.0049999999999954525,38.183146257507254
50,0.9,0.1,0.5,line,pcglasso_fortran,I,0.002848035868435802,0.0049999999999954525,38.183146257507254
50,0.9,0.1,0.5,line,pcglasso_fortran,I,0.010000000000000004,0.008499999999969532,38.183146257507254
50,0.9,0.2,0,hub,pcglasso,C,9.999999999999982e-9,0.3509999999999991,48.121665978773464
50,0.9,0.2,0,hub,pcglasso,C,3.5111917342151263e-8,0.32049999999998136,48.12166597877347
50,0.9,0.2,0,hub,pcglasso,C,1.2328467394420646e-7,0.3760000000000048,48.12166597877348
50,0.9,0.2,0,hub,pcglasso,C,4.328761281083054e-7,0.22649999999998727,48.12166597877357
50,0.9,0.2,0,hub,pcglasso,C,1.5199110829529328e-6,0.19550000000000978,48.121665978774374
50,0.9,0.2,0,hub,pcglasso,C,5.336699231206308e-6,0.18000000000000682,48.12166597972828
50,0.9,0.2,0,hub,pcglasso,C,1.873817422860384e-5,0.09299999999998931,48.121665984333546
50,0.9,0.2,0,hub,pcglasso,C,6.579332246575681e-5,0.3690000000000282,48.12166599363944
50,0.9,0.2,0,hub,pcglasso,C,2.310129700083161e-4,0.11099999999999,48.121666049665144
50,0.9,0.2,0,hub,pcglasso,C,8.11130830789687e-4,0.09600000000000364,48.12166607244709
50,0.9,0.2,0,hub,pcglasso,C,0.002848035868435802,0.08950000000001523,48.12166676622097
50,0.9,0.2,0,hub,pcglasso,C,0.010000000000000004,0.5600000000000023,48.121689251693546
50,0.9,0.2,0,hub,pcglasso,I,9.999999999999982e-9,0.4525000000000148,48.121665978773464
50,0.9,0.2,0,hub,pcglasso,I,3.5111917342151263e-8,0.33850000000001046,48.121665978773464
50,0.9,0.2,0,hub,pcglasso,I,1.2328467394420646e-7,0.2955000000000041,48.12166597877347
50,0.9,0.2,0,hub,pcglasso,I,4.328761281083054e-7,0.36350000000001614,48.12166597877367
50,0.9,0.2,0,hub,pcglasso,I,1.5199110829529328e-6,0.21349999999998204,48.1216659787759
50,0.9,0.2,0,hub,pcglasso,I,5.336699231206308e-6,0.19950000000000045,48.12166597880279
50,0.9,0.2,0,hub,pcglasso,I,1.873817422860384e-5,0.09700000000000841,48.12166598426741
50,0.9,0.2,0,hub,pcglasso,I,6.579332246575681e-5,0.24799999999999045,48.12166599173691
50,0.9,0.2,0,hub,pcglasso,I,2.310129700083161e-4,0.12700000000000955,48.12166598825256
50,0.9,0.2,0,hub,pcglasso,I,8.11130830789687e-4,0.09350000000000591,48.12166701483242
50,0.9,0.2,0,hub,pcglasso,I,0.002848035868435802,0.08799999999999386,48.121669965830016
50,0.9,0.2,0,hub,pcglasso,I,0.010000000000000004,0.08300000000002683,48.121676391434335
50,0.9,0.2,0,hub,pcglasso_cpp,C,9.999999999999982e-9,0.018000000000000682,48.12166597978365
50,0.9,0.2,0,hub,pcglasso_cpp,C,3.5111917342151263e-8,0.018000000000000682,48.12166597978365
50,0.9,0.2,0,hub,pcglasso_cpp,C,1.2328467394420646e-7,0.015500000000002956,48.12166598631515
50,0.9,0.2,0,hub,pcglasso_cpp,C,4.328761281083054e-7,0.013500000000021828,48.121666027445784
50,0.9,0.2,0,hub,pcglasso_cpp,C,1.5199110829529328e-6,0.013500000000021828,48.121666027445784
50,0.9,0.2,0,hub,pcglasso_cpp,C,5.336699231206308e-6,0.017499999999984084,48.12166627448877
50,0.9,0.2,0,hub,pcglasso_cpp,C,1.873817422860384e-5,0.019499999999993634,48.121668157391575
50,0.9,0.2,0,hub,pcglasso_cpp,C,6.579332246575681e-5,0.021500000000003183,48.121668157391575
50,0.9,0.2,0,hub,pcglasso_cpp,C,2.310129700083161e-4,0.019499999999965212,48.12168669524288
50,0.9,0.2,0,hub,pcglasso_cpp,C,8.11130830789687e-4,0.019499999999993634,48.12168669524288
50,0.9,0.2,0,hub,pcglasso_cpp,C,0.002848035868435802,0.016999999999995907,48.12185659877812
50,0.9,0.2,0,hub,pcglasso_cpp,C,0.010000000000000004,0.13700000000000045,48.12185659877812
50,0.9,0.2,0,hub,pcglasso_cpp,I,9.999999999999982e-9,0.014499999999998181,48.12166597977016
50,0.9,0.2,0,hub,pcglasso_cpp,I,3.5111917342151263e-8,0.01500000000001478,48.12166598441591
50,0.9,0.2,0,hub,pcglasso_cpp,I,1.2328467394420646e-7,0.01500000000001478,48.12166598441591
50,0.9,0.2,0,hub,pcglasso_cpp,I,4.328761281083054e-7,0.012500000000017053,48.12166601371472
50,0.9,0.2,0,hub,pcglasso_cpp,I,1.5199110829529328e-6,0.012000000000000455,48.12166601371472
50,0.9,0.2,0,hub,pcglasso_cpp,I,5.336699231206308e-6,0.014000000000010004,48.121666282868176
50,0.9,0.2,0,hub,pcglasso_cpp,I,1.873817422860384e-5,0.015500000000002956,48.121668657128794
50,0.9,0.2,0,hub,pcglasso_cpp,I,6.579332246575681e-5,0.01999999999998181,48.121668657128794
50,0.9,0.2,0,hub,pcglasso_cpp,I,2.310129700083161e-4,0.02049999999999841,48.1216846203096
50,0.9,0.2,0,hub,pcglasso_cpp,I,8.11130830789687e-4,0.014499999999998181,48.121774980778426
50,0.9,0.2,0,hub,pcglasso_cpp,I,0.002848035868435802,0.01449999999996976,48.121774980778426
50,0.9,0.2,0,hub,pcglasso_cpp,I,0.010000000000000004,0.014499999999998181,48.122304235018234
50,0.9,0.2,0,hub,pcglasso_fortran,C,9.999999999999982e-9,0.013500000000021828,48.121665982821
50,0.9,0.2,0,hub,pcglasso_fortran,C,3.5111917342151263e-8,0.01300000000000523,48.1216659884699
50,0.9,0.2,0,hub,pcglasso_fortran,C,1.2328467394420646e-7,0.010499999999979082,48.1216661003704
50,0.9,0.2,0,hub,pcglasso_fortran,C,4.328761281083054e-7,0.009500000000002728,48.12166615720048
50,0.9,0.2,0,hub,pcglasso_fortran,C,1.5199110829529328e-6,0.009999999999990905,48.121666556396676
50,0.9,0.2,0,hub,pcglasso_fortran,C,5.336699231206308e-6,0.010500000000007503,48.12167043206495
50,0.9,0.2,0,hub,pcglasso_fortran,C,1.873817422860384e-5,0.01300000000000523,48.12167043206495
50,0.9,0.2,0,hub,pcglasso_fortran,C,6.579332246575681e-5,0.012999999999976808,48.12169650223353
50,0.9,0.2,0,hub,pcglasso_fortran,C,2.310129700083161e-4,0.011499999999983856,48.12175575240951
50,0.9,0.2,0,hub,pcglasso_fortran,C,8.11130830789687e-4,0.01099999999999568,48.12182282632243
50,0.9,0.2,0,hub,pcglasso_fortran,C,0.002848035868435802,0.008499999999969532,48.12327355683703
50,0.9,0.2,0,hub,pcglasso_fortran,C,0.010000000000000004,0.04100000000002524,48.12327355683703
50,0.9,0.2,0,hub,pcglasso_fortran,I,9.999999999999982e-9,0.012499999999988631,48.121665982470844
50,0.9,0.2,0,hub,pcglasso_fortran,I,3.5111917342151263e-8,0.012500000000017053,48.121665985307594
50,0.9,0.2,0,hub,pcglasso_fortran,I,1.2328467394420646e-7,0.01099999999999568,48.12166611182078
50,0.9,0.2,0,hub,pcglasso_fortran,I,4.328761281083054e-7,0.009500000000002728,48.1216661362817
50,0.9,0.2,0,hub,pcglasso_fortran,I,1.5199110829529328e-6,0.007499999999993179,48.12166897076104
50,0.9,0.2,0,hub,pcglasso_fortran,I,5.336699231206308e-6,0.00899999999998613,48.12167043828322
50,0.9,0.2,0,hub,pcglasso_fortran,I,1.873817422860384e-5,0.009999999999990905,48.12167212254485
50,0.9,0.2,0,hub,pcglasso_fortran,I,6.579332246575681e-5,0.012000000000000455,48.12168357270754
50,0.9,0.2,0,hub,pcglasso_fortran,I,2.310129700083161e-4,0.013999999999981583,48.12171968801246
50,0.9,0.2,0,hub,pcglasso_fortran,I,8.11130830789687e-4,0.013499999999993406,48.1220769721061
50,0.9,0.2,0,hub,pcglasso_fortran,I,0.002848035868435802,0.008500000000026375,48.1220769721061
50,0.9,0.2,0,hub,pcglasso_fortran,I,0.010000000000000004,0.009000000000014552,48.122617527510286
50,0.9,0.2,0,line,pcglasso,C,9.999999999999982e-9,0.5739999999999839,32.35927774643696
50,0.9,0.2,0,line,pcglasso,C,3.5111917342151263e-8,0.3534999999999968,32.35927774643734
50,0.9,0.2,0,line,pcglasso,C,1.2328467394420646e-7,0.31749999999999545,32.359277746438444
50,0.9,0.2,0,line,pcglasso,C,4.328761281083054e-7,0.3044999999999902,32.359277746440654
50,0.9,0.2,0,line,pcglasso,C,1.5199110829529328e-6,0.41500000000002046,32.35927774743329
50,0.9,0.2,0,line,pcglasso,C,5.336699231206308e-6,0.24450000000001637,32.35927775400398
50,0.9,0.2,0,line,pcglasso,C,1.873817422860384e-5,0.17950000000001864,32.35927788928002
50,0.9,0.2,0,line,pcglasso,C,6.579332246575681e-5,0.2459999999999809,32.359278086159286
50,0.9,0.2,0,line,pcglasso,C,2.310129700083161e-4,0.10800000000000409,32.359284453677944
50,0.9,0.2,0,line,pcglasso,C,8.11130830789687e-4,0.09749999999999659,32.359325206516075
50,0.9,0.2,0,line,pcglasso,C,0.002848035868435802,0.08700000000001751,32.35963121264566
50,0.9,0.2,0,line,pcglasso,C,0.010000000000000004,0.0759999999999934,32.361862633918825
50,0.9,0.2,0,line,pcglasso,I,9.999999999999982e-9,0.34749999999996817,32.35927774643697
50,0.9,0.2,0,line,pcglasso,I,3.5111917342151263e-8,0.48900000000003274,32.35927774643717
50,0.9,0.2,0,line,pcglasso,I,1.2328467394420646e-7,0.3120000000000118,32.35927774643705
50,0.9,0.2,0,line,pcglasso,I,4.328761281083054e-7,0.26599999999999113,32.35927774655057
50,0.9,0.2,0,line,pcglasso,I,1.5199110829529328e-6,0.25900000000001455,32.35927774674437
50,0.9,0.2,0,line,pcglasso,I,5.336699231206308e-6,0.17799999999999727,32.35927775530223
50,0.9,0.2,0,line,pcglasso,I,1.873817422860384e-5,0.1344999999999743,32.35927795260701
50,0.9,0.2,0,line,pcglasso,I,6.579332246575681e-5,0.2785000000000366,32.35927856608119
50,0.9,0.2,0,line,pcglasso,I,2.310129700083161e-4,0.09000000000000341,32.359283289274046
50,0.9,0.2,0,line,pcglasso,I,8.11130830789687e-4,0.07949999999996749,32.359341887669004
50,0.9,0.2,0,line,pcglasso,I,0.002848035868435802,0.0689999999999884,32.35977533769288
50,0.9,0.2,0,line,pcglasso,I,0.010000000000000004,0.05500000000000682,32.36395570284264
50,0.9,0.2,0,line,pcglasso_cpp,C,9.999999999999982e-9,0.039499999999975444,32.3592777572769
50,0.9,0.2,0,line,pcglasso_cpp,C,3.5111917342151263e-8,0.03649999999998954,32.35927777873044
50,0.9,0.2,0,line,pcglasso_cpp,C,1.2328467394420646e-7,0.03449999999997999,32.359277847974404
50,0.9,0.2,0,line,pcglasso_cpp,C,4.328761281083054e-7,0.03650000000001796,32.35927805768928
50,0.9,0.2,0,line,pcglasso_cpp,C,1.5199110829529328e-6,0.03499999999999659,32.359278745675375
50,0.9,0.2,0,line,pcglasso_cpp,C,5.336699231206308e-6,0.03150000000002251,32.35928116344291
50,0.9,0.2,0,line,pcglasso_cpp,C,1.873817422860384e-5,0.030500000000017735,32.35929030114953
50,0.9,0.2,0,line,pcglasso_cpp,C,6.579332246575681e-5,0.022999999999996135,32.359325643090784
50,0.9,0.2,0,line,pcglasso_cpp,C,2.310129700083161e-4,0.02050000000002683,32.35946921971985
50,0.9,0.2,0,line,pcglasso_cpp,C,8.11130830789687e-4,0.019000000000005457,32.359668957530836
50,0.9,0.2,0,line,pcglasso_cpp,C,0.002848035868435802,0.020000000000010232,32.361000909984156
50,0.9,0.2,0,line,pcglasso_cpp,C,0.010000000000000004,0.015999999999991132,32.36311149735092
50,0.9,0.2,0,line,pcglasso_cpp,I,9.999999999999982e-9,0.03849999999999909,32.35927775946954
50,0.9,0.2,0,line,pcglasso_cpp,I,3.5111917342151263e-8,0.035499999999984766,32.35927778267016
50,0.9,0.2,0,line,pcglasso_cpp,I,1.2328467394420646e-7,0.03300000000001546,32.359277915901764
50,0.9,0.2,0,line,pcglasso_cpp,I,4.328761281083054e-7,0.03299999999998704,32.359278434396295
50,0.9,0.2,0,line,pcglasso_cpp,I,1.5199110829529328e-6,0.02949999999998454,32.35927953115255
50,0.9,0.2,0,line,pcglasso_cpp,I,5.336699231206308e-6,0.025500000000022283,32.35928577800806
50,0.9,0.2,0,line,pcglasso_cpp,I,1.873817422860384e-5,0.024500000000017508,32.35929954518886
50,0.9,0.2,0,line,pcglasso_cpp,I,6.579332246575681e-5,0.018000000000000682,32.35933886649322
50,0.9,0.2,0,line,pcglasso_cpp,I,2.310129700083161e-4,0.015999999999991132,32.35945971118207
50,0.9,0.2,0,line,pcglasso_cpp,I,8.11130830789687e-4,0.01300000000000523,32.359868264269444
50,0.9,0.2,0,line,pcglasso_cpp,I,0.002848035868435802,0.01099999999999568,32.361479981604006
50,0.9,0.2,0,line,pcglasso_cpp,I,0.010000000000000004,0.00899999999998613,32.363744348656546
50,0.9,0.2,0,line,pcglasso_fortran,C,9.999999999999982e-9,0.03100000000000591,32.359277762848855
50,0.9,0.2,0,line,pcglasso_fortran,C,3.5111917342151263e-8,0.02950000000001296,32.35927777265612
50,0.9,0.2,0,line,pcglasso_fortran,C,1.2328467394420646e-7,0.026500000000027057,32.3592778560691
50,0.9,0.2,0,line,pcglasso_fortran,C,4.328761281083054e-7,0.026499999999998636,32.359278483850915
50,0.9,0.2,0,line,pcglasso_fortran,C,1.5199110829529328e-6,0.021000000000015007,32.359278766515565
50,0.9,0.2,0,line,pcglasso_fortran,C,5.336699231206308e-6,0.02349999999998431,32.35928186740471
50,0.9,0.2,0,line,pcglasso_fortran,C,1.873817422860384e-5,0.022499999999979536,32.35928480555808
50,0.9,0.2,0,line,pcglasso_fortran,C,6.579332246575681e-5,0.016000000000019554,32.35935106409808
50,0.9,0.2,0,line,pcglasso_fortran,C,2.310129700083161e-4,0.019500000000022055,32.35935106409808
50,0.9,0.2,0,line,pcglasso_fortran,C,8.11130830789687e-4,0.012000000000000455,32.36444532802627
50,0.9,0.2,0,line,pcglasso_fortran,C,0.002848035868435802,0.012000000000000455,32.36444532802627
50,0.9,0.2,0,line,pcglasso_fortran,C,0.010000000000000004,0.01099999999999568,32.36897619897165
50,0.9,0.2,0,line,pcglasso_fortran,I,9.999999999999982e-9,0.023000000000024556,32.35927775401274
50,0.9,0.2,0,line,pcglasso_fortran,I,3.5111917342151263e-8,0.01649999999997931,32.359277778410004
50,0.9,0.2,0,line,pcglasso_fortran,I,1.2328467394420646e-7,0.01999999999998181,32.35927785190593
50,0.9,0.2,0,line,pcglasso_fortran,I,4.328761281083054e-7,0.014500000000026603,32.35927796867591
50,0.9,0.2,0,line,pcglasso_fortran,I,1.5199110829529328e-6,0.014999999999986358,32.359278766387504
50,0.9,0.2,0,line,pcglasso_fortran,I,5.336699231206308e-6,0.013499999999993406,32.35927993577529
50,0.9,0.2,0,line,pcglasso_fortran,I,1.873817422860384e-5,0.15049999999999386,32.35929044246788
50,0.9,0.2,0,line,pcglasso_fortran,I,6.579332246575681e-5,0.010499999999979082,32.359340253522646
50,0.9,0.2,0,line,pcglasso_fortran,I,2.310129700083161e-4,0.015500000000002956,32.359340253522646
50,0.9,0.2,0,line,pcglasso_fortran,I,8.11130830789687e-4,0.008000000000009777,32.36146661578266
50,0.9,0.2,0,line,pcglasso_fortran,I,0.002848035868435802,0.0075000000000216005,32.36145083863249
50,0.9,0.2,0,line,pcglasso_fortran,I,0.010000000000000004,0.006499999999988404,32.36409897522108
50,0.9,0.2,0.5,hub,pcglasso,C,9.999999999999982e-9,0.11199999999999477,42.326363811686434
50,0.9,0.2,0.5,hub,pcglasso,C,3.5111917342151263e-8,0.10400000000001342,42.32636381168644
50,0.9,0.2,0.5,hub,pcglasso,C,1.2328467394420646e-7,0.2855000000000132,42.32636381168644
50,0.9,0.2,0.5,hub,pcglasso,C,4.328761281083054e-7,0.3710000000000093,42.326363811686434
50,0.9,0.2,0.5,hub,pcglasso,C,1.5199110829529328e-6,0.13399999999998613,42.32636381168644
50,0.9,0.2,0.5,hub,pcglasso,C,5.336699231206308e-6,0.12600000000000477,42.3263638116865
50,0.9,0.2,0.5,hub,pcglasso,C,1.873817422860384e-5,0.1214999999999975,42.3263638116872
50,0.9,0.2,0.5,hub,pcglasso,C,6.579332246575681e-5,0.12649999999999295,42.32636381169588
50,0.9,0.2,0.5,hub,pcglasso,C,2.310129700083161e-4,0.1144999999999925,42.32636381193084
50,0.9,0.2,0.5,hub,pcglasso,C,8.11130830789687e-4,0.11549999999999727,42.32636381395454
50,0.9,0.2,0.5,hub,pcglasso,C,0.002848035868435802,0.11100000000001842,42.32636383693765
50,0.9,0.2,0.5,hub,pcglasso,C,0.010000000000000004,0.5799999999999841,42.326363840911185
50,0.9,0.2,0.5,hub,pcglasso,I,9.999999999999982e-9,0.043000000000006366,42.32636381168644
50,0.9,0.2,0.5,hub,pcglasso,I,3.5111917342151263e-8,0.03700000000000614,42.32636381168644
50,0.9,0.2,0.5,hub,pcglasso,I,1.2328467394420646e-7,0.03899999999998727,42.32636381168644
50,0.9,0.2,0.5,hub,pcglasso,I,4.328761281083054e-7,0.0660000000000025,42.326363811686434
50,0.9,0.2,0.5,hub,pcglasso,I,1.5199110829529328e-6,0.04049999999998022,42.326363811686434
50,0.9,0.2,0.5,hub,pcglasso,I,5.336699231206308e-6,0.03849999999999909,42.326363811686484
50,0.9,0.2,0.5,hub,pcglasso,I,1.873817422860384e-5,0.033499999999975216,42.32636381168708
50,0.9,0.2,0.5,hub,pcglasso,I,6.579332246575681e-5,0.03149999999999409,42.32636381169367
50,0.9,0.2,0.5,hub,pcglasso,I,2.310129700083161e-4,0.027000000000015234,42.3263638119004
50,0.9,0.2,0.5,hub,pcglasso,I,8.11130830789687e-4,0.02400000000000091,42.32636381370799
50,0.9,0.2,0.5,hub,pcglasso,I,0.002848035868435802,0.019499999999993634,42.32636381370799
50,0.9,0.2,0.5,hub,pcglasso,I,0.010000000000000004,0.021000000000015007,42.32636381370799
50,0.9,0.2,0.5,hub,pcglasso_cpp,C,9.999999999999982e-9,0.01849999999998886,42.326363812054694
50,0.9,0.2,0.5,hub,pcglasso_cpp,C,3.5111917342151263e-8,0.018000000000000682,42.326363812054694
50,0.9,0.2,0.5,hub,pcglasso_cpp,C,1.2328467394420646e-7,0.02200000000001978,42.326363812054694
50,0.9,0.2,0.5,hub,pcglasso_cpp,C,4.328761281083054e-7,0.02349999999998431,42.326363819363515
50,0.9,0.2,0.5,hub,pcglasso_cpp,C,1.5199110829529328e-6,0.021500000000003183,42.326363819363515
50,0.9,0.2,0.5,hub,pcglasso_cpp,C,5.336699231206308e-6,0.01999999999998181,42.326363984687475
50,0.9,0.2,0.5,hub,pcglasso_cpp,C,1.873817422860384e-5,0.028500000000008185,42.326363984687475
50,0.9,0.2,0.5,hub,pcglasso_cpp,C,6.579332246575681e-5,0.021000000000015007,42.326363984687475
50,0.9,0.2,0.5,hub,pcglasso_cpp,C,2.310129700083161e-4,0.01799999999997226,42.32636771877906
50,0.9,0.2,0.5,hub,pcglasso_cpp,C,8.11130830789687e-4,0.01849999999998886,42.32636771877906
50,0.9,0.2,0.5,hub,pcglasso_cpp,C,0.002848035868435802,0.022999999999967713,42.326445876413956
50,0.9,0.2,0.5,hub,pcglasso_cpp,C,0.010000000000000004,0.045000000000015916,42.327457070066544
50,0.9,0.2,0.5,hub,pcglasso_cpp,I,9.999999999999982e-9,0.008499999999969532,42.326363811808406
50,0.9,0.2,0.5,hub,pcglasso_cpp,I,3.5111917342151263e-8,0.007000000000005002,42.326363811808406
50,0.9,0.2,0.5,hub,pcglasso_cpp,I,1.2328467394420646e-7,0.007999999999981355,42.32636381422768
50,0.9,0.2,0.5,hub,pcglasso_cpp,I,4.328761281083054e-7,0.012999999999976808,42.32636381422768
50,0.9,0.2,0.5,hub,pcglasso_cpp,I,1.5199110829529328e-6,0.009000000000014552,42.32636386462897
50,0.9,0.2,0.5,hub,pcglasso_cpp,I,5.336699231206308e-6,0.007999999999981355,42.32636386462897
50,0.9,0.2,0.5,hub,pcglasso_cpp,I,1.873817422860384e-5,0.008000000000038199,42.32636386462897
50,0.9,0.2,0.5,hub,pcglasso_cpp,I,6.579332246575681e-5,0.008000000000009777,42.326364914341355
50,0.9,0.2,0.5,hub,pcglasso_cpp,I,2.310129700083161e-4,0.006500000000016826,42.326364914341355
50,0.9,0.2,0.5,hub,pcglasso_cpp,I,8.11130830789687e-4,0.004500000000007276,42.32638674747789
50,0.9,0.2,0.5,hub,pcglasso_cpp,I,0.002848035868435802,0.004499999999978854,42.32638674747789
50,0.9,0.2,0.5,hub,pcglasso_cpp,I,0.010000000000000004,0.0049999999999954525,42.32638674747789
50,0.9,0.2,0.5,hub,pcglasso_fortran,C,9.999999999999982e-9,0.009500000000002728,42.32636381192957
50,0.9,0.2,0.5,hub,pcglasso_fortran,C,3.5111917342151263e-8,0.009999999999990905,42.32636381192957
50,0.9,0.2,0.5,hub,pcglasso_fortran,C,1.2328467394420646e-7,0.013499999999993406,42.32636381688172
50,0.9,0.2,0.5,hub,pcglasso_fortran,C,4.328761281083054e-7,0.018000000000000682,42.32636381688172
50,0.9,0.2,0.5,hub,pcglasso_fortran,C,1.5199110829529328e-6,0.011500000000012278,42.32636381688172
50,0.9,0.2,0.5,hub,pcglasso_fortran,C,5.336699231206308e-6,0.010500000000007503,42.32636393188942
50,0.9,0.2,0.5,hub,pcglasso_fortran,C,1.873817422860384e-5,0.01099999999999568,42.32636393188942
50,0.9,0.2,0.5,hub,pcglasso_fortran,C,6.579332246575681e-5,0.009499999999974307,42.326366592393626
50,0.9,0.2,0.5,hub,pcglasso_fortran,C,2.310129700083161e-4,0.009499999999974307,42.326366592393626
50,0.9,0.2,0.5,hub,pcglasso_fortran,C,8.11130830789687e-4,0.010000000000019327,42.326366592393626
50,0.9,0.2,0.5,hub,pcglasso_fortran,C,0.002848035868435802,0.01649999999997931,42.326428302165944
50,0.9,0.2,0.5,hub,pcglasso_fortran,C,0.010000000000000004,0.046999999999997044,42.327256987105415
50,0.9,0.2,0.5,hub,pcglasso_fortran,I,9.999999999999982e-9,0.004500000000007276,42.326363811797776
50,0.9,0.2,0.5,hub,pcglasso_fortran,I,3.5111917342151263e-8,0.003999999999990678,42.326363811797776
50,0.9,0.2,0.5,hub,pcglasso_fortran,I,1.2328467394420646e-7,0.004500000000007276,42.326363814060855
50,0.9,0.2,0.5,hub,pcglasso_fortran,I,4.328761281083054e-7,0.008000000000009777,42.326363814060855
50,0.9,0.2,0.5,hub,pcglasso_fortran,I,1.5199110829529328e-6,0.0049999999999954525,42.326363862309165
50,0.9,0.2,0.5,hub,pcglasso_fortran,I,5.336699231206308e-6,0.003999999999990678,42.326363862309165
50,0.9,0.2,0.5,hub,pcglasso_fortran,I,1.873817422860384e-5,0.003999999999962256,42.326363862309165
50,0.9,0.2,0.5,hub,pcglasso_fortran,I,6.579332246575681e-5,0.005500000000012051,42.3263648896255
50,0.9,0.2,0.5,hub,pcglasso_fortran,I,2.310129700083161e-4,0.003500000000002501,42.3263648896255
50,0.9,0.2,0.5,hub,pcglasso_fortran,I,8.11130830789687e-4,0.002500000000026148,42.32638659944302
50,0.9,0.2,0.5,hub,pcglasso_fortran,I,0.002848035868435802,0.0024999999999977263,42.32638659944302
50,0.9,0.2,0.5,hub,pcglasso_fortran,I,0.010000000000000004,0.003500000000002501,42.32638659944302
50,0.9,0.2,0.5,line,pcglasso,C,9.999999999999982e-9,0.32800000000000296,41.05022484592834
50,0.9,0.2,0.5,line,pcglasso,C,3.5111917342151263e-8,0.18500000000000227,41.05022484592854
50,0.9,0.2,0.5,line,pcglasso,C,1.2328467394420646e-7,0.30349999999998545,41.05022484592899
50,0.9,0.2,0.5,line,pcglasso,C,4.328761281083054e-7,0.16149999999998954,41.0502248460067
50,0.9,0.2,0.5,line,pcglasso,C,1.5199110829529328e-6,0.13450000000000273,41.05022484663626
50,0.9,0.2,0.5,line,pcglasso,C,5.336699231206308e-6,0.10049999999998249,41.050224856123876
50,0.9,0.2,0.5,line,pcglasso,C,1.873817422860384e-5,0.3149999999999977,41.05022485544165
50,0.9,0.2,0.5,line,pcglasso,C,6.579332246575681e-5,0.09349999999997749,41.05022485309119
50,0.9,0.2,0.5,line,pcglasso,C,2.310129700083161e-4,0.11949999999998795,41.05022488899048
50,0.9,0.2,0.5,line,pcglasso,C,8.11130830789687e-4,0.09100000000000819,41.05022504300596
50,0.9,0.2,0.5,line,pcglasso,C,0.002848035868435802,0.14349999999998886,41.050230713412994
50,0.9,0.2,0.5,line,pcglasso,C,0.010000000000000004,0.07849999999999113,41.050296266110564
50,0.9,0.2,0.5,line,pcglasso,I,9.999999999999982e-9,0.16949999999999932,41.05022484592833
50,0.9,0.2,0.5,line,pcglasso,I,3.5111917342151263e-8,0.16749999999998977,41.05022484592832
50,0.9,0.2,0.5,line,pcglasso,I,1.2328467394420646e-7,0.14750000000000796,41.05022484593873
50,0.9,0.2,0.5,line,pcglasso,I,4.328761281083054e-7,0.11800000000002342,41.05022484600764
50,0.9,0.2,0.5,line,pcglasso,I,1.5199110829529328e-6,0.11250000000001137,41.05022484595342
50,0.9,0.2,0.5,line,pcglasso,I,5.336699231206308e-6,0.20050000000000523,41.050224851850686
50,0.9,0.2,0.5,line,pcglasso,I,1.873817422860384e-5,0.06200000000001182,41.05022484890222
50,0.9,0.2,0.5,line,pcglasso,I,6.579332246575681e-5,0.0589999999999975,41.05022484980404
50,0.9,0.2,0.5,line,pcglasso,I,2.310129700083161e-4,0.054500000000047066,41.05022493815622
50,0.9,0.2,0.5,line,pcglasso,I,8.11130830789687e-4,0.052500000000009095,41.05022573868673
50,0.9,0.2,0.5,line,pcglasso,I,0.002848035868435802,0.05500000000000682,41.05023566143548
50,0.9,0.2,0.5,line,pcglasso,I,0.010000000000000004,0.04100000000002524,41.05034154771877
50,0.9,0.2,0.5,line,pcglasso_cpp,C,9.999999999999982e-9,0.022500000000007958,41.05022484972703
50,0.9,0.2,0.5,line,pcglasso_cpp,C,3.5111917342151263e-8,0.021500000000003183,41.05022485597078
50,0.9,0.2,0.5,line,pcglasso_cpp,C,1.2328467394420646e-7,0.020000000000010232,41.05022488043782
50,0.9,0.2,0.5,line,pcglasso_cpp,C,4.328761281083054e-7,0.021000000000015007,41.05022496537239
50,0.9,0.2,0.5,line,pcglasso_cpp,C,1.5199110829529328e-6,0.017499999999984084,41.05022526637109
50,0.9,0.2,0.5,line,pcglasso_cpp,C,5.336699231206308e-6,0.017499999999984084,41.050226422269866
50,0.9,0.2,0.5,line,pcglasso_cpp,C,1.873817422860384e-5,0.021500000000003183,41.050230812234574
50,0.9,0.2,0.5,line,pcglasso_cpp,C,6.579332246575681e-5,0.016999999999967486,41.050230812234574
50,0.9,0.2,0.5,line,pcglasso_cpp,C,2.310129700083161e-4,0.015500000000031378,41.050247888296454
50,0.9,0.2,0.5,line,pcglasso_cpp,C,8.11130830789687e-4,0.013999999999981583,41.05031478898175
50,0.9,0.2,0.5,line,pcglasso_cpp,C,0.002848035868435802,0.013499999999993406,41.050581142223095
50,0.9,0.2,0.5,line,pcglasso_cpp,C,0.010000000000000004,0.012000000000000455,41.05164716159109
50,0.9,0.2,0.5,line,pcglasso_cpp,I,9.999999999999982e-9,0.019000000000005457,41.050224849943184
50,0.9,0.2,0.5,line,pcglasso_cpp,I,3.5111917342151263e-8,0.01849999999998886,41.05022485599499
50,0.9,0.2,0.5,line,pcglasso_cpp,I,1.2328467394420646e-7,0.016999999999995907,41.0502248792877
50,0.9,0.2,0.5,line,pcglasso_cpp,I,4.328761281083054e-7,0.01650000000000773,41.05022495685819
50,0.9,0.2,0.5,line,pcglasso_cpp,I,1.5199110829529328e-6,0.014999999999986358,41.05022522104268
50,0.9,0.2,0.5,line,pcglasso_cpp,I,5.336699231206308e-6,0.014000000000010004,41.05022621129615
50,0.9,0.2,0.5,line,pcglasso_cpp,I,1.873817422860384e-5,0.014000000000010004,41.05022984727503
50,0.9,0.2,0.5,line,pcglasso_cpp,I,6.579332246575681e-5,0.012999999999976808,41.05024353197222
50,0.9,0.2,0.5,line,pcglasso_cpp,I,2.310129700083161e-4,0.015500000000002956,41.05029482314313
50,0.9,0.2,0.5,line,pcglasso_cpp,I,8.11130830789687e-4,0.009999999999990905,41.05048734754012
50,0.9,0.2,0.5,line,pcglasso_cpp,I,0.002848035868435802,0.011499999999983856,41.051208434073295
50,0.9,0.2,0.5,line,pcglasso_cpp,I,0.010000000000000004,0.007499999999993179,41.05386210789534
50,0.9,0.2,0.5,line,pcglasso_fortran,C,9.999999999999982e-9,0.010999999999967258,41.05022484712224
50,0.9,0.2,0.5,line,pcglasso_fortran,C,3.5111917342151263e-8,0.011000000000024102,41.05022485219335
50,0.9,0.2,0.5,line,pcglasso_fortran,C,1.2328467394420646e-7,0.011499999999983856,41.050224875207455
50,0.9,0.2,0.5,line,pcglasso_fortran,C,4.328761281083054e-7,0.009500000000002728,41.050224960915166
50,0.9,0.2,0.5,line,pcglasso_fortran,C,1.5199110829529328e-6,0.00950000000003115,41.050224960915166
50,0.9,0.2,0.5,line,pcglasso_fortran,C,5.336699231206308e-6,0.012500000000017053,41.05022534240176
50,0.9,0.2,0.5,line,pcglasso_fortran,C,1.873817422860384e-5,0.00899999999998613,41.05022785306099
50,0.9,0.2,0.5,line,pcglasso_fortran,C,6.579332246575681e-5,0.00950000000003115,41.05022785306099
50,0.9,0.2,0.5,line,pcglasso_fortran,C,2.310129700083161e-4,0.008499999999997954,41.050243199462265
50,0.9,0.2,0.5,line,pcglasso_fortran,C,8.11130830789687e-4,0.008499999999997954,41.05032707768305
50,0.9,0.2,0.5,line,pcglasso_fortran,C,0.002848035868435802,0.008500000000026375,41.05032707768305
50,0.9,0.2,0.5,line,pcglasso_fortran,C,0.010000000000000004,0.007499999999993179,41.05086758341952
50,0.9,0.2,0.5,line,pcglasso_fortran,I,9.999999999999982e-9,0.14449999999999363,41.05022485026987
50,0.9,0.2,0.5,line,pcglasso_fortran,I,3.5111917342151263e-8,0.008999999999957708,41.05022485026987
50,0.9,0.2,0.5,line,pcglasso_fortran,I,1.2328467394420646e-7,0.011499999999983856,41.05022485987766
50,0.9,0.2,0.5,line,pcglasso_fortran,I,4.328761281083054e-7,0.012499999999988631,41.050224901109914
50,0.9,0.2,0.5,line,pcglasso_fortran,I,1.5199110829529328e-6,0.0075000000000216005,41.05022506853334
50,0.9,0.2,0.5,line,pcglasso_fortran,I,5.336699231206308e-6,0.007000000000005002,41.0502257380834
50,0.9,0.2,0.5,line,pcglasso_fortran,I,1.873817422860384e-5,0.0075000000000216005,41.050228611379296
50,0.9,0.2,0.5,line,pcglasso_fortran,I,6.579332246575681e-5,0.006500000000016826,41.050238102689356
50,0.9,0.2,0.5,line,pcglasso_fortran,I,2.310129700083161e-4,0.028999999999996362,41.050238102689356
50,0.9,0.2,0.5,line,pcglasso_fortran,I,8.11130830789687e-4,0.006499999999988404,41.05029276262014
50,0.9,0.2,0.5,line,pcglasso_fortran,I,0.002848035868435802,0.008000000000009777,41.05066066000008
50,0.9,0.2,0.5,line,pcglasso_fortran,I,0.010000000000000004,0.005999999999971806,41.050646390331416
50,1,0.1,0,hub,pcglasso,C,9.999999999999982e-9,0.938999999999993,7.943086291593426
50,1,0.1,0,hub,pcglasso,C,3.5111917342151263e-8,0.7530000000000143,7.943086291593575
50,1,0.1,0,hub,pcglasso,C,1.2328467394420646e-7,0.8739999999999952,7.943086291635303
50,1,0.1,0,hub,pcglasso,C,4.328761281083054e-7,0.6105000000000018,7.94308629165903
50,1,0.1,0,hub,pcglasso,C,1.5199110829529328e-6,0.6244999999999834,7.943086291750507
50,1,0.1,0,hub,pcglasso,C,5.336699231206308e-6,0.5950000000000273,7.943086301755227
50,1,0.1,0,hub,pcglasso,C,1.873817422860384e-5,0.41399999999998727,7.943086341542801
50,1,0.1,0,hub,pcglasso,C,6.579332246575681e-5,0.37350000000003547,7.943086551541096
50,1,0.1,0,hub,pcglasso,C,2.310129700083161e-4,0.3109999999999786,7.943090599739995
50,1,0.1,0,hub,pcglasso,C,8.11130830789687e-4,0.24549999999999272,7.9431579273944966
50,1,0.1,0,hub,pcglasso,C,0.002848035868435802,0.1595000000000084,7.944170959347757
50,1,0.1,0,hub,pcglasso,C,0.010000000000000004,0.33449999999999136,7.946437179189292
50,1,0.1,0,hub,pcglasso,I,9.999999999999982e-9,5.245500000000021,7.943086291593445
50,1,0.1,0,hub,pcglasso,I,3.5111917342151263e-8,4.318000000000012,7.943086291593595
50,1,0.1,0,hub,pcglasso,I,1.2328467394420646e-7,3.7145000000000152,7.943086291595783
50,1,0.1,0,hub,pcglasso,I,4.328761281083054e-7,3.1535000000000366,7.9430862916229374
50,1,0.1,0,hub,pcglasso,I,1.5199110829529328e-6,2.676000000000016,7.943086291966347
50,1,0.1,0,hub,pcglasso,I,5.336699231206308e-6,2.457000000000022,7.943086295620701
50,1,0.1,0,hub,pcglasso,I,1.873817422860384e-5,2.2804999999999893,7.943086345597286
50,1,0.1,0,hub,pcglasso,I,6.579332246575681e-5,1.5144999999999982,7.943086971413355
50,1,0.1,0,hub,pcglasso,I,2.310129700083161e-4,1.2744999999999607,7.9430949673501505
50,1,0.1,0,hub,pcglasso,I,8.11130830789687e-4,0.9824999999999875,7.943197469898575
50,1,0.1,0,hub,pcglasso,I,0.002848035868435802,0.5190000000000055,7.94458934718311
50,1,0.1,0,hub,pcglasso,I,0.010000000000000004,0.3089999999999975,7.9739961842166025
50,1,0.1,0,hub,pcglasso_cpp,C,9.999999999999982e-9,1.1350000000000193,7.943087163908451
50,1,0.1,0,hub,pcglasso_cpp,C,3.5111917342151263e-8,0.907999999999987,7.943089344990058
50,1,0.1,0,hub,pcglasso_cpp,C,1.2328467394420646e-7,0.6989999999999839,7.943096710958284
50,1,0.1,0,hub,pcglasso_cpp,C,4.328761281083054e-7,0.5519999999999925,7.943113921733492
50,1,0.1,0,hub,pcglasso_cpp,C,1.5199110829529328e-6,0.4615000000000009,7.943145407089297
50,1,0.1,0,hub,pcglasso_cpp,C,5.336699231206308e-6,0.4175000000000466,7.94314520166358
50,1,0.1,0,hub,pcglasso_cpp,C,1.873817422860384e-5,0.39050000000000296,7.94322361420932
50,1,0.1,0,hub,pcglasso_cpp,C,6.579332246575681e-5,0.2050000000000125,7.943540327323686
50,1,0.1,0,hub,pcglasso_cpp,C,2.310129700083161e-4,0.17300000000000182,7.943677939001121
50,1,0.1,0,hub,pcglasso_cpp,C,8.11130830789687e-4,0.15149999999999864,7.944352337316248
50,1,0.1,0,hub,pcglasso_cpp,C,0.002848035868435802,0.14099999999999113,7.945216508579499
50,1,0.1,0,hub,pcglasso_cpp,C,0.010000000000000004,0.3710000000000093,7.951944661906265
50,1,0.1,0,hub,pcglasso_cpp,I,9.999999999999982e-9,0.9659999999999798,7.943087168260362
50,1,0.1,0,hub,pcglasso_cpp,I,3.5111917342151263e-8,0.849000000000018,7.943089297262464
50,1,0.1,0,hub,pcglasso_cpp,I,1.2328467394420646e-7,0.7815000000000225,7.943095365077447
50,1,0.1,0,hub,pcglasso_cpp,I,4.328761281083054e-7,0.5324999999999989,7.943107048365018
50,1,0.1,0,hub,pcglasso_cpp,I,1.5199110829529328e-6,0.3815000000000168,7.9431447674809945
50,1,0.1,0,hub,pcglasso_cpp,I,5.336699231206308e-6,0.3394999999999868,7.943148483491223
50,1,0.1,0,hub,pcglasso_cpp,I,1.873817422860384e-5,0.36549999999999727,7.9432059348072315
50,1,0.1,0,hub,pcglasso_cpp,I,6.579332246575681e-5,0.2764999999999702,7.943517198444067
50,1,0.1,0,hub,pcglasso_cpp,I,2.310129700083161e-4,0.24850000000000705,7.944770613804086
50,1,0.1,0,hub,pcglasso_cpp,I,8.11130830789687e-4,0.33799999999999386,7.947649707919375
50,1,0.1,0,hub,pcglasso_cpp,I,0.002848035868435802,0.16449999999997544,7.962421125900365
50,1,0.1,0,hub,pcglasso_cpp,I,0.010000000000000004,0.222500000000025,8.01573257808895
50,1,0.1,0,hub,pcglasso_fortran,C,9.999999999999982e-9,2.031000000000006,7.94308796212551
50,1,0.1,0,hub,pcglasso_fortran,C,3.5111917342151263e-8,2.073999999999984,7.9430878002804395
50,1,0.1,0,hub,pcglasso_fortran,C,1.2328467394420646e-7,1.7280000000000086,7.943087152413256
50,1,0.1,0,hub,pcglasso_fortran,C,4.328761281083054e-7,1.7585000000000264,7.943090334827776
50,1,0.1,0,hub,pcglasso_fortran,C,1.5199110829529328e-6,1.1885000000000048,7.9433546978339145
50,1,0.1,0,hub,pcglasso_fortran,C,5.336699231206308e-6,1.1654999999999802,7.943129611946269
50,1,0.1,0,hub,pcglasso_fortran,C,1.873817422860384e-5,0.5379999999999825,7.944997735961625
50,1,0.1,0,hub,pcglasso_fortran,C,6.579332246575681e-5,0.40449999999998454,7.947092087794359
50,1,0.1,0,hub,pcglasso_fortran,C,2.310129700083161e-4,0.2995000000000232,7.948067062608259
50,1,0.1,0,hub,pcglasso_fortran,C,8.11130830789687e-4,0.2950000000000159,7.950537392106245
50,1,0.1,0,hub,pcglasso_fortran,C,0.002848035868435802,0.21599999999997976,7.954471133402061
50,1,0.1,0,hub,pcglasso_fortran,C,0.010000000000000004,0.3914999999999793,7.959433337461437
50,1,0.1,0,hub,pcglasso_fortran,I,9.999999999999982e-9,2.1699999999999875,7.943086366624731
50,1,0.1,0,hub,pcglasso_fortran,I,3.5111917342151263e-8,2.0849999999999795,7.943086762858686
50,1,0.1,0,hub,pcglasso_fortran,I,1.2328467394420646e-7,2.563999999999993,7.943087283133051
50,1,0.1,0,hub,pcglasso_fortran,I,4.328761281083054e-7,1.75,7.943097098627397
50,1,0.1,0,hub,pcglasso_fortran,I,1.5199110829529328e-6,1.6544999999999845,7.943097733456799
50,1,0.1,0,hub,pcglasso_fortran,I,5.336699231206308e-6,0.9900000000000091,7.943228557764408
50,1,0.1,0,hub,pcglasso_fortran,I,1.873817422860384e-5,1.1550000000000011,7.943237365629884
50,1,0.1,0,hub,pcglasso_fortran,I,6.579332246575681e-5,0.9095000000000084,7.943593639087439
50,1,0.1,0,hub,pcglasso_fortran,I,2.310129700083161e-4,0.8259999999999934,7.945001453720494
50,1,0.1,0,hub,pcglasso_fortran,I,8.11130830789687e-4,0.5980000000000132,7.9497651177366535
50,1,0.1,0,hub,pcglasso_fortran,I,0.002848035868435802,0.5455000000000041,7.969408926493173
50,1,0.1,0,hub,pcglasso_fortran,I,0.010000000000000004,0.6820000000000164,8.027355808113457
50,1,0.1,0.5,hub,pcglasso,C,9.999999999999982e-9,0.7579999999999814,25.06198943278936
50,1,0.1,0.5,hub,pcglasso,C,3.5111917342151263e-8,0.8344999999999914,25.061989432789563
50,1,0.1,0.5,hub,pcglasso,C,1.2328467394420646e-7,0.6004999999999825,25.06198943279158
50,1,0.1,0.5,hub,pcglasso,C,4.328761281083054e-7,0.6989999999999839,25.061989432797166
50,1,0.1,0.5,hub,pcglasso,C,1.5199110829529328e-6,0.508499999999998,25.06198943370066
50,1,0.1,0.5,hub,pcglasso,C,5.336699231206308e-6,0.40900000000002024,25.061989438966354
50,1,0.1,0.5,hub,pcglasso,C,1.873817422860384e-5,0.3270000000000266,25.061989451511586
50,1,0.1,0.5,hub,pcglasso,C,6.579332246575681e-5,0.39400000000000546,25.061989504529468
50,1,0.1,0.5,hub,pcglasso,C,2.310129700083161e-4,0.27600000000001046,25.061989581679153
50,1,0.1,0.5,hub,pcglasso,C,8.11130830789687e-4,0.21399999999999864,25.06199162023826
50,1,0.1,0.5,hub,pcglasso,C,0.002848035868435802,0.31150000000002365,25.062009757416018
50,1,0.1,0.5,hub,pcglasso,C,0.010000000000000004,0.5275000000000034,25.062156806187634
50,1,0.1,0.5,hub,pcglasso,I,9.999999999999982e-9,1.225500000000011,25.061989432789368
50,1,0.1,0.5,hub,pcglasso,I,3.5111917342151263e-8,0.9604999999999961,25.06198943278947
50,1,0.1,0.5,hub,pcglasso,I,1.2328467394420646e-7,0.9254999999999995,25.061989432789794
50,1,0.1,0.5,hub,pcglasso,I,4.328761281083054e-7,1.0144999999999982,25.061989432797475
50,1,0.1,0.5,hub,pcglasso,I,1.5199110829529328e-6,0.7849999999999966,25.061989432953776
50,1,0.1,0.5,hub,pcglasso,I,5.336699231206308e-6,0.6135000000000161,25.061989437111887
50,1,0.1,0.5,hub,pcglasso,I,1.873817422860384e-5,0.4939999999999998,25.061989446735275
50,1,0.1,0.5,hub,pcglasso,I,6.579332246575681e-5,0.5939999999999941,25.061989468427328
50,1,0.1,0.5,hub,pcglasso,I,2.310129700083161e-4,0.6989999999999839,25.061989631748098
50,1,0.1,0.5,hub,pcglasso,I,8.11130830789687e-4,0.549999999999983,25.061990416685042
50,1,0.1,0.5,hub,pcglasso,I,0.002848035868435802,0.47999999999998977,25.061996190090287
50,1,0.1,0.5,hub,pcglasso,I,0.010000000000000004,0.4739999999999611,25.062178118006745
50,1,0.1,0.5,hub,pcglasso_cpp,C,9.999999999999982e-9,0.2605000000000075,25.06198946684229
50,1,0.1,0.5,hub,pcglasso_cpp,C,3.5111917342151263e-8,0.1104999999999734,25.061989541074542
50,1,0.1,0.5,hub,pcglasso_cpp,C,1.2328467394420646e-7,0.10800000000003251,25.06198987904782
50,1,0.1,0.5,hub,pcglasso_cpp,C,4.328761281083054e-7,0.10050000000003934,25.0619909089277
50,1,0.1,0.5,hub,pcglasso_cpp,C,1.5199110829529328e-6,0.2365000000000066,25.061994342122226
50,1,0.1,0.5,hub,pcglasso_cpp,C,5.336699231206308e-6,0.20150000000001,25.06200610048552
50,1,0.1,0.5,hub,pcglasso_cpp,C,1.873817422860384e-5,0.08199999999999363,25.062012870783366
50,1,0.1,0.5,hub,pcglasso_cpp,C,6.579332246575681e-5,0.07849999999999113,25.06207147901078
50,1,0.1,0.5,hub,pcglasso_cpp,C,2.310129700083161e-4,0.0625,25.062206136295345
50,1,0.1,0.5,hub,pcglasso_cpp,C,8.11130830789687e-4,0.05850000000000932,25.062827909342737
50,1,0.1,0.5,hub,pcglasso_cpp,C,0.002848035868435802,0.08450000000001978,25.065487300225524
50,1,0.1,0.5,hub,pcglasso_cpp,C,0.010000000000000004,0.16600000000002524,25.073206266391363
50,1,0.1,0.5,hub,pcglasso_cpp,I,9.999999999999982e-9,0.12000000000000455,25.061989465811862
50,1,0.1,0.5,hub,pcglasso_cpp,I,3.5111917342151263e-8,0.1155000000000257,25.061989559673233
50,1,0.1,0.5,hub,pcglasso_cpp,I,1.2328467394420646e-7,0.22900000000001342,25.06198990313238
50,1,0.1,0.5,hub,pcglasso_cpp,I,4.328761281083054e-7,0.09499999999999886,25.061991113852052
50,1,0.1,0.5,hub,pcglasso_cpp,I,1.5199110829529328e-6,0.09149999999999636,25.061995033391106
50,1,0.1,0.5,hub,pcglasso_cpp,I,5.336699231206308e-6,0.08550000000002456,25.06200743768358
50,1,0.1,0.5,hub,pcglasso_cpp,I,1.873817422860384e-5,0.07849999999996271,25.062079536481757
50,1,0.1,0.5,hub,pcglasso_cpp,I,6.579332246575681e-5,0.18500000000000227,25.062271039222363
50,1,0.1,0.5,hub,pcglasso_cpp,I,2.310129700083161e-4,0.07450000000002888,25.06277390985241
50,1,0.1,0.5,hub,pcglasso_cpp,I,8.11130830789687e-4,0.05699999999998795,25.064459699088374
50,1,0.1,0.5,hub,pcglasso_cpp,I,0.002848035868435802,0.08750000000000568,25.066251630839293
50,1,0.1,0.5,hub,pcglasso_cpp,I,0.010000000000000004,0.08999999999997499,25.069373020777668
50,1,0.1,0.5,hub,pcglasso_fortran,C,9.999999999999982e-9,0.603999999999985,25.06198949225416
50,1,0.1,0.5,hub,pcglasso_fortran,C,3.5111917342151263e-8,0.18149999999999977,25.06198951610635
50,1,0.1,0.5,hub,pcglasso_fortran,C,1.2328467394420646e-7,0.17949999999999022,25.061990138836368
50,1,0.1,0.5,hub,pcglasso_fortran,C,4.328761281083054e-7,0.16299999999995407,25.061993849930598
50,1,0.1,0.5,hub,pcglasso_fortran,C,1.5199110829529328e-6,0.14099999999999113,25.062006304378798
50,1,0.1,0.5,hub,pcglasso_fortran,C,5.336699231206308e-6,0.12600000000000477,25.062084923773668
50,1,0.1,0.5,hub,pcglasso_fortran,C,1.873817422860384e-5,0.23049999999997794,25.06237748180065
50,1,0.1,0.5,hub,pcglasso_fortran,C,6.579332246575681e-5,0.382000000000005,25.06288919843604
50,1,0.1,0.5,hub,pcglasso_fortran,C,2.310129700083161e-4,0.07849999999999113,25.063927930454998
50,1,0.1,0.5,hub,pcglasso_fortran,C,8.11130830789687e-4,0.2464999999999975,25.066790299210222
50,1,0.1,0.5,hub,pcglasso_fortran,C,0.002848035868435802,0.09800000000001319,25.07418134226629
50,1,0.1,0.5,hub,pcglasso_fortran,C,0.010000000000000004,0.11349999999998772,25.075884704854154
50,1,0.1,0.5,hub,pcglasso_fortran,I,9.999999999999982e-9,0.3100000000000023,25.06198960182724
50,1,0.1,0.5,hub,pcglasso_fortran,I,3.5111917342151263e-8,0.4539999999999793,25.061989872977126
50,1,0.1,0.5,hub,pcglasso_fortran,I,1.2328467394420646e-7,0.42199999999999704,25.061990343711464
50,1,0.1,0.5,hub,pcglasso_fortran,I,4.328761281083054e-7,0.4000000000000057,25.061992535706867
50,1,0.1,0.5,hub,pcglasso_fortran,I,1.5199110829529328e-6,0.24399999999999977,25.061991120741432
50,1,0.1,0.5,hub,pcglasso_fortran,I,5.336699231206308e-6,0.3119999999999834,25.062086314991976
50,1,0.1,0.5,hub,pcglasso_fortran,I,1.873817422860384e-5,0.29349999999999454,25.062275673838084
50,1,0.1,0.5,hub,pcglasso_fortran,I,6.579332246575681e-5,0.15300000000002,25.062267905455183
50,1,0.1,0.5,hub,pcglasso_fortran,I,2.310129700083161e-4,0.1419999999999959,25.067393200553504
50,1,0.1,0.5,hub,pcglasso_fortran,I,8.11130830789687e-4,0.1285000000000025,25.062932805574594
50,1,0.1,0.5,hub,pcglasso_fortran,I,0.002848035868435802,0.1659999999999684,25.064771518199354
50,1,0.1,0.5,hub,pcglasso_fortran,I,0.010000000000000004,0.1750000000000398,25.06813407019021
50,1,0.2,0,hub,pcglasso,C,9.999999999999982e-9,1.636000000000024,11.63488805076422
50,1,0.2,0,hub,pcglasso,C,3.5111917342151263e-8,1.643999999999977,11.63488805076459
50,1,0.2,0,hub,pcglasso,C,1.2328467394420646e-7,1.6310000000000002,11.63488805076478
50,1,0.2,0,hub,pcglasso,C,4.328761281083054e-7,1.3710000000000093,11.634888050801274
50,1,0.2,0,hub,pcglasso,C,1.5199110829529328e-6,0.9105000000000132,11.63488805239926
50,1,0.2,0,hub,pcglasso,C,5.336699231206308e-6,0.9545000000000243,11.634888061823581
50,1,0.2,0,hub,pcglasso,C,1.873817422860384e-5,0.7845000000000084,11.63488808890031
50,1,0.2,0,hub,pcglasso,C,6.579332246575681e-5,0.4644999999999868,11.634888597458762
50,1,0.2,0,hub,pcglasso,C,2.310129700083161e-4,0.4590000000000032,11.634891216191177
50,1,0.2,0,hub,pcglasso,C,8.11130830789687e-4,0.31799999999998363,11.634972500498225
50,1,0.2,0,hub,pcglasso,C,0.002848035868435802,0.3850000000000193,11.634992590475875
50,1,0.2,0,hub,pcglasso,C,0.010000000000000004,0.4890000000000043,11.635651345132462
50,1,0.2,0,hub,pcglasso,I,9.999999999999982e-9,1.7889999999999873,11.634888050764246
50,1,0.2,0,hub,pcglasso,I,3.5111917342151263e-8,1.7060000000000173,11.63488805076502
50,1,0.2,0,hub,pcglasso,I,1.2328467394420646e-7,1.8515000000000157,11.634888050765731
50,1,0.2,0,hub,pcglasso,I,4.328761281083054e-7,1.546999999999997,11.634888050945955
50,1,0.2,0,hub,pcglasso,I,1.5199110829529328e-6,1.3864999999999839,11.6348880542166
50,1,0.2,0,hub,pcglasso,I,5.336699231206308e-6,1.329499999999996,11.634888064954314
50,1,0.2,0,hub,pcglasso,I,1.873817422860384e-5,1.1699999999999875,11.634888085654495
50,1,0.2,0,hub,pcglasso,I,6.579332246575681e-5,1.0459999999999923,11.634888241761121
50,1,0.2,0,hub,pcglasso,I,2.310129700083161e-4,1.1000000000000227,11.63488842870129
50,1,0.2,0,hub,pcglasso,I,8.11130830789687e-4,0.9484999999999957,11.634892953694765
50,1,0.2,0,hub,pcglasso,I,0.002848035868435802,0.8255000000000052,11.634948956237572
50,1,0.2,0,hub,pcglasso,I,0.010000000000000004,0.7869999999999777,11.635587513018173
50,1,0.2,0,hub,pcglasso_cpp,C,9.999999999999982e-9,0.3024999999999807,11.634888194055904
50,1,0.2,0,hub,pcglasso_cpp,C,3.5111917342151263e-8,0.27950000000001296,11.634888567535421
50,1,0.2,0,hub,pcglasso_cpp,C,1.2328467394420646e-7,0.24899999999999523,11.634889707372151
50,1,0.2,0,hub,pcglasso_cpp,C,4.328761281083054e-7,0.21750000000000114,11.63489274887498
50,1,0.2,0,hub,pcglasso_cpp,C,1.5199110829529328e-6,0.20249999999998636,11.634898961835654
50,1,0.2,0,hub,pcglasso_cpp,C,5.336699231206308e-6,0.24100000000001387,11.634901130463751
50,1,0.2,0,hub,pcglasso_cpp,C,1.873817422860384e-5,0.17250000000001364,11.634905420987918
50,1,0.2,0,hub,pcglasso_cpp,C,6.579332246575681e-5,0.1449999999999818,11.634946913961336
50,1,0.2,0,hub,pcglasso_cpp,C,2.310129700083161e-4,0.1220000000000141,11.635120869368066
50,1,0.2,0,hub,pcglasso_cpp,C,8.11130830789687e-4,0.10150000000001569,11.635839262495107
50,1,0.2,0,hub,pcglasso_cpp,C,0.002848035868435802,0.11549999999999727,11.637497757755277
50,1,0.2,0,hub,pcglasso_cpp,C,0.010000000000000004,0.27949999999998454,11.644049385578136
50,1,0.2,0,hub,pcglasso_cpp,I,9.999999999999982e-9,0.3504999999999825,11.634888179376674
50,1,0.2,0,hub,pcglasso_cpp,I,3.5111917342151263e-8,0.25849999999999795,11.634888493316382
50,1,0.2,0,hub,pcglasso_cpp,I,1.2328467394420646e-7,0.22949999999997317,11.634889268494367
50,1,0.2,0,hub,pcglasso_cpp,I,4.328761281083054e-7,0.3060000000000116,11.634891096747895
50,1,0.2,0,hub,pcglasso_cpp,I,1.5199110829529328e-6,0.18200000000001637,11.63489570317746
50,1,0.2,0,hub,pcglasso_cpp,I,5.336699231206308e-6,0.16749999999996135,11.634899839577848
50,1,0.2,0,hub,pcglasso_cpp,I,1.873817422860384e-5,0.15800000000001546,11.634903985981692
50,1,0.2,0,hub,pcglasso_cpp,I,6.579332246575681e-5,0.13750000000001705,11.634952587266016
50,1,0.2,0,hub,pcglasso_cpp,I,2.310129700083161e-4,0.12349999999997863,11.635160208760942
50,1,0.2,0,hub,pcglasso_cpp,I,8.11130830789687e-4,0.10950000000002547,11.635511441553355
50,1,0.2,0,hub,pcglasso_cpp,I,0.002848035868435802,0.10699999999999932,11.636570427781898
50,1,0.2,0,hub,pcglasso_cpp,I,0.010000000000000004,0.11700000000001864,11.645116478869973
50,1,0.2,0,hub,pcglasso_fortran,C,9.999999999999982e-9,0.7249999999999943,11.634888226390045
50,1,0.2,0,hub,pcglasso_fortran,C,3.5111917342151263e-8,0.7019999999999982,11.634888315591532
50,1,0.2,0,hub,pcglasso_fortran,C,1.2328467394420646e-7,0.4334999999999809,11.634889717652655
50,1,0.2,0,hub,pcglasso_fortran,C,4.328761281083054e-7,0.5449999999999875,11.634889872092888
50,1,0.2,0,hub,pcglasso_fortran,C,1.5199110829529328e-6,0.4029999999999916,11.634914141883556
50,1,0.2,0,hub,pcglasso_fortran,C,5.336699231206308e-6,0.4469999999999743,11.634969508334793
50,1,0.2,0,hub,pcglasso_fortran,C,1.873817422860384e-5,0.21700000000001296,11.634967265342102
50,1,0.2,0,hub,pcglasso_fortran,C,6.579332246575681e-5,0.18950000000000955,11.635073205910652
50,1,0.2,0,hub,pcglasso_fortran,C,2.310129700083161e-4,0.1414999999999793,11.636404169089147
50,1,0.2,0,hub,pcglasso_fortran,C,8.11130830789687e-4,0.1769999999999925,11.639675112526685
50,1,0.2,0,hub,pcglasso_fortran,C,0.002848035868435802,0.13949999999996976,11.654672017983104
50,1,0.2,0,hub,pcglasso_fortran,C,0.010000000000000004,0.2009999999999934,11.661956343642348
50,1,0.2,0,hub,pcglasso_fortran,I,9.999999999999982e-9,0.8295000000000243,11.634888237941027
50,1,0.2,0,hub,pcglasso_fortran,I,3.5111917342151263e-8,0.6409999999999911,11.63488969338663
50,1,0.2,0,hub,pcglasso_fortran,I,1.2328467394420646e-7,0.5685000000000002,11.634888976493183
50,1,0.2,0,hub,pcglasso_fortran,I,4.328761281083054e-7,0.6700000000000159,11.634891799629766
50,1,0.2,0,hub,pcglasso_fortran,I,1.5199110829529328e-6,0.5635000000000048,11.634911875028425
50,1,0.2,0,hub,pcglasso_fortran,I,5.336699231206308e-6,0.45800000000002683,11.634911003705188
50,1,0.2,0,hub,pcglasso_fortran,I,1.873817422860384e-5,0.38749999999998863,11.635023631181287
50,1,0.2,0,hub,pcglasso_fortran,I,6.579332246575681e-5,0.3119999999999834,11.63638338435931
50,1,0.2,0,hub,pcglasso_fortran,I,2.310129700083161e-4,0.2564999999999884,11.636434140362315
50,1,0.2,0,hub,pcglasso_fortran,I,8.11130830789687e-4,0.2734999999999559,11.640982147382076
50,1,0.2,0,hub,pcglasso_fortran,I,0.002848035868435802,0.27599999999998204,11.656407988164204
50,1,0.2,0,hub,pcglasso_fortran,I,0.010000000000000004,0.2609999999999957,11.670383045714992
50,1,0.2,0.5,hub,pcglasso,C,9.999999999999982e-9,0.6809999999999832,26.493310220147556
50,1,0.2,0.5,hub,pcglasso,C,3.5111917342151263e-8,0.5609999999999786,26.493310220147674
50,1,0.2,0.5,hub,pcglasso,C,1.2328467394420646e-7,0.47150000000002024,26.49331022015575
50,1,0.2,0.5,hub,pcglasso,C,4.328761281083054e-7,0.4595000000000198,26.49331022015575
50,1,0.2,0.5,hub,pcglasso,C,1.5199110829529328e-6,0.17249999999998522,26.493310232816178
50,1,0.2,0.5,hub,pcglasso,C,5.336699231206308e-6,0.2634999999999934,26.49331022753922
50,1,0.2,0.5,hub,pcglasso,C,1.873817422860384e-5,0.19950000000002888,26.49331025253586
50,1,0.2,0.5,hub,pcglasso,C,6.579332246575681e-5,0.16100000000002979,26.493310372479662
50,1,0.2,0.5,hub,pcglasso,C,2.310129700083161e-4,0.1564999999999941,26.493311787822087
50,1,0.2,0.5,hub,pcglasso,C,8.11130830789687e-4,0.24799999999999045,26.493320825979737
50,1,0.2,0.5,hub,pcglasso,C,0.002848035868435802,0.2880000000000109,26.49342864481578
50,1,0.2,0.5,hub,pcglasso,C,0.010000000000000004,0.5270000000000437,26.494347719480032
50,1,0.2,0.5,hub,pcglasso,I,9.999999999999982e-9,0.5175000000000125,26.493310220147563
50,1,0.2,0.5,hub,pcglasso,I,3.5111917342151263e-8,0.5634999999999764,26.49331022014767
50,1,0.2,0.5,hub,pcglasso,I,1.2328467394420646e-7,0.4539999999999793,26.493310220150043
50,1,0.2,0.5,hub,pcglasso,I,4.328761281083054e-7,0.4310000000000116,26.49331022028241
50,1,0.2,0.5,hub,pcglasso,I,1.5199110829529328e-6,0.25549999999998363,26.49331022033246
50,1,0.2,0.5,hub,pcglasso,I,5.336699231206308e-6,0.25149999999999295,26.49331022237454
50,1,0.2,0.5,hub,pcglasso,I,1.873817422860384e-5,0.17950000000001864,26.49331025065463
50,1,0.2,0.5,hub,pcglasso,I,6.579332246575681e-5,0.17599999999998772,26.49331029402362
50,1,0.2,0.5,hub,pcglasso,I,2.310129700083161e-4,0.19899999999998386,26.493311132884617
50,1,0.2,0.5,hub,pcglasso,I,8.11130830789687e-4,0.23699999999999477,26.493326113507557
50,1,0.2,0.5,hub,pcglasso,I,0.002848035868435802,0.22950000000003,26.49338065730721
50,1,0.2,0.5,hub,pcglasso,I,0.010000000000000004,0.18000000000000682,26.49519283407336
50,1,0.2,0.5,hub,pcglasso_cpp,C,9.999999999999982e-9,0.40100000000001046,26.493310462309307
50,1,0.2,0.5,hub,pcglasso_cpp,C,3.5111917342151263e-8,0.44000000000002615,26.493311077567142
50,1,0.2,0.5,hub,pcglasso_cpp,C,1.2328467394420646e-7,0.32450000000000045,26.493311195182436
50,1,0.2,0.5,hub,pcglasso_cpp,C,4.328761281083054e-7,0.2880000000000109,26.49331141156332
50,1,0.2,0.5,hub,pcglasso_cpp,C,1.5199110829529328e-6,0.1915000000000191,26.493311619974016
50,1,0.2,0.5,hub,pcglasso_cpp,C,5.336699231206308e-6,0.1484999999999843,26.493317863432253
50,1,0.2,0.5,hub,pcglasso_cpp,C,1.873817422860384e-5,0.20949999999999136,26.493318881965155
50,1,0.2,0.5,hub,pcglasso_cpp,C,6.579332246575681e-5,0.10150000000001569,26.49334729982942
50,1,0.2,0.5,hub,pcglasso_cpp,C,2.310129700083161e-4,0.07099999999999795,26.494986101608358
50,1,0.2,0.5,hub,pcglasso_cpp,C,8.11130830789687e-4,0.05400000000003047,26.50635833997832
50,1,0.2,0.5,hub,pcglasso_cpp,C,0.002848035868435802,0.03899999999998727,26.515865301887338
50,1,0.2,0.5,hub,pcglasso_cpp,C,0.010000000000000004,0.09700000000000841,26.522310243639847
50,1,0.2,0.5,hub,pcglasso_cpp,I,9.999999999999982e-9,0.4119999999999777,26.49331045978994
50,1,0.2,0.5,hub,pcglasso_cpp,I,3.5111917342151263e-8,0.3745000000000118,26.493311073007558
50,1,0.2,0.5,hub,pcglasso_cpp,I,1.2328467394420646e-7,0.4119999999999777,26.49331102033264
50,1,0.2,0.5,hub,pcglasso_cpp,I,4.328761281083054e-7,0.3429999999999893,26.493312320966112
50,1,0.2,0.5,hub,pcglasso_cpp,I,1.5199110829529328e-6,0.2510000000000048,26.493312094298474
50,1,0.2,0.5,hub,pcglasso_cpp,I,5.336699231206308e-6,0.2634999999999934,26.49331374732097
50,1,0.2,0.5,hub,pcglasso_cpp,I,1.873817422860384e-5,0.16849999999999454,26.49332175003085
50,1,0.2,0.5,hub,pcglasso_cpp,I,6.579332246575681e-5,0.14399999999997704,26.493378631899617
50,1,0.2,0.5,hub,pcglasso_cpp,I,2.310129700083161e-4,0.1875,26.495064184885393
50,1,0.2,0.5,hub,pcglasso_cpp,I,8.11130830789687e-4,0.09499999999999886,26.49375526778676
50,1,0.2,0.5,hub,pcglasso_cpp,I,0.002848035868435802,0.07149999999998613,26.512702659168
50,1,0.2,0.5,hub,pcglasso_cpp,I,0.010000000000000004,0.0654999999999859,26.5285485402731
50,1,0.2,0.5,hub,pcglasso_fortran,C,9.999999999999982e-9,0.16550000000000864,26.493310222755948
50,1,0.2,0.5,hub,pcglasso_fortran,C,3.5111917342151263e-8,0.1355000000000075,26.493310226037483
50,1,0.2,0.5,hub,pcglasso_fortran,C,1.2328467394420646e-7,0.17949999999999022,26.493310241818293
50,1,0.2,0.5,hub,pcglasso_fortran,C,4.328761281083054e-7,0.12100000000000932,26.493310279712095
50,1,0.2,0.5,hub,pcglasso_fortran,C,1.5199110829529328e-6,0.055499999999995,26.493310951426782
50,1,0.2,0.5,hub,pcglasso_fortran,C,5.336699231206308e-6,0.049000000000006594,26.49331280313455
50,1,0.2,0.5,hub,pcglasso_fortran,C,1.873817422860384e-5,0.047000000000025466,26.493319244506957
50,1,0.2,0.5,hub,pcglasso_fortran,C,6.579332246575681e-5,0.10000000000002274,26.493321457954274
50,1,0.2,0.5,hub,pcglasso_fortran,C,2.310129700083161e-4,0.05000000000001137,26.493402868891863
50,1,0.2,0.5,hub,pcglasso_fortran,C,8.11130830789687e-4,0.04750000000001364,26.49416930257524
50,1,0.2,0.5,hub,pcglasso_fortran,C,0.002848035868435802,0.04950000000002319,26.494860871101626
50,1,0.2,0.5,hub,pcglasso_fortran,C,0.010000000000000004,0.05999999999997385,26.498716322425587
50,1,0.2,0.5,hub,pcglasso_fortran,I,9.999999999999982e-9,0.08199999999999363,26.49331022696762
50,1,0.2,0.5,hub,pcglasso_fortran,I,3.5111917342151263e-8,0.20949999999999136,26.493310225167342
50,1,0.2,0.5,hub,pcglasso_fortran,I,1.2328467394420646e-7,0.07650000000001,26.493310230456032
50,1,0.2,0.5,hub,pcglasso_fortran,I,4.328761281083054e-7,0.15500000000002956,26.493310230456032
50,1,0.2,0.5,hub,pcglasso_fortran,I,1.5199110829529328e-6,0.17900000000000205,26.493311088713607
50,1,0.2,0.5,hub,pcglasso_fortran,I,5.336699231206308e-6,0.06850000000000023,26.493311476869355
50,1,0.2,0.5,hub,pcglasso_fortran,I,1.873817422860384e-5,0.11199999999999477,26.493317188732725
50,1,0.2,0.5,hub,pcglasso_fortran,I,6.579332246575681e-5,0.0595000000000141,26.493317188732725
50,1,0.2,0.5,hub,pcglasso_fortran,I,2.310129700083161e-4,0.17900000000000205,26.493640049335987
50,1,0.2,0.5,hub,pcglasso_fortran,I,8.11130830789687e-4,0.14299999999997226,26.493640049335987
50,1,0.2,0.5,hub,pcglasso_fortran,I,0.002848035868435802,0.06999999999999318,26.494868556116767
50,1,0.2,0.5,hub,pcglasso_fortran,I,0.010000000000000004,0.07299999999997908,26.494868556116767
