p,cor_modifier,lambda,alpha,K_structure,solver,starting_point,tolerance,m,status,time,f_end,error
10,1,0.1,0,hub,pcglasso_cpp,C,0.010000000000000004,1,ok,0.03200000000000003,3.249460028976767,NA
10,1,0.1,0,hub,pcglasso_cpp,C,0.010000000000000004,2,ok,0.0259999999999998,3.249460028976767,NA
50,1,0.1,0,hub,pcglasso_cpp,C,0.010000000000000004,1,ok,0.1479999999999997,7.951944661906265,NA
50,1,0.1,0,hub,pcglasso_cpp,C,0.010000000000000004,2,ok,0.1800000000000015,7.951944661906265,NA
10,0.9,0.1,0,hub,pcglasso_cpp,C,0.010000000000000004,1,ok,0.02400000000000091,7.135880412111828,NA
10,0.9,0.1,0,hub,pcglasso_cpp,C,0.010000000000000004,2,ok,0.017000000000001236,7.135880412111828,NA
50,0.9,0.1,0,hub,pcglasso_cpp,C,0.010000000000000004,1,ok,0.0389999999999997,45.13317941500127,NA
50,0.9,0.1,0,hub,pcglasso_cpp,C,0.010000000000000004,2,ok,0.038000000000000256,45.13317941500127,NA
10,1,0.2,0,hub,pcglasso_cpp,C,0.010000000000000004,1,ok,0.019999999999999574,4.354369255966612,NA
10,1,0.2,0,hub,pcglasso_cpp,C,0.010000000000000004,2,ok,0.019000000000000128,4.354369255966612,NA
50,1,0.2,0,hub,pcglasso_cpp,C,0.010000000000000004,1,ok,0.14199999999999946,11.644049385578136,NA
50,1,0.2,0,hub,pcglasso_cpp,C,0.010000000000000004,2,ok,0.13699999999999868,11.644049385578136,NA
10,0.9,0.2,0,hub,pcglasso_cpp,C,0.010000000000000004,1,ok,0.01699999999999946,8.1142294228114,NA
10,0.9,0.2,0,hub,pcglasso_cpp,C,0.010000000000000004,2,ok,0.01699999999999946,8.1142294228114,NA
50,0.9,0.2,0,hub,pcglasso_cpp,C,0.010000000000000004,1,ok,0.03500000000000014,48.12185659877812,NA
50,0.9,0.2,0,hub,pcglasso_cpp,C,0.010000000000000004,2,ok,0.036999999999999034,48.12185659877812,NA
10,1,0.1,0.5,hub,pcglasso_cpp,C,0.010000000000000004,1,ok,0.02099999999999902,6.601315795770052,NA
10,1,0.1,0.5,hub,pcglasso_cpp,C,0.010000000000000004,2,ok,0.034000000000000696,6.601315795770052,NA
50,1,0.1,0.5,hub,pcglasso_cpp,C,0.010000000000000004,1,ok,0.09799999999999898,25.073206266391363,NA
50,1,0.1,0.5,hub,pcglasso_cpp,C,0.010000000000000004,2,ok,0.1039999999999992,25.073206266391363,NA
10,0.9,0.1,0.5,hub,pcglasso_cpp,C,0.010000000000000004,1,ok,0.021000000000000796,8.008116342697983,NA
10,0.9,0.1,0.5,hub,pcglasso_cpp,C,0.010000000000000004,2,ok,0.036999999999999034,8.008116342697983,NA
50,0.9,0.1,0.5,hub,pcglasso_cpp,C,0.010000000000000004,1,ok,0.05900000000000105,41.879951587758946,NA
50,0.9,0.1,0.5,hub,pcglasso_cpp,C,0.010000000000000004,2,ok,0.06099999999999994,41.879951587758946,NA
10,1,0.2,0.5,hub,pcglasso_cpp,C,0.010000000000000004,1,ok,0.016000000000000014,7.294901222416739,NA
10,1,0.2,0.5,hub,pcglasso_cpp,C,0.010000000000000004,2,ok,0.02800000000000047,7.294901222416739,NA
50,1,0.2,0.5,hub,pcglasso_cpp,C,0.010000000000000004,1,ok,0.1120000000000001,26.522310243639847,NA
50,1,0.2,0.5,hub,pcglasso_cpp,C,0.010000000000000004,2,ok,0.06300000000000061,26.522310243639847,NA
10,0.9,0.2,0.5,hub,pcglasso_cpp,C,0.010000000000000004,1,ok,0.032999999999999474,8.357303328815602,NA
10,0.9,0.2,0.5,hub,pcglasso_cpp,C,0.010000000000000004,2,ok,0.0389999999999997,8.357303328815602,NA
50,0.9,0.2,0.5,hub,pcglasso_cpp,C,0.010000000000000004,1,ok,0.0810000000000013,42.327457070066544,NA
50,0.9,0.2,0.5,hub,pcglasso_cpp,C,0.010000000000000004,2,ok,0.06899999999999906,42.327457070066544,NA
10,1,0.1,0,hub,pcglasso_fortran,C,0.010000000000000004,1,ok,0.012000000000000455,3.2519981826491575,NA
10,1,0.1,0,hub,pcglasso_fortran,C,0.010000000000000004,2,ok,0.012000000000000455,3.2519981826491575,NA
50,1,0.1,0,hub,pcglasso_fortran,C,0.010000000000000004,1,ok,0.48600000000000065,7.959433337461437,NA
50,1,0.1,0,hub,pcglasso_fortran,C,0.010000000000000004,2,ok,0.9659999999999993,7.959433337461437,NA
10,0.9,0.1,0,hub,pcglasso_fortran,C,0.010000000000000004,1,ok,0.0129999999999999,7.130307859762745,NA
10,0.9,0.1,0,hub,pcglasso_fortran,C,0.010000000000000004,2,ok,0.0129999999999999,7.130307859762745,NA
50,0.9,0.1,0,hub,pcglasso_fortran,C,0.010000000000000004,1,ok,0.027000000000001023,45.141718211108376,NA
50,0.9,0.1,0,hub,pcglasso_fortran,C,0.010000000000000004,2,ok,0.026999999999999247,45.141718211108376,NA
10,1,0.2,0,hub,pcglasso_fortran,C,0.010000000000000004,1,ok,0.025000000000000355,4.352472796028408,NA
10,1,0.2,0,hub,pcglasso_fortran,C,0.010000000000000004,2,ok,0.021000000000000796,4.352472796028408,NA
50,1,0.2,0,hub,pcglasso_fortran,C,0.010000000000000004,1,ok,0.17800000000000082,11.661956343642348,NA
50,1,0.2,0,hub,pcglasso_fortran,C,0.010000000000000004,2,ok,0.1739999999999995,11.661956343642348,NA
10,0.9,0.2,0,hub,pcglasso_fortran,C,0.010000000000000004,1,ok,0.006999999999999673,8.110780045534552,NA
10,0.9,0.2,0,hub,pcglasso_fortran,C,0.010000000000000004,2,ok,0.007999999999999119,8.110780045534552,NA
50,0.9,0.2,0,hub,pcglasso_fortran,C,0.010000000000000004,1,ok,0.016000000000000014,48.12327355683703,NA
50,0.9,0.2,0,hub,pcglasso_fortran,C,0.010000000000000004,2,ok,0.015000000000000568,48.12327355683703,NA
10,1,0.1,0.5,hub,pcglasso_fortran,C,0.010000000000000004,1,ok,0.009999999999999787,6.596848014979774,NA
10,1,0.1,0.5,hub,pcglasso_fortran,C,0.010000000000000004,2,ok,0.031000000000000583,6.596848014979774,NA
50,1,0.1,0.5,hub,pcglasso_fortran,C,0.010000000000000004,1,ok,0.12099999999999866,25.075884704854154,NA
50,1,0.1,0.5,hub,pcglasso_fortran,C,0.010000000000000004,2,ok,0.09700000000000131,25.075884704854154,NA
10,0.9,0.1,0.5,hub,pcglasso_fortran,C,0.010000000000000004,1,ok,0.008000000000000895,8.00776253096817,NA
10,0.9,0.1,0.5,hub,pcglasso_fortran,C,0.010000000000000004,2,ok,0.016000000000000014,8.00776253096817,NA
50,0.9,0.1,0.5,hub,pcglasso_fortran,C,0.010000000000000004,1,ok,0.015000000000000568,41.88001260944487,NA
50,0.9,0.1,0.5,hub,pcglasso_fortran,C,0.010000000000000004,2,ok,0.014000000000001123,41.88001260944487,NA
10,1,0.2,0.5,hub,pcglasso_fortran,C,0.010000000000000004,1,ok,0.021000000000000796,7.289285095948231,NA
10,1,0.2,0.5,hub,pcglasso_fortran,C,0.010000000000000004,2,ok,0.009000000000000341,7.289285095948231,NA
50,1,0.2,0.5,hub,pcglasso_fortran,C,0.010000000000000004,1,ok,0.05799999999999983,26.498716322425587,NA
50,1,0.2,0.5,hub,pcglasso_fortran,C,0.010000000000000004,2,ok,0.07000000000000028,26.498716322425587,NA
10,0.9,0.2,0.5,hub,pcglasso_fortran,C,0.010000000000000004,1,ok,0.02099999999999902,8.357468213769291,NA
10,0.9,0.2,0.5,hub,pcglasso_fortran,C,0.010000000000000004,2,ok,0.014000000000001123,8.357468213769291,NA
50,0.9,0.2,0.5,hub,pcglasso_fortran,C,0.010000000000000004,1,ok,0.036999999999999034,42.327256987105415,NA
50,0.9,0.2,0.5,hub,pcglasso_fortran,C,0.010000000000000004,2,ok,0.019000000000000128,42.327256987105415,NA
10,1,0.1,0,hub,pcglasso,C,0.010000000000000004,1,ok,0.03200000000000003,3.406647021848162,NA
10,1,0.1,0,hub,pcglasso,C,0.010000000000000004,2,ok,0.03200000000000003,3.406647021848162,NA
50,1,0.1,0,hub,pcglasso,C,0.010000000000000004,1,ok,0.03599999999999959,16.337224897961516,NA
50,1,0.1,0,hub,pcglasso,C,0.010000000000000004,2,ok,0.05799999999999983,16.337224897961516,NA
10,0.9,0.1,0,hub,pcglasso,C,0.010000000000000004,1,ok,0.03599999999999959,7.435551605161291,NA
10,0.9,0.1,0,hub,pcglasso,C,0.010000000000000004,2,ok,0.0389999999999997,7.435551605161291,NA
50,0.9,0.1,0,hub,pcglasso,C,0.010000000000000004,1,ok,0.045999999999999375,52.344023665177296,NA
50,0.9,0.1,0,hub,pcglasso,C,0.010000000000000004,2,ok,0.07099999999999973,52.344023665177296,NA
10,1,0.2,0,hub,pcglasso,C,0.010000000000000004,1,ok,0.03200000000000003,4.814729382619251,NA
10,1,0.2,0,hub,pcglasso,C,0.010000000000000004,2,ok,0.03300000000000125,4.814729382619251,NA
50,1,0.2,0,hub,pcglasso,C,0.010000000000000004,1,ok,0.05799999999999983,43.94685354203878,NA
50,1,0.2,0,hub,pcglasso,C,0.010000000000000004,2,ok,0.05200000000000138,43.94685354203878,NA
10,0.9,0.2,0,hub,pcglasso,C,0.010000000000000004,1,ok,0.02800000000000047,8.843096758980026,NA
10,0.9,0.2,0,hub,pcglasso,C,0.010000000000000004,2,ok,0.028999999999999915,8.843096758980026,NA
50,0.9,0.2,0,hub,pcglasso,C,0.010000000000000004,1,ok,0.05000000000000071,60.90735628816934,NA
50,0.9,0.2,0,hub,pcglasso,C,0.010000000000000004,2,ok,0.041999999999999815,60.90735628816934,NA
10,1,0.1,0.5,hub,pcglasso,C,0.010000000000000004,1,ok,0.034000000000000696,8.575464955480392,NA
10,1,0.1,0.5,hub,pcglasso,C,0.010000000000000004,2,ok,0.04600000000000115,8.575464955480392,NA
50,1,0.1,0.5,hub,pcglasso,C,0.010000000000000004,1,ok,0.14200000000000124,55.93162607530963,NA
50,1,0.1,0.5,hub,pcglasso,C,0.010000000000000004,2,ok,0.12199999999999989,55.93162607530963,NA
10,0.9,0.1,0.5,hub,pcglasso,C,0.010000000000000004,1,ok,0.036999999999999034,9.068057018744295,NA
10,0.9,0.1,0.5,hub,pcglasso,C,0.010000000000000004,2,ok,0.045999999999999375,9.068057018744295,NA
50,0.9,0.1,0.5,hub,pcglasso,C,0.010000000000000004,1,ok,0.054999999999999716,41.88544220553767,NA
50,0.9,0.1,0.5,hub,pcglasso,C,0.010000000000000004,2,ok,0.054999999999999716,41.88544220553767,NA
10,1,0.2,0.5,hub,pcglasso,C,0.010000000000000004,1,ok,0.025000000000000355,9.392134286778585,NA
10,1,0.2,0.5,hub,pcglasso,C,0.010000000000000004,2,ok,0.02999999999999936,9.392134286778585,NA
50,1,0.2,0.5,hub,pcglasso,C,0.010000000000000004,1,ok,0.10800000000000054,82.42491075732546,NA
50,1,0.2,0.5,hub,pcglasso,C,0.010000000000000004,2,ok,0.125,82.42491075732546,NA
10,0.9,0.2,0.5,hub,pcglasso,C,0.010000000000000004,1,ok,0.03900000000000148,9.760319915749001,NA
10,0.9,0.2,0.5,hub,pcglasso,C,0.010000000000000004,2,ok,0.05999999999999872,9.760319915749001,NA
50,0.9,0.2,0.5,hub,pcglasso,C,0.010000000000000004,1,ok,0.06599999999999895,42.37147203052139,NA
50,0.9,0.2,0.5,hub,pcglasso,C,0.010000000000000004,2,ok,0.0519999999999996,42.37147203052139,NA
10,1,0.1,0,hub,pcglasso_cpp,I,0.010000000000000004,1,ok,0.008999999999998565,3.290177204373074,NA
10,1,0.1,0,hub,pcglasso_cpp,I,0.010000000000000004,2,ok,0.008999999999998565,3.290177204373074,NA
50,1,0.1,0,hub,pcglasso_cpp,I,0.010000000000000004,1,ok,0.1349999999999998,8.01573257808895,NA
50,1,0.1,0,hub,pcglasso_cpp,I,0.010000000000000004,2,ok,0.19899999999999984,8.01573257808895,NA
10,0.9,0.1,0,hub,pcglasso_cpp,I,0.010000000000000004,1,ok,0.0039999999999995595,7.131717184119807,NA
10,0.9,0.1,0,hub,pcglasso_cpp,I,0.010000000000000004,2,ok,0.004999999999999005,7.131717184119807,NA
50,0.9,0.1,0,hub,pcglasso_cpp,I,0.010000000000000004,1,ok,0.019000000000000128,45.134683544172226,NA
50,0.9,0.1,0,hub,pcglasso_cpp,I,0.010000000000000004,2,ok,0.04499999999999993,45.134683544172226,NA
10,1,0.2,0,hub,pcglasso_cpp,I,0.010000000000000004,1,ok,0.0129999999999999,4.372863890854619,NA
10,1,0.2,0,hub,pcglasso_cpp,I,0.010000000000000004,2,ok,0.011999999999998678,4.372863890854619,NA
50,1,0.2,0,hub,pcglasso_cpp,I,0.010000000000000004,1,ok,0.12400000000000055,11.645116478869973,NA
50,1,0.2,0,hub,pcglasso_cpp,I,0.010000000000000004,2,ok,0.10699999999999932,11.645116478869973,NA
10,0.9,0.2,0,hub,pcglasso_cpp,I,0.010000000000000004,1,ok,0.0039999999999995595,8.110420918167087,NA
10,0.9,0.2,0,hub,pcglasso_cpp,I,0.010000000000000004,2,ok,0.004999999999999005,8.110420918167087,NA
50,0.9,0.2,0,hub,pcglasso_cpp,I,0.010000000000000004,1,ok,0.016000000000000014,48.122304235018234,NA
50,0.9,0.2,0,hub,pcglasso_cpp,I,0.010000000000000004,2,ok,0.014999999999998792,48.122304235018234,NA
10,1,0.1,0.5,hub,pcglasso_cpp,I,0.010000000000000004,1,ok,0.004999999999999005,6.5968566783703375,NA
10,1,0.1,0.5,hub,pcglasso_cpp,I,0.010000000000000004,2,ok,0.0039999999999995595,6.5968566783703375,NA
50,1,0.1,0.5,hub,pcglasso_cpp,I,0.010000000000000004,1,ok,0.09200000000000053,25.069373020777668,NA
50,1,0.1,0.5,hub,pcglasso_cpp,I,0.010000000000000004,2,ok,0.07399999999999984,25.069373020777668,NA
10,0.9,0.1,0.5,hub,pcglasso_cpp,I,0.010000000000000004,1,ok,0.0039999999999995595,8.008016517620854,NA
10,0.9,0.1,0.5,hub,pcglasso_cpp,I,0.010000000000000004,2,ok,0.011000000000001009,8.008016517620854,NA
50,0.9,0.1,0.5,hub,pcglasso_cpp,I,0.010000000000000004,1,ok,0.015000000000000568,41.88138748569951,NA
50,0.9,0.1,0.5,hub,pcglasso_cpp,I,0.010000000000000004,2,ok,0.015000000000000568,41.88138748569951,NA
10,1,0.2,0.5,hub,pcglasso_cpp,I,0.010000000000000004,1,ok,0.004000000000001336,7.292465817770568,NA
10,1,0.2,0.5,hub,pcglasso_cpp,I,0.010000000000000004,2,ok,0.005000000000000782,7.292465817770568,NA
50,1,0.2,0.5,hub,pcglasso_cpp,I,0.010000000000000004,1,ok,0.06400000000000006,26.5285485402731,NA
50,1,0.2,0.5,hub,pcglasso_cpp,I,0.010000000000000004,2,ok,0.07699999999999996,26.5285485402731,NA
10,0.9,0.2,0.5,hub,pcglasso_cpp,I,0.010000000000000004,1,ok,0.0030000000000001137,8.359954779394823,NA
10,0.9,0.2,0.5,hub,pcglasso_cpp,I,0.010000000000000004,2,ok,0.004000000000001336,8.359954779394823,NA
50,0.9,0.2,0.5,hub,pcglasso_cpp,I,0.010000000000000004,1,ok,0.007999999999999119,42.32638674747789,NA
50,0.9,0.2,0.5,hub,pcglasso_cpp,I,0.010000000000000004,2,ok,0.007999999999999119,42.32638674747789,NA
10,1,0.1,0,hub,pcglasso_fortran,I,0.010000000000000004,1,ok,0.017999999999998906,3.2547025959103397,NA
10,1,0.1,0,hub,pcglasso_fortran,I,0.010000000000000004,2,ok,0.019000000000000128,3.2547025959103397,NA
50,1,0.1,0,hub,pcglasso_fortran,I,0.010000000000000004,1,ok,0.33000000000000007,8.027355808113457,NA
50,1,0.1,0,hub,pcglasso_fortran,I,0.010000000000000004,2,ok,0.4920000000000009,8.027355808113457,NA
10,0.9,0.1,0,hub,pcglasso_fortran,I,0.010000000000000004,1,ok,0.019000000000000128,7.121887474995106,NA
10,0.9,0.1,0,hub,pcglasso_fortran,I,0.010000000000000004,2,ok,0.016000000000000014,7.121887474995106,NA
50,0.9,0.1,0,hub,pcglasso_fortran,I,0.010000000000000004,1,ok,0.021000000000000796,45.13642086129882,NA
50,0.9,0.1,0,hub,pcglasso_fortran,I,0.010000000000000004,2,ok,0.025000000000000355,45.13642086129882,NA
10,1,0.2,0,hub,pcglasso_fortran,I,0.010000000000000004,1,ok,0.03200000000000003,4.358056369875575,NA
10,1,0.2,0,hub,pcglasso_fortran,I,0.010000000000000004,2,ok,0.013999999999999346,4.358056369875575,NA
50,1,0.2,0,hub,pcglasso_fortran,I,0.010000000000000004,1,ok,0.28200000000000003,11.670383045714992,NA
50,1,0.2,0,hub,pcglasso_fortran,I,0.010000000000000004,2,ok,0.23399999999999999,11.670383045714992,NA
10,0.9,0.2,0,hub,pcglasso_fortran,I,0.010000000000000004,1,ok,0.0039999999999995595,8.111495337583964,NA
10,0.9,0.2,0,hub,pcglasso_fortran,I,0.010000000000000004,2,ok,0.005000000000000782,8.111495337583964,NA
50,0.9,0.2,0,hub,pcglasso_fortran,I,0.010000000000000004,1,ok,0.012000000000000455,48.122617527510286,NA
50,0.9,0.2,0,hub,pcglasso_fortran,I,0.010000000000000004,2,ok,0.011999999999998678,48.122617527510286,NA
10,1,0.1,0.5,hub,pcglasso_fortran,I,0.010000000000000004,1,ok,0.009000000000000341,6.594858639490896,NA
10,1,0.1,0.5,hub,pcglasso_fortran,I,0.010000000000000004,2,ok,0.006999999999999673,6.594858639490896,NA
50,1,0.1,0.5,hub,pcglasso_fortran,I,0.010000000000000004,1,ok,0.17799999999999905,25.06813407019021,NA
50,1,0.1,0.5,hub,pcglasso_fortran,I,0.010000000000000004,2,ok,0.14400000000000013,25.06813407019021,NA
10,0.9,0.1,0.5,hub,pcglasso_fortran,I,0.010000000000000004,1,ok,0.0039999999999995595,8.00841143032828,NA
10,0.9,0.1,0.5,hub,pcglasso_fortran,I,0.010000000000000004,2,ok,0.007999999999999119,8.00841143032828,NA
50,0.9,0.1,0.5,hub,pcglasso_fortran,I,0.010000000000000004,1,ok,0.010999999999999233,41.881577334885996,NA
50,0.9,0.1,0.5,hub,pcglasso_fortran,I,0.010000000000000004,2,ok,0.011000000000001009,41.881577334885996,NA
10,1,0.2,0.5,hub,pcglasso_fortran,I,0.010000000000000004,1,ok,0.006999999999999673,7.295579883270584,NA
10,1,0.2,0.5,hub,pcglasso_fortran,I,0.010000000000000004,2,ok,0.0070000000000014495,7.295579883270584,NA
50,1,0.2,0.5,hub,pcglasso_fortran,I,0.010000000000000004,1,ok,0.0730000000000004,26.494868556116767,NA
50,1,0.2,0.5,hub,pcglasso_fortran,I,0.010000000000000004,2,ok,0.08700000000000152,26.494868556116767,NA
10,0.9,0.2,0.5,hub,pcglasso_fortran,I,0.010000000000000004,1,ok,0.0030000000000001137,8.356824710740428,NA
10,0.9,0.2,0.5,hub,pcglasso_fortran,I,0.010000000000000004,2,ok,0.009000000000000341,8.356824710740428,NA
50,0.9,0.2,0.5,hub,pcglasso_fortran,I,0.010000000000000004,1,ok,0.006000000000000227,42.32638659944302,NA
50,0.9,0.2,0.5,hub,pcglasso_fortran,I,0.010000000000000004,2,ok,0.004999999999999005,42.32638659944302,NA
10,1,0.1,0,hub,pcglasso,I,0.010000000000000004,1,ok,0.005000000000000782,4.211421385091719,NA
10,1,0.1,0,hub,pcglasso,I,0.010000000000000004,2,ok,0.005000000000000782,4.211421385091719,NA
50,1,0.1,0,hub,pcglasso,I,0.010000000000000004,1,ok,0.006999999999999673,11.26884730048622,NA
50,1,0.1,0,hub,pcglasso,I,0.010000000000000004,2,ok,0.010999999999999233,11.26884730048622,NA
10,0.9,0.1,0,hub,pcglasso,I,0.010000000000000004,1,ok,0.007999999999999119,7.423738838237185,NA
10,0.9,0.1,0,hub,pcglasso,I,0.010000000000000004,2,ok,0.009000000000000341,7.423738838237185,NA
50,0.9,0.1,0,hub,pcglasso,I,0.010000000000000004,1,ok,0.017999999999998906,45.54647806304632,NA
50,0.9,0.1,0,hub,pcglasso,I,0.010000000000000004,2,ok,0.013999999999999346,45.54647806304632,NA
10,1,0.2,0,hub,pcglasso,I,0.010000000000000004,1,ok,0.008000000000000895,5.145074436010901,NA
10,1,0.2,0,hub,pcglasso,I,0.010000000000000004,2,ok,0.005000000000000782,5.145074436010901,NA
50,1,0.2,0,hub,pcglasso,I,0.010000000000000004,1,ok,0.02000000000000135,17.720068813140614,NA
50,1,0.2,0,hub,pcglasso,I,0.010000000000000004,2,ok,0.01699999999999946,17.720068813140614,NA
10,0.9,0.2,0,hub,pcglasso,I,0.010000000000000004,1,ok,0.0039999999999995595,8.283238010071248,NA
10,0.9,0.2,0,hub,pcglasso,I,0.010000000000000004,2,ok,0.004999999999999005,8.283238010071248,NA
50,0.9,0.2,0,hub,pcglasso,I,0.010000000000000004,1,ok,0.019999999999999574,48.39224297404979,NA
50,0.9,0.2,0,hub,pcglasso,I,0.010000000000000004,2,ok,0.021000000000000796,48.39224297404979,NA
10,1,0.1,0.5,hub,pcglasso,I,0.010000000000000004,1,ok,0.005000000000000782,6.806145736749126,NA
10,1,0.1,0.5,hub,pcglasso,I,0.010000000000000004,2,ok,0.0039999999999995595,6.806145736749126,NA
50,1,0.1,0.5,hub,pcglasso,I,0.010000000000000004,1,ok,0.012000000000000455,27.488873617344947,NA
50,1,0.1,0.5,hub,pcglasso,I,0.010000000000000004,2,ok,0.009000000000000341,27.488873617344947,NA
10,0.9,0.1,0.5,hub,pcglasso,I,0.010000000000000004,1,ok,0.0039999999999995595,8.038683258608202,NA
10,0.9,0.1,0.5,hub,pcglasso,I,0.010000000000000004,2,ok,0.011999999999998678,8.038683258608202,NA
50,0.9,0.1,0.5,hub,pcglasso,I,0.010000000000000004,1,ok,0.016000000000000014,41.91901532671436,NA
50,0.9,0.1,0.5,hub,pcglasso,I,0.010000000000000004,2,ok,0.016000000000000014,41.91901532671436,NA
10,1,0.2,0.5,hub,pcglasso,I,0.010000000000000004,1,ok,0.0039999999999995595,7.631489015937403,NA
10,1,0.2,0.5,hub,pcglasso,I,0.010000000000000004,2,ok,0.0039999999999995595,7.631489015937403,NA
50,1,0.2,0.5,hub,pcglasso,I,0.010000000000000004,1,ok,0.009999999999999787,32.28766234652823,NA
50,1,0.2,0.5,hub,pcglasso,I,0.010000000000000004,2,ok,0.011999999999998678,32.28766234652823,NA
10,0.9,0.2,0.5,hub,pcglasso,I,0.010000000000000004,1,ok,0.0030000000000001137,8.365248870749621,NA
10,0.9,0.2,0.5,hub,pcglasso,I,0.010000000000000004,2,ok,0.006999999999999673,8.365248870749621,NA
50,0.9,0.2,0.5,hub,pcglasso,I,0.010000000000000004,1,ok,0.0129999999999999,42.32667347619218,NA
50,0.9,0.2,0.5,hub,pcglasso,I,0.010000000000000004,2,ok,0.013999999999999346,42.32667347619218,NA
10,1,0.1,0,hub,pcglasso_cpp,C,0.002848035868435802,1,ok,0.009999999999999787,3.251146933550406,NA
10,1,0.1,0,hub,pcglasso_cpp,C,0.002848035868435802,2,ok,0.009999999999999787,3.251146933550406,NA
50,1,0.1,0,hub,pcglasso_cpp,C,0.002848035868435802,1,ok,0.11799999999999855,7.945216508579499,NA
50,1,0.1,0,hub,pcglasso_cpp,C,0.002848035868435802,2,ok,0.17600000000000016,7.945216508579499,NA
10,0.9,0.1,0,hub,pcglasso_cpp,C,0.002848035868435802,1,ok,0.013999999999999346,7.125900074585431,NA
10,0.9,0.1,0,hub,pcglasso_cpp,C,0.002848035868435802,2,ok,0.013999999999999346,7.125900074585431,NA
50,0.9,0.1,0,hub,pcglasso_cpp,C,0.002848035868435802,1,ok,0.08900000000000041,45.13161216057982,NA
50,0.9,0.1,0,hub,pcglasso_cpp,C,0.002848035868435802,2,ok,0.06500000000000128,45.13161216057982,NA
10,1,0.2,0,hub,pcglasso_cpp,C,0.002848035868435802,1,ok,0.02999999999999936,4.351450426873599,NA
10,1,0.2,0,hub,pcglasso_cpp,C,0.002848035868435802,2,ok,0.013999999999999346,4.351450426873599,NA
50,1,0.2,0,hub,pcglasso_cpp,C,0.002848035868435802,1,ok,0.10899999999999999,11.637497757755277,NA
50,1,0.2,0,hub,pcglasso_cpp,C,0.002848035868435802,2,ok,0.09100000000000108,11.637497757755277,NA
10,0.9,0.2,0,hub,pcglasso_cpp,C,0.002848035868435802,1,ok,0.004999999999999005,8.108462773150784,NA
10,0.9,0.2,0,hub,pcglasso_cpp,C,0.002848035868435802,2,ok,0.006999999999999673,8.108462773150784,NA
50,0.9,0.2,0,hub,pcglasso_cpp,C,0.002848035868435802,1,ok,0.021000000000000796,48.12185659877812,NA
50,0.9,0.2,0,hub,pcglasso_cpp,C,0.002848035868435802,2,ok,0.019999999999999574,48.12185659877812,NA
10,1,0.1,0.5,hub,pcglasso_cpp,C,0.002848035868435802,1,ok,0.006999999999999673,6.594462540049553,NA
10,1,0.1,0.5,hub,pcglasso_cpp,C,0.002848035868435802,2,ok,0.006000000000000227,6.594462540049553,NA
50,1,0.1,0.5,hub,pcglasso_cpp,C,0.002848035868435802,1,ok,0.1330000000000009,25.065487300225524,NA
50,1,0.1,0.5,hub,pcglasso_cpp,C,0.002848035868435802,2,ok,0.10999999999999943,25.065487300225524,NA
10,0.9,0.1,0.5,hub,pcglasso_cpp,C,0.002848035868435802,1,ok,0.0039999999999995595,8.007498268098207,NA
10,0.9,0.1,0.5,hub,pcglasso_cpp,C,0.002848035868435802,2,ok,0.013999999999999346,8.007498268098207,NA
50,0.9,0.1,0.5,hub,pcglasso_cpp,C,0.002848035868435802,1,ok,0.01699999999999946,41.879951587758946,NA
50,0.9,0.1,0.5,hub,pcglasso_cpp,C,0.002848035868435802,2,ok,0.018000000000000682,41.879951587758946,NA
10,1,0.2,0.5,hub,pcglasso_cpp,C,0.002848035868435802,1,ok,0.004999999999999005,7.288904027351478,NA
10,1,0.2,0.5,hub,pcglasso_cpp,C,0.002848035868435802,2,ok,0.006000000000000227,7.288904027351478,NA
50,1,0.2,0.5,hub,pcglasso_cpp,C,0.002848035868435802,1,ok,0.03999999999999915,26.515865301887338,NA
50,1,0.2,0.5,hub,pcglasso_cpp,C,0.002848035868435802,2,ok,0.0470000000000006,26.515865301887338,NA
10,0.9,0.2,0.5,hub,pcglasso_cpp,C,0.002848035868435802,1,ok,0.004000000000001336,8.356003810551458,NA
10,0.9,0.2,0.5,hub,pcglasso_cpp,C,0.002848035868435802,2,ok,0.008000000000000895,8.356003810551458,NA
50,0.9,0.2,0.5,hub,pcglasso_cpp,C,0.002848035868435802,1,ok,0.0259999999999998,42.326445876413956,NA
50,0.9,0.2,0.5,hub,pcglasso_cpp,C,0.002848035868435802,2,ok,0.026999999999999247,42.326445876413956,NA
10,1,0.1,0,hub,pcglasso_fortran,C,0.002848035868435802,1,ok,0.009000000000000341,3.2498282124752826,NA
10,1,0.1,0,hub,pcglasso_fortran,C,0.002848035868435802,2,ok,0.009999999999999787,3.2498282124752826,NA
50,1,0.1,0,hub,pcglasso_fortran,C,0.002848035868435802,1,ok,0.1930000000000014,7.954471133402061,NA
50,1,0.1,0,hub,pcglasso_fortran,C,0.002848035868435802,2,ok,0.32200000000000095,7.954471133402061,NA
10,0.9,0.1,0,hub,pcglasso_fortran,C,0.002848035868435802,1,ok,0.019999999999999574,7.121127813170652,NA
10,0.9,0.1,0,hub,pcglasso_fortran,C,0.002848035868435802,2,ok,0.019000000000000128,7.121127813170652,NA
50,0.9,0.1,0,hub,pcglasso_fortran,C,0.002848035868435802,1,ok,0.022999999999999687,45.1391912653398,NA
50,0.9,0.1,0,hub,pcglasso_fortran,C,0.002848035868435802,2,ok,0.01899999999999835,45.1391912653398,NA
10,1,0.2,0,hub,pcglasso_fortran,C,0.002848035868435802,1,ok,0.019999999999999574,4.350242064752934,NA
10,1,0.2,0,hub,pcglasso_fortran,C,0.002848035868435802,2,ok,0.0129999999999999,4.350242064752934,NA
50,1,0.2,0,hub,pcglasso_fortran,C,0.002848035868435802,1,ok,0.14800000000000146,11.654672017983104,NA
50,1,0.2,0,hub,pcglasso_fortran,C,0.002848035868435802,2,ok,0.10599999999999987,11.654672017983104,NA
10,0.9,0.2,0,hub,pcglasso_fortran,C,0.002848035868435802,1,ok,0.005999999999998451,8.109202813181032,NA
10,0.9,0.2,0,hub,pcglasso_fortran,C,0.002848035868435802,2,ok,0.006000000000000227,8.109202813181032,NA
50,0.9,0.2,0,hub,pcglasso_fortran,C,0.002848035868435802,1,ok,0.0129999999999999,48.12327355683703,NA
50,0.9,0.2,0,hub,pcglasso_fortran,C,0.002848035868435802,2,ok,0.0129999999999999,48.12327355683703,NA
10,1,0.1,0.5,hub,pcglasso_fortran,C,0.002848035868435802,1,ok,0.009000000000000341,6.594575627789014,NA
10,1,0.1,0.5,hub,pcglasso_fortran,C,0.002848035868435802,2,ok,0.008000000000000895,6.594575627789014,NA
50,1,0.1,0.5,hub,pcglasso_fortran,C,0.002848035868435802,1,ok,0.10499999999999865,25.07418134226629,NA
50,1,0.1,0.5,hub,pcglasso_fortran,C,0.002848035868435802,2,ok,0.0840000000000014,25.07418134226629,NA
10,0.9,0.1,0.5,hub,pcglasso_fortran,C,0.002848035868435802,1,ok,0.004999999999999005,8.007786229496428,NA
10,0.9,0.1,0.5,hub,pcglasso_fortran,C,0.002848035868435802,2,ok,0.0129999999999999,8.007786229496428,NA
50,0.9,0.1,0.5,hub,pcglasso_fortran,C,0.002848035868435802,1,ok,0.40800000000000125,41.88006553402148,NA
50,0.9,0.1,0.5,hub,pcglasso_fortran,C,0.002848035868435802,2,ok,0.7240000000000002,41.88006553402148,NA
10,1,0.2,0.5,hub,pcglasso_fortran,C,0.002848035868435802,1,ok,0.006000000000000227,7.28738136939041,NA
10,1,0.2,0.5,hub,pcglasso_fortran,C,0.002848035868435802,2,ok,0.006999999999999673,7.28738136939041,NA
50,1,0.2,0.5,hub,pcglasso_fortran,C,0.002848035868435802,1,ok,0.045000000000001705,26.494860871101626,NA
50,1,0.2,0.5,hub,pcglasso_fortran,C,0.002848035868435802,2,ok,0.054999999999999716,26.494860871101626,NA
10,0.9,0.2,0.5,hub,pcglasso_fortran,C,0.002848035868435802,1,ok,0.004999999999999005,8.355921059605695,NA
10,0.9,0.2,0.5,hub,pcglasso_fortran,C,0.002848035868435802,2,ok,0.006000000000000227,8.355921059605695,NA
50,0.9,0.2,0.5,hub,pcglasso_fortran,C,0.002848035868435802,1,ok,0.06400000000000006,42.326428302165944,NA
50,0.9,0.2,0.5,hub,pcglasso_fortran,C,0.002848035868435802,2,ok,0.06600000000000072,42.326428302165944,NA
10,1,0.1,0,hub,pcglasso,C,0.002848035868435802,1,ok,0.005000000000000782,3.3184460414056924,NA
10,1,0.1,0,hub,pcglasso,C,0.002848035868435802,2,ok,0.005000000000000782,3.3184460414056924,NA
50,1,0.1,0,hub,pcglasso,C,0.002848035868435802,1,ok,0.04899999999999949,9.935679058014033,NA
50,1,0.1,0,hub,pcglasso,C,0.002848035868435802,2,ok,0.07600000000000051,9.935679058014033,NA
10,0.9,0.1,0,hub,pcglasso,C,0.002848035868435802,1,ok,0.008999999999998565,7.14332581225233,NA
10,0.9,0.1,0,hub,pcglasso,C,0.002848035868435802,2,ok,0.009999999999999787,7.14332581225233,NA
50,0.9,0.1,0,hub,pcglasso,C,0.002848035868435802,1,ok,0.031000000000000583,45.32695265162413,NA
50,0.9,0.1,0,hub,pcglasso,C,0.002848035868435802,2,ok,0.0259999999999998,45.32695265162413,NA
10,1,0.2,0,hub,pcglasso,C,0.002848035868435802,1,ok,0.006000000000000227,4.584444646529155,NA
10,1,0.2,0,hub,pcglasso,C,0.002848035868435802,2,ok,0.004999999999999005,4.584444646529155,NA
50,1,0.2,0,hub,pcglasso,C,0.002848035868435802,1,ok,0.12599999999999945,12.714122473873845,NA
50,1,0.2,0,hub,pcglasso,C,0.002848035868435802,2,ok,0.09999999999999964,12.714122473873845,NA
10,0.9,0.2,0,hub,pcglasso,C,0.002848035868435802,1,ok,0.011000000000001009,8.197281365432428,NA
10,0.9,0.2,0,hub,pcglasso,C,0.002848035868435802,2,ok,0.006000000000000227,8.197281365432428,NA
50,0.9,0.2,0,hub,pcglasso,C,0.002848035868435802,1,ok,0.09000000000000163,48.144488675484126,NA
50,0.9,0.2,0,hub,pcglasso,C,0.002848035868435802,2,ok,0.09100000000000108,48.144488675484126,NA
10,1,0.1,0.5,hub,pcglasso,C,0.002848035868435802,1,ok,0.006999999999999673,6.64148463319351,NA
10,1,0.1,0.5,hub,pcglasso,C,0.002848035868435802,2,ok,0.005999999999998451,6.64148463319351,NA
50,1,0.1,0.5,hub,pcglasso,C,0.002848035868435802,1,ok,0.13700000000000045,25.3207232647773,NA
50,1,0.1,0.5,hub,pcglasso,C,0.002848035868435802,2,ok,0.10599999999999987,25.3207232647773,NA
10,0.9,0.1,0.5,hub,pcglasso,C,0.002848035868435802,1,ok,0.006999999999999673,8.018423956348183,NA
10,0.9,0.1,0.5,hub,pcglasso,C,0.002848035868435802,2,ok,0.007999999999999119,8.018423956348183,NA
50,0.9,0.1,0.5,hub,pcglasso,C,0.002848035868435802,1,ok,0.02099999999999902,41.89569795812116,NA
50,0.9,0.1,0.5,hub,pcglasso,C,0.002848035868435802,2,ok,0.0259999999999998,41.89569795812116,NA
10,1,0.2,0.5,hub,pcglasso,C,0.002848035868435802,1,ok,0.0070000000000014495,7.328074049506759,NA
10,1,0.2,0.5,hub,pcglasso,C,0.002848035868435802,2,ok,0.006999999999999673,7.328074049506759,NA
50,1,0.2,0.5,hub,pcglasso,C,0.002848035868435802,1,ok,0.1559999999999988,26.52386739169682,NA
50,1,0.2,0.5,hub,pcglasso,C,0.002848035868435802,2,ok,0.1830000000000016,26.52386739169682,NA
10,0.9,0.2,0.5,hub,pcglasso,C,0.002848035868435802,1,ok,0.006000000000000227,8.37834505576675,NA
10,0.9,0.2,0.5,hub,pcglasso,C,0.002848035868435802,2,ok,0.005000000000000782,8.37834505576675,NA
50,0.9,0.2,0.5,hub,pcglasso,C,0.002848035868435802,1,ok,0.06600000000000072,42.32636784639404,NA
50,0.9,0.2,0.5,hub,pcglasso,C,0.002848035868435802,2,ok,0.06700000000000017,42.32636784639404,NA
10,1,0.1,0,hub,pcglasso_cpp,I,0.002848035868435802,1,ok,0.012000000000000455,3.2633914182744848,NA
10,1,0.1,0,hub,pcglasso_cpp,I,0.002848035868435802,2,ok,0.019000000000000128,3.2633914182744848,NA
50,1,0.1,0,hub,pcglasso_cpp,I,0.002848035868435802,1,ok,0.15700000000000003,7.962421125900365,NA
50,1,0.1,0,hub,pcglasso_cpp,I,0.002848035868435802,2,ok,0.21899999999999942,7.962421125900365,NA
10,0.9,0.1,0,hub,pcglasso_cpp,I,0.002848035868435802,1,ok,0.0129999999999999,7.124907976251523,NA
10,0.9,0.1,0,hub,pcglasso_cpp,I,0.002848035868435802,2,ok,0.0129999999999999,7.124907976251523,NA
50,0.9,0.1,0,hub,pcglasso_cpp,I,0.002848035868435802,1,ok,0.019000000000000128,45.132153753984255,NA
50,0.9,0.1,0,hub,pcglasso_cpp,I,0.002848035868435802,2,ok,0.016000000000000014,45.132153753984255,NA
10,1,0.2,0,hub,pcglasso_cpp,I,0.002848035868435802,1,ok,0.007999999999999119,4.36144195621889,NA
10,1,0.2,0,hub,pcglasso_cpp,I,0.002848035868435802,2,ok,0.008000000000000895,4.36144195621889,NA
50,1,0.2,0,hub,pcglasso_cpp,I,0.002848035868435802,1,ok,0.13899999999999935,11.636570427781898,NA
50,1,0.2,0,hub,pcglasso_cpp,I,0.002848035868435802,2,ok,0.11400000000000077,11.636570427781898,NA
10,0.9,0.2,0,hub,pcglasso_cpp,I,0.002848035868435802,1,ok,0.009999999999999787,8.108387086784848,NA
10,0.9,0.2,0,hub,pcglasso_cpp,I,0.002848035868435802,2,ok,0.005000000000000782,8.108387086784848,NA
50,0.9,0.2,0,hub,pcglasso_cpp,I,0.002848035868435802,1,ok,0.015999999999998238,48.121774980778426,NA
50,0.9,0.2,0,hub,pcglasso_cpp,I,0.002848035868435802,2,ok,0.016000000000000014,48.121774980778426,NA
10,1,0.1,0.5,hub,pcglasso_cpp,I,0.002848035868435802,1,ok,0.0039999999999995595,6.594689633775786,NA
10,1,0.1,0.5,hub,pcglasso_cpp,I,0.002848035868435802,2,ok,0.004000000000001336,6.594689633775786,NA
50,1,0.1,0.5,hub,pcglasso_cpp,I,0.002848035868435802,1,ok,0.10599999999999987,25.066251630839293,NA
50,1,0.1,0.5,hub,pcglasso_cpp,I,0.002848035868435802,2,ok,0.08800000000000097,25.066251630839293,NA
10,0.9,0.1,0.5,hub,pcglasso_cpp,I,0.002848035868435802,1,ok,0.004000000000001336,8.007503621459103,NA
10,0.9,0.1,0.5,hub,pcglasso_cpp,I,0.002848035868435802,2,ok,0.0039999999999995595,8.007503621459103,NA
50,0.9,0.1,0.5,hub,pcglasso_cpp,I,0.002848035868435802,1,ok,0.009999999999999787,41.88019320576395,NA
50,0.9,0.1,0.5,hub,pcglasso_cpp,I,0.002848035868435802,2,ok,0.012000000000000455,41.88019320576395,NA
10,1,0.2,0.5,hub,pcglasso_cpp,I,0.002848035868435802,1,ok,0.0039999999999995595,7.289692273890354,NA
10,1,0.2,0.5,hub,pcglasso_cpp,I,0.002848035868435802,2,ok,0.004999999999999005,7.289692273890354,NA
50,1,0.2,0.5,hub,pcglasso_cpp,I,0.002848035868435802,1,ok,0.06700000000000017,26.512702659168,NA
50,1,0.2,0.5,hub,pcglasso_cpp,I,0.002848035868435802,2,ok,0.08099999999999952,26.512702659168,NA
10,0.9,0.2,0.5,hub,pcglasso_cpp,I,0.002848035868435802,1,ok,0.0039999999999995595,8.35585229818422,NA
10,0.9,0.2,0.5,hub,pcglasso_cpp,I,0.002848035868435802,2,ok,0.0019999999999988916,8.35585229818422,NA
50,0.9,0.2,0.5,hub,pcglasso_cpp,I,0.002848035868435802,1,ok,0.006999999999999673,42.32638674747789,NA
50,0.9,0.2,0.5,hub,pcglasso_cpp,I,0.002848035868435802,2,ok,0.006999999999999673,42.32638674747789,NA
10,1,0.1,0,hub,pcglasso_fortran,I,0.002848035868435802,1,ok,0.02099999999999902,3.2497392857649494,NA
10,1,0.1,0,hub,pcglasso_fortran,I,0.002848035868435802,2,ok,0.028999999999999915,3.2497392857649494,NA
50,1,0.1,0,hub,pcglasso_fortran,I,0.002848035868435802,1,ok,0.5190000000000001,7.969408926493173,NA
50,1,0.1,0,hub,pcglasso_fortran,I,0.002848035868435802,2,ok,0.5890000000000004,7.969408926493173,NA
10,0.9,0.1,0,hub,pcglasso_fortran,I,0.002848035868435802,1,ok,0.019999999999999574,7.120904034381482,NA
10,0.9,0.1,0,hub,pcglasso_fortran,I,0.002848035868435802,2,ok,0.019999999999999574,7.120904034381482,NA
50,0.9,0.1,0,hub,pcglasso_fortran,I,0.002848035868435802,1,ok,0.01699999999999946,45.13427585792588,NA
50,0.9,0.1,0,hub,pcglasso_fortran,I,0.002848035868435802,2,ok,0.015000000000000568,45.13427585792588,NA
10,1,0.2,0,hub,pcglasso_fortran,I,0.002848035868435802,1,ok,0.0129999999999999,4.356530171221217,NA
10,1,0.2,0,hub,pcglasso_fortran,I,0.002848035868435802,2,ok,0.0129999999999999,4.356530171221217,NA
50,1,0.2,0,hub,pcglasso_fortran,I,0.002848035868435802,1,ok,0.277000000000001,11.656407988164204,NA
50,1,0.2,0,hub,pcglasso_fortran,I,0.002848035868435802,2,ok,0.22600000000000087,11.656407988164204,NA
10,0.9,0.2,0,hub,pcglasso_fortran,I,0.002848035868435802,1,ok,0.012000000000000455,8.106852841929083,NA
10,0.9,0.2,0,hub,pcglasso_fortran,I,0.002848035868435802,2,ok,0.009999999999999787,8.106852841929083,NA
50,0.9,0.2,0,hub,pcglasso_fortran,I,0.002848035868435802,1,ok,0.009999999999999787,48.1220769721061,NA
50,0.9,0.2,0,hub,pcglasso_fortran,I,0.002848035868435802,2,ok,0.010000000000001563,48.1220769721061,NA
10,1,0.1,0.5,hub,pcglasso_fortran,I,0.002848035868435802,1,ok,0.006999999999999673,6.596652204967119,NA
10,1,0.1,0.5,hub,pcglasso_fortran,I,0.002848035868435802,2,ok,0.006999999999999673,6.596652204967119,NA
50,1,0.1,0.5,hub,pcglasso_fortran,I,0.002848035868435802,1,ok,0.1999999999999993,25.064771518199354,NA
50,1,0.1,0.5,hub,pcglasso_fortran,I,0.002848035868435802,2,ok,0.18399999999999928,25.064771518199354,NA
10,0.9,0.1,0.5,hub,pcglasso_fortran,I,0.002848035868435802,1,ok,0.0039999999999995595,8.007496931519366,NA
10,0.9,0.1,0.5,hub,pcglasso_fortran,I,0.002848035868435802,2,ok,0.004999999999999005,8.007496931519366,NA
50,0.9,0.1,0.5,hub,pcglasso_fortran,I,0.002848035868435802,1,ok,0.006000000000000227,41.88020060374228,NA
50,0.9,0.1,0.5,hub,pcglasso_fortran,I,0.002848035868435802,2,ok,0.006999999999999673,41.88020060374228,NA
10,1,0.2,0.5,hub,pcglasso_fortran,I,0.002848035868435802,1,ok,0.006999999999999673,7.293982648079914,NA
10,1,0.2,0.5,hub,pcglasso_fortran,I,0.002848035868435802,2,ok,0.008000000000000895,7.293982648079914,NA
50,1,0.2,0.5,hub,pcglasso_fortran,I,0.002848035868435802,1,ok,0.32099999999999973,26.494868556116767,NA
50,1,0.2,0.5,hub,pcglasso_fortran,I,0.002848035868435802,2,ok,0.3520000000000003,26.494868556116767,NA
10,0.9,0.2,0.5,hub,pcglasso_fortran,I,0.002848035868435802,1,ok,0.0039999999999995595,8.355910268893943,NA
10,0.9,0.2,0.5,hub,pcglasso_fortran,I,0.002848035868435802,2,ok,0.0030000000000001137,8.355910268893943,NA
50,0.9,0.2,0.5,hub,pcglasso_fortran,I,0.002848035868435802,1,ok,0.0039999999999995595,42.32638659944302,NA
50,0.9,0.2,0.5,hub,pcglasso_fortran,I,0.002848035868435802,2,ok,0.005000000000000782,42.32638659944302,NA
10,1,0.1,0,hub,pcglasso,I,0.002848035868435802,1,ok,0.006000000000000227,3.614417182413132,NA
10,1,0.1,0,hub,pcglasso,I,0.002848035868435802,2,ok,0.006999999999999673,3.614417182413132,NA
50,1,0.1,0,hub,pcglasso,I,0.002848035868435802,1,ok,0.017999999999998906,10.025992481204849,NA
50,1,0.1,0,hub,pcglasso,I,0.002848035868435802,2,ok,0.01699999999999946,10.025992481204849,NA
10,0.9,0.1,0,hub,pcglasso,I,0.002848035868435802,1,ok,0.009999999999999787,7.204826865542123,NA
10,0.9,0.1,0,hub,pcglasso,I,0.002848035868435802,2,ok,0.009999999999999787,7.204826865542123,NA
50,0.9,0.1,0,hub,pcglasso,I,0.002848035868435802,1,ok,0.018000000000000682,45.249948383245524,NA
50,0.9,0.1,0,hub,pcglasso,I,0.002848035868435802,2,ok,0.01699999999999946,45.249948383245524,NA
10,1,0.2,0,hub,pcglasso,I,0.002848035868435802,1,ok,0.004999999999999005,4.610968815118845,NA
10,1,0.2,0,hub,pcglasso,I,0.002848035868435802,2,ok,0.006000000000000227,4.610968815118845,NA
50,1,0.2,0,hub,pcglasso,I,0.002848035868435802,1,ok,0.03799999999999848,15.749345322809061,NA
50,1,0.2,0,hub,pcglasso,I,0.002848035868435802,2,ok,0.02999999999999936,15.749345322809061,NA
10,0.9,0.2,0,hub,pcglasso,I,0.002848035868435802,1,ok,0.011000000000001009,8.152788042109666,NA
10,0.9,0.2,0,hub,pcglasso,I,0.002848035868435802,2,ok,0.0129999999999999,8.152788042109666,NA
50,0.9,0.2,0,hub,pcglasso,I,0.002848035868435802,1,ok,0.02400000000000091,48.209979962926816,NA
50,0.9,0.2,0,hub,pcglasso,I,0.002848035868435802,2,ok,0.025000000000000355,48.209979962926816,NA
10,1,0.1,0.5,hub,pcglasso,I,0.002848035868435802,1,ok,0.005000000000000782,6.6491117955680865,NA
10,1,0.1,0.5,hub,pcglasso,I,0.002848035868435802,2,ok,0.005000000000000782,6.6491117955680865,NA
50,1,0.1,0.5,hub,pcglasso,I,0.002848035868435802,1,ok,0.02000000000000135,27.034379249376418,NA
50,1,0.1,0.5,hub,pcglasso,I,0.002848035868435802,2,ok,0.01699999999999946,27.034379249376418,NA
10,0.9,0.1,0.5,hub,pcglasso,I,0.002848035868435802,1,ok,0.006000000000000227,8.010457791536352,NA
10,0.9,0.1,0.5,hub,pcglasso,I,0.002848035868435802,2,ok,0.006000000000000227,8.010457791536352,NA
50,0.9,0.1,0.5,hub,pcglasso,I,0.002848035868435802,1,ok,0.015000000000000568,41.88923164030651,NA
50,0.9,0.1,0.5,hub,pcglasso,I,0.002848035868435802,2,ok,0.017000000000001236,41.88923164030651,NA
10,1,0.2,0.5,hub,pcglasso,I,0.002848035868435802,1,ok,0.0039999999999995595,7.402468485595963,NA
10,1,0.2,0.5,hub,pcglasso,I,0.002848035868435802,2,ok,0.005000000000000782,7.402468485595963,NA
50,1,0.2,0.5,hub,pcglasso,I,0.002848035868435802,1,ok,0.01699999999999946,30.983337623973533,NA
50,1,0.2,0.5,hub,pcglasso,I,0.002848035868435802,2,ok,0.019999999999999574,30.983337623973533,NA
10,0.9,0.2,0.5,hub,pcglasso,I,0.002848035868435802,1,ok,0.006000000000000227,8.357654780505262,NA
10,0.9,0.2,0.5,hub,pcglasso,I,0.002848035868435802,2,ok,0.0039999999999995595,8.357654780505262,NA
50,0.9,0.2,0.5,hub,pcglasso,I,0.002848035868435802,1,ok,0.015000000000000568,42.32638878464949,NA
50,0.9,0.2,0.5,hub,pcglasso,I,0.002848035868435802,2,ok,0.015000000000000568,42.32638878464949,NA
10,1,0.1,0,hub,pcglasso_cpp,C,8.11130830789687e-4,1,ok,0.011999999999998678,3.2488032657105377,NA
10,1,0.1,0,hub,pcglasso_cpp,C,8.11130830789687e-4,2,ok,0.014999999999998792,3.2488032657105377,NA
50,1,0.1,0,hub,pcglasso_cpp,C,8.11130830789687e-4,1,ok,0.24100000000000144,7.944352337316248,NA
50,1,0.1,0,hub,pcglasso_cpp,C,8.11130830789687e-4,2,ok,0.2569999999999997,7.944352337316248,NA
10,0.9,0.1,0,hub,pcglasso_cpp,C,8.11130830789687e-4,1,ok,0.007999999999999119,7.121491247368805,NA
10,0.9,0.1,0,hub,pcglasso_cpp,C,8.11130830789687e-4,2,ok,0.007999999999999119,7.121491247368805,NA
50,0.9,0.1,0,hub,pcglasso_cpp,C,8.11130830789687e-4,1,ok,0.02800000000000047,45.131063458432685,NA
50,0.9,0.1,0,hub,pcglasso_cpp,C,8.11130830789687e-4,2,ok,0.02900000000000169,45.131063458432685,NA
10,1,0.2,0,hub,pcglasso_cpp,C,8.11130830789687e-4,1,ok,0.015000000000000568,4.34866004819717,NA
10,1,0.2,0,hub,pcglasso_cpp,C,8.11130830789687e-4,2,ok,0.017000000000001236,4.34866004819717,NA
50,1,0.2,0,hub,pcglasso_cpp,C,8.11130830789687e-4,1,ok,0.15000000000000036,11.635839262495107,NA
50,1,0.2,0,hub,pcglasso_cpp,C,8.11130830789687e-4,2,ok,0.12300000000000111,11.635839262495107,NA
10,0.9,0.2,0,hub,pcglasso_cpp,C,8.11130830789687e-4,1,ok,0.017999999999998906,8.1067580853879,NA
10,0.9,0.2,0,hub,pcglasso_cpp,C,8.11130830789687e-4,2,ok,0.015000000000000568,8.1067580853879,NA
50,0.9,0.2,0,hub,pcglasso_cpp,C,8.11130830789687e-4,1,ok,0.021000000000000796,48.12168669524288,NA
50,0.9,0.2,0,hub,pcglasso_cpp,C,8.11130830789687e-4,2,ok,0.02200000000000024,48.12168669524288,NA
10,1,0.1,0.5,hub,pcglasso_cpp,C,8.11130830789687e-4,1,ok,0.006999999999999673,6.592857806662168,NA
10,1,0.1,0.5,hub,pcglasso_cpp,C,8.11130830789687e-4,2,ok,0.006999999999999673,6.592857806662168,NA
50,1,0.1,0.5,hub,pcglasso_cpp,C,8.11130830789687e-4,1,ok,0.10599999999999987,25.062827909342737,NA
50,1,0.1,0.5,hub,pcglasso_cpp,C,8.11130830789687e-4,2,ok,0.09100000000000108,25.062827909342737,NA
10,0.9,0.1,0.5,hub,pcglasso_cpp,C,8.11130830789687e-4,1,ok,0.0039999999999995595,8.007498268098207,NA
10,0.9,0.1,0.5,hub,pcglasso_cpp,C,8.11130830789687e-4,2,ok,0.004999999999999005,8.007498268098207,NA
50,0.9,0.1,0.5,hub,pcglasso_cpp,C,8.11130830789687e-4,1,ok,0.009000000000000341,41.879951587758946,NA
50,0.9,0.1,0.5,hub,pcglasso_cpp,C,8.11130830789687e-4,2,ok,0.010999999999999233,41.879951587758946,NA
10,1,0.2,0.5,hub,pcglasso_cpp,C,8.11130830789687e-4,1,ok,0.006000000000000227,7.286871564571953,NA
10,1,0.2,0.5,hub,pcglasso_cpp,C,8.11130830789687e-4,2,ok,0.006999999999999673,7.286871564571953,NA
50,1,0.2,0.5,hub,pcglasso_cpp,C,8.11130830789687e-4,1,ok,0.05500000000000149,26.50635833997832,NA
50,1,0.2,0.5,hub,pcglasso_cpp,C,8.11130830789687e-4,2,ok,0.06400000000000006,26.50635833997832,NA
10,0.9,0.2,0.5,hub,pcglasso_cpp,C,8.11130830789687e-4,1,ok,0.004999999999999005,8.355667209016252,NA
10,0.9,0.2,0.5,hub,pcglasso_cpp,C,8.11130830789687e-4,2,ok,0.004000000000001336,8.355667209016252,NA
50,0.9,0.2,0.5,hub,pcglasso_cpp,C,8.11130830789687e-4,1,ok,0.027000000000001023,42.32636771877906,NA
50,0.9,0.2,0.5,hub,pcglasso_cpp,C,8.11130830789687e-4,2,ok,0.026999999999999247,42.32636771877906,NA
10,1,0.1,0,hub,pcglasso_fortran,C,8.11130830789687e-4,1,ok,0.011999999999998678,3.2480625595148735,NA
10,1,0.1,0,hub,pcglasso_fortran,C,8.11130830789687e-4,2,ok,0.016000000000000014,3.2480625595148735,NA
50,1,0.1,0,hub,pcglasso_fortran,C,8.11130830789687e-4,1,ok,0.22499999999999964,7.950537392106245,NA
50,1,0.1,0,hub,pcglasso_fortran,C,8.11130830789687e-4,2,ok,0.2320000000000011,7.950537392106245,NA
10,0.9,0.1,0,hub,pcglasso_fortran,C,8.11130830789687e-4,1,ok,0.007999999999999119,7.120884895748657,NA
10,0.9,0.1,0,hub,pcglasso_fortran,C,8.11130830789687e-4,2,ok,0.007999999999999119,7.120884895748657,NA
50,0.9,0.1,0,hub,pcglasso_fortran,C,8.11130830789687e-4,1,ok,0.021000000000000796,45.1311329459026,NA
50,0.9,0.1,0,hub,pcglasso_fortran,C,8.11130830789687e-4,2,ok,0.02099999999999902,45.1311329459026,NA
10,1,0.2,0,hub,pcglasso_fortran,C,8.11130830789687e-4,1,ok,0.015000000000000568,4.348479637678183,NA
10,1,0.2,0,hub,pcglasso_fortran,C,8.11130830789687e-4,2,ok,0.014999999999998792,4.348479637678183,NA
50,1,0.2,0,hub,pcglasso_fortran,C,8.11130830789687e-4,1,ok,0.402000000000001,11.639675112526685,NA
50,1,0.2,0,hub,pcglasso_fortran,C,8.11130830789687e-4,2,ok,0.33999999999999986,11.639675112526685,NA
10,0.9,0.2,0,hub,pcglasso_fortran,C,8.11130830789687e-4,1,ok,0.009000000000000341,8.106716128542192,NA
10,0.9,0.2,0,hub,pcglasso_fortran,C,8.11130830789687e-4,2,ok,0.018000000000000682,8.106716128542192,NA
50,0.9,0.2,0,hub,pcglasso_fortran,C,8.11130830789687e-4,1,ok,0.018000000000000682,48.12182282632243,NA
50,0.9,0.2,0,hub,pcglasso_fortran,C,8.11130830789687e-4,2,ok,0.01699999999999946,48.12182282632243,NA
10,1,0.1,0.5,hub,pcglasso_fortran,C,8.11130830789687e-4,1,ok,0.009999999999999787,6.593328224229386,NA
10,1,0.1,0.5,hub,pcglasso_fortran,C,8.11130830789687e-4,2,ok,0.008000000000000895,6.593328224229386,NA
50,1,0.1,0.5,hub,pcglasso_fortran,C,8.11130830789687e-4,1,ok,0.11899999999999977,25.066790299210222,NA
50,1,0.1,0.5,hub,pcglasso_fortran,C,8.11130830789687e-4,2,ok,0.10199999999999854,25.066790299210222,NA
10,0.9,0.1,0.5,hub,pcglasso_fortran,C,8.11130830789687e-4,1,ok,0.005000000000000782,8.00742713580715,NA
10,0.9,0.1,0.5,hub,pcglasso_fortran,C,8.11130830789687e-4,2,ok,0.005000000000000782,8.00742713580715,NA
50,0.9,0.1,0.5,hub,pcglasso_fortran,C,8.11130830789687e-4,1,ok,0.005000000000000782,41.88006553402148,NA
50,0.9,0.1,0.5,hub,pcglasso_fortran,C,8.11130830789687e-4,2,ok,0.006999999999999673,41.88006553402148,NA
10,1,0.2,0.5,hub,pcglasso_fortran,C,8.11130830789687e-4,1,ok,0.0070000000000014495,7.286161794253103,NA
10,1,0.2,0.5,hub,pcglasso_fortran,C,8.11130830789687e-4,2,ok,0.008999999999998565,7.286161794253103,NA
50,1,0.2,0.5,hub,pcglasso_fortran,C,8.11130830789687e-4,1,ok,0.054999999999999716,26.49416930257524,NA
50,1,0.2,0.5,hub,pcglasso_fortran,C,8.11130830789687e-4,2,ok,0.06400000000000006,26.49416930257524,NA
10,0.9,0.2,0.5,hub,pcglasso_fortran,C,8.11130830789687e-4,1,ok,0.006000000000000227,8.355600179349668,NA
10,0.9,0.2,0.5,hub,pcglasso_fortran,C,8.11130830789687e-4,2,ok,0.004999999999999005,8.355600179349668,NA
50,0.9,0.2,0.5,hub,pcglasso_fortran,C,8.11130830789687e-4,1,ok,0.016000000000000014,42.326366592393626,NA
50,0.9,0.2,0.5,hub,pcglasso_fortran,C,8.11130830789687e-4,2,ok,0.014000000000001123,42.326366592393626,NA
10,1,0.1,0,hub,pcglasso,C,8.11130830789687e-4,1,ok,0.006000000000000227,3.355792117846578,NA
10,1,0.1,0,hub,pcglasso,C,8.11130830789687e-4,2,ok,0.007999999999999119,3.355792117846578,NA
50,1,0.1,0,hub,pcglasso,C,8.11130830789687e-4,1,ok,0.06400000000000006,8.29011125222784,NA
50,1,0.1,0,hub,pcglasso,C,8.11130830789687e-4,2,ok,0.0649999999999995,8.29011125222784,NA
10,0.9,0.1,0,hub,pcglasso,C,8.11130830789687e-4,1,ok,0.006000000000000227,7.128781034343193,NA
10,0.9,0.1,0,hub,pcglasso,C,8.11130830789687e-4,2,ok,0.006000000000000227,7.128781034343193,NA
50,0.9,0.1,0,hub,pcglasso,C,8.11130830789687e-4,1,ok,0.03500000000000014,45.13813319510584,NA
50,0.9,0.1,0,hub,pcglasso,C,8.11130830789687e-4,2,ok,0.03599999999999959,45.13813319510584,NA
10,1,0.2,0,hub,pcglasso,C,8.11130830789687e-4,1,ok,0.0070000000000014495,4.404332251370194,NA
10,1,0.2,0,hub,pcglasso,C,8.11130830789687e-4,2,ok,0.006999999999999673,4.404332251370194,NA
50,1,0.2,0,hub,pcglasso,C,8.11130830789687e-4,1,ok,0.1269999999999989,11.744549022321383,NA
50,1,0.2,0,hub,pcglasso,C,8.11130830789687e-4,2,ok,0.12299999999999933,11.744549022321383,NA
10,0.9,0.2,0,hub,pcglasso,C,8.11130830789687e-4,1,ok,0.009000000000000341,8.113077915335722,NA
10,0.9,0.2,0,hub,pcglasso,C,8.11130830789687e-4,2,ok,0.009000000000000341,8.113077915335722,NA
50,0.9,0.2,0,hub,pcglasso,C,8.11130830789687e-4,1,ok,0.049999999999998934,48.123195299318894,NA
50,0.9,0.2,0,hub,pcglasso,C,8.11130830789687e-4,2,ok,0.05000000000000071,48.123195299318894,NA
10,1,0.1,0.5,hub,pcglasso,C,8.11130830789687e-4,1,ok,0.009000000000000341,6.597882404244187,NA
10,1,0.1,0.5,hub,pcglasso,C,8.11130830789687e-4,2,ok,0.006999999999999673,6.597882404244187,NA
50,1,0.1,0.5,hub,pcglasso,C,8.11130830789687e-4,1,ok,0.16900000000000048,25.067317709892784,NA
50,1,0.1,0.5,hub,pcglasso,C,8.11130830789687e-4,2,ok,0.14000000000000057,25.067317709892784,NA
10,0.9,0.1,0.5,hub,pcglasso,C,8.11130830789687e-4,1,ok,0.009000000000000341,8.008992982877494,NA
10,0.9,0.1,0.5,hub,pcglasso,C,8.11130830789687e-4,2,ok,0.009000000000000341,8.008992982877494,NA
50,0.9,0.1,0.5,hub,pcglasso,C,8.11130830789687e-4,1,ok,0.030000000000001137,41.881478773998026,NA
50,0.9,0.1,0.5,hub,pcglasso,C,8.11130830789687e-4,2,ok,0.03599999999999959,41.881478773998026,NA
10,1,0.2,0.5,hub,pcglasso,C,8.11130830789687e-4,1,ok,0.008999999999998565,7.289873851876357,NA
10,1,0.2,0.5,hub,pcglasso,C,8.11130830789687e-4,2,ok,0.011000000000001009,7.289873851876357,NA
50,1,0.2,0.5,hub,pcglasso,C,8.11130830789687e-4,1,ok,0.09200000000000053,26.511273231980077,NA
50,1,0.2,0.5,hub,pcglasso,C,8.11130830789687e-4,2,ok,0.1120000000000001,26.511273231980077,NA
10,0.9,0.2,0.5,hub,pcglasso,C,8.11130830789687e-4,1,ok,0.009999999999999787,8.357022826723222,NA
10,0.9,0.2,0.5,hub,pcglasso,C,8.11130830789687e-4,2,ok,0.008000000000000895,8.357022826723222,NA
50,0.9,0.2,0.5,hub,pcglasso,C,8.11130830789687e-4,1,ok,0.0909999999999993,42.32636391005103,NA
50,0.9,0.2,0.5,hub,pcglasso,C,8.11130830789687e-4,2,ok,0.09200000000000053,42.32636391005103,NA
10,1,0.1,0,hub,pcglasso_cpp,I,8.11130830789687e-4,1,ok,0.01899999999999835,3.2482556341221414,NA
10,1,0.1,0,hub,pcglasso_cpp,I,8.11130830789687e-4,2,ok,0.02200000000000024,3.2482556341221414,NA
50,1,0.1,0,hub,pcglasso_cpp,I,8.11130830789687e-4,1,ok,0.21999999999999886,7.947649707919375,NA
50,1,0.1,0,hub,pcglasso_cpp,I,8.11130830789687e-4,2,ok,0.22300000000000075,7.947649707919375,NA
10,0.9,0.1,0,hub,pcglasso_cpp,I,8.11130830789687e-4,1,ok,0.006999999999999673,7.12132872365084,NA
10,0.9,0.1,0,hub,pcglasso_cpp,I,8.11130830789687e-4,2,ok,0.006999999999999673,7.12132872365084,NA
50,0.9,0.1,0,hub,pcglasso_cpp,I,8.11130830789687e-4,1,ok,0.01699999999999946,45.130916786552135,NA
50,0.9,0.1,0,hub,pcglasso_cpp,I,8.11130830789687e-4,2,ok,0.017000000000001236,45.130916786552135,NA
10,1,0.2,0,hub,pcglasso_cpp,I,8.11130830789687e-4,1,ok,0.010999999999999233,4.353914710285489,NA
10,1,0.2,0,hub,pcglasso_cpp,I,8.11130830789687e-4,2,ok,0.010999999999999233,4.353914710285489,NA
50,1,0.2,0,hub,pcglasso_cpp,I,8.11130830789687e-4,1,ok,0.15300000000000047,11.635511441553355,NA
50,1,0.2,0,hub,pcglasso_cpp,I,8.11130830789687e-4,2,ok,0.136000000000001,11.635511441553355,NA
10,0.9,0.2,0,hub,pcglasso_cpp,I,8.11130830789687e-4,1,ok,0.005000000000000782,8.106775434890853,NA
10,0.9,0.2,0,hub,pcglasso_cpp,I,8.11130830789687e-4,2,ok,0.005999999999998451,8.106775434890853,NA
50,0.9,0.2,0,hub,pcglasso_cpp,I,8.11130830789687e-4,1,ok,0.013999999999999346,48.121774980778426,NA
50,0.9,0.2,0,hub,pcglasso_cpp,I,8.11130830789687e-4,2,ok,0.013999999999999346,48.121774980778426,NA
10,1,0.1,0.5,hub,pcglasso_cpp,I,8.11130830789687e-4,1,ok,0.006000000000000227,6.593108896472372,NA
10,1,0.1,0.5,hub,pcglasso_cpp,I,8.11130830789687e-4,2,ok,0.005000000000000782,6.593108896472372,NA
50,1,0.1,0.5,hub,pcglasso_cpp,I,8.11130830789687e-4,1,ok,0.10699999999999932,25.064459699088374,NA
50,1,0.1,0.5,hub,pcglasso_cpp,I,8.11130830789687e-4,2,ok,0.08900000000000041,25.064459699088374,NA
10,0.9,0.1,0.5,hub,pcglasso_cpp,I,8.11130830789687e-4,1,ok,0.0030000000000001137,8.007503621459103,NA
10,0.9,0.1,0.5,hub,pcglasso_cpp,I,8.11130830789687e-4,2,ok,0.0039999999999995595,8.007503621459103,NA
50,0.9,0.1,0.5,hub,pcglasso_cpp,I,8.11130830789687e-4,1,ok,0.010999999999999233,41.87996297276837,NA
50,0.9,0.1,0.5,hub,pcglasso_cpp,I,8.11130830789687e-4,2,ok,0.013000000000001677,41.87996297276837,NA
10,1,0.2,0.5,hub,pcglasso_cpp,I,8.11130830789687e-4,1,ok,0.006000000000000227,7.286533247006286,NA
10,1,0.2,0.5,hub,pcglasso_cpp,I,8.11130830789687e-4,2,ok,0.006999999999999673,7.286533247006286,NA
50,1,0.2,0.5,hub,pcglasso_cpp,I,8.11130830789687e-4,1,ok,0.09699999999999953,26.49375526778676,NA
50,1,0.2,0.5,hub,pcglasso_cpp,I,8.11130830789687e-4,2,ok,0.11600000000000144,26.49375526778676,NA
10,0.9,0.2,0.5,hub,pcglasso_cpp,I,8.11130830789687e-4,1,ok,0.005000000000000782,8.355631835820871,NA
10,0.9,0.2,0.5,hub,pcglasso_cpp,I,8.11130830789687e-4,2,ok,0.0039999999999995595,8.355631835820871,NA
50,0.9,0.2,0.5,hub,pcglasso_cpp,I,8.11130830789687e-4,1,ok,0.006000000000000227,42.32638674747789,NA
50,0.9,0.2,0.5,hub,pcglasso_cpp,I,8.11130830789687e-4,2,ok,0.006999999999999673,42.32638674747789,NA
10,1,0.1,0,hub,pcglasso_fortran,I,8.11130830789687e-4,1,ok,0.023000000000001464,3.2498580171110323,NA
10,1,0.1,0,hub,pcglasso_fortran,I,8.11130830789687e-4,2,ok,0.0259999999999998,3.2498580171110323,NA
50,1,0.1,0,hub,pcglasso_fortran,I,8.11130830789687e-4,1,ok,0.7010000000000005,7.9497651177366535,NA
50,1,0.1,0,hub,pcglasso_fortran,I,8.11130830789687e-4,2,ok,0.6769999999999996,7.9497651177366535,NA
10,0.9,0.1,0,hub,pcglasso_fortran,I,8.11130830789687e-4,1,ok,0.009000000000000341,7.120295426969691,NA
10,0.9,0.1,0,hub,pcglasso_fortran,I,8.11130830789687e-4,2,ok,0.009000000000000341,7.120295426969691,NA
50,0.9,0.1,0,hub,pcglasso_fortran,I,8.11130830789687e-4,1,ok,0.0600000000000005,45.13138186007169,NA
50,0.9,0.1,0,hub,pcglasso_fortran,I,8.11130830789687e-4,2,ok,0.06199999999999939,45.13138186007169,NA
10,1,0.2,0,hub,pcglasso_fortran,I,8.11130830789687e-4,1,ok,0.014000000000001123,4.355992391922451,NA
10,1,0.2,0,hub,pcglasso_fortran,I,8.11130830789687e-4,2,ok,0.013999999999999346,4.355992391922451,NA
50,1,0.2,0,hub,pcglasso_fortran,I,8.11130830789687e-4,1,ok,0.39199999999999946,11.640982147382076,NA
50,1,0.2,0,hub,pcglasso_fortran,I,8.11130830789687e-4,2,ok,0.37599999999999945,11.640982147382076,NA
10,0.9,0.2,0,hub,pcglasso_fortran,I,8.11130830789687e-4,1,ok,0.005000000000000782,8.106468442179567,NA
10,0.9,0.2,0,hub,pcglasso_fortran,I,8.11130830789687e-4,2,ok,0.004999999999999005,8.106468442179567,NA
50,0.9,0.2,0,hub,pcglasso_fortran,I,8.11130830789687e-4,1,ok,0.007999999999999119,48.1220769721061,NA
50,0.9,0.2,0,hub,pcglasso_fortran,I,8.11130830789687e-4,2,ok,0.007999999999999119,48.1220769721061,NA
10,1,0.1,0.5,hub,pcglasso_fortran,I,8.11130830789687e-4,1,ok,0.009999999999999787,6.593811893153056,NA
10,1,0.1,0.5,hub,pcglasso_fortran,I,8.11130830789687e-4,2,ok,0.008000000000000895,6.593811893153056,NA
50,1,0.1,0.5,hub,pcglasso_fortran,I,8.11130830789687e-4,1,ok,0.22100000000000009,25.062932805574594,NA
50,1,0.1,0.5,hub,pcglasso_fortran,I,8.11130830789687e-4,2,ok,0.18399999999999928,25.062932805574594,NA
10,0.9,0.1,0.5,hub,pcglasso_fortran,I,8.11130830789687e-4,1,ok,0.004999999999999005,8.007412203949057,NA
10,0.9,0.1,0.5,hub,pcglasso_fortran,I,8.11130830789687e-4,2,ok,0.006000000000000227,8.007412203949057,NA
50,0.9,0.1,0.5,hub,pcglasso_fortran,I,8.11130830789687e-4,1,ok,0.006000000000000227,41.87997483628086,NA
50,0.9,0.1,0.5,hub,pcglasso_fortran,I,8.11130830789687e-4,2,ok,0.007999999999999119,41.87997483628086,NA
10,1,0.2,0.5,hub,pcglasso_fortran,I,8.11130830789687e-4,1,ok,0.010999999999999233,7.286505778814464,NA
10,1,0.2,0.5,hub,pcglasso_fortran,I,8.11130830789687e-4,2,ok,0.016000000000000014,7.286505778814464,NA
50,1,0.2,0.5,hub,pcglasso_fortran,I,8.11130830789687e-4,1,ok,0.07499999999999929,26.493640049335987,NA
50,1,0.2,0.5,hub,pcglasso_fortran,I,8.11130830789687e-4,2,ok,0.08900000000000041,26.493640049335987,NA
10,0.9,0.2,0.5,hub,pcglasso_fortran,I,8.11130830789687e-4,1,ok,0.005000000000000782,8.355627792678531,NA
10,0.9,0.2,0.5,hub,pcglasso_fortran,I,8.11130830789687e-4,2,ok,0.0039999999999995595,8.355627792678531,NA
50,0.9,0.2,0.5,hub,pcglasso_fortran,I,8.11130830789687e-4,1,ok,0.0039999999999995595,42.32638659944302,NA
50,0.9,0.2,0.5,hub,pcglasso_fortran,I,8.11130830789687e-4,2,ok,0.0039999999999995595,42.32638659944302,NA
10,1,0.1,0,hub,pcglasso,I,8.11130830789687e-4,1,ok,0.008999999999998565,3.300474515610567,NA
10,1,0.1,0,hub,pcglasso,I,8.11130830789687e-4,2,ok,0.010999999999999233,3.300474515610567,NA
50,1,0.1,0,hub,pcglasso,I,8.11130830789687e-4,1,ok,0.04499999999999993,9.597146764731612,NA
50,1,0.1,0,hub,pcglasso,I,8.11130830789687e-4,2,ok,0.02800000000000047,9.597146764731612,NA
10,0.9,0.1,0,hub,pcglasso,I,8.11130830789687e-4,1,ok,0.007999999999999119,7.128125862147229,NA
10,0.9,0.1,0,hub,pcglasso,I,8.11130830789687e-4,2,ok,0.007999999999999119,7.128125862147229,NA
50,0.9,0.1,0,hub,pcglasso,I,8.11130830789687e-4,1,ok,0.02400000000000091,45.17295173496218,NA
50,0.9,0.1,0,hub,pcglasso,I,8.11130830789687e-4,2,ok,0.02400000000000091,45.17295173496218,NA
10,1,0.2,0,hub,pcglasso,I,8.11130830789687e-4,1,ok,0.008000000000000895,4.384718072725771,NA
10,1,0.2,0,hub,pcglasso,I,8.11130830789687e-4,2,ok,0.008000000000000895,4.384718072725771,NA
50,1,0.2,0,hub,pcglasso,I,8.11130830789687e-4,1,ok,0.038000000000000256,15.064940387487546,NA
50,1,0.2,0,hub,pcglasso,I,8.11130830789687e-4,2,ok,0.03399999999999892,15.064940387487546,NA
10,0.9,0.2,0,hub,pcglasso,I,8.11130830789687e-4,1,ok,0.006999999999999673,8.109882614780785,NA
10,0.9,0.2,0,hub,pcglasso,I,8.11130830789687e-4,2,ok,0.007999999999999119,8.109882614780785,NA
50,0.9,0.2,0,hub,pcglasso,I,8.11130830789687e-4,1,ok,0.09100000000000108,48.12182026016116,NA
50,0.9,0.2,0,hub,pcglasso,I,8.11130830789687e-4,2,ok,0.09500000000000064,48.12182026016116,NA
10,1,0.1,0.5,hub,pcglasso,I,8.11130830789687e-4,1,ok,0.008000000000000895,6.598773032415062,NA
10,1,0.1,0.5,hub,pcglasso,I,8.11130830789687e-4,2,ok,0.006999999999999673,6.598773032415062,NA
50,1,0.1,0.5,hub,pcglasso,I,8.11130830789687e-4,1,ok,0.0519999999999996,26.246543897088728,NA
50,1,0.1,0.5,hub,pcglasso,I,8.11130830789687e-4,2,ok,0.04800000000000004,26.246543897088728,NA
10,0.9,0.1,0.5,hub,pcglasso,I,8.11130830789687e-4,1,ok,0.006999999999999673,8.00788203610748,NA
10,0.9,0.1,0.5,hub,pcglasso,I,8.11130830789687e-4,2,ok,0.008000000000000895,8.00788203610748,NA
50,0.9,0.1,0.5,hub,pcglasso,I,8.11130830789687e-4,1,ok,0.031000000000000583,41.8807652313762,NA
50,0.9,0.1,0.5,hub,pcglasso,I,8.11130830789687e-4,2,ok,0.03300000000000125,41.8807652313762,NA
10,1,0.2,0.5,hub,pcglasso,I,8.11130830789687e-4,1,ok,0.008000000000000895,7.293739017558665,NA
10,1,0.2,0.5,hub,pcglasso,I,8.11130830789687e-4,2,ok,0.010999999999999233,7.293739017558665,NA
50,1,0.2,0.5,hub,pcglasso,I,8.11130830789687e-4,1,ok,0.10400000000000098,26.551807647044043,NA
50,1,0.2,0.5,hub,pcglasso,I,8.11130830789687e-4,2,ok,0.12599999999999945,26.551807647044043,NA
10,0.9,0.2,0.5,hub,pcglasso,I,8.11130830789687e-4,1,ok,0.008000000000000895,8.356362401425187,NA
10,0.9,0.2,0.5,hub,pcglasso,I,8.11130830789687e-4,2,ok,0.005000000000000782,8.356362401425187,NA
50,0.9,0.2,0.5,hub,pcglasso,I,8.11130830789687e-4,1,ok,0.017999999999998906,42.3263639705622,NA
50,0.9,0.2,0.5,hub,pcglasso,I,8.11130830789687e-4,2,ok,0.018000000000000682,42.3263639705622,NA
10,1,0.1,0,hub,pcglasso_cpp,C,2.310129700083161e-4,1,ok,0.053000000000000824,3.247962463797787,NA
10,1,0.1,0,hub,pcglasso_cpp,C,2.310129700083161e-4,2,ok,0.06600000000000072,3.247962463797787,NA
50,1,0.1,0,hub,pcglasso_cpp,C,2.310129700083161e-4,1,ok,0.25099999999999945,7.943677939001121,NA
50,1,0.1,0,hub,pcglasso_cpp,C,2.310129700083161e-4,2,ok,0.16999999999999993,7.943677939001121,NA
10,0.9,0.1,0,hub,pcglasso_cpp,C,2.310129700083161e-4,1,ok,0.009000000000000341,7.1205140039684345,NA
10,0.9,0.1,0,hub,pcglasso_cpp,C,2.310129700083161e-4,2,ok,0.009000000000000341,7.1205140039684345,NA
50,0.9,0.1,0,hub,pcglasso_cpp,C,2.310129700083161e-4,1,ok,0.021999999999998465,45.130857144184056,NA
50,0.9,0.1,0,hub,pcglasso_cpp,C,2.310129700083161e-4,2,ok,0.02200000000000024,45.130857144184056,NA
10,1,0.2,0,hub,pcglasso_cpp,C,2.310129700083161e-4,1,ok,0.01699999999999946,4.348055004092848,NA
10,1,0.2,0,hub,pcglasso_cpp,C,2.310129700083161e-4,2,ok,0.01699999999999946,4.348055004092848,NA
50,1,0.2,0,hub,pcglasso_cpp,C,2.310129700083161e-4,1,ok,0.1379999999999999,11.635120869368066,NA
50,1,0.2,0,hub,pcglasso_cpp,C,2.310129700083161e-4,2,ok,0.12199999999999989,11.635120869368066,NA
10,0.9,0.2,0,hub,pcglasso_cpp,C,2.310129700083161e-4,1,ok,0.008000000000000895,8.10628844866784,NA
10,0.9,0.2,0,hub,pcglasso_cpp,C,2.310129700083161e-4,2,ok,0.008000000000000895,8.10628844866784,NA
50,0.9,0.2,0,hub,pcglasso_cpp,C,2.310129700083161e-4,1,ok,0.018000000000000682,48.12168669524288,NA
50,0.9,0.2,0,hub,pcglasso_cpp,C,2.310129700083161e-4,2,ok,0.019000000000000128,48.12168669524288,NA
10,1,0.1,0.5,hub,pcglasso_cpp,C,2.310129700083161e-4,1,ok,0.008000000000000895,6.5926564036350745,NA
10,1,0.1,0.5,hub,pcglasso_cpp,C,2.310129700083161e-4,2,ok,0.006999999999999673,6.5926564036350745,NA
50,1,0.1,0.5,hub,pcglasso_cpp,C,2.310129700083161e-4,1,ok,0.10299999999999976,25.062206136295345,NA
50,1,0.1,0.5,hub,pcglasso_cpp,C,2.310129700083161e-4,2,ok,0.09899999999999842,25.062206136295345,NA
10,0.9,0.1,0.5,hub,pcglasso_cpp,C,2.310129700083161e-4,1,ok,0.005000000000000782,8.007412412246282,NA
10,0.9,0.1,0.5,hub,pcglasso_cpp,C,2.310129700083161e-4,2,ok,0.005000000000000782,8.007412412246282,NA
50,0.9,0.1,0.5,hub,pcglasso_cpp,C,2.310129700083161e-4,1,ok,0.010999999999999233,41.87991713870771,NA
50,0.9,0.1,0.5,hub,pcglasso_cpp,C,2.310129700083161e-4,2,ok,0.0129999999999999,41.87991713870771,NA
10,1,0.2,0.5,hub,pcglasso_cpp,C,2.310129700083161e-4,1,ok,0.008000000000000895,7.285944907720932,NA
10,1,0.2,0.5,hub,pcglasso_cpp,C,2.310129700083161e-4,2,ok,0.009999999999999787,7.285944907720932,NA
50,1,0.2,0.5,hub,pcglasso_cpp,C,2.310129700083161e-4,1,ok,0.07699999999999996,26.494986101608358,NA
50,1,0.2,0.5,hub,pcglasso_cpp,C,2.310129700083161e-4,2,ok,0.09500000000000064,26.494986101608358,NA
10,0.9,0.2,0.5,hub,pcglasso_cpp,C,2.310129700083161e-4,1,ok,0.006000000000000227,8.35557983198282,NA
10,0.9,0.2,0.5,hub,pcglasso_cpp,C,2.310129700083161e-4,2,ok,0.0030000000000001137,8.35557983198282,NA
50,0.9,0.2,0.5,hub,pcglasso_cpp,C,2.310129700083161e-4,1,ok,0.07099999999999973,42.32636771877906,NA
50,0.9,0.2,0.5,hub,pcglasso_cpp,C,2.310129700083161e-4,2,ok,0.0710000000000015,42.32636771877906,NA
10,1,0.1,0,hub,pcglasso_fortran,C,2.310129700083161e-4,1,ok,0.013999999999999346,3.2474967425237375,NA
10,1,0.1,0,hub,pcglasso_fortran,C,2.310129700083161e-4,2,ok,0.018000000000000682,3.2474967425237375,NA
50,1,0.1,0,hub,pcglasso_fortran,C,2.310129700083161e-4,1,ok,0.7970000000000006,7.948067062608259,NA
50,1,0.1,0,hub,pcglasso_fortran,C,2.310129700083161e-4,2,ok,0.2919999999999998,7.948067062608259,NA
10,0.9,0.1,0,hub,pcglasso_fortran,C,2.310129700083161e-4,1,ok,0.008000000000000895,7.120661149087269,NA
10,0.9,0.1,0,hub,pcglasso_fortran,C,2.310129700083161e-4,2,ok,0.008000000000000895,7.120661149087269,NA
50,0.9,0.1,0,hub,pcglasso_fortran,C,2.310129700083161e-4,1,ok,0.023999999999999133,45.1307688571422,NA
50,0.9,0.1,0,hub,pcglasso_fortran,C,2.310129700083161e-4,2,ok,0.025000000000000355,45.1307688571422,NA
10,1,0.2,0,hub,pcglasso_fortran,C,2.310129700083161e-4,1,ok,0.062000000000001165,4.348070261770275,NA
10,1,0.2,0,hub,pcglasso_fortran,C,2.310129700083161e-4,2,ok,0.054999999999999716,4.348070261770275,NA
50,1,0.2,0,hub,pcglasso_fortran,C,2.310129700083161e-4,1,ok,0.1429999999999989,11.636404169089147,NA
50,1,0.2,0,hub,pcglasso_fortran,C,2.310129700083161e-4,2,ok,0.1379999999999999,11.636404169089147,NA
10,0.9,0.2,0,hub,pcglasso_fortran,C,2.310129700083161e-4,1,ok,0.008000000000000895,8.106451761526397,NA
10,0.9,0.2,0,hub,pcglasso_fortran,C,2.310129700083161e-4,2,ok,0.009000000000000341,8.106451761526397,NA
50,0.9,0.2,0,hub,pcglasso_fortran,C,2.310129700083161e-4,1,ok,0.010999999999999233,48.12175575240951,NA
50,0.9,0.2,0,hub,pcglasso_fortran,C,2.310129700083161e-4,2,ok,0.012000000000000455,48.12175575240951,NA
10,1,0.1,0.5,hub,pcglasso_fortran,C,2.310129700083161e-4,1,ok,0.009999999999999787,6.593328224229386,NA
10,1,0.1,0.5,hub,pcglasso_fortran,C,2.310129700083161e-4,2,ok,0.009000000000000341,6.593328224229386,NA
50,1,0.1,0.5,hub,pcglasso_fortran,C,2.310129700083161e-4,1,ok,0.1070000000000011,25.063927930454998,NA
50,1,0.1,0.5,hub,pcglasso_fortran,C,2.310129700083161e-4,2,ok,0.11000000000000121,25.063927930454998,NA
10,0.9,0.1,0.5,hub,pcglasso_fortran,C,2.310129700083161e-4,1,ok,0.006000000000000227,8.00740221920254,NA
10,0.9,0.1,0.5,hub,pcglasso_fortran,C,2.310129700083161e-4,2,ok,0.007999999999999119,8.00740221920254,NA
50,0.9,0.1,0.5,hub,pcglasso_fortran,C,2.310129700083161e-4,1,ok,0.006999999999999673,41.87993207132966,NA
50,0.9,0.1,0.5,hub,pcglasso_fortran,C,2.310129700083161e-4,2,ok,0.008000000000000895,41.87993207132966,NA
10,1,0.2,0.5,hub,pcglasso_fortran,C,2.310129700083161e-4,1,ok,0.007999999999999119,7.286016470944402,NA
10,1,0.2,0.5,hub,pcglasso_fortran,C,2.310129700083161e-4,2,ok,0.009999999999999787,7.286016470944402,NA
50,1,0.2,0.5,hub,pcglasso_fortran,C,2.310129700083161e-4,1,ok,0.0600000000000005,26.493402868891863,NA
50,1,0.2,0.5,hub,pcglasso_fortran,C,2.310129700083161e-4,2,ok,0.07200000000000095,26.493402868891863,NA
10,0.9,0.2,0.5,hub,pcglasso_fortran,C,2.310129700083161e-4,1,ok,0.006999999999999673,8.355555348018799,NA
10,0.9,0.2,0.5,hub,pcglasso_fortran,C,2.310129700083161e-4,2,ok,0.0039999999999995595,8.355555348018799,NA
50,0.9,0.2,0.5,hub,pcglasso_fortran,C,2.310129700083161e-4,1,ok,0.0129999999999999,42.326366592393626,NA
50,0.9,0.2,0.5,hub,pcglasso_fortran,C,2.310129700083161e-4,2,ok,0.0129999999999999,42.326366592393626,NA
10,1,0.1,0,hub,pcglasso,C,2.310129700083161e-4,1,ok,0.007999999999999119,3.24992333230424,NA
10,1,0.1,0,hub,pcglasso,C,2.310129700083161e-4,2,ok,0.011000000000001009,3.24992333230424,NA
50,1,0.1,0,hub,pcglasso,C,2.310129700083161e-4,1,ok,0.14899999999999913,7.951310629179209,NA
50,1,0.1,0,hub,pcglasso,C,2.310129700083161e-4,2,ok,0.0860000000000003,7.951310629179209,NA
10,0.9,0.1,0,hub,pcglasso,C,2.310129700083161e-4,1,ok,0.008999999999998565,7.121555368914132,NA
10,0.9,0.1,0,hub,pcglasso,C,2.310129700083161e-4,2,ok,0.008999999999998565,7.121555368914132,NA
50,0.9,0.1,0,hub,pcglasso,C,2.310129700083161e-4,1,ok,0.0519999999999996,45.13163794943284,NA
50,0.9,0.1,0,hub,pcglasso,C,2.310129700083161e-4,2,ok,0.053000000000000824,45.13163794943284,NA
10,1,0.2,0,hub,pcglasso,C,2.310129700083161e-4,1,ok,0.0129999999999999,4.349171374495204,NA
10,1,0.2,0,hub,pcglasso,C,2.310129700083161e-4,2,ok,0.011000000000001009,4.349171374495204,NA
50,1,0.2,0,hub,pcglasso,C,2.310129700083161e-4,1,ok,0.22799999999999976,11.640441122895368,NA
50,1,0.2,0,hub,pcglasso,C,2.310129700083161e-4,2,ok,0.18299999999999983,11.640441122895368,NA
10,0.9,0.2,0,hub,pcglasso,C,2.310129700083161e-4,1,ok,0.010999999999999233,8.106884058362263,NA
10,0.9,0.2,0,hub,pcglasso,C,2.310129700083161e-4,2,ok,0.012000000000000455,8.106884058362263,NA
50,0.9,0.2,0,hub,pcglasso,C,2.310129700083161e-4,1,ok,0.06900000000000084,48.12168282479144,NA
50,0.9,0.2,0,hub,pcglasso,C,2.310129700083161e-4,2,ok,0.06999999999999851,48.12168282479144,NA
10,1,0.1,0.5,hub,pcglasso,C,2.310129700083161e-4,1,ok,0.009999999999999787,6.593055350613332,NA
10,1,0.1,0.5,hub,pcglasso,C,2.310129700083161e-4,2,ok,0.009000000000000341,6.593055350613332,NA
50,1,0.1,0.5,hub,pcglasso,C,2.310129700083161e-4,1,ok,0.13199999999999967,25.06310089326863,NA
50,1,0.1,0.5,hub,pcglasso,C,2.310129700083161e-4,2,ok,0.1349999999999998,25.06310089326863,NA
10,0.9,0.1,0.5,hub,pcglasso,C,2.310129700083161e-4,1,ok,0.012000000000000455,8.007419619303542,NA
10,0.9,0.1,0.5,hub,pcglasso,C,2.310129700083161e-4,2,ok,0.0129999999999999,8.007419619303542,NA
50,0.9,0.1,0.5,hub,pcglasso,C,2.310129700083161e-4,1,ok,0.036000000000001364,41.88000467817231,NA
50,0.9,0.1,0.5,hub,pcglasso,C,2.310129700083161e-4,2,ok,0.051000000000000156,41.88000467817231,NA
10,1,0.2,0.5,hub,pcglasso,C,2.310129700083161e-4,1,ok,0.014000000000001123,7.28625021639622,NA
10,1,0.2,0.5,hub,pcglasso,C,2.310129700083161e-4,2,ok,0.017000000000001236,7.28625021639622,NA
50,1,0.2,0.5,hub,pcglasso,C,2.310129700083161e-4,1,ok,0.11999999999999922,26.511150902959074,NA
50,1,0.2,0.5,hub,pcglasso,C,2.310129700083161e-4,2,ok,0.129999999999999,26.511150902959074,NA
10,0.9,0.2,0.5,hub,pcglasso,C,2.310129700083161e-4,1,ok,0.014000000000001123,8.355654466286076,NA
10,0.9,0.2,0.5,hub,pcglasso,C,2.310129700083161e-4,2,ok,0.009999999999999787,8.355654466286076,NA
50,0.9,0.2,0.5,hub,pcglasso,C,2.310129700083161e-4,1,ok,0.11500000000000021,42.32636386058122,NA
50,0.9,0.2,0.5,hub,pcglasso,C,2.310129700083161e-4,2,ok,0.11499999999999844,42.32636386058122,NA
10,1,0.1,0,hub,pcglasso_cpp,I,2.310129700083161e-4,1,ok,0.018000000000000682,3.2474775900929247,NA
10,1,0.1,0,hub,pcglasso_cpp,I,2.310129700083161e-4,2,ok,0.02499999999999858,3.2474775900929247,NA
50,1,0.1,0,hub,pcglasso_cpp,I,2.310129700083161e-4,1,ok,0.3490000000000002,7.944770613804086,NA
50,1,0.1,0,hub,pcglasso_cpp,I,2.310129700083161e-4,2,ok,0.24799999999999933,7.944770613804086,NA
10,0.9,0.1,0,hub,pcglasso_cpp,I,2.310129700083161e-4,1,ok,0.009000000000000341,7.120301463813928,NA
10,0.9,0.1,0,hub,pcglasso_cpp,I,2.310129700083161e-4,2,ok,0.009000000000000341,7.120301463813928,NA
50,0.9,0.1,0,hub,pcglasso_cpp,I,2.310129700083161e-4,1,ok,0.02000000000000135,45.13079387017012,NA
50,0.9,0.1,0,hub,pcglasso_cpp,I,2.310129700083161e-4,2,ok,0.019000000000000128,45.13079387017012,NA
10,1,0.2,0,hub,pcglasso_cpp,I,2.310129700083161e-4,1,ok,0.01699999999999946,4.348006989702267,NA
10,1,0.2,0,hub,pcglasso_cpp,I,2.310129700083161e-4,2,ok,0.016000000000000014,4.348006989702267,NA
50,1,0.2,0,hub,pcglasso_cpp,I,2.310129700083161e-4,1,ok,0.18299999999999983,11.635160208760942,NA
50,1,0.2,0,hub,pcglasso_cpp,I,2.310129700083161e-4,2,ok,0.12299999999999933,11.635160208760942,NA
10,0.9,0.2,0,hub,pcglasso_cpp,I,2.310129700083161e-4,1,ok,0.006000000000000227,8.106314514848599,NA
10,0.9,0.2,0,hub,pcglasso_cpp,I,2.310129700083161e-4,2,ok,0.006000000000000227,8.106314514848599,NA
50,0.9,0.2,0,hub,pcglasso_cpp,I,2.310129700083161e-4,1,ok,0.016000000000000014,48.1216846203096,NA
50,0.9,0.2,0,hub,pcglasso_cpp,I,2.310129700083161e-4,2,ok,0.01699999999999946,48.1216846203096,NA
10,1,0.1,0.5,hub,pcglasso_cpp,I,2.310129700083161e-4,1,ok,0.0070000000000014495,6.592672966159859,NA
10,1,0.1,0.5,hub,pcglasso_cpp,I,2.310129700083161e-4,2,ok,0.006000000000000227,6.592672966159859,NA
50,1,0.1,0.5,hub,pcglasso_cpp,I,2.310129700083161e-4,1,ok,0.07000000000000028,25.06277390985241,NA
50,1,0.1,0.5,hub,pcglasso_cpp,I,2.310129700083161e-4,2,ok,0.07699999999999996,25.06277390985241,NA
10,0.9,0.1,0.5,hub,pcglasso_cpp,I,2.310129700083161e-4,1,ok,0.0039999999999995595,8.007416009154127,NA
10,0.9,0.1,0.5,hub,pcglasso_cpp,I,2.310129700083161e-4,2,ok,0.0039999999999995595,8.007416009154127,NA
50,0.9,0.1,0.5,hub,pcglasso_cpp,I,2.310129700083161e-4,1,ok,0.010999999999999233,41.87996297276837,NA
50,0.9,0.1,0.5,hub,pcglasso_cpp,I,2.310129700083161e-4,2,ok,0.015000000000000568,41.87996297276837,NA
10,1,0.2,0.5,hub,pcglasso_cpp,I,2.310129700083161e-4,1,ok,0.006999999999999673,7.285977462594349,NA
10,1,0.2,0.5,hub,pcglasso_cpp,I,2.310129700083161e-4,2,ok,0.009999999999999787,7.285977462594349,NA
50,1,0.2,0.5,hub,pcglasso_cpp,I,2.310129700083161e-4,1,ok,0.16100000000000136,26.495064184885393,NA
50,1,0.2,0.5,hub,pcglasso_cpp,I,2.310129700083161e-4,2,ok,0.1399999999999988,26.495064184885393,NA
10,0.9,0.2,0.5,hub,pcglasso_cpp,I,2.310129700083161e-4,1,ok,0.0039999999999995595,8.355631835820871,NA
10,0.9,0.2,0.5,hub,pcglasso_cpp,I,2.310129700083161e-4,2,ok,0.0030000000000001137,8.355631835820871,NA
50,0.9,0.2,0.5,hub,pcglasso_cpp,I,2.310129700083161e-4,1,ok,0.008000000000000895,42.326364914341355,NA
50,0.9,0.2,0.5,hub,pcglasso_cpp,I,2.310129700083161e-4,2,ok,0.008000000000000895,42.326364914341355,NA
10,1,0.1,0,hub,pcglasso_fortran,I,2.310129700083161e-4,1,ok,0.018000000000000682,3.2498580171110323,NA
10,1,0.1,0,hub,pcglasso_fortran,I,2.310129700083161e-4,2,ok,0.023999999999999133,3.2498580171110323,NA
50,1,0.1,0,hub,pcglasso_fortran,I,2.310129700083161e-4,1,ok,0.8620000000000001,7.945001453720494,NA
50,1,0.1,0,hub,pcglasso_fortran,I,2.310129700083161e-4,2,ok,0.7040000000000006,7.945001453720494,NA
10,0.9,0.1,0,hub,pcglasso_fortran,I,2.310129700083161e-4,1,ok,0.009999999999999787,7.120184545922289,NA
10,0.9,0.1,0,hub,pcglasso_fortran,I,2.310129700083161e-4,2,ok,0.009999999999999787,7.120184545922289,NA
50,0.9,0.1,0,hub,pcglasso_fortran,I,2.310129700083161e-4,1,ok,0.02499999999999858,45.130819202313,NA
50,0.9,0.1,0,hub,pcglasso_fortran,I,2.310129700083161e-4,2,ok,0.0259999999999998,45.130819202313,NA
10,1,0.2,0,hub,pcglasso_fortran,I,2.310129700083161e-4,1,ok,0.021000000000000796,4.348008051678042,NA
10,1,0.2,0,hub,pcglasso_fortran,I,2.310129700083161e-4,2,ok,0.019000000000000128,4.348008051678042,NA
50,1,0.2,0,hub,pcglasso_fortran,I,2.310129700083161e-4,1,ok,0.3309999999999995,11.636434140362315,NA
50,1,0.2,0,hub,pcglasso_fortran,I,2.310129700083161e-4,2,ok,0.24300000000000033,11.636434140362315,NA
10,0.9,0.2,0,hub,pcglasso_fortran,I,2.310129700083161e-4,1,ok,0.006000000000000227,8.106288547741553,NA
10,0.9,0.2,0,hub,pcglasso_fortran,I,2.310129700083161e-4,2,ok,0.006999999999999673,8.106288547741553,NA
50,0.9,0.2,0,hub,pcglasso_fortran,I,2.310129700083161e-4,1,ok,0.009999999999999787,48.12171968801246,NA
50,0.9,0.2,0,hub,pcglasso_fortran,I,2.310129700083161e-4,2,ok,0.010999999999999233,48.12171968801246,NA
10,1,0.1,0.5,hub,pcglasso_fortran,I,2.310129700083161e-4,1,ok,0.009999999999999787,6.593811893153056,NA
10,1,0.1,0.5,hub,pcglasso_fortran,I,2.310129700083161e-4,2,ok,0.008000000000000895,6.593811893153056,NA
50,1,0.1,0.5,hub,pcglasso_fortran,I,2.310129700083161e-4,1,ok,0.13199999999999967,25.067393200553504,NA
50,1,0.1,0.5,hub,pcglasso_fortran,I,2.310129700083161e-4,2,ok,0.14599999999999902,25.067393200553504,NA
10,0.9,0.1,0.5,hub,pcglasso_fortran,I,2.310129700083161e-4,1,ok,0.004000000000001336,8.007412203949057,NA
10,0.9,0.1,0.5,hub,pcglasso_fortran,I,2.310129700083161e-4,2,ok,0.005000000000000782,8.007412203949057,NA
50,0.9,0.1,0.5,hub,pcglasso_fortran,I,2.310129700083161e-4,1,ok,0.014000000000001123,41.87997483628086,NA
50,0.9,0.1,0.5,hub,pcglasso_fortran,I,2.310129700083161e-4,2,ok,0.019999999999999574,41.87997483628086,NA
10,1,0.2,0.5,hub,pcglasso_fortran,I,2.310129700083161e-4,1,ok,0.0129999999999999,7.286073901241651,NA
10,1,0.2,0.5,hub,pcglasso_fortran,I,2.310129700083161e-4,2,ok,0.017000000000001236,7.286073901241651,NA
50,1,0.2,0.5,hub,pcglasso_fortran,I,2.310129700083161e-4,1,ok,0.07699999999999996,26.493640049335987,NA
50,1,0.2,0.5,hub,pcglasso_fortran,I,2.310129700083161e-4,2,ok,0.06199999999999939,26.493640049335987,NA
10,0.9,0.2,0.5,hub,pcglasso_fortran,I,2.310129700083161e-4,1,ok,0.006000000000000227,8.355562204402323,NA
10,0.9,0.2,0.5,hub,pcglasso_fortran,I,2.310129700083161e-4,2,ok,0.0039999999999995595,8.355562204402323,NA
50,0.9,0.2,0.5,hub,pcglasso_fortran,I,2.310129700083161e-4,1,ok,0.005000000000000782,42.3263648896255,NA
50,0.9,0.2,0.5,hub,pcglasso_fortran,I,2.310129700083161e-4,2,ok,0.005000000000000782,42.3263648896255,NA
10,1,0.1,0,hub,pcglasso,I,2.310129700083161e-4,1,ok,0.009999999999999787,3.2538806236353173,NA
10,1,0.1,0,hub,pcglasso,I,2.310129700083161e-4,2,ok,0.015000000000000568,3.2538806236353173,NA
50,1,0.1,0,hub,pcglasso,I,2.310129700083161e-4,1,ok,0.0799999999999983,8.691006859926443,NA
50,1,0.1,0,hub,pcglasso,I,2.310129700083161e-4,2,ok,0.0600000000000005,8.691006859926443,NA
10,0.9,0.1,0,hub,pcglasso,I,2.310129700083161e-4,1,ok,0.009999999999999787,7.121634635043563,NA
10,0.9,0.1,0,hub,pcglasso,I,2.310129700083161e-4,2,ok,0.011000000000001009,7.121634635043563,NA
50,0.9,0.1,0,hub,pcglasso,I,2.310129700083161e-4,1,ok,0.04400000000000048,45.13154355480178,NA
50,0.9,0.1,0,hub,pcglasso,I,2.310129700083161e-4,2,ok,0.04400000000000048,45.13154355480178,NA
10,1,0.2,0,hub,pcglasso,I,2.310129700083161e-4,1,ok,0.012000000000000455,4.351286547767808,NA
10,1,0.2,0,hub,pcglasso,I,2.310129700083161e-4,2,ok,0.011000000000001009,4.351286547767808,NA
50,1,0.2,0,hub,pcglasso,I,2.310129700083161e-4,1,ok,0.42900000000000027,11.639367650498007,NA
50,1,0.2,0,hub,pcglasso,I,2.310129700083161e-4,2,ok,0.32099999999999973,11.639367650498007,NA
10,0.9,0.2,0,hub,pcglasso,I,2.310129700083161e-4,1,ok,0.009999999999999787,8.107035209920001,NA
10,0.9,0.2,0,hub,pcglasso,I,2.310129700083161e-4,2,ok,0.010000000000001563,8.107035209920001,NA
50,0.9,0.2,0,hub,pcglasso,I,2.310129700083161e-4,1,ok,0.058999999999999275,48.12231578582458,NA
50,0.9,0.2,0,hub,pcglasso,I,2.310129700083161e-4,2,ok,0.062000000000001165,48.12231578582458,NA
10,1,0.1,0.5,hub,pcglasso,I,2.310129700083161e-4,1,ok,0.0129999999999999,6.59282923489151,NA
10,1,0.1,0.5,hub,pcglasso,I,2.310129700083161e-4,2,ok,0.011000000000001009,6.59282923489151,NA
50,1,0.1,0.5,hub,pcglasso,I,2.310129700083161e-4,1,ok,0.41300000000000026,25.06293749603138,NA
50,1,0.1,0.5,hub,pcglasso,I,2.310129700083161e-4,2,ok,0.4060000000000006,25.06293749603138,NA
10,0.9,0.1,0.5,hub,pcglasso,I,2.310129700083161e-4,1,ok,0.009999999999999787,8.007468780166748,NA
10,0.9,0.1,0.5,hub,pcglasso,I,2.310129700083161e-4,2,ok,0.009999999999999787,8.007468780166748,NA
50,0.9,0.1,0.5,hub,pcglasso,I,2.310129700083161e-4,1,ok,0.038000000000000256,41.879944755315485,NA
50,0.9,0.1,0.5,hub,pcglasso,I,2.310129700083161e-4,2,ok,0.04499999999999993,41.879944755315485,NA
10,1,0.2,0.5,hub,pcglasso,I,2.310129700083161e-4,1,ok,0.013999999999999346,7.286309248753203,NA
10,1,0.2,0.5,hub,pcglasso,I,2.310129700083161e-4,2,ok,0.019000000000000128,7.286309248753203,NA
50,1,0.2,0.5,hub,pcglasso,I,2.310129700083161e-4,1,ok,0.14499999999999957,26.496424835955,NA
50,1,0.2,0.5,hub,pcglasso,I,2.310129700083161e-4,2,ok,0.11800000000000033,26.496424835955,NA
10,0.9,0.2,0.5,hub,pcglasso,I,2.310129700083161e-4,1,ok,0.010999999999999233,8.355603655444677,NA
10,0.9,0.2,0.5,hub,pcglasso,I,2.310129700083161e-4,2,ok,0.0070000000000014495,8.355603655444677,NA
50,0.9,0.2,0.5,hub,pcglasso,I,2.310129700083161e-4,1,ok,0.019999999999999574,42.32636383371274,NA
50,0.9,0.2,0.5,hub,pcglasso,I,2.310129700083161e-4,2,ok,0.02099999999999902,42.32636383371274,NA
10,1,0.1,0,hub,pcglasso_cpp,C,6.579332246575681e-5,1,ok,0.014999999999998792,3.247506955596923,NA
10,1,0.1,0,hub,pcglasso_cpp,C,6.579332246575681e-5,2,ok,0.019000000000000128,3.247506955596923,NA
50,1,0.1,0,hub,pcglasso_cpp,C,6.579332246575681e-5,1,ok,0.23099999999999987,7.943540327323686,NA
50,1,0.1,0,hub,pcglasso_cpp,C,6.579332246575681e-5,2,ok,0.20500000000000007,7.943540327323686,NA
10,0.9,0.1,0,hub,pcglasso_cpp,C,6.579332246575681e-5,1,ok,0.009999999999999787,7.120124461375721,NA
10,0.9,0.1,0,hub,pcglasso_cpp,C,6.579332246575681e-5,2,ok,0.009999999999999787,7.120124461375721,NA
50,0.9,0.1,0,hub,pcglasso_cpp,C,6.579332246575681e-5,1,ok,0.025000000000000355,45.13074237705823,NA
50,0.9,0.1,0,hub,pcglasso_cpp,C,6.579332246575681e-5,2,ok,0.0259999999999998,45.13074237705823,NA
10,1,0.2,0,hub,pcglasso_cpp,C,6.579332246575681e-5,1,ok,0.01699999999999946,4.347790726093724,NA
10,1,0.2,0,hub,pcglasso_cpp,C,6.579332246575681e-5,2,ok,0.02400000000000091,4.347790726093724,NA
50,1,0.2,0,hub,pcglasso_cpp,C,6.579332246575681e-5,1,ok,0.19000000000000128,11.634946913961336,NA
50,1,0.2,0,hub,pcglasso_cpp,C,6.579332246575681e-5,2,ok,0.14499999999999957,11.634946913961336,NA
10,0.9,0.2,0,hub,pcglasso_cpp,C,6.579332246575681e-5,1,ok,0.008999999999998565,8.106167008586759,NA
10,0.9,0.2,0,hub,pcglasso_cpp,C,6.579332246575681e-5,2,ok,0.009000000000000341,8.106167008586759,NA
50,0.9,0.2,0,hub,pcglasso_cpp,C,6.579332246575681e-5,1,ok,0.021000000000000796,48.121668157391575,NA
50,0.9,0.2,0,hub,pcglasso_cpp,C,6.579332246575681e-5,2,ok,0.02200000000000024,48.121668157391575,NA
10,1,0.1,0.5,hub,pcglasso_cpp,C,6.579332246575681e-5,1,ok,0.008000000000000895,6.592533784762205,NA
10,1,0.1,0.5,hub,pcglasso_cpp,C,6.579332246575681e-5,2,ok,0.007999999999999119,6.592533784762205,NA
50,1,0.1,0.5,hub,pcglasso_cpp,C,6.579332246575681e-5,1,ok,0.07099999999999973,25.06207147901078,NA
50,1,0.1,0.5,hub,pcglasso_cpp,C,6.579332246575681e-5,2,ok,0.07200000000000095,25.06207147901078,NA
10,0.9,0.1,0.5,hub,pcglasso_cpp,C,6.579332246575681e-5,1,ok,0.005000000000000782,8.00739973708395,NA
10,0.9,0.1,0.5,hub,pcglasso_cpp,C,6.579332246575681e-5,2,ok,0.006999999999999673,8.00739973708395,NA
50,0.9,0.1,0.5,hub,pcglasso_cpp,C,6.579332246575681e-5,1,ok,0.010999999999999233,41.87991713870771,NA
50,0.9,0.1,0.5,hub,pcglasso_cpp,C,6.579332246575681e-5,2,ok,0.0129999999999999,41.87991713870771,NA
10,1,0.2,0.5,hub,pcglasso_cpp,C,6.579332246575681e-5,1,ok,0.008000000000000895,7.285779734789274,NA
10,1,0.2,0.5,hub,pcglasso_cpp,C,6.579332246575681e-5,2,ok,0.009999999999999787,7.285779734789274,NA
50,1,0.2,0.5,hub,pcglasso_cpp,C,6.579332246575681e-5,1,ok,0.10599999999999987,26.49334729982942,NA
50,1,0.2,0.5,hub,pcglasso_cpp,C,6.579332246575681e-5,2,ok,0.08999999999999986,26.49334729982942,NA
10,0.9,0.2,0.5,hub,pcglasso_cpp,C,6.579332246575681e-5,1,ok,0.006000000000000227,8.355557163356112,NA
10,0.9,0.2,0.5,hub,pcglasso_cpp,C,6.579332246575681e-5,2,ok,0.0039999999999995595,8.355557163356112,NA
50,0.9,0.2,0.5,hub,pcglasso_cpp,C,6.579332246575681e-5,1,ok,0.0259999999999998,42.326363984687475,NA
50,0.9,0.2,0.5,hub,pcglasso_cpp,C,6.579332246575681e-5,2,ok,0.0259999999999998,42.326363984687475,NA
10,1,0.1,0,hub,pcglasso_fortran,C,6.579332246575681e-5,1,ok,0.011000000000001009,3.247453079770912,NA
10,1,0.1,0,hub,pcglasso_fortran,C,6.579332246575681e-5,2,ok,0.014000000000001123,3.247453079770912,NA
50,1,0.1,0,hub,pcglasso_fortran,C,6.579332246575681e-5,1,ok,0.6050000000000004,7.947092087794359,NA
50,1,0.1,0,hub,pcglasso_fortran,C,6.579332246575681e-5,2,ok,0.4399999999999995,7.947092087794359,NA
10,0.9,0.1,0,hub,pcglasso_fortran,C,6.579332246575681e-5,1,ok,0.009999999999999787,7.120296026453602,NA
10,0.9,0.1,0,hub,pcglasso_fortran,C,6.579332246575681e-5,2,ok,0.009999999999999787,7.120296026453602,NA
50,0.9,0.1,0,hub,pcglasso_fortran,C,6.579332246575681e-5,1,ok,0.034000000000000696,45.13074754725727,NA
50,0.9,0.1,0,hub,pcglasso_fortran,C,6.579332246575681e-5,2,ok,0.03300000000000125,45.13074754725727,NA
10,1,0.2,0,hub,pcglasso_fortran,C,6.579332246575681e-5,1,ok,0.017000000000001236,4.347809190522205,NA
10,1,0.2,0,hub,pcglasso_fortran,C,6.579332246575681e-5,2,ok,0.02099999999999902,4.347809190522205,NA
50,1,0.2,0,hub,pcglasso_fortran,C,6.579332246575681e-5,1,ok,0.41799999999999926,11.635073205910652,NA
50,1,0.2,0,hub,pcglasso_fortran,C,6.579332246575681e-5,2,ok,0.29800000000000004,11.635073205910652,NA
10,0.9,0.2,0,hub,pcglasso_fortran,C,6.579332246575681e-5,1,ok,0.009999999999999787,8.106164950723304,NA
10,0.9,0.2,0,hub,pcglasso_fortran,C,6.579332246575681e-5,2,ok,0.009999999999999787,8.106164950723304,NA
50,0.9,0.2,0,hub,pcglasso_fortran,C,6.579332246575681e-5,1,ok,0.0129999999999999,48.12169650223353,NA
50,0.9,0.2,0,hub,pcglasso_fortran,C,6.579332246575681e-5,2,ok,0.011999999999998678,48.12169650223353,NA
10,1,0.1,0.5,hub,pcglasso_fortran,C,6.579332246575681e-5,1,ok,0.0129999999999999,6.592596760573812,NA
10,1,0.1,0.5,hub,pcglasso_fortran,C,6.579332246575681e-5,2,ok,0.012000000000000455,6.592596760573812,NA
50,1,0.1,0.5,hub,pcglasso_fortran,C,6.579332246575681e-5,1,ok,0.2090000000000014,25.06288919843604,NA
50,1,0.1,0.5,hub,pcglasso_fortran,C,6.579332246575681e-5,2,ok,0.22699999999999854,25.06288919843604,NA
10,0.9,0.1,0.5,hub,pcglasso_fortran,C,6.579332246575681e-5,1,ok,0.006000000000000227,8.00740221920254,NA
10,0.9,0.1,0.5,hub,pcglasso_fortran,C,6.579332246575681e-5,2,ok,0.0070000000000014495,8.00740221920254,NA
50,0.9,0.1,0.5,hub,pcglasso_fortran,C,6.579332246575681e-5,1,ok,0.0070000000000014495,41.87991544916718,NA
50,0.9,0.1,0.5,hub,pcglasso_fortran,C,6.579332246575681e-5,2,ok,0.009000000000000341,41.87991544916718,NA
10,1,0.2,0.5,hub,pcglasso_fortran,C,6.579332246575681e-5,1,ok,0.007999999999999119,7.285836988588565,NA
10,1,0.2,0.5,hub,pcglasso_fortran,C,6.579332246575681e-5,2,ok,0.011000000000001009,7.285836988588565,NA
50,1,0.2,0.5,hub,pcglasso_fortran,C,6.579332246575681e-5,1,ok,0.05400000000000027,26.493321457954274,NA
50,1,0.2,0.5,hub,pcglasso_fortran,C,6.579332246575681e-5,2,ok,0.04499999999999993,26.493321457954274,NA
10,0.9,0.2,0.5,hub,pcglasso_fortran,C,6.579332246575681e-5,1,ok,0.0070000000000014495,8.355555348018799,NA
10,0.9,0.2,0.5,hub,pcglasso_fortran,C,6.579332246575681e-5,2,ok,0.005000000000000782,8.355555348018799,NA
50,0.9,0.2,0.5,hub,pcglasso_fortran,C,6.579332246575681e-5,1,ok,0.012000000000000455,42.326366592393626,NA
50,0.9,0.2,0.5,hub,pcglasso_fortran,C,6.579332246575681e-5,2,ok,0.012000000000000455,42.326366592393626,NA
10,1,0.1,0,hub,pcglasso,C,6.579332246575681e-5,1,ok,0.009000000000000341,3.247514003196078,NA
10,1,0.1,0,hub,pcglasso,C,6.579332246575681e-5,2,ok,0.011999999999998678,3.247514003196078,NA
50,1,0.1,0,hub,pcglasso,C,6.579332246575681e-5,1,ok,0.14199999999999946,7.945653811142711,NA
50,1,0.1,0,hub,pcglasso,C,6.579332246575681e-5,2,ok,0.11500000000000021,7.945653811142711,NA
10,0.9,0.1,0,hub,pcglasso,C,6.579332246575681e-5,1,ok,0.011999999999998678,7.120079962062657,NA
10,0.9,0.1,0,hub,pcglasso,C,6.579332246575681e-5,2,ok,0.011999999999998678,7.120079962062657,NA
50,0.9,0.1,0,hub,pcglasso,C,6.579332246575681e-5,1,ok,0.06899999999999906,45.13074248672809,NA
50,0.9,0.1,0,hub,pcglasso,C,6.579332246575681e-5,2,ok,0.07000000000000028,45.13074248672809,NA
10,1,0.2,0,hub,pcglasso,C,6.579332246575681e-5,1,ok,0.0129999999999999,4.347842431917813,NA
10,1,0.2,0,hub,pcglasso,C,6.579332246575681e-5,2,ok,0.014999999999998792,4.347842431917813,NA
50,1,0.2,0,hub,pcglasso,C,6.579332246575681e-5,1,ok,0.4250000000000007,11.635189741667528,NA
50,1,0.2,0,hub,pcglasso,C,6.579332246575681e-5,2,ok,0.26900000000000013,11.635189741667528,NA
10,0.9,0.2,0,hub,pcglasso,C,6.579332246575681e-5,1,ok,0.014000000000001123,8.106159686550267,NA
10,0.9,0.2,0,hub,pcglasso,C,6.579332246575681e-5,2,ok,0.0129999999999999,8.106159686550267,NA
50,0.9,0.2,0,hub,pcglasso,C,6.579332246575681e-5,1,ok,0.08099999999999952,48.12168846172802,NA
50,0.9,0.2,0,hub,pcglasso,C,6.579332246575681e-5,2,ok,0.08399999999999963,48.12168846172802,NA
10,1,0.1,0.5,hub,pcglasso,C,6.579332246575681e-5,1,ok,0.015000000000000568,6.59253068095396,NA
10,1,0.1,0.5,hub,pcglasso,C,6.579332246575681e-5,2,ok,0.012000000000000455,6.59253068095396,NA
50,1,0.1,0.5,hub,pcglasso,C,6.579332246575681e-5,1,ok,0.16299999999999848,25.062078881465865,NA
50,1,0.1,0.5,hub,pcglasso,C,6.579332246575681e-5,2,ok,0.16600000000000037,25.062078881465865,NA
10,0.9,0.1,0.5,hub,pcglasso,C,6.579332246575681e-5,1,ok,0.016000000000000014,8.007400774870222,NA
10,0.9,0.1,0.5,hub,pcglasso,C,6.579332246575681e-5,2,ok,0.01699999999999946,8.007400774870222,NA
50,0.9,0.1,0.5,hub,pcglasso,C,6.579332246575681e-5,1,ok,0.05299999999999905,41.87991423830653,NA
50,0.9,0.1,0.5,hub,pcglasso,C,6.579332246575681e-5,2,ok,0.06299999999999883,41.87991423830653,NA
10,1,0.2,0.5,hub,pcglasso,C,6.579332246575681e-5,1,ok,0.057000000000000384,7.285737699845039,NA
10,1,0.2,0.5,hub,pcglasso,C,6.579332246575681e-5,2,ok,0.07399999999999984,7.285737699845039,NA
50,1,0.2,0.5,hub,pcglasso,C,6.579332246575681e-5,1,ok,0.125,26.4935757798981,NA
50,1,0.2,0.5,hub,pcglasso,C,6.579332246575681e-5,2,ok,0.10599999999999987,26.4935757798981,NA
10,0.9,0.2,0.5,hub,pcglasso,C,6.579332246575681e-5,1,ok,0.019000000000000128,8.355556638024872,NA
10,0.9,0.2,0.5,hub,pcglasso,C,6.579332246575681e-5,2,ok,0.013999999999999346,8.355556638024872,NA
50,0.9,0.2,0.5,hub,pcglasso,C,6.579332246575681e-5,1,ok,0.14200000000000124,42.326363837303134,NA
50,0.9,0.2,0.5,hub,pcglasso,C,6.579332246575681e-5,2,ok,0.16799999999999926,42.326363837303134,NA
10,1,0.1,0,hub,pcglasso_cpp,I,6.579332246575681e-5,1,ok,0.013999999999999346,3.2474066414392055,NA
10,1,0.1,0,hub,pcglasso_cpp,I,6.579332246575681e-5,2,ok,0.019000000000000128,3.2474066414392055,NA
50,1,0.1,0,hub,pcglasso_cpp,I,6.579332246575681e-5,1,ok,0.31200000000000117,7.943517198444067,NA
50,1,0.1,0,hub,pcglasso_cpp,I,6.579332246575681e-5,2,ok,0.27300000000000146,7.943517198444067,NA
10,0.9,0.1,0,hub,pcglasso_cpp,I,6.579332246575681e-5,1,ok,0.05299999999999905,7.120083237221402,NA
10,0.9,0.1,0,hub,pcglasso_cpp,I,6.579332246575681e-5,2,ok,0.05299999999999905,7.120083237221402,NA
50,0.9,0.1,0,hub,pcglasso_cpp,I,6.579332246575681e-5,1,ok,0.02099999999999902,45.13074734110866,NA
50,0.9,0.1,0,hub,pcglasso_cpp,I,6.579332246575681e-5,2,ok,0.02099999999999902,45.13074734110866,NA
10,1,0.2,0,hub,pcglasso_cpp,I,6.579332246575681e-5,1,ok,0.014999999999998792,4.347799857938356,NA
10,1,0.2,0,hub,pcglasso_cpp,I,6.579332246575681e-5,2,ok,0.017999999999998906,4.347799857938356,NA
50,1,0.2,0,hub,pcglasso_cpp,I,6.579332246575681e-5,1,ok,0.16000000000000014,11.634952587266016,NA
50,1,0.2,0,hub,pcglasso_cpp,I,6.579332246575681e-5,2,ok,0.13899999999999935,11.634952587266016,NA
10,0.9,0.2,0,hub,pcglasso_cpp,I,6.579332246575681e-5,1,ok,0.006999999999999673,8.10618123863378,NA
10,0.9,0.2,0,hub,pcglasso_cpp,I,6.579332246575681e-5,2,ok,0.0070000000000014495,8.10618123863378,NA
50,0.9,0.2,0,hub,pcglasso_cpp,I,6.579332246575681e-5,1,ok,0.018000000000000682,48.121668657128794,NA
50,0.9,0.2,0,hub,pcglasso_cpp,I,6.579332246575681e-5,2,ok,0.018000000000000682,48.121668657128794,NA
10,1,0.1,0.5,hub,pcglasso_cpp,I,6.579332246575681e-5,1,ok,0.05799999999999983,6.592550391276834,NA
10,1,0.1,0.5,hub,pcglasso_cpp,I,6.579332246575681e-5,2,ok,0.04400000000000048,6.592550391276834,NA
50,1,0.1,0.5,hub,pcglasso_cpp,I,6.579332246575681e-5,1,ok,0.07000000000000028,25.062271039222363,NA
50,1,0.1,0.5,hub,pcglasso_cpp,I,6.579332246575681e-5,2,ok,0.07200000000000095,25.062271039222363,NA
10,0.9,0.1,0.5,hub,pcglasso_cpp,I,6.579332246575681e-5,1,ok,0.005000000000000782,8.007400607772162,NA
10,0.9,0.1,0.5,hub,pcglasso_cpp,I,6.579332246575681e-5,2,ok,0.005000000000000782,8.007400607772162,NA
50,0.9,0.1,0.5,hub,pcglasso_cpp,I,6.579332246575681e-5,1,ok,0.0129999999999999,41.87992050852818,NA
50,0.9,0.1,0.5,hub,pcglasso_cpp,I,6.579332246575681e-5,2,ok,0.015000000000000568,41.87992050852818,NA
10,1,0.2,0.5,hub,pcglasso_cpp,I,6.579332246575681e-5,1,ok,0.006999999999999673,7.285745575862401,NA
10,1,0.2,0.5,hub,pcglasso_cpp,I,6.579332246575681e-5,2,ok,0.010999999999999233,7.285745575862401,NA
50,1,0.2,0.5,hub,pcglasso_cpp,I,6.579332246575681e-5,1,ok,0.13400000000000034,26.493378631899617,NA
50,1,0.2,0.5,hub,pcglasso_cpp,I,6.579332246575681e-5,2,ok,0.13399999999999856,26.493378631899617,NA
10,0.9,0.2,0.5,hub,pcglasso_cpp,I,6.579332246575681e-5,1,ok,0.004999999999999005,8.355571598513134,NA
10,0.9,0.2,0.5,hub,pcglasso_cpp,I,6.579332246575681e-5,2,ok,0.0039999999999995595,8.355571598513134,NA
50,0.9,0.2,0.5,hub,pcglasso_cpp,I,6.579332246575681e-5,1,ok,0.007999999999999119,42.326364914341355,NA
50,0.9,0.2,0.5,hub,pcglasso_cpp,I,6.579332246575681e-5,2,ok,0.014999999999998792,42.326364914341355,NA
10,1,0.1,0,hub,pcglasso_fortran,I,6.579332246575681e-5,1,ok,0.021000000000000796,3.247573359542956,NA
10,1,0.1,0,hub,pcglasso_fortran,I,6.579332246575681e-5,2,ok,0.02999999999999936,3.247573359542956,NA
50,1,0.1,0,hub,pcglasso_fortran,I,6.579332246575681e-5,1,ok,1.125,7.943593639087439,NA
50,1,0.1,0,hub,pcglasso_fortran,I,6.579332246575681e-5,2,ok,1.6700000000000017,7.943593639087439,NA
10,0.9,0.1,0,hub,pcglasso_fortran,I,6.579332246575681e-5,1,ok,0.010999999999999233,7.120139280277255,NA
10,0.9,0.1,0,hub,pcglasso_fortran,I,6.579332246575681e-5,2,ok,0.012000000000000455,7.120139280277255,NA
50,0.9,0.1,0,hub,pcglasso_fortran,I,6.579332246575681e-5,1,ok,0.021999999999998465,45.13077269359852,NA
50,0.9,0.1,0,hub,pcglasso_fortran,I,6.579332246575681e-5,2,ok,0.02200000000000024,45.13077269359852,NA
10,1,0.2,0,hub,pcglasso_fortran,I,6.579332246575681e-5,1,ok,0.023000000000001464,4.3481270986907274,NA
10,1,0.2,0,hub,pcglasso_fortran,I,6.579332246575681e-5,2,ok,0.026999999999999247,4.3481270986907274,NA
50,1,0.2,0,hub,pcglasso_fortran,I,6.579332246575681e-5,1,ok,0.5190000000000001,11.63638338435931,NA
50,1,0.2,0,hub,pcglasso_fortran,I,6.579332246575681e-5,2,ok,0.363999999999999,11.63638338435931,NA
10,0.9,0.2,0,hub,pcglasso_fortran,I,6.579332246575681e-5,1,ok,0.006999999999999673,8.106189446475867,NA
10,0.9,0.2,0,hub,pcglasso_fortran,I,6.579332246575681e-5,2,ok,0.006999999999999673,8.106189446475867,NA
50,0.9,0.2,0,hub,pcglasso_fortran,I,6.579332246575681e-5,1,ok,0.010999999999999233,48.12168357270754,NA
50,0.9,0.2,0,hub,pcglasso_fortran,I,6.579332246575681e-5,2,ok,0.011000000000001009,48.12168357270754,NA
10,1,0.1,0.5,hub,pcglasso_fortran,I,6.579332246575681e-5,1,ok,0.015000000000000568,6.592634724100108,NA
10,1,0.1,0.5,hub,pcglasso_fortran,I,6.579332246575681e-5,2,ok,0.012000000000000455,6.592634724100108,NA
50,1,0.1,0.5,hub,pcglasso_fortran,I,6.579332246575681e-5,1,ok,0.15499999999999936,25.062267905455183,NA
50,1,0.1,0.5,hub,pcglasso_fortran,I,6.579332246575681e-5,2,ok,0.15600000000000058,25.062267905455183,NA
10,0.9,0.1,0.5,hub,pcglasso_fortran,I,6.579332246575681e-5,1,ok,0.006999999999999673,8.00740121526363,NA
10,0.9,0.1,0.5,hub,pcglasso_fortran,I,6.579332246575681e-5,2,ok,0.005000000000000782,8.00740121526363,NA
50,0.9,0.1,0.5,hub,pcglasso_fortran,I,6.579332246575681e-5,1,ok,0.0070000000000014495,41.8799212407244,NA
50,0.9,0.1,0.5,hub,pcglasso_fortran,I,6.579332246575681e-5,2,ok,0.008000000000000895,41.8799212407244,NA
10,1,0.2,0.5,hub,pcglasso_fortran,I,6.579332246575681e-5,1,ok,0.014000000000001123,7.2859253122223135,NA
10,1,0.2,0.5,hub,pcglasso_fortran,I,6.579332246575681e-5,2,ok,0.021000000000000796,7.2859253122223135,NA
50,1,0.2,0.5,hub,pcglasso_fortran,I,6.579332246575681e-5,1,ok,0.058999999999999275,26.493317188732725,NA
50,1,0.2,0.5,hub,pcglasso_fortran,I,6.579332246575681e-5,2,ok,0.06299999999999883,26.493317188732725,NA
10,0.9,0.2,0.5,hub,pcglasso_fortran,I,6.579332246575681e-5,1,ok,0.006000000000000227,8.355551026058198,NA
10,0.9,0.2,0.5,hub,pcglasso_fortran,I,6.579332246575681e-5,2,ok,0.004999999999999005,8.355551026058198,NA
50,0.9,0.2,0.5,hub,pcglasso_fortran,I,6.579332246575681e-5,1,ok,0.005000000000000782,42.3263648896255,NA
50,0.9,0.2,0.5,hub,pcglasso_fortran,I,6.579332246575681e-5,2,ok,0.008999999999998565,42.3263648896255,NA
10,1,0.1,0,hub,pcglasso,I,6.579332246575681e-5,1,ok,0.012000000000000455,3.248080149917009,NA
10,1,0.1,0,hub,pcglasso,I,6.579332246575681e-5,2,ok,0.016000000000000014,3.248080149917009,NA
50,1,0.1,0,hub,pcglasso,I,6.579332246575681e-5,1,ok,0.38700000000000045,7.952610267993369,NA
50,1,0.1,0,hub,pcglasso,I,6.579332246575681e-5,2,ok,0.47699999999999676,7.952610267993369,NA
10,0.9,0.1,0,hub,pcglasso,I,6.579332246575681e-5,1,ok,0.0129999999999999,7.12010766159079,NA
10,0.9,0.1,0,hub,pcglasso,I,6.579332246575681e-5,2,ok,0.0129999999999999,7.12010766159079,NA
50,0.9,0.1,0,hub,pcglasso,I,6.579332246575681e-5,1,ok,0.07000000000000028,45.130783784840126,NA
50,0.9,0.1,0,hub,pcglasso,I,6.579332246575681e-5,2,ok,0.06999999999999851,45.130783784840126,NA
10,1,0.2,0,hub,pcglasso,I,6.579332246575681e-5,1,ok,0.016000000000000014,4.348002463623789,NA
10,1,0.2,0,hub,pcglasso,I,6.579332246575681e-5,2,ok,0.02000000000000135,4.348002463623789,NA
50,1,0.2,0,hub,pcglasso,I,6.579332246575681e-5,1,ok,0.6059999999999999,11.635186985405259,NA
50,1,0.2,0,hub,pcglasso,I,6.579332246575681e-5,2,ok,0.620000000000001,11.635186985405259,NA
10,0.9,0.2,0,hub,pcglasso,I,6.579332246575681e-5,1,ok,0.013999999999999346,8.106193670658957,NA
10,0.9,0.2,0,hub,pcglasso,I,6.579332246575681e-5,2,ok,0.015000000000000568,8.106193670658957,NA
50,0.9,0.2,0,hub,pcglasso,I,6.579332246575681e-5,1,ok,0.07599999999999874,48.12171050413533,NA
50,0.9,0.2,0,hub,pcglasso,I,6.579332246575681e-5,2,ok,0.07599999999999874,48.12171050413533,NA
10,1,0.1,0.5,hub,pcglasso,I,6.579332246575681e-5,1,ok,0.016000000000000014,6.5925423487100705,NA
10,1,0.1,0.5,hub,pcglasso,I,6.579332246575681e-5,2,ok,0.012000000000000455,6.5925423487100705,NA
50,1,0.1,0.5,hub,pcglasso,I,6.579332246575681e-5,1,ok,0.2859999999999996,25.06202927641555,NA
50,1,0.1,0.5,hub,pcglasso,I,6.579332246575681e-5,2,ok,0.29299999999999926,25.06202927641555,NA
10,0.9,0.1,0.5,hub,pcglasso,I,6.579332246575681e-5,1,ok,0.012000000000000455,8.007408081433924,NA
10,0.9,0.1,0.5,hub,pcglasso,I,6.579332246575681e-5,2,ok,0.012000000000000455,8.007408081433924,NA
50,0.9,0.1,0.5,hub,pcglasso,I,6.579332246575681e-5,1,ok,0.05699999999999861,41.87991699667361,NA
50,0.9,0.1,0.5,hub,pcglasso,I,6.579332246575681e-5,2,ok,0.0600000000000005,41.87991699667361,NA
10,1,0.2,0.5,hub,pcglasso,I,6.579332246575681e-5,1,ok,0.01699999999999946,7.285735596664942,NA
10,1,0.2,0.5,hub,pcglasso,I,6.579332246575681e-5,2,ok,0.022999999999999687,7.285735596664942,NA
50,1,0.2,0.5,hub,pcglasso,I,6.579332246575681e-5,1,ok,0.1490000000000009,26.494319695803313,NA
50,1,0.2,0.5,hub,pcglasso,I,6.579332246575681e-5,2,ok,0.15300000000000047,26.494319695803313,NA
10,0.9,0.2,0.5,hub,pcglasso,I,6.579332246575681e-5,1,ok,0.013999999999999346,8.35555332818471,NA
10,0.9,0.2,0.5,hub,pcglasso,I,6.579332246575681e-5,2,ok,0.012000000000000455,8.35555332818471,NA
50,0.9,0.2,0.5,hub,pcglasso,I,6.579332246575681e-5,1,ok,0.030999999999998806,42.32636381370799,NA
50,0.9,0.2,0.5,hub,pcglasso,I,6.579332246575681e-5,2,ok,0.058999999999999275,42.32636381370799,NA
10,1,0.1,0,hub,pcglasso_cpp,C,1.873817422860384e-5,1,ok,0.012000000000000455,3.247368273277635,NA
10,1,0.1,0,hub,pcglasso_cpp,C,1.873817422860384e-5,2,ok,0.01699999999999946,3.247368273277635,NA
50,1,0.1,0,hub,pcglasso_cpp,C,1.873817422860384e-5,1,ok,0.2950000000000017,7.94322361420932,NA
50,1,0.1,0,hub,pcglasso_cpp,C,1.873817422860384e-5,2,ok,0.32700000000000173,7.94322361420932,NA
10,0.9,0.1,0,hub,pcglasso_cpp,C,1.873817422860384e-5,1,ok,0.010999999999999233,7.120044943570141,NA
10,0.9,0.1,0,hub,pcglasso_cpp,C,1.873817422860384e-5,2,ok,0.010999999999999233,7.120044943570141,NA
50,0.9,0.1,0,hub,pcglasso_cpp,C,1.873817422860384e-5,1,ok,0.03200000000000003,45.130728373858425,NA
50,0.9,0.1,0,hub,pcglasso_cpp,C,1.873817422860384e-5,2,ok,0.026999999999999247,45.130728373858425,NA
10,1,0.2,0,hub,pcglasso_cpp,C,1.873817422860384e-5,1,ok,0.01699999999999946,4.347744238222083,NA
10,1,0.2,0,hub,pcglasso_cpp,C,1.873817422860384e-5,2,ok,0.02200000000000024,4.347744238222083,NA
50,1,0.2,0,hub,pcglasso_cpp,C,1.873817422860384e-5,1,ok,0.16500000000000092,11.634905420987918,NA
50,1,0.2,0,hub,pcglasso_cpp,C,1.873817422860384e-5,2,ok,0.1689999999999987,11.634905420987918,NA
10,0.9,0.2,0,hub,pcglasso_cpp,C,1.873817422860384e-5,1,ok,0.058999999999999275,8.106134355683052,NA
10,0.9,0.2,0,hub,pcglasso_cpp,C,1.873817422860384e-5,2,ok,0.06099999999999994,8.106134355683052,NA
50,0.9,0.2,0,hub,pcglasso_cpp,C,1.873817422860384e-5,1,ok,0.021000000000000796,48.121668157391575,NA
50,0.9,0.2,0,hub,pcglasso_cpp,C,1.873817422860384e-5,2,ok,0.02099999999999902,48.121668157391575,NA
10,1,0.1,0.5,hub,pcglasso_cpp,C,1.873817422860384e-5,1,ok,0.009000000000000341,6.592517728947428,NA
10,1,0.1,0.5,hub,pcglasso_cpp,C,1.873817422860384e-5,2,ok,0.0070000000000014495,6.592517728947428,NA
50,1,0.1,0.5,hub,pcglasso_cpp,C,1.873817422860384e-5,1,ok,0.08200000000000074,25.062012870783366,NA
50,1,0.1,0.5,hub,pcglasso_cpp,C,1.873817422860384e-5,2,ok,0.08500000000000085,25.062012870783366,NA
10,0.9,0.1,0.5,hub,pcglasso_cpp,C,1.873817422860384e-5,1,ok,0.004999999999999005,8.00739973708395,NA
10,0.9,0.1,0.5,hub,pcglasso_cpp,C,1.873817422860384e-5,2,ok,0.004999999999999005,8.00739973708395,NA
50,0.9,0.1,0.5,hub,pcglasso_cpp,C,1.873817422860384e-5,1,ok,0.0389999999999997,41.87991225920459,NA
50,0.9,0.1,0.5,hub,pcglasso_cpp,C,1.873817422860384e-5,2,ok,0.018000000000000682,41.87991225920459,NA
10,1,0.2,0.5,hub,pcglasso_cpp,C,1.873817422860384e-5,1,ok,0.007999999999999119,7.285708895639188,NA
10,1,0.2,0.5,hub,pcglasso_cpp,C,1.873817422860384e-5,2,ok,0.011000000000001009,7.285708895639188,NA
50,1,0.2,0.5,hub,pcglasso_cpp,C,1.873817422860384e-5,1,ok,0.11500000000000021,26.493318881965155,NA
50,1,0.2,0.5,hub,pcglasso_cpp,C,1.873817422860384e-5,2,ok,0.1120000000000001,26.493318881965155,NA
10,0.9,0.2,0.5,hub,pcglasso_cpp,C,1.873817422860384e-5,1,ok,0.006999999999999673,8.355551289557686,NA
10,0.9,0.2,0.5,hub,pcglasso_cpp,C,1.873817422860384e-5,2,ok,0.004999999999999005,8.355551289557686,NA
50,0.9,0.2,0.5,hub,pcglasso_cpp,C,1.873817422860384e-5,1,ok,0.0259999999999998,42.326363984687475,NA
50,0.9,0.2,0.5,hub,pcglasso_cpp,C,1.873817422860384e-5,2,ok,0.05200000000000138,42.326363984687475,NA
10,1,0.1,0,hub,pcglasso_fortran,C,1.873817422860384e-5,1,ok,0.012000000000000455,3.2473844863008474,NA
10,1,0.1,0,hub,pcglasso_fortran,C,1.873817422860384e-5,2,ok,0.016000000000000014,3.2473844863008474,NA
50,1,0.1,0,hub,pcglasso_fortran,C,1.873817422860384e-5,1,ok,0.5500000000000007,7.944997735961625,NA
50,1,0.1,0,hub,pcglasso_fortran,C,1.873817422860384e-5,2,ok,0.4740000000000002,7.944997735961625,NA
10,0.9,0.1,0,hub,pcglasso_fortran,C,1.873817422860384e-5,1,ok,0.0129999999999999,7.12000862951328,NA
10,0.9,0.1,0,hub,pcglasso_fortran,C,1.873817422860384e-5,2,ok,0.0129999999999999,7.12000862951328,NA
50,0.9,0.1,0,hub,pcglasso_fortran,C,1.873817422860384e-5,1,ok,0.0389999999999997,45.13072625609742,NA
50,0.9,0.1,0,hub,pcglasso_fortran,C,1.873817422860384e-5,2,ok,0.07099999999999973,45.13072625609742,NA
10,1,0.2,0,hub,pcglasso_fortran,C,1.873817422860384e-5,1,ok,0.018000000000000682,4.347781574523325,NA
10,1,0.2,0,hub,pcglasso_fortran,C,1.873817422860384e-5,2,ok,0.02200000000000024,4.347781574523325,NA
50,1,0.2,0,hub,pcglasso_fortran,C,1.873817422860384e-5,1,ok,0.3199999999999985,11.634967265342102,NA
50,1,0.2,0,hub,pcglasso_fortran,C,1.873817422860384e-5,2,ok,0.32500000000000107,11.634967265342102,NA
10,0.9,0.2,0,hub,pcglasso_fortran,C,1.873817422860384e-5,1,ok,0.0129999999999999,8.106150364098006,NA
10,0.9,0.2,0,hub,pcglasso_fortran,C,1.873817422860384e-5,2,ok,0.012000000000000455,8.106150364098006,NA
50,0.9,0.2,0,hub,pcglasso_fortran,C,1.873817422860384e-5,1,ok,0.013999999999999346,48.12167043206495,NA
50,0.9,0.2,0,hub,pcglasso_fortran,C,1.873817422860384e-5,2,ok,0.015000000000000568,48.12167043206495,NA
10,1,0.1,0.5,hub,pcglasso_fortran,C,1.873817422860384e-5,1,ok,0.014000000000001123,6.592521827132669,NA
10,1,0.1,0.5,hub,pcglasso_fortran,C,1.873817422860384e-5,2,ok,0.011999999999998678,6.592521827132669,NA
50,1,0.1,0.5,hub,pcglasso_fortran,C,1.873817422860384e-5,1,ok,0.10599999999999987,25.06237748180065,NA
50,1,0.1,0.5,hub,pcglasso_fortran,C,1.873817422860384e-5,2,ok,0.1070000000000011,25.06237748180065,NA
10,0.9,0.1,0.5,hub,pcglasso_fortran,C,1.873817422860384e-5,1,ok,0.006999999999999673,8.007398822777414,NA
10,0.9,0.1,0.5,hub,pcglasso_fortran,C,1.873817422860384e-5,2,ok,0.006999999999999673,8.007398822777414,NA
50,0.9,0.1,0.5,hub,pcglasso_fortran,C,1.873817422860384e-5,1,ok,0.6240000000000006,41.87991544916718,NA
50,0.9,0.1,0.5,hub,pcglasso_fortran,C,1.873817422860384e-5,2,ok,0.1479999999999997,41.87991544916718,NA
10,1,0.2,0.5,hub,pcglasso_fortran,C,1.873817422860384e-5,1,ok,0.009000000000000341,7.285764710923975,NA
10,1,0.2,0.5,hub,pcglasso_fortran,C,1.873817422860384e-5,2,ok,0.012000000000000455,7.285764710923975,NA
50,1,0.2,0.5,hub,pcglasso_fortran,C,1.873817422860384e-5,1,ok,0.04899999999999949,26.493319244506957,NA
50,1,0.2,0.5,hub,pcglasso_fortran,C,1.873817422860384e-5,2,ok,0.051000000000000156,26.493319244506957,NA
10,0.9,0.2,0.5,hub,pcglasso_fortran,C,1.873817422860384e-5,1,ok,0.007999999999999119,8.355549927337748,NA
10,0.9,0.2,0.5,hub,pcglasso_fortran,C,1.873817422860384e-5,2,ok,0.006000000000000227,8.355549927337748,NA
50,0.9,0.2,0.5,hub,pcglasso_fortran,C,1.873817422860384e-5,1,ok,0.0129999999999999,42.32636393188942,NA
50,0.9,0.2,0.5,hub,pcglasso_fortran,C,1.873817422860384e-5,2,ok,0.025000000000000355,42.32636393188942,NA
10,1,0.1,0,hub,pcglasso,C,1.873817422860384e-5,1,ok,0.010999999999999233,3.2473460633774667,NA
10,1,0.1,0,hub,pcglasso,C,1.873817422860384e-5,2,ok,0.016000000000000014,3.2473460633774667,NA
50,1,0.1,0,hub,pcglasso,C,1.873817422860384e-5,1,ok,0.254999999999999,7.943499362809591,NA
50,1,0.1,0,hub,pcglasso,C,1.873817422860384e-5,2,ok,0.17800000000000082,7.943499362809591,NA
10,0.9,0.1,0,hub,pcglasso,C,1.873817422860384e-5,1,ok,0.0129999999999999,7.120008279589133,NA
10,0.9,0.1,0,hub,pcglasso,C,1.873817422860384e-5,2,ok,0.0129999999999999,7.120008279589133,NA
50,0.9,0.1,0,hub,pcglasso,C,1.873817422860384e-5,1,ok,0.07499999999999929,45.13072284153988,NA
50,0.9,0.1,0,hub,pcglasso,C,1.873817422860384e-5,2,ok,0.09600000000000009,45.13072284153988,NA
10,1,0.2,0,hub,pcglasso,C,1.873817422860384e-5,1,ok,0.01699999999999946,4.3477563866217706,NA
10,1,0.2,0,hub,pcglasso,C,1.873817422860384e-5,2,ok,0.019999999999999574,4.3477563866217706,NA
50,1,0.2,0,hub,pcglasso,C,1.873817422860384e-5,1,ok,0.41699999999999804,11.634972500498225,NA
50,1,0.2,0,hub,pcglasso,C,1.873817422860384e-5,2,ok,0.4209999999999994,11.634972500498225,NA
10,0.9,0.2,0,hub,pcglasso,C,1.873817422860384e-5,1,ok,0.013999999999999346,8.106126061217019,NA
10,0.9,0.2,0,hub,pcglasso,C,1.873817422860384e-5,2,ok,0.013999999999999346,8.106126061217019,NA
50,0.9,0.2,0,hub,pcglasso,C,1.873817422860384e-5,1,ok,0.09699999999999953,48.12166607244709,NA
50,0.9,0.2,0,hub,pcglasso,C,1.873817422860384e-5,2,ok,0.09999999999999964,48.12166607244709,NA
10,1,0.1,0.5,hub,pcglasso,C,1.873817422860384e-5,1,ok,0.0129999999999999,6.592508846596102,NA
10,1,0.1,0.5,hub,pcglasso,C,1.873817422860384e-5,2,ok,0.012000000000000455,6.592508846596102,NA
50,1,0.1,0.5,hub,pcglasso,C,1.873817422860384e-5,1,ok,0.17999999999999972,25.062000116279137,NA
50,1,0.1,0.5,hub,pcglasso,C,1.873817422860384e-5,2,ok,0.17999999999999972,25.062000116279137,NA
10,0.9,0.1,0.5,hub,pcglasso,C,1.873817422860384e-5,1,ok,0.016000000000000014,8.007397748529101,NA
10,0.9,0.1,0.5,hub,pcglasso,C,1.873817422860384e-5,2,ok,0.016000000000000014,8.007397748529101,NA
50,0.9,0.1,0.5,hub,pcglasso,C,1.873817422860384e-5,1,ok,0.14400000000000013,41.879911417350705,NA
50,0.9,0.1,0.5,hub,pcglasso,C,1.873817422860384e-5,2,ok,0.06299999999999883,41.879911417350705,NA
10,1,0.2,0.5,hub,pcglasso,C,1.873817422860384e-5,1,ok,0.019000000000000128,7.285694799641226,NA
10,1,0.2,0.5,hub,pcglasso,C,1.873817422860384e-5,2,ok,0.02800000000000047,7.285694799641226,NA
50,1,0.2,0.5,hub,pcglasso,C,1.873817422860384e-5,1,ok,0.11100000000000065,26.49342864481578,NA
50,1,0.2,0.5,hub,pcglasso,C,1.873817422860384e-5,2,ok,0.11500000000000021,26.49342864481578,NA
10,0.9,0.2,0.5,hub,pcglasso,C,1.873817422860384e-5,1,ok,0.019000000000000128,8.355549595452873,NA
10,0.9,0.2,0.5,hub,pcglasso,C,1.873817422860384e-5,2,ok,0.016000000000000014,8.355549595452873,NA
50,0.9,0.2,0.5,hub,pcglasso,C,1.873817422860384e-5,1,ok,0.15499999999999936,42.32636383693765,NA
50,0.9,0.2,0.5,hub,pcglasso,C,1.873817422860384e-5,2,ok,0.28800000000000026,42.32636383693765,NA
10,1,0.1,0,hub,pcglasso_cpp,I,1.873817422860384e-5,1,ok,0.018000000000000682,3.2473144351789,NA
10,1,0.1,0,hub,pcglasso_cpp,I,1.873817422860384e-5,2,ok,0.026000000000001577,3.2473144351789,NA
50,1,0.1,0,hub,pcglasso_cpp,I,1.873817422860384e-5,1,ok,0.35600000000000165,7.9432059348072315,NA
50,1,0.1,0,hub,pcglasso_cpp,I,1.873817422860384e-5,2,ok,0.30600000000000094,7.9432059348072315,NA
10,0.9,0.1,0,hub,pcglasso_cpp,I,1.873817422860384e-5,1,ok,0.008999999999998565,7.120038029687367,NA
10,0.9,0.1,0,hub,pcglasso_cpp,I,1.873817422860384e-5,2,ok,0.009999999999999787,7.120038029687367,NA
50,0.9,0.1,0,hub,pcglasso_cpp,I,1.873817422860384e-5,1,ok,0.022999999999999687,45.13072943266677,NA
50,0.9,0.1,0,hub,pcglasso_cpp,I,1.873817422860384e-5,2,ok,0.022999999999999687,45.13072943266677,NA
10,1,0.2,0,hub,pcglasso_cpp,I,1.873817422860384e-5,1,ok,0.025000000000000355,4.347744805728011,NA
10,1,0.2,0,hub,pcglasso_cpp,I,1.873817422860384e-5,2,ok,0.032999999999999474,4.347744805728011,NA
50,1,0.2,0,hub,pcglasso_cpp,I,1.873817422860384e-5,1,ok,0.15800000000000125,11.634903985981692,NA
50,1,0.2,0,hub,pcglasso_cpp,I,1.873817422860384e-5,2,ok,0.1609999999999996,11.634903985981692,NA
10,0.9,0.2,0,hub,pcglasso_cpp,I,1.873817422860384e-5,1,ok,0.007999999999999119,8.10613993734478,NA
10,0.9,0.2,0,hub,pcglasso_cpp,I,1.873817422860384e-5,2,ok,0.007999999999999119,8.10613993734478,NA
50,0.9,0.2,0,hub,pcglasso_cpp,I,1.873817422860384e-5,1,ok,0.018000000000000682,48.121668657128794,NA
50,0.9,0.2,0,hub,pcglasso_cpp,I,1.873817422860384e-5,2,ok,0.018000000000000682,48.121668657128794,NA
10,1,0.1,0.5,hub,pcglasso_cpp,I,1.873817422860384e-5,1,ok,0.006999999999999673,6.592516995212244,NA
10,1,0.1,0.5,hub,pcglasso_cpp,I,1.873817422860384e-5,2,ok,0.006999999999999673,6.592516995212244,NA
50,1,0.1,0.5,hub,pcglasso_cpp,I,1.873817422860384e-5,1,ok,0.07500000000000107,25.062079536481757,NA
50,1,0.1,0.5,hub,pcglasso_cpp,I,1.873817422860384e-5,2,ok,0.07600000000000051,25.062079536481757,NA
10,0.9,0.1,0.5,hub,pcglasso_cpp,I,1.873817422860384e-5,1,ok,0.0039999999999995595,8.007400607772162,NA
10,0.9,0.1,0.5,hub,pcglasso_cpp,I,1.873817422860384e-5,2,ok,0.004999999999999005,8.007400607772162,NA
50,0.9,0.1,0.5,hub,pcglasso_cpp,I,1.873817422860384e-5,1,ok,0.041999999999999815,41.879912861712256,NA
50,0.9,0.1,0.5,hub,pcglasso_cpp,I,1.873817422860384e-5,2,ok,0.02000000000000135,41.879912861712256,NA
10,1,0.2,0.5,hub,pcglasso_cpp,I,1.873817422860384e-5,1,ok,0.005999999999998451,7.28570924953255,NA
10,1,0.2,0.5,hub,pcglasso_cpp,I,1.873817422860384e-5,2,ok,0.008999999999998565,7.28570924953255,NA
50,1,0.2,0.5,hub,pcglasso_cpp,I,1.873817422860384e-5,1,ok,0.17900000000000027,26.49332175003085,NA
50,1,0.2,0.5,hub,pcglasso_cpp,I,1.873817422860384e-5,2,ok,0.17600000000000016,26.49332175003085,NA
10,0.9,0.2,0.5,hub,pcglasso_cpp,I,1.873817422860384e-5,1,ok,0.004999999999999005,8.355555091852523,NA
10,0.9,0.2,0.5,hub,pcglasso_cpp,I,1.873817422860384e-5,2,ok,0.0039999999999995595,8.355555091852523,NA
50,0.9,0.2,0.5,hub,pcglasso_cpp,I,1.873817422860384e-5,1,ok,0.012000000000000455,42.32636386462897,NA
50,0.9,0.2,0.5,hub,pcglasso_cpp,I,1.873817422860384e-5,2,ok,0.019999999999999574,42.32636386462897,NA
10,1,0.1,0,hub,pcglasso_fortran,I,1.873817422860384e-5,1,ok,0.03200000000000003,3.2474030829797704,NA
10,1,0.1,0,hub,pcglasso_fortran,I,1.873817422860384e-5,2,ok,0.04400000000000048,3.2474030829797704,NA
50,1,0.1,0,hub,pcglasso_fortran,I,1.873817422860384e-5,1,ok,1.3780000000000001,7.943237365629884,NA
50,1,0.1,0,hub,pcglasso_fortran,I,1.873817422860384e-5,2,ok,1.2169999999999987,7.943237365629884,NA
10,0.9,0.1,0,hub,pcglasso_fortran,I,1.873817422860384e-5,1,ok,0.012000000000000455,7.120023230645747,NA
10,0.9,0.1,0,hub,pcglasso_fortran,I,1.873817422860384e-5,2,ok,0.012000000000000455,7.120023230645747,NA
50,0.9,0.1,0,hub,pcglasso_fortran,I,1.873817422860384e-5,1,ok,0.02800000000000047,45.130725393043626,NA
50,0.9,0.1,0,hub,pcglasso_fortran,I,1.873817422860384e-5,2,ok,0.028999999999999915,45.130725393043626,NA
10,1,0.2,0,hub,pcglasso_fortran,I,1.873817422860384e-5,1,ok,0.02800000000000047,4.347847782175849,NA
10,1,0.2,0,hub,pcglasso_fortran,I,1.873817422860384e-5,2,ok,0.036999999999999034,4.347847782175849,NA
50,1,0.2,0,hub,pcglasso_fortran,I,1.873817422860384e-5,1,ok,0.3000000000000007,11.635023631181287,NA
50,1,0.2,0,hub,pcglasso_fortran,I,1.873817422860384e-5,2,ok,0.30100000000000016,11.635023631181287,NA
10,0.9,0.2,0,hub,pcglasso_fortran,I,1.873817422860384e-5,1,ok,0.006999999999999673,8.106171934489685,NA
10,0.9,0.2,0,hub,pcglasso_fortran,I,1.873817422860384e-5,2,ok,0.009000000000000341,8.106171934489685,NA
50,0.9,0.2,0,hub,pcglasso_fortran,I,1.873817422860384e-5,1,ok,0.28500000000000014,48.12167212254485,NA
50,0.9,0.2,0,hub,pcglasso_fortran,I,1.873817422860384e-5,2,ok,0.28600000000000136,48.12167212254485,NA
10,1,0.1,0.5,hub,pcglasso_fortran,I,1.873817422860384e-5,1,ok,0.0129999999999999,6.592548298101179,NA
10,1,0.1,0.5,hub,pcglasso_fortran,I,1.873817422860384e-5,2,ok,0.011000000000001009,6.592548298101179,NA
50,1,0.1,0.5,hub,pcglasso_fortran,I,1.873817422860384e-5,1,ok,0.38399999999999856,25.062275673838084,NA
50,1,0.1,0.5,hub,pcglasso_fortran,I,1.873817422860384e-5,2,ok,0.38599999999999923,25.062275673838084,NA
10,0.9,0.1,0.5,hub,pcglasso_fortran,I,1.873817422860384e-5,1,ok,0.006000000000000227,8.00740121526363,NA
10,0.9,0.1,0.5,hub,pcglasso_fortran,I,1.873817422860384e-5,2,ok,0.006000000000000227,8.00740121526363,NA
50,0.9,0.1,0.5,hub,pcglasso_fortran,I,1.873817422860384e-5,1,ok,0.014000000000001123,41.87991310379423,NA
50,0.9,0.1,0.5,hub,pcglasso_fortran,I,1.873817422860384e-5,2,ok,0.009000000000000341,41.87991310379423,NA
10,1,0.2,0.5,hub,pcglasso_fortran,I,1.873817422860384e-5,1,ok,0.011999999999998678,7.285765281131928,NA
10,1,0.2,0.5,hub,pcglasso_fortran,I,1.873817422860384e-5,2,ok,0.017000000000001236,7.285765281131928,NA
50,1,0.2,0.5,hub,pcglasso_fortran,I,1.873817422860384e-5,1,ok,0.0600000000000005,26.493317188732725,NA
50,1,0.2,0.5,hub,pcglasso_fortran,I,1.873817422860384e-5,2,ok,0.0600000000000005,26.493317188732725,NA
10,0.9,0.2,0.5,hub,pcglasso_fortran,I,1.873817422860384e-5,1,ok,0.006000000000000227,8.355551026058198,NA
10,0.9,0.2,0.5,hub,pcglasso_fortran,I,1.873817422860384e-5,2,ok,0.004999999999999005,8.355551026058198,NA
50,0.9,0.2,0.5,hub,pcglasso_fortran,I,1.873817422860384e-5,1,ok,0.006000000000000227,42.326363862309165,NA
50,0.9,0.2,0.5,hub,pcglasso_fortran,I,1.873817422860384e-5,2,ok,0.008999999999998565,42.326363862309165,NA
10,1,0.1,0,hub,pcglasso,I,1.873817422860384e-5,1,ok,0.016000000000000014,3.2473811600416695,NA
10,1,0.1,0,hub,pcglasso,I,1.873817422860384e-5,2,ok,0.02099999999999902,3.2473811600416695,NA
50,1,0.1,0,hub,pcglasso,I,1.873817422860384e-5,1,ok,0.8910000000000018,7.943754052189544,NA
50,1,0.1,0,hub,pcglasso,I,1.873817422860384e-5,2,ok,0.620000000000001,7.943754052189544,NA
10,0.9,0.1,0,hub,pcglasso,I,1.873817422860384e-5,1,ok,0.014000000000001123,7.120017529330717,NA
10,0.9,0.1,0,hub,pcglasso,I,1.873817422860384e-5,2,ok,0.014000000000001123,7.120017529330717,NA
50,0.9,0.1,0,hub,pcglasso,I,1.873817422860384e-5,1,ok,0.08199999999999896,45.130742239427235,NA
50,0.9,0.1,0,hub,pcglasso,I,1.873817422860384e-5,2,ok,0.08099999999999952,45.130742239427235,NA
10,1,0.2,0,hub,pcglasso,I,1.873817422860384e-5,1,ok,0.018000000000000682,4.347753280356657,NA
10,1,0.2,0,hub,pcglasso,I,1.873817422860384e-5,2,ok,0.02400000000000091,4.347753280356657,NA
50,1,0.2,0,hub,pcglasso,I,1.873817422860384e-5,1,ok,0.8299999999999983,11.634907868384724,NA
50,1,0.2,0,hub,pcglasso,I,1.873817422860384e-5,2,ok,0.8250000000000011,11.634907868384724,NA
10,0.9,0.2,0,hub,pcglasso,I,1.873817422860384e-5,1,ok,0.013999999999999346,8.106129162349882,NA
10,0.9,0.2,0,hub,pcglasso,I,1.873817422860384e-5,2,ok,0.017999999999998906,8.106129162349882,NA
50,0.9,0.2,0,hub,pcglasso,I,1.873817422860384e-5,1,ok,0.08399999999999963,48.121669965830016,NA
50,0.9,0.2,0,hub,pcglasso,I,1.873817422860384e-5,2,ok,0.08599999999999852,48.121669965830016,NA
10,1,0.1,0.5,hub,pcglasso,I,1.873817422860384e-5,1,ok,0.018000000000000682,6.592508399970928,NA
10,1,0.1,0.5,hub,pcglasso,I,1.873817422860384e-5,2,ok,0.014999999999998792,6.592508399970928,NA
50,1,0.1,0.5,hub,pcglasso,I,1.873817422860384e-5,1,ok,0.4690000000000012,25.061995390868255,NA
50,1,0.1,0.5,hub,pcglasso,I,1.873817422860384e-5,2,ok,0.484,25.061995390868255,NA
10,0.9,0.1,0.5,hub,pcglasso,I,1.873817422860384e-5,1,ok,0.0129999999999999,8.007397529892527,NA
10,0.9,0.1,0.5,hub,pcglasso,I,1.873817422860384e-5,2,ok,0.015000000000000568,8.007397529892527,NA
50,0.9,0.1,0.5,hub,pcglasso,I,1.873817422860384e-5,1,ok,0.08399999999999963,41.87991263254956,NA
50,0.9,0.1,0.5,hub,pcglasso,I,1.873817422860384e-5,2,ok,0.06700000000000017,41.87991263254956,NA
10,1,0.2,0.5,hub,pcglasso,I,1.873817422860384e-5,1,ok,0.016000000000000014,7.285694021625018,NA
10,1,0.2,0.5,hub,pcglasso,I,1.873817422860384e-5,2,ok,0.023999999999999133,7.285694021625018,NA
50,1,0.2,0.5,hub,pcglasso,I,1.873817422860384e-5,1,ok,0.15799999999999947,26.493335471658636,NA
50,1,0.2,0.5,hub,pcglasso,I,1.873817422860384e-5,2,ok,0.15899999999999892,26.493335471658636,NA
10,0.9,0.2,0.5,hub,pcglasso,I,1.873817422860384e-5,1,ok,0.015000000000000568,8.355549400370412,NA
10,0.9,0.2,0.5,hub,pcglasso,I,1.873817422860384e-5,2,ok,0.0129999999999999,8.355549400370412,NA
50,0.9,0.2,0.5,hub,pcglasso,I,1.873817422860384e-5,1,ok,0.028999999999999915,42.32636381370799,NA
50,0.9,0.2,0.5,hub,pcglasso,I,1.873817422860384e-5,2,ok,0.04300000000000104,42.32636381370799,NA
10,1,0.1,0,hub,pcglasso_cpp,C,5.336699231206308e-6,1,ok,0.0129999999999999,3.247319946304817,NA
10,1,0.1,0,hub,pcglasso_cpp,C,5.336699231206308e-6,2,ok,0.019000000000000128,3.247319946304817,NA
50,1,0.1,0,hub,pcglasso_cpp,C,5.336699231206308e-6,1,ok,0.3930000000000007,7.94314520166358,NA
50,1,0.1,0,hub,pcglasso_cpp,C,5.336699231206308e-6,2,ok,0.3370000000000033,7.94314520166358,NA
10,0.9,0.1,0,hub,pcglasso_cpp,C,5.336699231206308e-6,1,ok,0.009000000000000341,7.120014375171097,NA
10,0.9,0.1,0,hub,pcglasso_cpp,C,5.336699231206308e-6,2,ok,0.009000000000000341,7.120014375171097,NA
50,0.9,0.1,0,hub,pcglasso_cpp,C,5.336699231206308e-6,1,ok,0.030000000000001137,45.13071976891972,NA
50,0.9,0.1,0,hub,pcglasso_cpp,C,5.336699231206308e-6,2,ok,0.031000000000000583,45.13071976891972,NA
10,1,0.2,0,hub,pcglasso_cpp,C,5.336699231206308e-6,1,ok,0.019000000000000128,4.347728773014657,NA
10,1,0.2,0,hub,pcglasso_cpp,C,5.336699231206308e-6,2,ok,0.025000000000000355,4.347728773014657,NA
50,1,0.2,0,hub,pcglasso_cpp,C,5.336699231206308e-6,1,ok,0.1819999999999986,11.634901130463751,NA
50,1,0.2,0,hub,pcglasso_cpp,C,5.336699231206308e-6,2,ok,0.18299999999999983,11.634901130463751,NA
10,0.9,0.2,0,hub,pcglasso_cpp,C,5.336699231206308e-6,1,ok,0.009000000000000341,8.106125192562743,NA
10,0.9,0.2,0,hub,pcglasso_cpp,C,5.336699231206308e-6,2,ok,0.012000000000000455,8.106125192562743,NA
50,0.9,0.2,0,hub,pcglasso_cpp,C,5.336699231206308e-6,1,ok,0.022999999999999687,48.12166627448877,NA
50,0.9,0.2,0,hub,pcglasso_cpp,C,5.336699231206308e-6,2,ok,0.02400000000000091,48.12166627448877,NA
10,1,0.1,0.5,hub,pcglasso_cpp,C,5.336699231206308e-6,1,ok,0.007999999999999119,6.59250754423472,NA
10,1,0.1,0.5,hub,pcglasso_cpp,C,5.336699231206308e-6,2,ok,0.006000000000000227,6.59250754423472,NA
50,1,0.1,0.5,hub,pcglasso_cpp,C,5.336699231206308e-6,1,ok,0.08799999999999919,25.06200610048552,NA
50,1,0.1,0.5,hub,pcglasso_cpp,C,5.336699231206308e-6,2,ok,0.08799999999999919,25.06200610048552,NA
10,0.9,0.1,0.5,hub,pcglasso_cpp,C,5.336699231206308e-6,1,ok,0.006000000000000227,8.007397710316553,NA
10,0.9,0.1,0.5,hub,pcglasso_cpp,C,5.336699231206308e-6,2,ok,0.006000000000000227,8.007397710316553,NA
50,0.9,0.1,0.5,hub,pcglasso_cpp,C,5.336699231206308e-6,1,ok,0.0129999999999999,41.87991225920459,NA
50,0.9,0.1,0.5,hub,pcglasso_cpp,C,5.336699231206308e-6,2,ok,0.016000000000000014,41.87991225920459,NA
10,1,0.2,0.5,hub,pcglasso_cpp,C,5.336699231206308e-6,1,ok,0.006000000000000227,7.285696966946177,NA
10,1,0.2,0.5,hub,pcglasso_cpp,C,5.336699231206308e-6,2,ok,0.009999999999999787,7.285696966946177,NA
50,1,0.2,0.5,hub,pcglasso_cpp,C,5.336699231206308e-6,1,ok,0.375,26.493317863432253,NA
50,1,0.2,0.5,hub,pcglasso_cpp,C,5.336699231206308e-6,2,ok,0.25900000000000034,26.493317863432253,NA
10,0.9,0.2,0.5,hub,pcglasso_cpp,C,5.336699231206308e-6,1,ok,0.053000000000000824,8.355549769190995,NA
10,0.9,0.2,0.5,hub,pcglasso_cpp,C,5.336699231206308e-6,2,ok,0.04699999999999882,8.355549769190995,NA
50,0.9,0.2,0.5,hub,pcglasso_cpp,C,5.336699231206308e-6,1,ok,0.3230000000000004,42.326363984687475,NA
50,0.9,0.2,0.5,hub,pcglasso_cpp,C,5.336699231206308e-6,2,ok,0.41000000000000014,42.326363984687475,NA
10,1,0.1,0,hub,pcglasso_fortran,C,5.336699231206308e-6,1,ok,0.0129999999999999,3.2473048839104086,NA
10,1,0.1,0,hub,pcglasso_fortran,C,5.336699231206308e-6,2,ok,0.019000000000000128,3.2473048839104086,NA
50,1,0.1,0,hub,pcglasso_fortran,C,5.336699231206308e-6,1,ok,1.2659999999999982,7.943129611946269,NA
50,1,0.1,0,hub,pcglasso_fortran,C,5.336699231206308e-6,2,ok,1.0539999999999985,7.943129611946269,NA
10,0.9,0.1,0,hub,pcglasso_fortran,C,5.336699231206308e-6,1,ok,0.010999999999999233,7.120016201129618,NA
10,0.9,0.1,0,hub,pcglasso_fortran,C,5.336699231206308e-6,2,ok,0.010999999999999233,7.120016201129618,NA
50,0.9,0.1,0,hub,pcglasso_fortran,C,5.336699231206308e-6,1,ok,0.0389999999999997,45.13072020494734,NA
50,0.9,0.1,0,hub,pcglasso_fortran,C,5.336699231206308e-6,2,ok,0.0389999999999997,45.13072020494734,NA
10,1,0.2,0,hub,pcglasso_fortran,C,5.336699231206308e-6,1,ok,0.017000000000001236,4.347742380111414,NA
10,1,0.2,0,hub,pcglasso_fortran,C,5.336699231206308e-6,2,ok,0.02200000000000024,4.347742380111414,NA
50,1,0.2,0,hub,pcglasso_fortran,C,5.336699231206308e-6,1,ok,0.33300000000000196,11.634969508334793,NA
50,1,0.2,0,hub,pcglasso_fortran,C,5.336699231206308e-6,2,ok,0.3760000000000012,11.634969508334793,NA
10,0.9,0.2,0,hub,pcglasso_fortran,C,5.336699231206308e-6,1,ok,0.011000000000001009,8.10612325412345,NA
10,0.9,0.2,0,hub,pcglasso_fortran,C,5.336699231206308e-6,2,ok,0.013999999999999346,8.10612325412345,NA
50,0.9,0.2,0,hub,pcglasso_fortran,C,5.336699231206308e-6,1,ok,0.013999999999999346,48.12167043206495,NA
50,0.9,0.2,0,hub,pcglasso_fortran,C,5.336699231206308e-6,2,ok,0.013999999999999346,48.12167043206495,NA
10,1,0.1,0.5,hub,pcglasso_fortran,C,5.336699231206308e-6,1,ok,0.0129999999999999,6.5925267925047795,NA
10,1,0.1,0.5,hub,pcglasso_fortran,C,5.336699231206308e-6,2,ok,0.009999999999999787,6.5925267925047795,NA
50,1,0.1,0.5,hub,pcglasso_fortran,C,5.336699231206308e-6,1,ok,0.23099999999999987,25.062084923773668,NA
50,1,0.1,0.5,hub,pcglasso_fortran,C,5.336699231206308e-6,2,ok,0.23399999999999999,25.062084923773668,NA
10,0.9,0.1,0.5,hub,pcglasso_fortran,C,5.336699231206308e-6,1,ok,0.006999999999999673,8.007398822777414,NA
10,0.9,0.1,0.5,hub,pcglasso_fortran,C,5.336699231206308e-6,2,ok,0.006999999999999673,8.007398822777414,NA
50,0.9,0.1,0.5,hub,pcglasso_fortran,C,5.336699231206308e-6,1,ok,0.007999999999999119,41.87991249768392,NA
50,0.9,0.1,0.5,hub,pcglasso_fortran,C,5.336699231206308e-6,2,ok,0.009000000000000341,41.87991249768392,NA
10,1,0.2,0.5,hub,pcglasso_fortran,C,5.336699231206308e-6,1,ok,0.007999999999999119,7.285709167646983,NA
10,1,0.2,0.5,hub,pcglasso_fortran,C,5.336699231206308e-6,2,ok,0.012000000000000455,7.285709167646983,NA
50,1,0.2,0.5,hub,pcglasso_fortran,C,5.336699231206308e-6,1,ok,0.053000000000000824,26.49331280313455,NA
50,1,0.2,0.5,hub,pcglasso_fortran,C,5.336699231206308e-6,2,ok,0.04499999999999993,26.49331280313455,NA
10,0.9,0.2,0.5,hub,pcglasso_fortran,C,5.336699231206308e-6,1,ok,0.009000000000000341,8.355549333717011,NA
10,0.9,0.2,0.5,hub,pcglasso_fortran,C,5.336699231206308e-6,2,ok,0.008000000000000895,8.355549333717011,NA
50,0.9,0.2,0.5,hub,pcglasso_fortran,C,5.336699231206308e-6,1,ok,0.013999999999999346,42.32636393188942,NA
50,0.9,0.2,0.5,hub,pcglasso_fortran,C,5.336699231206308e-6,2,ok,0.009000000000000341,42.32636393188942,NA
10,1,0.1,0,hub,pcglasso,C,5.336699231206308e-6,1,ok,0.011000000000001009,3.2473002024526094,NA
10,1,0.1,0,hub,pcglasso,C,5.336699231206308e-6,2,ok,0.017000000000001236,3.2473002024526094,NA
50,1,0.1,0,hub,pcglasso,C,5.336699231206308e-6,1,ok,0.33200000000000074,7.943118525126412,NA
50,1,0.1,0,hub,pcglasso,C,5.336699231206308e-6,2,ok,0.24399999999999977,7.943118525126412,NA
10,0.9,0.1,0,hub,pcglasso,C,5.336699231206308e-6,1,ok,0.012000000000000455,7.120006873372391,NA
10,0.9,0.1,0,hub,pcglasso,C,5.336699231206308e-6,2,ok,0.012000000000000455,7.120006873372391,NA
50,0.9,0.1,0,hub,pcglasso,C,5.336699231206308e-6,1,ok,0.0860000000000003,45.13071776882883,NA
50,0.9,0.1,0,hub,pcglasso,C,5.336699231206308e-6,2,ok,0.08799999999999919,45.13071776882883,NA
10,1,0.2,0,hub,pcglasso,C,5.336699231206308e-6,1,ok,0.017999999999998906,4.347724500135122,NA
10,1,0.2,0,hub,pcglasso,C,5.336699231206308e-6,2,ok,0.02200000000000024,4.347724500135122,NA
50,1,0.2,0,hub,pcglasso,C,5.336699231206308e-6,1,ok,0.384999999999998,11.634893217980776,NA
50,1,0.2,0,hub,pcglasso,C,5.336699231206308e-6,2,ok,0.39000000000000057,11.634893217980776,NA
10,0.9,0.2,0,hub,pcglasso,C,5.336699231206308e-6,1,ok,0.013999999999999346,8.106122076043436,NA
10,0.9,0.2,0,hub,pcglasso,C,5.336699231206308e-6,2,ok,0.017999999999998906,8.106122076043436,NA
50,0.9,0.2,0,hub,pcglasso,C,5.336699231206308e-6,1,ok,0.08999999999999986,48.12166607244709,NA
50,0.9,0.2,0,hub,pcglasso,C,5.336699231206308e-6,2,ok,0.09199999999999875,48.12166607244709,NA
10,1,0.1,0.5,hub,pcglasso,C,5.336699231206308e-6,1,ok,0.012000000000000455,6.592505233695038,NA
10,1,0.1,0.5,hub,pcglasso,C,5.336699231206308e-6,2,ok,0.010000000000001563,6.592505233695038,NA
50,1,0.1,0.5,hub,pcglasso,C,5.336699231206308e-6,1,ok,0.3089999999999993,25.06199162023826,NA
50,1,0.1,0.5,hub,pcglasso,C,5.336699231206308e-6,2,ok,0.3160000000000007,25.06199162023826,NA
10,0.9,0.1,0.5,hub,pcglasso,C,5.336699231206308e-6,1,ok,0.06400000000000006,8.007397371071846,NA
10,0.9,0.1,0.5,hub,pcglasso,C,5.336699231206308e-6,2,ok,0.0649999999999995,8.007397371071846,NA
50,0.9,0.1,0.5,hub,pcglasso,C,5.336699231206308e-6,1,ok,0.05900000000000105,41.879911224782305,NA
50,0.9,0.1,0.5,hub,pcglasso,C,5.336699231206308e-6,2,ok,0.07000000000000028,41.879911224782305,NA
10,1,0.2,0.5,hub,pcglasso,C,5.336699231206308e-6,1,ok,0.02000000000000135,7.2856911790149805,NA
10,1,0.2,0.5,hub,pcglasso,C,5.336699231206308e-6,2,ok,0.02800000000000047,7.2856911790149805,NA
50,1,0.2,0.5,hub,pcglasso,C,5.336699231206308e-6,1,ok,0.13400000000000034,26.49331541484831,NA
50,1,0.2,0.5,hub,pcglasso,C,5.336699231206308e-6,2,ok,0.11800000000000033,26.49331541484831,NA
10,0.9,0.2,0.5,hub,pcglasso,C,5.336699231206308e-6,1,ok,0.02200000000000024,8.35554925457093,NA
10,0.9,0.2,0.5,hub,pcglasso,C,5.336699231206308e-6,2,ok,0.018000000000000682,8.35554925457093,NA
50,0.9,0.2,0.5,hub,pcglasso,C,5.336699231206308e-6,1,ok,0.13700000000000045,42.32636381395454,NA
50,0.9,0.2,0.5,hub,pcglasso,C,5.336699231206308e-6,2,ok,0.08999999999999986,42.32636381395454,NA
10,1,0.1,0,hub,pcglasso_cpp,I,5.336699231206308e-6,1,ok,0.019999999999999574,3.247301366359276,NA
10,1,0.1,0,hub,pcglasso_cpp,I,5.336699231206308e-6,2,ok,0.02999999999999936,3.247301366359276,NA
50,1,0.1,0,hub,pcglasso_cpp,I,5.336699231206308e-6,1,ok,0.384999999999998,7.943148483491223,NA
50,1,0.1,0,hub,pcglasso_cpp,I,5.336699231206308e-6,2,ok,0.3379999999999974,7.943148483491223,NA
10,0.9,0.1,0,hub,pcglasso_cpp,I,5.336699231206308e-6,1,ok,0.009000000000000341,7.120014417057604,NA
10,0.9,0.1,0,hub,pcglasso_cpp,I,5.336699231206308e-6,2,ok,0.009000000000000341,7.120014417057604,NA
50,0.9,0.1,0,hub,pcglasso_cpp,I,5.336699231206308e-6,1,ok,0.0259999999999998,45.130719589148534,NA
50,0.9,0.1,0,hub,pcglasso_cpp,I,5.336699231206308e-6,2,ok,0.027000000000001023,45.130719589148534,NA
10,1,0.2,0,hub,pcglasso_cpp,I,5.336699231206308e-6,1,ok,0.021000000000000796,4.34773145042745,NA
10,1,0.2,0,hub,pcglasso_cpp,I,5.336699231206308e-6,2,ok,0.026999999999999247,4.34773145042745,NA
50,1,0.2,0,hub,pcglasso_cpp,I,5.336699231206308e-6,1,ok,0.16400000000000148,11.634899839577848,NA
50,1,0.2,0,hub,pcglasso_cpp,I,5.336699231206308e-6,2,ok,0.16999999999999815,11.634899839577848,NA
10,0.9,0.2,0,hub,pcglasso_cpp,I,5.336699231206308e-6,1,ok,0.006999999999999673,8.106127038787863,NA
10,0.9,0.2,0,hub,pcglasso_cpp,I,5.336699231206308e-6,2,ok,0.009000000000000341,8.106127038787863,NA
50,0.9,0.2,0,hub,pcglasso_cpp,I,5.336699231206308e-6,1,ok,0.02000000000000135,48.121666282868176,NA
50,0.9,0.2,0,hub,pcglasso_cpp,I,5.336699231206308e-6,2,ok,0.021000000000000796,48.121666282868176,NA
10,1,0.1,0.5,hub,pcglasso_cpp,I,5.336699231206308e-6,1,ok,0.006000000000000227,6.592508150301113,NA
10,1,0.1,0.5,hub,pcglasso_cpp,I,5.336699231206308e-6,2,ok,0.004999999999999005,6.592508150301113,NA
50,1,0.1,0.5,hub,pcglasso_cpp,I,5.336699231206308e-6,1,ok,0.1880000000000006,25.06200743768358,NA
50,1,0.1,0.5,hub,pcglasso_cpp,I,5.336699231206308e-6,2,ok,0.20199999999999996,25.06200743768358,NA
10,0.9,0.1,0.5,hub,pcglasso_cpp,I,5.336699231206308e-6,1,ok,0.006000000000000227,8.0073978776109,NA
10,0.9,0.1,0.5,hub,pcglasso_cpp,I,5.336699231206308e-6,2,ok,0.004999999999999005,8.0073978776109,NA
50,0.9,0.1,0.5,hub,pcglasso_cpp,I,5.336699231206308e-6,1,ok,0.016000000000000014,41.87991149802322,NA
50,0.9,0.1,0.5,hub,pcglasso_cpp,I,5.336699231206308e-6,2,ok,0.019000000000000128,41.87991149802322,NA
10,1,0.2,0.5,hub,pcglasso_cpp,I,5.336699231206308e-6,1,ok,0.006999999999999673,7.285697011674633,NA
10,1,0.2,0.5,hub,pcglasso_cpp,I,5.336699231206308e-6,2,ok,0.009999999999999787,7.285697011674633,NA
50,1,0.2,0.5,hub,pcglasso_cpp,I,5.336699231206308e-6,1,ok,0.2289999999999992,26.49331374732097,NA
50,1,0.2,0.5,hub,pcglasso_cpp,I,5.336699231206308e-6,2,ok,0.21199999999999974,26.49331374732097,NA
10,0.9,0.2,0.5,hub,pcglasso_cpp,I,5.336699231206308e-6,1,ok,0.005000000000000782,8.355550764111085,NA
10,0.9,0.2,0.5,hub,pcglasso_cpp,I,5.336699231206308e-6,2,ok,0.0039999999999995595,8.355550764111085,NA
50,0.9,0.2,0.5,hub,pcglasso_cpp,I,5.336699231206308e-6,1,ok,0.009000000000000341,42.32636386462897,NA
50,0.9,0.2,0.5,hub,pcglasso_cpp,I,5.336699231206308e-6,2,ok,0.006999999999999673,42.32636386462897,NA
10,1,0.1,0,hub,pcglasso_fortran,I,5.336699231206308e-6,1,ok,0.02800000000000047,3.2473280847378074,NA
10,1,0.1,0,hub,pcglasso_fortran,I,5.336699231206308e-6,2,ok,0.04100000000000037,3.2473280847378074,NA
50,1,0.1,0,hub,pcglasso_fortran,I,5.336699231206308e-6,1,ok,1.0770000000000017,7.943228557764408,NA
50,1,0.1,0,hub,pcglasso_fortran,I,5.336699231206308e-6,2,ok,0.9819999999999993,7.943228557764408,NA
10,0.9,0.1,0,hub,pcglasso_fortran,I,5.336699231206308e-6,1,ok,0.009999999999999787,7.120014561158676,NA
10,0.9,0.1,0,hub,pcglasso_fortran,I,5.336699231206308e-6,2,ok,0.009999999999999787,7.120014561158676,NA
50,0.9,0.1,0,hub,pcglasso_fortran,I,5.336699231206308e-6,1,ok,0.03200000000000003,45.13072013725692,NA
50,0.9,0.1,0,hub,pcglasso_fortran,I,5.336699231206308e-6,2,ok,0.03200000000000003,45.13072013725692,NA
10,1,0.2,0,hub,pcglasso_fortran,I,5.336699231206308e-6,1,ok,0.030999999999998806,4.347820360252291,NA
10,1,0.2,0,hub,pcglasso_fortran,I,5.336699231206308e-6,2,ok,0.03900000000000148,4.347820360252291,NA
50,1,0.2,0,hub,pcglasso_fortran,I,5.336699231206308e-6,1,ok,0.33399999999999963,11.634911003705188,NA
50,1,0.2,0,hub,pcglasso_fortran,I,5.336699231206308e-6,2,ok,0.33699999999999974,11.634911003705188,NA
10,0.9,0.2,0,hub,pcglasso_fortran,I,5.336699231206308e-6,1,ok,0.007999999999999119,8.10612225736655,NA
10,0.9,0.2,0,hub,pcglasso_fortran,I,5.336699231206308e-6,2,ok,0.009999999999999787,8.10612225736655,NA
50,0.9,0.2,0,hub,pcglasso_fortran,I,5.336699231206308e-6,1,ok,0.0129999999999999,48.12167043828322,NA
50,0.9,0.2,0,hub,pcglasso_fortran,I,5.336699231206308e-6,2,ok,0.0129999999999999,48.12167043828322,NA
10,1,0.1,0.5,hub,pcglasso_fortran,I,5.336699231206308e-6,1,ok,0.012000000000000455,6.592520306864146,NA
10,1,0.1,0.5,hub,pcglasso_fortran,I,5.336699231206308e-6,2,ok,0.010000000000001563,6.592520306864146,NA
50,1,0.1,0.5,hub,pcglasso_fortran,I,5.336699231206308e-6,1,ok,0.19099999999999895,25.062086314991976,NA
50,1,0.1,0.5,hub,pcglasso_fortran,I,5.336699231206308e-6,2,ok,0.19399999999999906,25.062086314991976,NA
10,0.9,0.1,0.5,hub,pcglasso_fortran,I,5.336699231206308e-6,1,ok,0.006000000000000227,8.00739822728401,NA
10,0.9,0.1,0.5,hub,pcglasso_fortran,I,5.336699231206308e-6,2,ok,0.006999999999999673,8.00739822728401,NA
50,0.9,0.1,0.5,hub,pcglasso_fortran,I,5.336699231206308e-6,1,ok,0.007999999999999119,41.87991175320183,NA
50,0.9,0.1,0.5,hub,pcglasso_fortran,I,5.336699231206308e-6,2,ok,0.009999999999999787,41.87991175320183,NA
10,1,0.2,0.5,hub,pcglasso_fortran,I,5.336699231206308e-6,1,ok,0.016000000000000014,7.285712303163804,NA
10,1,0.2,0.5,hub,pcglasso_fortran,I,5.336699231206308e-6,2,ok,0.02200000000000024,7.285712303163804,NA
50,1,0.2,0.5,hub,pcglasso_fortran,I,5.336699231206308e-6,1,ok,0.07399999999999984,26.493311476869355,NA
50,1,0.2,0.5,hub,pcglasso_fortran,I,5.336699231206308e-6,2,ok,0.06500000000000128,26.493311476869355,NA
10,0.9,0.2,0.5,hub,pcglasso_fortran,I,5.336699231206308e-6,1,ok,0.006000000000000227,8.355549464030801,NA
10,0.9,0.2,0.5,hub,pcglasso_fortran,I,5.336699231206308e-6,2,ok,0.006000000000000227,8.355549464030801,NA
50,0.9,0.2,0.5,hub,pcglasso_fortran,I,5.336699231206308e-6,1,ok,0.004999999999999005,42.326363862309165,NA
50,0.9,0.2,0.5,hub,pcglasso_fortran,I,5.336699231206308e-6,2,ok,0.0030000000000001137,42.326363862309165,NA
10,1,0.1,0,hub,pcglasso,I,5.336699231206308e-6,1,ok,0.01699999999999946,3.2473083483700727,NA
10,1,0.1,0,hub,pcglasso,I,5.336699231206308e-6,2,ok,0.02499999999999858,3.2473083483700727,NA
50,1,0.1,0,hub,pcglasso,I,5.336699231206308e-6,1,ok,1.1159999999999997,7.943128338337566,NA
50,1,0.1,0,hub,pcglasso,I,5.336699231206308e-6,2,ok,0.8010000000000019,7.943128338337566,NA
10,0.9,0.1,0,hub,pcglasso,I,5.336699231206308e-6,1,ok,0.013999999999999346,7.120005954711848,NA
10,0.9,0.1,0,hub,pcglasso,I,5.336699231206308e-6,2,ok,0.013999999999999346,7.120005954711848,NA
50,0.9,0.1,0,hub,pcglasso,I,5.336699231206308e-6,1,ok,0.09399999999999942,45.13071827043189,NA
50,0.9,0.1,0,hub,pcglasso,I,5.336699231206308e-6,2,ok,0.0909999999999993,45.13071827043189,NA
10,1,0.2,0,hub,pcglasso,I,5.336699231206308e-6,1,ok,0.021000000000000796,4.347728936529511,NA
10,1,0.2,0,hub,pcglasso,I,5.336699231206308e-6,2,ok,0.026999999999999247,4.347728936529511,NA
50,1,0.2,0,hub,pcglasso,I,5.336699231206308e-6,1,ok,1.0839999999999996,11.634889982253041,NA
50,1,0.2,0,hub,pcglasso,I,5.336699231206308e-6,2,ok,1.0800000000000018,11.634889982253041,NA
10,0.9,0.2,0,hub,pcglasso,I,5.336699231206308e-6,1,ok,0.014000000000001123,8.106121559379552,NA
10,0.9,0.2,0,hub,pcglasso,I,5.336699231206308e-6,2,ok,0.01699999999999946,8.106121559379552,NA
50,0.9,0.2,0,hub,pcglasso,I,5.336699231206308e-6,1,ok,0.10100000000000087,48.12166602556494,NA
50,0.9,0.2,0,hub,pcglasso,I,5.336699231206308e-6,2,ok,0.10100000000000087,48.12166602556494,NA
10,1,0.1,0.5,hub,pcglasso,I,5.336699231206308e-6,1,ok,0.016000000000000014,6.592505359455241,NA
10,1,0.1,0.5,hub,pcglasso,I,5.336699231206308e-6,2,ok,0.0129999999999999,6.592505359455241,NA
50,1,0.1,0.5,hub,pcglasso,I,5.336699231206308e-6,1,ok,0.5380000000000003,25.061989797374153,NA
50,1,0.1,0.5,hub,pcglasso,I,5.336699231206308e-6,2,ok,0.5449999999999999,25.061989797374153,NA
10,0.9,0.1,0.5,hub,pcglasso,I,5.336699231206308e-6,1,ok,0.015000000000000568,8.007397332104215,NA
10,0.9,0.1,0.5,hub,pcglasso,I,5.336699231206308e-6,2,ok,0.014000000000001123,8.007397332104215,NA
50,0.9,0.1,0.5,hub,pcglasso,I,5.336699231206308e-6,1,ok,0.06099999999999994,41.879911218946546,NA
50,0.9,0.1,0.5,hub,pcglasso,I,5.336699231206308e-6,2,ok,0.07699999999999996,41.879911218946546,NA
10,1,0.2,0.5,hub,pcglasso,I,5.336699231206308e-6,1,ok,0.02200000000000024,7.285691397354023,NA
10,1,0.2,0.5,hub,pcglasso,I,5.336699231206308e-6,2,ok,0.03200000000000003,7.285691397354023,NA
50,1,0.2,0.5,hub,pcglasso,I,5.336699231206308e-6,1,ok,0.17900000000000027,26.493326113507557,NA
50,1,0.2,0.5,hub,pcglasso,I,5.336699231206308e-6,2,ok,0.15499999999999936,26.493326113507557,NA
10,0.9,0.2,0.5,hub,pcglasso,I,5.336699231206308e-6,1,ok,0.015000000000000568,8.355549243453979,NA
10,0.9,0.2,0.5,hub,pcglasso,I,5.336699231206308e-6,2,ok,0.013999999999999346,8.355549243453979,NA
50,0.9,0.2,0.5,hub,pcglasso,I,5.336699231206308e-6,1,ok,0.021999999999998465,42.32636381370799,NA
50,0.9,0.2,0.5,hub,pcglasso,I,5.336699231206308e-6,2,ok,0.015000000000000568,42.32636381370799,NA
10,1,0.1,0,hub,pcglasso_cpp,C,1.5199110829529328e-6,1,ok,0.014000000000001123,3.247306423451091,NA
10,1,0.1,0,hub,pcglasso_cpp,C,1.5199110829529328e-6,2,ok,0.02200000000000024,3.247306423451091,NA
50,1,0.1,0,hub,pcglasso_cpp,C,1.5199110829529328e-6,1,ok,0.4529999999999994,7.943145407089297,NA
50,1,0.1,0,hub,pcglasso_cpp,C,1.5199110829529328e-6,2,ok,0.3930000000000007,7.943145407089297,NA
10,0.9,0.1,0,hub,pcglasso_cpp,C,1.5199110829529328e-6,1,ok,0.011000000000001009,7.120008297011901,NA
10,0.9,0.1,0,hub,pcglasso_cpp,C,1.5199110829529328e-6,2,ok,0.011000000000001009,7.120008297011901,NA
50,0.9,0.1,0,hub,pcglasso_cpp,C,1.5199110829529328e-6,1,ok,0.03200000000000003,45.130718618100694,NA
50,0.9,0.1,0,hub,pcglasso_cpp,C,1.5199110829529328e-6,2,ok,0.03200000000000003,45.130718618100694,NA
10,1,0.2,0,hub,pcglasso_cpp,C,1.5199110829529328e-6,1,ok,0.07099999999999973,4.347725134097843,NA
10,1,0.2,0,hub,pcglasso_cpp,C,1.5199110829529328e-6,2,ok,0.08900000000000041,4.347725134097843,NA
50,1,0.2,0,hub,pcglasso_cpp,C,1.5199110829529328e-6,1,ok,0.30100000000000193,11.634898961835654,NA
50,1,0.2,0,hub,pcglasso_cpp,C,1.5199110829529328e-6,2,ok,0.3019999999999996,11.634898961835654,NA
10,0.9,0.2,0,hub,pcglasso_cpp,C,1.5199110829529328e-6,1,ok,0.007999999999999119,8.106122491281882,NA
10,0.9,0.2,0,hub,pcglasso_cpp,C,1.5199110829529328e-6,2,ok,0.009999999999999787,8.106122491281882,NA
50,0.9,0.2,0,hub,pcglasso_cpp,C,1.5199110829529328e-6,1,ok,0.023999999999999133,48.121666027445784,NA
50,0.9,0.2,0,hub,pcglasso_cpp,C,1.5199110829529328e-6,2,ok,0.025000000000000355,48.121666027445784,NA
10,1,0.1,0.5,hub,pcglasso_cpp,C,1.5199110829529328e-6,1,ok,0.006999999999999673,6.592506182710291,NA
10,1,0.1,0.5,hub,pcglasso_cpp,C,1.5199110829529328e-6,2,ok,0.006000000000000227,6.592506182710291,NA
50,1,0.1,0.5,hub,pcglasso_cpp,C,1.5199110829529328e-6,1,ok,0.09299999999999997,25.061994342122226,NA
50,1,0.1,0.5,hub,pcglasso_cpp,C,1.5199110829529328e-6,2,ok,0.09600000000000009,25.061994342122226,NA
10,0.9,0.1,0.5,hub,pcglasso_cpp,C,1.5199110829529328e-6,1,ok,0.006000000000000227,8.007397371661177,NA
10,0.9,0.1,0.5,hub,pcglasso_cpp,C,1.5199110829529328e-6,2,ok,0.006000000000000227,8.007397371661177,NA
50,0.9,0.1,0.5,hub,pcglasso_cpp,C,1.5199110829529328e-6,1,ok,0.014000000000001123,41.879911399319894,NA
50,0.9,0.1,0.5,hub,pcglasso_cpp,C,1.5199110829529328e-6,2,ok,0.019999999999999574,41.879911399319894,NA
10,1,0.2,0.5,hub,pcglasso_cpp,C,1.5199110829529328e-6,1,ok,0.009000000000000341,7.285691966334505,NA
10,1,0.2,0.5,hub,pcglasso_cpp,C,1.5199110829529328e-6,2,ok,0.011999999999998678,7.285691966334505,NA
50,1,0.2,0.5,hub,pcglasso_cpp,C,1.5199110829529328e-6,1,ok,0.20700000000000074,26.493311619974016,NA
50,1,0.2,0.5,hub,pcglasso_cpp,C,1.5199110829529328e-6,2,ok,0.1899999999999995,26.493311619974016,NA
10,0.9,0.2,0.5,hub,pcglasso_cpp,C,1.5199110829529328e-6,1,ok,0.006000000000000227,8.355549380262065,NA
10,0.9,0.2,0.5,hub,pcglasso_cpp,C,1.5199110829529328e-6,2,ok,0.005000000000000782,8.355549380262065,NA
50,0.9,0.2,0.5,hub,pcglasso_cpp,C,1.5199110829529328e-6,1,ok,0.025000000000000355,42.326363819363515,NA
50,0.9,0.2,0.5,hub,pcglasso_cpp,C,1.5199110829529328e-6,2,ok,0.016000000000000014,42.326363819363515,NA
10,1,0.1,0,hub,pcglasso_fortran,C,1.5199110829529328e-6,1,ok,0.05599999999999916,3.2473017741010435,NA
10,1,0.1,0,hub,pcglasso_fortran,C,1.5199110829529328e-6,2,ok,0.07900000000000063,3.2473017741010435,NA
50,1,0.1,0,hub,pcglasso_fortran,C,1.5199110829529328e-6,1,ok,1.1320000000000014,7.9433546978339145,NA
50,1,0.1,0,hub,pcglasso_fortran,C,1.5199110829529328e-6,2,ok,0.8929999999999971,7.9433546978339145,NA
10,0.9,0.1,0,hub,pcglasso_fortran,C,1.5199110829529328e-6,1,ok,0.0129999999999999,7.120006910632684,NA
10,0.9,0.1,0,hub,pcglasso_fortran,C,1.5199110829529328e-6,2,ok,0.0129999999999999,7.120006910632684,NA
50,0.9,0.1,0,hub,pcglasso_fortran,C,1.5199110829529328e-6,1,ok,0.04499999999999993,45.13071830127304,NA
50,0.9,0.1,0,hub,pcglasso_fortran,C,1.5199110829529328e-6,2,ok,0.04499999999999993,45.13071830127304,NA
10,1,0.2,0,hub,pcglasso_fortran,C,1.5199110829529328e-6,1,ok,0.019999999999999574,4.3477368533691925,NA
10,1,0.2,0,hub,pcglasso_fortran,C,1.5199110829529328e-6,2,ok,0.025000000000000355,4.3477368533691925,NA
50,1,0.2,0,hub,pcglasso_fortran,C,1.5199110829529328e-6,1,ok,0.36699999999999733,11.634914141883556,NA
50,1,0.2,0,hub,pcglasso_fortran,C,1.5199110829529328e-6,2,ok,0.370000000000001,11.634914141883556,NA
10,0.9,0.2,0,hub,pcglasso_fortran,C,1.5199110829529328e-6,1,ok,0.009000000000000341,8.10612236950281,NA
10,0.9,0.2,0,hub,pcglasso_fortran,C,1.5199110829529328e-6,2,ok,0.011000000000001009,8.10612236950281,NA
50,0.9,0.2,0,hub,pcglasso_fortran,C,1.5199110829529328e-6,1,ok,0.019999999999999574,48.121666556396676,NA
50,0.9,0.2,0,hub,pcglasso_fortran,C,1.5199110829529328e-6,2,ok,0.02200000000000024,48.121666556396676,NA
10,1,0.1,0.5,hub,pcglasso_fortran,C,1.5199110829529328e-6,1,ok,0.015000000000000568,6.592506476184045,NA
10,1,0.1,0.5,hub,pcglasso_fortran,C,1.5199110829529328e-6,2,ok,0.012000000000000455,6.592506476184045,NA
50,1,0.1,0.5,hub,pcglasso_fortran,C,1.5199110829529328e-6,1,ok,0.24599999999999866,25.062006304378798,NA
50,1,0.1,0.5,hub,pcglasso_fortran,C,1.5199110829529328e-6,2,ok,0.24400000000000155,25.062006304378798,NA
10,0.9,0.1,0.5,hub,pcglasso_fortran,C,1.5199110829529328e-6,1,ok,0.006999999999999673,8.00739768139986,NA
10,0.9,0.1,0.5,hub,pcglasso_fortran,C,1.5199110829529328e-6,2,ok,0.006999999999999673,8.00739768139986,NA
50,0.9,0.1,0.5,hub,pcglasso_fortran,C,1.5199110829529328e-6,1,ok,0.007999999999999119,41.87991154270295,NA
50,0.9,0.1,0.5,hub,pcglasso_fortran,C,1.5199110829529328e-6,2,ok,0.011999999999998678,41.87991154270295,NA
10,1,0.2,0.5,hub,pcglasso_fortran,C,1.5199110829529328e-6,1,ok,0.019000000000000128,7.285697286049004,NA
10,1,0.2,0.5,hub,pcglasso_fortran,C,1.5199110829529328e-6,2,ok,0.023999999999999133,7.285697286049004,NA
50,1,0.2,0.5,hub,pcglasso_fortran,C,1.5199110829529328e-6,1,ok,0.06299999999999883,26.493310951426782,NA
50,1,0.2,0.5,hub,pcglasso_fortran,C,1.5199110829529328e-6,2,ok,0.05400000000000027,26.493310951426782,NA
10,0.9,0.2,0.5,hub,pcglasso_fortran,C,1.5199110829529328e-6,1,ok,0.006999999999999673,8.355549333717011,NA
10,0.9,0.2,0.5,hub,pcglasso_fortran,C,1.5199110829529328e-6,2,ok,0.006000000000000227,8.355549333717011,NA
50,0.9,0.2,0.5,hub,pcglasso_fortran,C,1.5199110829529328e-6,1,ok,0.012000000000000455,42.32636381688172,NA
50,0.9,0.2,0.5,hub,pcglasso_fortran,C,1.5199110829529328e-6,2,ok,0.008000000000000895,42.32636381688172,NA
10,1,0.1,0,hub,pcglasso,C,1.5199110829529328e-6,1,ok,0.014000000000001123,3.247297211287832,NA
10,1,0.1,0,hub,pcglasso,C,1.5199110829529328e-6,2,ok,0.02200000000000024,3.247297211287832,NA
50,1,0.1,0,hub,pcglasso,C,1.5199110829529328e-6,1,ok,0.4349999999999987,7.943088076776127,NA
50,1,0.1,0,hub,pcglasso,C,1.5199110829529328e-6,2,ok,0.30799999999999983,7.943088076776127,NA
10,0.9,0.1,0,hub,pcglasso,C,1.5199110829529328e-6,1,ok,0.014000000000001123,7.120005468382649,NA
10,0.9,0.1,0,hub,pcglasso,C,1.5199110829529328e-6,2,ok,0.015000000000000568,7.120005468382649,NA
50,0.9,0.1,0,hub,pcglasso,C,1.5199110829529328e-6,1,ok,0.08500000000000085,45.13071776882883,NA
50,0.9,0.1,0,hub,pcglasso,C,1.5199110829529328e-6,2,ok,0.08300000000000018,45.13071776882883,NA
10,1,0.2,0,hub,pcglasso,C,1.5199110829529328e-6,1,ok,0.021000000000000796,4.3477234580904245,NA
10,1,0.2,0,hub,pcglasso,C,1.5199110829529328e-6,2,ok,0.02800000000000047,4.3477234580904245,NA
50,1,0.2,0,hub,pcglasso,C,1.5199110829529328e-6,1,ok,0.392000000000003,11.634891216191177,NA
50,1,0.2,0,hub,pcglasso,C,1.5199110829529328e-6,2,ok,0.3960000000000008,11.634891216191177,NA
10,0.9,0.2,0,hub,pcglasso,C,1.5199110829529328e-6,1,ok,0.013999999999999346,8.106121351705196,NA
10,0.9,0.2,0,hub,pcglasso,C,1.5199110829529328e-6,2,ok,0.01699999999999946,8.106121351705196,NA
50,0.9,0.2,0,hub,pcglasso,C,1.5199110829529328e-6,1,ok,0.09699999999999953,48.12166599363944,NA
50,0.9,0.2,0,hub,pcglasso,C,1.5199110829529328e-6,2,ok,0.09800000000000075,48.12166599363944,NA
10,1,0.1,0.5,hub,pcglasso,C,1.5199110829529328e-6,1,ok,0.01699999999999946,6.592505150794057,NA
10,1,0.1,0.5,hub,pcglasso,C,1.5199110829529328e-6,2,ok,0.0129999999999999,6.592505150794057,NA
50,1,0.1,0.5,hub,pcglasso,C,1.5199110829529328e-6,1,ok,0.2630000000000017,25.061989504529468,NA
50,1,0.1,0.5,hub,pcglasso,C,1.5199110829529328e-6,2,ok,0.2669999999999977,25.061989504529468,NA
10,0.9,0.1,0.5,hub,pcglasso,C,1.5199110829529328e-6,1,ok,0.015000000000000568,8.007397307148603,NA
10,0.9,0.1,0.5,hub,pcglasso,C,1.5199110829529328e-6,2,ok,0.01699999999999946,8.007397307148603,NA
50,0.9,0.1,0.5,hub,pcglasso,C,1.5199110829529328e-6,1,ok,0.06400000000000006,41.879911205780104,NA
50,0.9,0.1,0.5,hub,pcglasso,C,1.5199110829529328e-6,2,ok,0.08999999999999986,41.879911205780104,NA
10,1,0.2,0.5,hub,pcglasso,C,1.5199110829529328e-6,1,ok,0.019000000000000128,7.285690779073841,NA
10,1,0.2,0.5,hub,pcglasso,C,1.5199110829529328e-6,2,ok,0.026000000000001577,7.285690779073841,NA
50,1,0.2,0.5,hub,pcglasso,C,1.5199110829529328e-6,1,ok,0.1429999999999989,26.49331101620774,NA
50,1,0.2,0.5,hub,pcglasso,C,1.5199110829529328e-6,2,ok,0.12400000000000055,26.49331101620774,NA
10,0.9,0.2,0.5,hub,pcglasso,C,1.5199110829529328e-6,1,ok,0.019000000000000128,8.355549244682786,NA
10,0.9,0.2,0.5,hub,pcglasso,C,1.5199110829529328e-6,2,ok,0.016000000000000014,8.355549244682786,NA
50,0.9,0.2,0.5,hub,pcglasso,C,1.5199110829529328e-6,1,ok,0.125,42.32636381193084,NA
50,0.9,0.2,0.5,hub,pcglasso,C,1.5199110829529328e-6,2,ok,0.0990000000000002,42.32636381193084,NA
10,1,0.1,0,hub,pcglasso_cpp,I,1.5199110829529328e-6,1,ok,0.023999999999999133,3.2472992680833643,NA
10,1,0.1,0,hub,pcglasso_cpp,I,1.5199110829529328e-6,2,ok,0.051000000000000156,3.2472992680833643,NA
50,1,0.1,0,hub,pcglasso_cpp,I,1.5199110829529328e-6,1,ok,0.4430000000000014,7.9431447674809945,NA
50,1,0.1,0,hub,pcglasso_cpp,I,1.5199110829529328e-6,2,ok,0.37599999999999767,7.9431447674809945,NA
10,0.9,0.1,0,hub,pcglasso_cpp,I,1.5199110829529328e-6,1,ok,0.009999999999999787,7.120007910011556,NA
10,0.9,0.1,0,hub,pcglasso_cpp,I,1.5199110829529328e-6,2,ok,0.009999999999999787,7.120007910011556,NA
50,0.9,0.1,0,hub,pcglasso_cpp,I,1.5199110829529328e-6,1,ok,0.027999999999998693,45.13071846264774,NA
50,0.9,0.1,0,hub,pcglasso_cpp,I,1.5199110829529328e-6,2,ok,0.02800000000000047,45.13071846264774,NA
10,1,0.2,0,hub,pcglasso_cpp,I,1.5199110829529328e-6,1,ok,0.025000000000000355,4.347725397684211,NA
10,1,0.2,0,hub,pcglasso_cpp,I,1.5199110829529328e-6,2,ok,0.032999999999999474,4.347725397684211,NA
50,1,0.2,0,hub,pcglasso_cpp,I,1.5199110829529328e-6,1,ok,0.1819999999999986,11.63489570317746,NA
50,1,0.2,0,hub,pcglasso_cpp,I,1.5199110829529328e-6,2,ok,0.1819999999999986,11.63489570317746,NA
10,0.9,0.2,0,hub,pcglasso_cpp,I,1.5199110829529328e-6,1,ok,0.005999999999998451,8.106123057030853,NA
10,0.9,0.2,0,hub,pcglasso_cpp,I,1.5199110829529328e-6,2,ok,0.008000000000000895,8.106123057030853,NA
50,0.9,0.2,0,hub,pcglasso_cpp,I,1.5199110829529328e-6,1,ok,0.022999999999999687,48.12166601371472,NA
50,0.9,0.2,0,hub,pcglasso_cpp,I,1.5199110829529328e-6,2,ok,0.019999999999999574,48.12166601371472,NA
10,1,0.1,0.5,hub,pcglasso_cpp,I,1.5199110829529328e-6,1,ok,0.008000000000000895,6.592506648882399,NA
10,1,0.1,0.5,hub,pcglasso_cpp,I,1.5199110829529328e-6,2,ok,0.006000000000000227,6.592506648882399,NA
50,1,0.1,0.5,hub,pcglasso_cpp,I,1.5199110829529328e-6,1,ok,0.09099999999999753,25.061995033391106,NA
50,1,0.1,0.5,hub,pcglasso_cpp,I,1.5199110829529328e-6,2,ok,0.0920000000000023,25.061995033391106,NA
10,0.9,0.1,0.5,hub,pcglasso_cpp,I,1.5199110829529328e-6,1,ok,0.005000000000000782,8.007397397442226,NA
10,0.9,0.1,0.5,hub,pcglasso_cpp,I,1.5199110829529328e-6,2,ok,0.005000000000000782,8.007397397442226,NA
50,0.9,0.1,0.5,hub,pcglasso_cpp,I,1.5199110829529328e-6,1,ok,0.015000000000000568,41.87991149802322,NA
50,0.9,0.1,0.5,hub,pcglasso_cpp,I,1.5199110829529328e-6,2,ok,0.02000000000000135,41.87991149802322,NA
10,1,0.2,0.5,hub,pcglasso_cpp,I,1.5199110829529328e-6,1,ok,0.006000000000000227,7.285691971299635,NA
10,1,0.2,0.5,hub,pcglasso_cpp,I,1.5199110829529328e-6,2,ok,0.009000000000000341,7.285691971299635,NA
50,1,0.2,0.5,hub,pcglasso_cpp,I,1.5199110829529328e-6,1,ok,0.28800000000000026,26.493312094298474,NA
50,1,0.2,0.5,hub,pcglasso_cpp,I,1.5199110829529328e-6,2,ok,0.2530000000000001,26.493312094298474,NA
10,0.9,0.2,0.5,hub,pcglasso_cpp,I,1.5199110829529328e-6,1,ok,0.006000000000000227,8.355549635426264,NA
10,0.9,0.2,0.5,hub,pcglasso_cpp,I,1.5199110829529328e-6,2,ok,0.004000000000001336,8.355549635426264,NA
50,0.9,0.2,0.5,hub,pcglasso_cpp,I,1.5199110829529328e-6,1,ok,0.008000000000000895,42.32636386462897,NA
50,0.9,0.2,0.5,hub,pcglasso_cpp,I,1.5199110829529328e-6,2,ok,0.006000000000000227,42.32636386462897,NA
10,1,0.1,0,hub,pcglasso_fortran,I,1.5199110829529328e-6,1,ok,0.03200000000000003,3.247306992445007,NA
10,1,0.1,0,hub,pcglasso_fortran,I,1.5199110829529328e-6,2,ok,0.0779999999999994,3.247306992445007,NA
50,1,0.1,0,hub,pcglasso_fortran,I,1.5199110829529328e-6,1,ok,1.5529999999999973,7.943097733456799,NA
50,1,0.1,0,hub,pcglasso_fortran,I,1.5199110829529328e-6,2,ok,1.336000000000002,7.943097733456799,NA
10,0.9,0.1,0,hub,pcglasso_fortran,I,1.5199110829529328e-6,1,ok,0.0129999999999999,7.1200097291539794,NA
10,0.9,0.1,0,hub,pcglasso_fortran,I,1.5199110829529328e-6,2,ok,0.0129999999999999,7.1200097291539794,NA
50,0.9,0.1,0,hub,pcglasso_fortran,I,1.5199110829529328e-6,1,ok,0.04300000000000104,45.13071829442965,NA
50,0.9,0.1,0,hub,pcglasso_fortran,I,1.5199110829529328e-6,2,ok,0.041999999999999815,45.13071829442965,NA
10,1,0.2,0,hub,pcglasso_fortran,I,1.5199110829529328e-6,1,ok,0.04100000000000037,4.3477275456093984,NA
10,1,0.2,0,hub,pcglasso_fortran,I,1.5199110829529328e-6,2,ok,0.09699999999999953,4.3477275456093984,NA
50,1,0.2,0,hub,pcglasso_fortran,I,1.5199110829529328e-6,1,ok,0.43900000000000006,11.634911875028425,NA
50,1,0.2,0,hub,pcglasso_fortran,I,1.5199110829529328e-6,2,ok,0.49499999999999744,11.634911875028425,NA
10,0.9,0.2,0,hub,pcglasso_fortran,I,1.5199110829529328e-6,1,ok,0.0070000000000014495,8.10612225736655,NA
10,0.9,0.2,0,hub,pcglasso_fortran,I,1.5199110829529328e-6,2,ok,0.008999999999998565,8.10612225736655,NA
50,0.9,0.2,0,hub,pcglasso_fortran,I,1.5199110829529328e-6,1,ok,0.0129999999999999,48.12166897076104,NA
50,0.9,0.2,0,hub,pcglasso_fortran,I,1.5199110829529328e-6,2,ok,0.011000000000001009,48.12166897076104,NA
10,1,0.1,0.5,hub,pcglasso_fortran,I,1.5199110829529328e-6,1,ok,0.016000000000000014,6.592506891581172,NA
10,1,0.1,0.5,hub,pcglasso_fortran,I,1.5199110829529328e-6,2,ok,0.0129999999999999,6.592506891581172,NA
50,1,0.1,0.5,hub,pcglasso_fortran,I,1.5199110829529328e-6,1,ok,0.49099999999999966,25.061991120741432,NA
50,1,0.1,0.5,hub,pcglasso_fortran,I,1.5199110829529328e-6,2,ok,0.48799999999999955,25.061991120741432,NA
10,0.9,0.1,0.5,hub,pcglasso_fortran,I,1.5199110829529328e-6,1,ok,0.006000000000000227,8.007397423106656,NA
10,0.9,0.1,0.5,hub,pcglasso_fortran,I,1.5199110829529328e-6,2,ok,0.006000000000000227,8.007397423106656,NA
50,0.9,0.1,0.5,hub,pcglasso_fortran,I,1.5199110829529328e-6,1,ok,0.009000000000000341,41.87991175320183,NA
50,0.9,0.1,0.5,hub,pcglasso_fortran,I,1.5199110829529328e-6,2,ok,0.009999999999999787,41.87991175320183,NA
10,1,0.2,0.5,hub,pcglasso_fortran,I,1.5199110829529328e-6,1,ok,0.016000000000000014,7.285693152657422,NA
10,1,0.2,0.5,hub,pcglasso_fortran,I,1.5199110829529328e-6,2,ok,0.022999999999999687,7.285693152657422,NA
50,1,0.2,0.5,hub,pcglasso_fortran,I,1.5199110829529328e-6,1,ok,0.5839999999999996,26.493311088713607,NA
50,1,0.2,0.5,hub,pcglasso_fortran,I,1.5199110829529328e-6,2,ok,0.1720000000000006,26.493311088713607,NA
10,0.9,0.2,0.5,hub,pcglasso_fortran,I,1.5199110829529328e-6,1,ok,0.006999999999999673,8.355549272733182,NA
10,0.9,0.2,0.5,hub,pcglasso_fortran,I,1.5199110829529328e-6,2,ok,0.005000000000000782,8.355549272733182,NA
50,0.9,0.2,0.5,hub,pcglasso_fortran,I,1.5199110829529328e-6,1,ok,0.004999999999999005,42.326363862309165,NA
50,0.9,0.2,0.5,hub,pcglasso_fortran,I,1.5199110829529328e-6,2,ok,0.0030000000000001137,42.326363862309165,NA
10,1,0.1,0,hub,pcglasso,I,1.5199110829529328e-6,1,ok,0.02099999999999902,3.2472977224516026,NA
10,1,0.1,0,hub,pcglasso,I,1.5199110829529328e-6,2,ok,0.053000000000000824,3.2472977224516026,NA
50,1,0.1,0,hub,pcglasso,I,1.5199110829529328e-6,1,ok,1.4780000000000015,7.943089561544241,NA
50,1,0.1,0,hub,pcglasso,I,1.5199110829529328e-6,2,ok,1.0889999999999986,7.943089561544241,NA
10,0.9,0.1,0,hub,pcglasso,I,1.5199110829529328e-6,1,ok,0.025000000000000355,7.120005386598972,NA
10,0.9,0.1,0,hub,pcglasso,I,1.5199110829529328e-6,2,ok,0.025000000000000355,7.120005386598972,NA
50,0.9,0.1,0,hub,pcglasso,I,1.5199110829529328e-6,1,ok,0.08999999999999986,45.13071780434372,NA
50,0.9,0.1,0,hub,pcglasso,I,1.5199110829529328e-6,2,ok,0.08899999999999864,45.13071780434372,NA
10,1,0.2,0,hub,pcglasso,I,1.5199110829529328e-6,1,ok,0.0259999999999998,4.347723592210594,NA
10,1,0.2,0,hub,pcglasso,I,1.5199110829529328e-6,2,ok,0.06100000000000172,4.347723592210594,NA
50,1,0.2,0,hub,pcglasso,I,1.5199110829529328e-6,1,ok,0.9349999999999987,11.634888316359355,NA
50,1,0.2,0,hub,pcglasso,I,1.5199110829529328e-6,2,ok,0.9589999999999996,11.634888316359355,NA
10,0.9,0.2,0,hub,pcglasso,I,1.5199110829529328e-6,1,ok,0.013999999999999346,8.106121313303616,NA
10,0.9,0.2,0,hub,pcglasso,I,1.5199110829529328e-6,2,ok,0.017999999999998906,8.106121313303616,NA
50,0.9,0.2,0,hub,pcglasso,I,1.5199110829529328e-6,1,ok,0.10299999999999976,48.12166598825256,NA
50,0.9,0.2,0,hub,pcglasso,I,1.5199110829529328e-6,2,ok,0.08300000000000018,48.12166598825256,NA
10,1,0.1,0.5,hub,pcglasso,I,1.5199110829529328e-6,1,ok,0.028999999999999915,6.592505156856403,NA
10,1,0.1,0.5,hub,pcglasso,I,1.5199110829529328e-6,2,ok,0.023999999999999133,6.592505156856403,NA
50,1,0.1,0.5,hub,pcglasso,I,1.5199110829529328e-6,1,ok,0.43400000000000105,25.061989631748098,NA
50,1,0.1,0.5,hub,pcglasso,I,1.5199110829529328e-6,2,ok,0.45099999999999696,25.061989631748098,NA
10,0.9,0.1,0.5,hub,pcglasso,I,1.5199110829529328e-6,1,ok,0.012000000000000455,8.00739732469565,NA
10,0.9,0.1,0.5,hub,pcglasso,I,1.5199110829529328e-6,2,ok,0.0129999999999999,8.00739732469565,NA
50,0.9,0.1,0.5,hub,pcglasso,I,1.5199110829529328e-6,1,ok,0.06099999999999994,41.879911218946546,NA
50,0.9,0.1,0.5,hub,pcglasso,I,1.5199110829529328e-6,2,ok,0.07699999999999996,41.879911218946546,NA
10,1,0.2,0.5,hub,pcglasso,I,1.5199110829529328e-6,1,ok,0.019999999999999574,7.285690775468998,NA
10,1,0.2,0.5,hub,pcglasso,I,1.5199110829529328e-6,2,ok,0.028999999999999915,7.285690775468998,NA
50,1,0.2,0.5,hub,pcglasso,I,1.5199110829529328e-6,1,ok,0.20699999999999896,26.493310444051545,NA
50,1,0.2,0.5,hub,pcglasso,I,1.5199110829529328e-6,2,ok,0.16499999999999915,26.493310444051545,NA
10,0.9,0.2,0.5,hub,pcglasso,I,1.5199110829529328e-6,1,ok,0.015000000000000568,8.355549243453979,NA
10,0.9,0.2,0.5,hub,pcglasso,I,1.5199110829529328e-6,2,ok,0.012000000000000455,8.355549243453979,NA
50,0.9,0.2,0.5,hub,pcglasso,I,1.5199110829529328e-6,1,ok,0.02400000000000091,42.326363811758704,NA
50,0.9,0.2,0.5,hub,pcglasso,I,1.5199110829529328e-6,2,ok,0.019999999999999574,42.326363811758704,NA
10,1,0.1,0,hub,pcglasso_cpp,C,4.328761281083054e-7,1,ok,0.016000000000000014,3.247300986168357,NA
10,1,0.1,0,hub,pcglasso_cpp,C,4.328761281083054e-7,2,ok,0.031000000000000583,3.247300986168357,NA
50,1,0.1,0,hub,pcglasso_cpp,C,4.328761281083054e-7,1,ok,0.7489999999999952,7.943113921733492,NA
50,1,0.1,0,hub,pcglasso_cpp,C,4.328761281083054e-7,2,ok,0.6260000000000012,7.943113921733492,NA
10,0.9,0.1,0,hub,pcglasso_cpp,C,4.328761281083054e-7,1,ok,0.012000000000000455,7.1200060128713725,NA
10,0.9,0.1,0,hub,pcglasso_cpp,C,4.328761281083054e-7,2,ok,0.015000000000000568,7.1200060128713725,NA
50,0.9,0.1,0,hub,pcglasso_cpp,C,4.328761281083054e-7,1,ok,0.03500000000000014,45.13071787662489,NA
50,0.9,0.1,0,hub,pcglasso_cpp,C,4.328761281083054e-7,2,ok,0.041999999999999815,45.13071787662489,NA
10,1,0.2,0,hub,pcglasso_cpp,C,4.328761281083054e-7,1,ok,0.030000000000001137,4.347724754736569,NA
10,1,0.2,0,hub,pcglasso_cpp,C,4.328761281083054e-7,2,ok,0.06400000000000006,4.347724754736569,NA
50,1,0.2,0,hub,pcglasso_cpp,C,4.328761281083054e-7,1,ok,0.2190000000000012,11.63489274887498,NA
50,1,0.2,0,hub,pcglasso_cpp,C,4.328761281083054e-7,2,ok,0.2220000000000013,11.63489274887498,NA
10,0.9,0.2,0,hub,pcglasso_cpp,C,4.328761281083054e-7,1,ok,0.007999999999999119,8.106121680735448,NA
10,0.9,0.2,0,hub,pcglasso_cpp,C,4.328761281083054e-7,2,ok,0.011000000000001009,8.106121680735448,NA
50,0.9,0.2,0,hub,pcglasso_cpp,C,4.328761281083054e-7,1,ok,0.14100000000000001,48.121666027445784,NA
50,0.9,0.2,0,hub,pcglasso_cpp,C,4.328761281083054e-7,2,ok,0.14499999999999957,48.121666027445784,NA
10,1,0.1,0.5,hub,pcglasso_cpp,C,4.328761281083054e-7,1,ok,0.007999999999999119,6.5925053321369935,NA
10,1,0.1,0.5,hub,pcglasso_cpp,C,4.328761281083054e-7,2,ok,0.005999999999998451,6.5925053321369935,NA
50,1,0.1,0.5,hub,pcglasso_cpp,C,4.328761281083054e-7,1,ok,0.09999999999999787,25.0619909089277,NA
50,1,0.1,0.5,hub,pcglasso_cpp,C,4.328761281083054e-7,2,ok,0.10200000000000031,25.0619909089277,NA
10,0.9,0.1,0.5,hub,pcglasso_cpp,C,4.328761281083054e-7,1,ok,0.006000000000000227,8.007397371661177,NA
10,0.9,0.1,0.5,hub,pcglasso_cpp,C,4.328761281083054e-7,2,ok,0.005000000000000782,8.007397371661177,NA
50,0.9,0.1,0.5,hub,pcglasso_cpp,C,4.328761281083054e-7,1,ok,0.016000000000000014,41.87991124003804,NA
50,0.9,0.1,0.5,hub,pcglasso_cpp,C,4.328761281083054e-7,2,ok,0.019000000000000128,41.87991124003804,NA
10,1,0.2,0.5,hub,pcglasso_cpp,C,4.328761281083054e-7,1,ok,0.008000000000000895,7.285691184396961,NA
10,1,0.2,0.5,hub,pcglasso_cpp,C,4.328761281083054e-7,2,ok,0.011000000000001009,7.285691184396961,NA
50,1,0.2,0.5,hub,pcglasso_cpp,C,4.328761281083054e-7,1,ok,0.23900000000000077,26.49331141156332,NA
50,1,0.2,0.5,hub,pcglasso_cpp,C,4.328761281083054e-7,2,ok,0.2270000000000003,26.49331141156332,NA
10,0.9,0.2,0.5,hub,pcglasso_cpp,C,4.328761281083054e-7,1,ok,0.006999999999999673,8.355549380262065,NA
10,0.9,0.2,0.5,hub,pcglasso_cpp,C,4.328761281083054e-7,2,ok,0.005999999999998451,8.355549380262065,NA
50,0.9,0.2,0.5,hub,pcglasso_cpp,C,4.328761281083054e-7,1,ok,0.02099999999999902,42.326363819363515,NA
50,0.9,0.2,0.5,hub,pcglasso_cpp,C,4.328761281083054e-7,2,ok,0.017999999999998906,42.326363819363515,NA
10,1,0.1,0,hub,pcglasso_fortran,C,4.328761281083054e-7,1,ok,0.018000000000000682,3.2473013814208738,NA
10,1,0.1,0,hub,pcglasso_fortran,C,4.328761281083054e-7,2,ok,0.027999999999998693,3.2473013814208738,NA
50,1,0.1,0,hub,pcglasso_fortran,C,4.328761281083054e-7,1,ok,1.7539999999999978,7.943090334827776,NA
50,1,0.1,0,hub,pcglasso_fortran,C,4.328761281083054e-7,2,ok,1.4179999999999993,7.943090334827776,NA
10,0.9,0.1,0,hub,pcglasso_fortran,C,4.328761281083054e-7,1,ok,0.013999999999999346,7.120006489723865,NA
10,0.9,0.1,0,hub,pcglasso_fortran,C,4.328761281083054e-7,2,ok,0.016000000000000014,7.120006489723865,NA
50,0.9,0.1,0,hub,pcglasso_fortran,C,4.328761281083054e-7,1,ok,0.30600000000000094,45.13071785753043,NA
50,0.9,0.1,0,hub,pcglasso_fortran,C,4.328761281083054e-7,2,ok,0.31099999999999994,45.13071785753043,NA
10,1,0.2,0,hub,pcglasso_fortran,C,4.328761281083054e-7,1,ok,0.022999999999999687,4.347723867948416,NA
10,1,0.2,0,hub,pcglasso_fortran,C,4.328761281083054e-7,2,ok,0.05299999999999905,4.347723867948416,NA
50,1,0.2,0,hub,pcglasso_fortran,C,4.328761281083054e-7,1,ok,0.31899999999999906,11.634889872092888,NA
50,1,0.2,0,hub,pcglasso_fortran,C,4.328761281083054e-7,2,ok,0.31899999999999906,11.634889872092888,NA
10,0.9,0.2,0,hub,pcglasso_fortran,C,4.328761281083054e-7,1,ok,0.010000000000001563,8.106121977570538,NA
10,0.9,0.2,0,hub,pcglasso_fortran,C,4.328761281083054e-7,2,ok,0.0129999999999999,8.106121977570538,NA
50,0.9,0.2,0,hub,pcglasso_fortran,C,4.328761281083054e-7,1,ok,0.014000000000001123,48.12166615720048,NA
50,0.9,0.2,0,hub,pcglasso_fortran,C,4.328761281083054e-7,2,ok,0.012000000000000455,48.12166615720048,NA
10,1,0.1,0.5,hub,pcglasso_fortran,C,4.328761281083054e-7,1,ok,0.016000000000000014,6.592506067987291,NA
10,1,0.1,0.5,hub,pcglasso_fortran,C,4.328761281083054e-7,2,ok,0.014000000000001123,6.592506067987291,NA
50,1,0.1,0.5,hub,pcglasso_fortran,C,4.328761281083054e-7,1,ok,0.25400000000000134,25.061993849930598,NA
50,1,0.1,0.5,hub,pcglasso_fortran,C,4.328761281083054e-7,2,ok,0.25700000000000145,25.061993849930598,NA
10,0.9,0.1,0.5,hub,pcglasso_fortran,C,4.328761281083054e-7,1,ok,0.007999999999999119,8.007397374245176,NA
10,0.9,0.1,0.5,hub,pcglasso_fortran,C,4.328761281083054e-7,2,ok,0.0070000000000014495,8.007397374245176,NA
50,0.9,0.1,0.5,hub,pcglasso_fortran,C,4.328761281083054e-7,1,ok,0.008000000000000895,41.879911259550234,NA
50,0.9,0.1,0.5,hub,pcglasso_fortran,C,4.328761281083054e-7,2,ok,0.009999999999999787,41.879911259550234,NA
10,1,0.2,0.5,hub,pcglasso_fortran,C,4.328761281083054e-7,1,ok,0.010999999999999233,7.285691901127587,NA
10,1,0.2,0.5,hub,pcglasso_fortran,C,4.328761281083054e-7,2,ok,0.01699999999999946,7.285691901127587,NA
50,1,0.2,0.5,hub,pcglasso_fortran,C,4.328761281083054e-7,1,ok,0.0649999999999995,26.493310279712095,NA
50,1,0.2,0.5,hub,pcglasso_fortran,C,4.328761281083054e-7,2,ok,0.06299999999999883,26.493310279712095,NA
10,0.9,0.2,0.5,hub,pcglasso_fortran,C,4.328761281083054e-7,1,ok,0.009000000000000341,8.355549255539191,NA
10,0.9,0.2,0.5,hub,pcglasso_fortran,C,4.328761281083054e-7,2,ok,0.006000000000000227,8.355549255539191,NA
50,0.9,0.2,0.5,hub,pcglasso_fortran,C,4.328761281083054e-7,1,ok,0.009999999999999787,42.32636381688172,NA
50,0.9,0.2,0.5,hub,pcglasso_fortran,C,4.328761281083054e-7,2,ok,0.009000000000000341,42.32636381688172,NA
10,1,0.1,0,hub,pcglasso,C,4.328761281083054e-7,1,ok,0.016000000000000014,3.2472969948853248,NA
10,1,0.1,0,hub,pcglasso,C,4.328761281083054e-7,2,ok,0.02400000000000091,3.2472969948853248,NA
50,1,0.1,0,hub,pcglasso,C,4.328761281083054e-7,1,ok,0.5020000000000024,7.943086408201433,NA
50,1,0.1,0,hub,pcglasso,C,4.328761281083054e-7,2,ok,0.36400000000000077,7.943086408201433,NA
10,0.9,0.1,0,hub,pcglasso,C,4.328761281083054e-7,1,ok,0.015000000000000568,7.120005346019503,NA
10,0.9,0.1,0,hub,pcglasso,C,4.328761281083054e-7,2,ok,0.017999999999998906,7.120005346019503,NA
50,0.9,0.1,0,hub,pcglasso,C,4.328761281083054e-7,1,ok,0.08799999999999919,45.130717691771736,NA
50,0.9,0.1,0,hub,pcglasso,C,4.328761281083054e-7,2,ok,0.07900000000000063,45.130717691771736,NA
10,1,0.2,0,hub,pcglasso,C,4.328761281083054e-7,1,ok,0.03200000000000003,4.347723435983954,NA
10,1,0.2,0,hub,pcglasso,C,4.328761281083054e-7,2,ok,0.08800000000000097,4.347723435983954,NA
50,1,0.2,0,hub,pcglasso,C,4.328761281083054e-7,1,ok,0.5199999999999996,11.634888136522605,NA
50,1,0.2,0,hub,pcglasso,C,4.328761281083054e-7,2,ok,0.5289999999999999,11.634888136522605,NA
10,0.9,0.2,0,hub,pcglasso,C,4.328761281083054e-7,1,ok,0.017999999999998906,8.106121303129264,NA
10,0.9,0.2,0,hub,pcglasso,C,4.328761281083054e-7,2,ok,0.02200000000000024,8.106121303129264,NA
50,0.9,0.2,0,hub,pcglasso,C,4.328761281083054e-7,1,ok,0.07399999999999984,48.121665984333546,NA
50,0.9,0.2,0,hub,pcglasso,C,4.328761281083054e-7,2,ok,0.07000000000000028,48.121665984333546,NA
10,1,0.1,0.5,hub,pcglasso,C,4.328761281083054e-7,1,ok,0.016000000000000014,6.592505129708383,NA
10,1,0.1,0.5,hub,pcglasso,C,4.328761281083054e-7,2,ok,0.015000000000000568,6.592505129708383,NA
50,1,0.1,0.5,hub,pcglasso,C,4.328761281083054e-7,1,ok,0.2510000000000012,25.061989504529468,NA
50,1,0.1,0.5,hub,pcglasso,C,4.328761281083054e-7,2,ok,0.2519999999999989,25.061989504529468,NA
10,0.9,0.1,0.5,hub,pcglasso,C,4.328761281083054e-7,1,ok,0.016000000000000014,8.007397305561668,NA
10,0.9,0.1,0.5,hub,pcglasso,C,4.328761281083054e-7,2,ok,0.015000000000000568,8.007397305561668,NA
50,0.9,0.1,0.5,hub,pcglasso,C,4.328761281083054e-7,1,ok,0.053000000000000824,41.87991120435677,NA
50,0.9,0.1,0.5,hub,pcglasso,C,4.328761281083054e-7,2,ok,0.07200000000000095,41.87991120435677,NA
10,1,0.2,0.5,hub,pcglasso,C,4.328761281083054e-7,1,ok,0.02000000000000135,7.285690771272159,NA
10,1,0.2,0.5,hub,pcglasso,C,4.328761281083054e-7,2,ok,0.028999999999999915,7.285690771272159,NA
50,1,0.2,0.5,hub,pcglasso,C,4.328761281083054e-7,1,ok,0.1379999999999999,26.493310372479662,NA
50,1,0.2,0.5,hub,pcglasso,C,4.328761281083054e-7,2,ok,0.13100000000000023,26.493310372479662,NA
10,0.9,0.2,0.5,hub,pcglasso,C,4.328761281083054e-7,1,ok,0.01699999999999946,8.355549244531277,NA
10,0.9,0.2,0.5,hub,pcglasso,C,4.328761281083054e-7,2,ok,0.0129999999999999,8.355549244531277,NA
50,0.9,0.2,0.5,hub,pcglasso,C,4.328761281083054e-7,1,ok,0.10899999999999999,42.3263638116891,NA
50,0.9,0.2,0.5,hub,pcglasso,C,4.328761281083054e-7,2,ok,0.09699999999999953,42.3263638116891,NA
10,1,0.1,0,hub,pcglasso_cpp,I,4.328761281083054e-7,1,ok,0.036999999999999034,3.247298092750328,NA
10,1,0.1,0,hub,pcglasso_cpp,I,4.328761281083054e-7,2,ok,0.06300000000000061,3.247298092750328,NA
50,1,0.1,0,hub,pcglasso_cpp,I,4.328761281083054e-7,1,ok,0.5519999999999996,7.943107048365018,NA
50,1,0.1,0,hub,pcglasso_cpp,I,4.328761281083054e-7,2,ok,0.47300000000000253,7.943107048365018,NA
10,0.9,0.1,0,hub,pcglasso_cpp,I,4.328761281083054e-7,1,ok,0.009999999999999787,7.120006090849895,NA
10,0.9,0.1,0,hub,pcglasso_cpp,I,4.328761281083054e-7,2,ok,0.012000000000000455,7.120006090849895,NA
50,0.9,0.1,0,hub,pcglasso_cpp,I,4.328761281083054e-7,1,ok,0.03300000000000125,45.13071781600815,NA
50,0.9,0.1,0,hub,pcglasso_cpp,I,4.328761281083054e-7,2,ok,0.02999999999999936,45.13071781600815,NA
10,1,0.2,0,hub,pcglasso_cpp,I,4.328761281083054e-7,1,ok,0.032999999999999474,4.347724684918795,NA
10,1,0.2,0,hub,pcglasso_cpp,I,4.328761281083054e-7,2,ok,0.07199999999999918,4.347724684918795,NA
50,1,0.2,0,hub,pcglasso_cpp,I,4.328761281083054e-7,1,ok,0.20400000000000063,11.634891096747895,NA
50,1,0.2,0,hub,pcglasso_cpp,I,4.328761281083054e-7,2,ok,0.20899999999999963,11.634891096747895,NA
10,0.9,0.2,0,hub,pcglasso_cpp,I,4.328761281083054e-7,1,ok,0.008000000000000895,8.106121604982205,NA
10,0.9,0.2,0,hub,pcglasso_cpp,I,4.328761281083054e-7,2,ok,0.009999999999999787,8.106121604982205,NA
50,0.9,0.2,0,hub,pcglasso_cpp,I,4.328761281083054e-7,1,ok,0.014999999999998792,48.12166601371472,NA
50,0.9,0.2,0,hub,pcglasso_cpp,I,4.328761281083054e-7,2,ok,0.015000000000000568,48.12166601371472,NA
10,1,0.1,0.5,hub,pcglasso_cpp,I,4.328761281083054e-7,1,ok,0.006999999999999673,6.5925054996774435,NA
10,1,0.1,0.5,hub,pcglasso_cpp,I,4.328761281083054e-7,2,ok,0.005999999999998451,6.5925054996774435,NA
50,1,0.1,0.5,hub,pcglasso_cpp,I,4.328761281083054e-7,1,ok,0.0990000000000002,25.061991113852052,NA
50,1,0.1,0.5,hub,pcglasso_cpp,I,4.328761281083054e-7,2,ok,0.10000000000000142,25.061991113852052,NA
10,0.9,0.1,0.5,hub,pcglasso_cpp,I,4.328761281083054e-7,1,ok,0.004999999999999005,8.007397314310518,NA
10,0.9,0.1,0.5,hub,pcglasso_cpp,I,4.328761281083054e-7,2,ok,0.005999999999998451,8.007397314310518,NA
50,0.9,0.1,0.5,hub,pcglasso_cpp,I,4.328761281083054e-7,1,ok,0.0129999999999999,41.87991125867445,NA
50,0.9,0.1,0.5,hub,pcglasso_cpp,I,4.328761281083054e-7,2,ok,0.019000000000000128,41.87991125867445,NA
10,1,0.2,0.5,hub,pcglasso_cpp,I,4.328761281083054e-7,1,ok,0.006999999999999673,7.285691186702957,NA
10,1,0.2,0.5,hub,pcglasso_cpp,I,4.328761281083054e-7,2,ok,0.009999999999999787,7.285691186702957,NA
50,1,0.2,0.5,hub,pcglasso_cpp,I,4.328761281083054e-7,1,ok,0.2940000000000005,26.493312320966112,NA
50,1,0.2,0.5,hub,pcglasso_cpp,I,4.328761281083054e-7,2,ok,0.28500000000000014,26.493312320966112,NA
10,0.9,0.2,0.5,hub,pcglasso_cpp,I,4.328761281083054e-7,1,ok,0.004000000000001336,8.355549345045546,NA
10,0.9,0.2,0.5,hub,pcglasso_cpp,I,4.328761281083054e-7,2,ok,0.0039999999999995595,8.355549345045546,NA
50,0.9,0.2,0.5,hub,pcglasso_cpp,I,4.328761281083054e-7,1,ok,0.11400000000000077,42.32636381422768,NA
50,0.9,0.2,0.5,hub,pcglasso_cpp,I,4.328761281083054e-7,2,ok,0.10999999999999943,42.32636381422768,NA
10,1,0.1,0,hub,pcglasso_fortran,I,4.328761281083054e-7,1,ok,0.03200000000000003,3.247306992445007,NA
10,1,0.1,0,hub,pcglasso_fortran,I,4.328761281083054e-7,2,ok,0.05000000000000071,3.247306992445007,NA
50,1,0.1,0,hub,pcglasso_fortran,I,4.328761281083054e-7,1,ok,1.4269999999999996,7.943097098627397,NA
50,1,0.1,0,hub,pcglasso_fortran,I,4.328761281083054e-7,2,ok,1.2689999999999984,7.943097098627397,NA
10,0.9,0.1,0,hub,pcglasso_fortran,I,4.328761281083054e-7,1,ok,0.0129999999999999,7.120005783698915,NA
10,0.9,0.1,0,hub,pcglasso_fortran,I,4.328761281083054e-7,2,ok,0.016000000000000014,7.120005783698915,NA
50,0.9,0.1,0,hub,pcglasso_fortran,I,4.328761281083054e-7,1,ok,0.04899999999999949,45.130717853004235,NA
50,0.9,0.1,0,hub,pcglasso_fortran,I,4.328761281083054e-7,2,ok,0.04200000000000159,45.130717853004235,NA
10,1,0.2,0,hub,pcglasso_fortran,I,4.328761281083054e-7,1,ok,0.04299999999999926,4.347726568021309,NA
10,1,0.2,0,hub,pcglasso_fortran,I,4.328761281083054e-7,2,ok,0.07099999999999973,4.347726568021309,NA
50,1,0.2,0,hub,pcglasso_fortran,I,4.328761281083054e-7,1,ok,0.5069999999999979,11.634891799629766,NA
50,1,0.2,0,hub,pcglasso_fortran,I,4.328761281083054e-7,2,ok,0.49599999999999866,11.634891799629766,NA
10,0.9,0.2,0,hub,pcglasso_fortran,I,4.328761281083054e-7,1,ok,0.009000000000000341,8.106121606217984,NA
10,0.9,0.2,0,hub,pcglasso_fortran,I,4.328761281083054e-7,2,ok,0.011000000000001009,8.106121606217984,NA
50,0.9,0.2,0,hub,pcglasso_fortran,I,4.328761281083054e-7,1,ok,0.010999999999999233,48.1216661362817,NA
50,0.9,0.2,0,hub,pcglasso_fortran,I,4.328761281083054e-7,2,ok,0.010999999999999233,48.1216661362817,NA
10,1,0.1,0.5,hub,pcglasso_fortran,I,4.328761281083054e-7,1,ok,0.016000000000000014,6.5925057893052115,NA
10,1,0.1,0.5,hub,pcglasso_fortran,I,4.328761281083054e-7,2,ok,0.014000000000001123,6.5925057893052115,NA
50,1,0.1,0.5,hub,pcglasso_fortran,I,4.328761281083054e-7,1,ok,0.34800000000000253,25.061992535706867,NA
50,1,0.1,0.5,hub,pcglasso_fortran,I,4.328761281083054e-7,2,ok,0.352999999999998,25.061992535706867,NA
10,0.9,0.1,0.5,hub,pcglasso_fortran,I,4.328761281083054e-7,1,ok,0.006000000000000227,8.007397314008067,NA
10,0.9,0.1,0.5,hub,pcglasso_fortran,I,4.328761281083054e-7,2,ok,0.006000000000000227,8.007397314008067,NA
50,0.9,0.1,0.5,hub,pcglasso_fortran,I,4.328761281083054e-7,1,ok,0.009999999999999787,41.87991133425872,NA
50,0.9,0.1,0.5,hub,pcglasso_fortran,I,4.328761281083054e-7,2,ok,0.014000000000001123,41.87991133425872,NA
10,1,0.2,0.5,hub,pcglasso_fortran,I,4.328761281083054e-7,1,ok,0.017999999999998906,7.285692086195164,NA
10,1,0.2,0.5,hub,pcglasso_fortran,I,4.328761281083054e-7,2,ok,0.025000000000000355,7.285692086195164,NA
50,1,0.2,0.5,hub,pcglasso_fortran,I,4.328761281083054e-7,1,ok,0.19200000000000017,26.493310230456032,NA
50,1,0.2,0.5,hub,pcglasso_fortran,I,4.328761281083054e-7,2,ok,0.18599999999999994,26.493310230456032,NA
10,0.9,0.2,0.5,hub,pcglasso_fortran,I,4.328761281083054e-7,1,ok,0.0039999999999995595,8.355549272733182,NA
10,0.9,0.2,0.5,hub,pcglasso_fortran,I,4.328761281083054e-7,2,ok,0.005000000000000782,8.355549272733182,NA
50,0.9,0.2,0.5,hub,pcglasso_fortran,I,4.328761281083054e-7,1,ok,0.0030000000000001137,42.326363814060855,NA
50,0.9,0.2,0.5,hub,pcglasso_fortran,I,4.328761281083054e-7,2,ok,0.0039999999999995595,42.326363814060855,NA
10,1,0.1,0,hub,pcglasso,I,4.328761281083054e-7,1,ok,0.023999999999999133,3.2472969703181267,NA
10,1,0.1,0,hub,pcglasso,I,4.328761281083054e-7,2,ok,0.03500000000000014,3.2472969703181267,NA
50,1,0.1,0,hub,pcglasso,I,4.328761281083054e-7,1,ok,2.1270000000000024,7.943086593650148,NA
50,1,0.1,0,hub,pcglasso,I,4.328761281083054e-7,2,ok,1.5049999999999955,7.943086593650148,NA
10,0.9,0.1,0,hub,pcglasso,I,4.328761281083054e-7,1,ok,0.016000000000000014,7.120005342867792,NA
10,0.9,0.1,0,hub,pcglasso,I,4.328761281083054e-7,2,ok,0.019000000000000128,7.120005342867792,NA
50,0.9,0.1,0,hub,pcglasso,I,4.328761281083054e-7,1,ok,0.10599999999999987,45.1307176944721,NA
50,0.9,0.1,0,hub,pcglasso,I,4.328761281083054e-7,2,ok,0.09199999999999875,45.1307176944721,NA
10,1,0.2,0,hub,pcglasso,I,4.328761281083054e-7,1,ok,0.030000000000001137,4.34772343087329,NA
10,1,0.2,0,hub,pcglasso,I,4.328761281083054e-7,2,ok,0.03500000000000014,4.34772343087329,NA
50,1,0.2,0,hub,pcglasso,I,4.328761281083054e-7,1,ok,1.243000000000002,11.634888217182906,NA
50,1,0.2,0,hub,pcglasso,I,4.328761281083054e-7,2,ok,1.2970000000000006,11.634888217182906,NA
10,0.9,0.2,0,hub,pcglasso,I,4.328761281083054e-7,1,ok,0.0259999999999998,8.106121301730438,NA
10,0.9,0.2,0,hub,pcglasso,I,4.328761281083054e-7,2,ok,0.030999999999998806,8.106121301730438,NA
50,0.9,0.2,0,hub,pcglasso,I,4.328761281083054e-7,1,ok,0.18100000000000094,48.12166598426741,NA
50,0.9,0.2,0,hub,pcglasso,I,4.328761281083054e-7,2,ok,0.17900000000000027,48.12166598426741,NA
10,1,0.1,0.5,hub,pcglasso,I,4.328761281083054e-7,1,ok,0.02000000000000135,6.592505141923188,NA
10,1,0.1,0.5,hub,pcglasso,I,4.328761281083054e-7,2,ok,0.016000000000000014,6.592505141923188,NA
50,1,0.1,0.5,hub,pcglasso,I,4.328761281083054e-7,1,ok,0.4490000000000016,25.061989468427328,NA
50,1,0.1,0.5,hub,pcglasso,I,4.328761281083054e-7,2,ok,0.4499999999999993,25.061989468427328,NA
10,0.9,0.1,0.5,hub,pcglasso,I,4.328761281083054e-7,1,ok,0.014000000000001123,8.007397299111453,NA
10,0.9,0.1,0.5,hub,pcglasso,I,4.328761281083054e-7,2,ok,0.013999999999999346,8.007397299111453,NA
50,0.9,0.1,0.5,hub,pcglasso,I,4.328761281083054e-7,1,ok,0.05400000000000027,41.87991120653169,NA
50,0.9,0.1,0.5,hub,pcglasso,I,4.328761281083054e-7,2,ok,0.07099999999999973,41.87991120653169,NA
10,1,0.2,0.5,hub,pcglasso,I,4.328761281083054e-7,1,ok,0.019000000000000128,7.285690775468998,NA
10,1,0.2,0.5,hub,pcglasso,I,4.328761281083054e-7,2,ok,0.027999999999998693,7.285690775468998,NA
50,1,0.2,0.5,hub,pcglasso,I,4.328761281083054e-7,1,ok,0.29100000000000037,26.49331029402362,NA
50,1,0.2,0.5,hub,pcglasso,I,4.328761281083054e-7,2,ok,0.26699999999999946,26.49331029402362,NA
10,0.9,0.2,0.5,hub,pcglasso,I,4.328761281083054e-7,1,ok,0.011999999999998678,8.355549242027143,NA
10,0.9,0.2,0.5,hub,pcglasso,I,4.328761281083054e-7,2,ok,0.010999999999999233,8.355549242027143,NA
50,0.9,0.2,0.5,hub,pcglasso,I,4.328761281083054e-7,1,ok,0.019000000000000128,42.32636381169367,NA
50,0.9,0.2,0.5,hub,pcglasso,I,4.328761281083054e-7,2,ok,0.018000000000000682,42.32636381169367,NA
10,1,0.1,0,hub,pcglasso_cpp,C,1.2328467394420646e-7,1,ok,0.018000000000000682,3.2472984779151703,NA
10,1,0.1,0,hub,pcglasso_cpp,C,1.2328467394420646e-7,2,ok,0.026999999999999247,3.2472984779151703,NA
50,1,0.1,0,hub,pcglasso_cpp,C,1.2328467394420646e-7,1,ok,0.8989999999999938,7.943096710958284,NA
50,1,0.1,0,hub,pcglasso_cpp,C,1.2328467394420646e-7,2,ok,0.8160000000000025,7.943096710958284,NA
10,0.9,0.1,0,hub,pcglasso_cpp,C,1.2328467394420646e-7,1,ok,0.012000000000000455,7.120005562104984,NA
10,0.9,0.1,0,hub,pcglasso_cpp,C,1.2328467394420646e-7,2,ok,0.015000000000000568,7.120005562104984,NA
50,0.9,0.1,0,hub,pcglasso_cpp,C,1.2328467394420646e-7,1,ok,0.03599999999999959,45.13071777304644,NA
50,0.9,0.1,0,hub,pcglasso_cpp,C,1.2328467394420646e-7,2,ok,0.03200000000000003,45.13071777304644,NA
10,1,0.2,0,hub,pcglasso_cpp,C,1.2328467394420646e-7,1,ok,0.030999999999998806,4.34772428411931,NA
10,1,0.2,0,hub,pcglasso_cpp,C,1.2328467394420646e-7,2,ok,0.032999999999999474,4.34772428411931,NA
50,1,0.2,0,hub,pcglasso_cpp,C,1.2328467394420646e-7,1,ok,0.24200000000000088,11.634889707372151,NA
50,1,0.2,0,hub,pcglasso_cpp,C,1.2328467394420646e-7,2,ok,0.24899999999999878,11.634889707372151,NA
10,0.9,0.2,0,hub,pcglasso_cpp,C,1.2328467394420646e-7,1,ok,0.008999999999998565,8.106121422155432,NA
10,0.9,0.2,0,hub,pcglasso_cpp,C,1.2328467394420646e-7,2,ok,0.008999999999998565,8.106121422155432,NA
50,0.9,0.2,0,hub,pcglasso_cpp,C,1.2328467394420646e-7,1,ok,0.014999999999998792,48.12166598631515,NA
50,0.9,0.2,0,hub,pcglasso_cpp,C,1.2328467394420646e-7,2,ok,0.014999999999998792,48.12166598631515,NA
10,1,0.1,0.5,hub,pcglasso_cpp,C,1.2328467394420646e-7,1,ok,0.007999999999999119,6.592505217760785,NA
10,1,0.1,0.5,hub,pcglasso_cpp,C,1.2328467394420646e-7,2,ok,0.006999999999999673,6.592505217760785,NA
50,1,0.1,0.5,hub,pcglasso_cpp,C,1.2328467394420646e-7,1,ok,0.10299999999999798,25.06198987904782,NA
50,1,0.1,0.5,hub,pcglasso_cpp,C,1.2328467394420646e-7,2,ok,0.10200000000000031,25.06198987904782,NA
10,0.9,0.1,0.5,hub,pcglasso_cpp,C,1.2328467394420646e-7,1,ok,0.004999999999999005,8.00739731030691,NA
10,0.9,0.1,0.5,hub,pcglasso_cpp,C,1.2328467394420646e-7,2,ok,0.0039999999999995595,8.00739731030691,NA
50,0.9,0.1,0.5,hub,pcglasso_cpp,C,1.2328467394420646e-7,1,ok,0.015000000000000568,41.87991121023252,NA
50,0.9,0.1,0.5,hub,pcglasso_cpp,C,1.2328467394420646e-7,2,ok,0.017999999999998906,41.87991121023252,NA
10,1,0.2,0.5,hub,pcglasso_cpp,C,1.2328467394420646e-7,1,ok,0.007999999999999119,7.285690916541949,NA
10,1,0.2,0.5,hub,pcglasso_cpp,C,1.2328467394420646e-7,2,ok,0.010999999999999233,7.285690916541949,NA
50,1,0.2,0.5,hub,pcglasso_cpp,C,1.2328467394420646e-7,1,ok,0.2799999999999976,26.493311195182436,NA
50,1,0.2,0.5,hub,pcglasso_cpp,C,1.2328467394420646e-7,2,ok,0.27300000000000146,26.493311195182436,NA
10,0.9,0.2,0.5,hub,pcglasso_cpp,C,1.2328467394420646e-7,1,ok,0.004999999999999005,8.35554927669913,NA
10,0.9,0.2,0.5,hub,pcglasso_cpp,C,1.2328467394420646e-7,2,ok,0.005000000000000782,8.35554927669913,NA
50,0.9,0.2,0.5,hub,pcglasso_cpp,C,1.2328467394420646e-7,1,ok,0.016000000000000014,42.326363812054694,NA
50,0.9,0.2,0.5,hub,pcglasso_cpp,C,1.2328467394420646e-7,2,ok,0.016000000000000014,42.326363812054694,NA
10,1,0.1,0,hub,pcglasso_fortran,C,1.2328467394420646e-7,1,ok,0.028999999999999915,3.2472974129140555,NA
10,1,0.1,0,hub,pcglasso_fortran,C,1.2328467394420646e-7,2,ok,0.036000000000001364,3.2472974129140555,NA
50,1,0.1,0,hub,pcglasso_fortran,C,1.2328467394420646e-7,1,ok,2.0400000000000063,7.943087152413256,NA
50,1,0.1,0,hub,pcglasso_fortran,C,1.2328467394420646e-7,2,ok,1.713000000000001,7.943087152413256,NA
10,0.9,0.1,0,hub,pcglasso_fortran,C,1.2328467394420646e-7,1,ok,0.016000000000000014,7.12000545389572,NA
10,0.9,0.1,0,hub,pcglasso_fortran,C,1.2328467394420646e-7,2,ok,0.019000000000000128,7.12000545389572,NA
50,0.9,0.1,0,hub,pcglasso_fortran,C,1.2328467394420646e-7,1,ok,0.054999999999999716,45.13071777245939,NA
50,0.9,0.1,0,hub,pcglasso_fortran,C,1.2328467394420646e-7,2,ok,0.049000000000001265,45.13071777245939,NA
10,1,0.2,0,hub,pcglasso_fortran,C,1.2328467394420646e-7,1,ok,0.0259999999999998,4.347723769664936,NA
10,1,0.2,0,hub,pcglasso_fortran,C,1.2328467394420646e-7,2,ok,0.023999999999999133,4.347723769664936,NA
50,1,0.2,0,hub,pcglasso_fortran,C,1.2328467394420646e-7,1,ok,0.536999999999999,11.634889717652655,NA
50,1,0.2,0,hub,pcglasso_fortran,C,1.2328467394420646e-7,2,ok,0.5480000000000018,11.634889717652655,NA
10,0.9,0.2,0,hub,pcglasso_fortran,C,1.2328467394420646e-7,1,ok,0.009999999999999787,8.106121490116436,NA
10,0.9,0.2,0,hub,pcglasso_fortran,C,1.2328467394420646e-7,2,ok,0.009999999999999787,8.106121490116436,NA
50,0.9,0.2,0,hub,pcglasso_fortran,C,1.2328467394420646e-7,1,ok,0.011000000000001009,48.1216661003704,NA
50,0.9,0.2,0,hub,pcglasso_fortran,C,1.2328467394420646e-7,2,ok,0.009999999999999787,48.1216661003704,NA
10,1,0.1,0.5,hub,pcglasso_fortran,C,1.2328467394420646e-7,1,ok,0.01699999999999946,6.592505533870176,NA
10,1,0.1,0.5,hub,pcglasso_fortran,C,1.2328467394420646e-7,2,ok,0.013999999999999346,6.592505533870176,NA
50,1,0.1,0.5,hub,pcglasso_fortran,C,1.2328467394420646e-7,1,ok,0.29100000000000037,25.061990138836368,NA
50,1,0.1,0.5,hub,pcglasso_fortran,C,1.2328467394420646e-7,2,ok,0.26399999999999935,25.061990138836368,NA
10,0.9,0.1,0.5,hub,pcglasso_fortran,C,1.2328467394420646e-7,1,ok,0.005999999999998451,8.007397312139403,NA
10,0.9,0.1,0.5,hub,pcglasso_fortran,C,1.2328467394420646e-7,2,ok,0.006000000000000227,8.007397312139403,NA
50,0.9,0.1,0.5,hub,pcglasso_fortran,C,1.2328467394420646e-7,1,ok,0.007999999999999119,41.879911212352226,NA
50,0.9,0.1,0.5,hub,pcglasso_fortran,C,1.2328467394420646e-7,2,ok,0.009000000000000341,41.879911212352226,NA
10,1,0.2,0.5,hub,pcglasso_fortran,C,1.2328467394420646e-7,1,ok,0.014000000000001123,7.285691148740753,NA
10,1,0.2,0.5,hub,pcglasso_fortran,C,1.2328467394420646e-7,2,ok,0.021000000000000796,7.285691148740753,NA
50,1,0.2,0.5,hub,pcglasso_fortran,C,1.2328467394420646e-7,1,ok,0.06700000000000017,26.493310241818293,NA
50,1,0.2,0.5,hub,pcglasso_fortran,C,1.2328467394420646e-7,2,ok,0.06399999999999828,26.493310241818293,NA
10,0.9,0.2,0.5,hub,pcglasso_fortran,C,1.2328467394420646e-7,1,ok,0.006000000000000227,8.355549255539191,NA
10,0.9,0.2,0.5,hub,pcglasso_fortran,C,1.2328467394420646e-7,2,ok,0.005000000000000782,8.355549255539191,NA
50,0.9,0.2,0.5,hub,pcglasso_fortran,C,1.2328467394420646e-7,1,ok,0.006999999999999673,42.32636381688172,NA
50,0.9,0.2,0.5,hub,pcglasso_fortran,C,1.2328467394420646e-7,2,ok,0.006999999999999673,42.32636381688172,NA
10,1,0.1,0,hub,pcglasso,C,1.2328467394420646e-7,1,ok,0.019000000000000128,3.2472969423059723,NA
10,1,0.1,0,hub,pcglasso,C,1.2328467394420646e-7,2,ok,0.028999999999999915,3.2472969423059723,NA
50,1,0.1,0,hub,pcglasso,C,1.2328467394420646e-7,1,ok,0.5019999999999953,7.943086327743703,NA
50,1,0.1,0,hub,pcglasso,C,1.2328467394420646e-7,2,ok,0.392000000000003,7.943086327743703,NA
10,0.9,0.1,0,hub,pcglasso,C,1.2328467394420646e-7,1,ok,0.018000000000000682,7.120005342318266,NA
10,0.9,0.1,0,hub,pcglasso,C,1.2328467394420646e-7,2,ok,0.022999999999999687,7.120005342318266,NA
50,0.9,0.1,0,hub,pcglasso,C,1.2328467394420646e-7,1,ok,0.07499999999999929,45.130717691096706,NA
50,0.9,0.1,0,hub,pcglasso,C,1.2328467394420646e-7,2,ok,0.07399999999999984,45.130717691096706,NA
10,1,0.2,0,hub,pcglasso,C,1.2328467394420646e-7,1,ok,0.034000000000000696,4.347723414382845,NA
10,1,0.2,0,hub,pcglasso,C,1.2328467394420646e-7,2,ok,0.031000000000000583,4.347723414382845,NA
50,1,0.2,0,hub,pcglasso,C,1.2328467394420646e-7,1,ok,0.6449999999999996,11.634888081550148,NA
50,1,0.2,0,hub,pcglasso,C,1.2328467394420646e-7,2,ok,0.661999999999999,11.634888081550148,NA
10,0.9,0.2,0,hub,pcglasso,C,1.2328467394420646e-7,1,ok,0.016000000000000014,8.106121306434277,NA
10,0.9,0.2,0,hub,pcglasso,C,1.2328467394420646e-7,2,ok,0.01699999999999946,8.106121306434277,NA
50,0.9,0.2,0,hub,pcglasso,C,1.2328467394420646e-7,1,ok,0.06300000000000061,48.1216659844028,NA
50,0.9,0.2,0,hub,pcglasso,C,1.2328467394420646e-7,2,ok,0.06300000000000061,48.1216659844028,NA
10,1,0.1,0.5,hub,pcglasso,C,1.2328467394420646e-7,1,ok,0.025000000000000355,6.592505127941103,NA
10,1,0.1,0.5,hub,pcglasso,C,1.2328467394420646e-7,2,ok,0.019999999999999574,6.592505127941103,NA
50,1,0.1,0.5,hub,pcglasso,C,1.2328467394420646e-7,1,ok,0.33699999999999974,25.061989442639725,NA
50,1,0.1,0.5,hub,pcglasso,C,1.2328467394420646e-7,2,ok,0.34199999999999875,25.061989442639725,NA
10,0.9,0.1,0.5,hub,pcglasso,C,1.2328467394420646e-7,1,ok,0.015000000000000568,8.007397303876896,NA
10,0.9,0.1,0.5,hub,pcglasso,C,1.2328467394420646e-7,2,ok,0.014999999999998792,8.007397303876896,NA
50,0.9,0.1,0.5,hub,pcglasso,C,1.2328467394420646e-7,1,ok,0.06700000000000017,41.87991120935585,NA
50,0.9,0.1,0.5,hub,pcglasso,C,1.2328467394420646e-7,2,ok,0.08399999999999963,41.87991120935585,NA
10,1,0.2,0.5,hub,pcglasso,C,1.2328467394420646e-7,1,ok,0.06299999999999883,7.285690768136301,NA
10,1,0.2,0.5,hub,pcglasso,C,1.2328467394420646e-7,2,ok,0.08999999999999986,7.285690768136301,NA
50,1,0.2,0.5,hub,pcglasso,C,1.2328467394420646e-7,1,ok,0.25700000000000145,26.49331025253586,NA
50,1,0.2,0.5,hub,pcglasso,C,1.2328467394420646e-7,2,ok,0.2430000000000021,26.49331025253586,NA
10,0.9,0.2,0.5,hub,pcglasso,C,1.2328467394420646e-7,1,ok,0.019000000000000128,8.355549239413488,NA
10,0.9,0.2,0.5,hub,pcglasso,C,1.2328467394420646e-7,2,ok,0.01699999999999946,8.355549239413488,NA
50,0.9,0.2,0.5,hub,pcglasso,C,1.2328467394420646e-7,1,ok,0.08099999999999952,42.326363811686655,NA
50,0.9,0.2,0.5,hub,pcglasso,C,1.2328467394420646e-7,2,ok,0.08099999999999952,42.326363811686655,NA
10,1,0.1,0,hub,pcglasso_cpp,I,1.2328467394420646e-7,1,ok,0.031000000000000583,3.247297819386925,NA
10,1,0.1,0,hub,pcglasso_cpp,I,1.2328467394420646e-7,2,ok,0.04800000000000004,3.247297819386925,NA
50,1,0.1,0,hub,pcglasso_cpp,I,1.2328467394420646e-7,1,ok,0.9990000000000023,7.943095365077447,NA
50,1,0.1,0,hub,pcglasso_cpp,I,1.2328467394420646e-7,2,ok,0.7689999999999984,7.943095365077447,NA
10,0.9,0.1,0,hub,pcglasso_cpp,I,1.2328467394420646e-7,1,ok,0.009999999999999787,7.120005561060269,NA
10,0.9,0.1,0,hub,pcglasso_cpp,I,1.2328467394420646e-7,2,ok,0.0129999999999999,7.120005561060269,NA
50,0.9,0.1,0,hub,pcglasso_cpp,I,1.2328467394420646e-7,1,ok,0.028999999999999915,45.130717739388224,NA
50,0.9,0.1,0,hub,pcglasso_cpp,I,1.2328467394420646e-7,2,ok,0.027999999999998693,45.130717739388224,NA
10,1,0.2,0,hub,pcglasso_cpp,I,1.2328467394420646e-7,1,ok,0.04300000000000104,4.347724468323825,NA
10,1,0.2,0,hub,pcglasso_cpp,I,1.2328467394420646e-7,2,ok,0.04300000000000104,4.347724468323825,NA
50,1,0.2,0,hub,pcglasso_cpp,I,1.2328467394420646e-7,1,ok,0.22299999999999898,11.634889268494367,NA
50,1,0.2,0,hub,pcglasso_cpp,I,1.2328467394420646e-7,2,ok,0.22799999999999798,11.634889268494367,NA
10,0.9,0.2,0,hub,pcglasso_cpp,I,1.2328467394420646e-7,1,ok,0.007999999999999119,8.106121394893503,NA
10,0.9,0.2,0,hub,pcglasso_cpp,I,1.2328467394420646e-7,2,ok,0.009000000000000341,8.106121394893503,NA
50,0.9,0.2,0,hub,pcglasso_cpp,I,1.2328467394420646e-7,1,ok,0.013999999999999346,48.12166598441591,NA
50,0.9,0.2,0,hub,pcglasso_cpp,I,1.2328467394420646e-7,2,ok,0.0129999999999999,48.12166598441591,NA
10,1,0.1,0.5,hub,pcglasso_cpp,I,1.2328467394420646e-7,1,ok,0.006999999999999673,6.5925052140308855,NA
10,1,0.1,0.5,hub,pcglasso_cpp,I,1.2328467394420646e-7,2,ok,0.006999999999999673,6.5925052140308855,NA
50,1,0.1,0.5,hub,pcglasso_cpp,I,1.2328467394420646e-7,1,ok,0.10699999999999932,25.06198990313238,NA
50,1,0.1,0.5,hub,pcglasso_cpp,I,1.2328467394420646e-7,2,ok,0.10500000000000043,25.06198990313238,NA
10,0.9,0.1,0.5,hub,pcglasso_cpp,I,1.2328467394420646e-7,1,ok,0.0039999999999995595,8.007397314310518,NA
10,0.9,0.1,0.5,hub,pcglasso_cpp,I,1.2328467394420646e-7,2,ok,0.004000000000001336,8.007397314310518,NA
50,0.9,0.1,0.5,hub,pcglasso_cpp,I,1.2328467394420646e-7,1,ok,0.015000000000000568,41.87991121374297,NA
50,0.9,0.1,0.5,hub,pcglasso_cpp,I,1.2328467394420646e-7,2,ok,0.018000000000000682,41.87991121374297,NA
10,1,0.2,0.5,hub,pcglasso_cpp,I,1.2328467394420646e-7,1,ok,0.0070000000000014495,7.285690917632162,NA
10,1,0.2,0.5,hub,pcglasso_cpp,I,1.2328467394420646e-7,2,ok,0.012000000000000455,7.285690917632162,NA
50,1,0.2,0.5,hub,pcglasso_cpp,I,1.2328467394420646e-7,1,ok,0.46399999999999864,26.49331102033264,NA
50,1,0.2,0.5,hub,pcglasso_cpp,I,1.2328467394420646e-7,2,ok,0.45700000000000074,26.49331102033264,NA
10,0.9,0.2,0.5,hub,pcglasso_cpp,I,1.2328467394420646e-7,1,ok,0.006000000000000227,8.355549267388815,NA
10,0.9,0.2,0.5,hub,pcglasso_cpp,I,1.2328467394420646e-7,2,ok,0.0039999999999995595,8.355549267388815,NA
50,0.9,0.2,0.5,hub,pcglasso_cpp,I,1.2328467394420646e-7,1,ok,0.009999999999999787,42.32636381422768,NA
50,0.9,0.2,0.5,hub,pcglasso_cpp,I,1.2328467394420646e-7,2,ok,0.009000000000000341,42.32636381422768,NA
10,1,0.1,0,hub,pcglasso_fortran,I,1.2328467394420646e-7,1,ok,0.04400000000000048,3.2473004275484367,NA
10,1,0.1,0,hub,pcglasso_fortran,I,1.2328467394420646e-7,2,ok,0.06199999999999939,3.2473004275484367,NA
50,1,0.1,0,hub,pcglasso_fortran,I,1.2328467394420646e-7,1,ok,1.8560000000000016,7.943087283133051,NA
50,1,0.1,0,hub,pcglasso_fortran,I,1.2328467394420646e-7,2,ok,1.6410000000000053,7.943087283133051,NA
10,0.9,0.1,0,hub,pcglasso_fortran,I,1.2328467394420646e-7,1,ok,0.015000000000000568,7.120005533378646,NA
10,0.9,0.1,0,hub,pcglasso_fortran,I,1.2328467394420646e-7,2,ok,0.018000000000000682,7.120005533378646,NA
50,0.9,0.1,0,hub,pcglasso_fortran,I,1.2328467394420646e-7,1,ok,0.04400000000000048,45.130717728037204,NA
50,0.9,0.1,0,hub,pcglasso_fortran,I,1.2328467394420646e-7,2,ok,0.04499999999999993,45.130717728037204,NA
10,1,0.2,0,hub,pcglasso_fortran,I,1.2328467394420646e-7,1,ok,0.04699999999999882,4.347723588128488,NA
10,1,0.2,0,hub,pcglasso_fortran,I,1.2328467394420646e-7,2,ok,0.04399999999999871,4.347723588128488,NA
50,1,0.2,0,hub,pcglasso_fortran,I,1.2328467394420646e-7,1,ok,0.6189999999999998,11.634888976493183,NA
50,1,0.2,0,hub,pcglasso_fortran,I,1.2328467394420646e-7,2,ok,0.6390000000000029,11.634888976493183,NA
10,0.9,0.2,0,hub,pcglasso_fortran,I,1.2328467394420646e-7,1,ok,0.007999999999999119,8.10612149714428,NA
10,0.9,0.2,0,hub,pcglasso_fortran,I,1.2328467394420646e-7,2,ok,0.009000000000000341,8.10612149714428,NA
50,0.9,0.2,0,hub,pcglasso_fortran,I,1.2328467394420646e-7,1,ok,0.013999999999999346,48.12166611182078,NA
50,0.9,0.2,0,hub,pcglasso_fortran,I,1.2328467394420646e-7,2,ok,0.0129999999999999,48.12166611182078,NA
10,1,0.1,0.5,hub,pcglasso_fortran,I,1.2328467394420646e-7,1,ok,0.017000000000001236,6.5925053822433615,NA
10,1,0.1,0.5,hub,pcglasso_fortran,I,1.2328467394420646e-7,2,ok,0.013999999999999346,6.5925053822433615,NA
50,1,0.1,0.5,hub,pcglasso_fortran,I,1.2328467394420646e-7,1,ok,0.277000000000001,25.061990343711464,NA
50,1,0.1,0.5,hub,pcglasso_fortran,I,1.2328467394420646e-7,2,ok,0.2779999999999987,25.061990343711464,NA
10,0.9,0.1,0.5,hub,pcglasso_fortran,I,1.2328467394420646e-7,1,ok,0.006000000000000227,8.007397314008067,NA
10,0.9,0.1,0.5,hub,pcglasso_fortran,I,1.2328467394420646e-7,2,ok,0.005999999999998451,8.007397314008067,NA
50,0.9,0.1,0.5,hub,pcglasso_fortran,I,1.2328467394420646e-7,1,ok,0.007999999999999119,41.879911224687945,NA
50,0.9,0.1,0.5,hub,pcglasso_fortran,I,1.2328467394420646e-7,2,ok,0.009000000000000341,41.879911224687945,NA
10,1,0.2,0.5,hub,pcglasso_fortran,I,1.2328467394420646e-7,1,ok,0.019000000000000128,7.285691227156984,NA
10,1,0.2,0.5,hub,pcglasso_fortran,I,1.2328467394420646e-7,2,ok,0.02800000000000047,7.285691227156984,NA
50,1,0.2,0.5,hub,pcglasso_fortran,I,1.2328467394420646e-7,1,ok,0.07900000000000063,26.493310230456032,NA
50,1,0.2,0.5,hub,pcglasso_fortran,I,1.2328467394420646e-7,2,ok,0.07600000000000051,26.493310230456032,NA
10,0.9,0.2,0.5,hub,pcglasso_fortran,I,1.2328467394420646e-7,1,ok,0.004999999999999005,8.355549245229723,NA
10,0.9,0.2,0.5,hub,pcglasso_fortran,I,1.2328467394420646e-7,2,ok,0.005000000000000782,8.355549245229723,NA
50,0.9,0.2,0.5,hub,pcglasso_fortran,I,1.2328467394420646e-7,1,ok,0.004000000000001336,42.326363814060855,NA
50,0.9,0.2,0.5,hub,pcglasso_fortran,I,1.2328467394420646e-7,2,ok,0.0030000000000001137,42.326363814060855,NA
10,1,0.1,0,hub,pcglasso,I,1.2328467394420646e-7,1,ok,0.028999999999999915,3.2472969301642776,NA
10,1,0.1,0,hub,pcglasso,I,1.2328467394420646e-7,2,ok,0.03999999999999915,3.2472969301642776,NA
50,1,0.1,0,hub,pcglasso,I,1.2328467394420646e-7,1,ok,2.5859999999999985,7.943086315205261,NA
50,1,0.1,0,hub,pcglasso,I,1.2328467394420646e-7,2,ok,2.009999999999998,7.943086315205261,NA
10,0.9,0.1,0,hub,pcglasso,I,1.2328467394420646e-7,1,ok,0.017000000000001236,7.120005338742946,NA
10,0.9,0.1,0,hub,pcglasso,I,1.2328467394420646e-7,2,ok,0.02099999999999902,7.120005338742946,NA
50,0.9,0.1,0,hub,pcglasso,I,1.2328467394420646e-7,1,ok,0.09299999999999997,45.13071769254466,NA
50,0.9,0.1,0,hub,pcglasso,I,1.2328467394420646e-7,2,ok,0.09699999999999953,45.13071769254466,NA
10,1,0.2,0,hub,pcglasso,I,1.2328467394420646e-7,1,ok,0.03200000000000003,4.347723417395518,NA
10,1,0.2,0,hub,pcglasso,I,1.2328467394420646e-7,2,ok,0.030000000000001137,4.347723417395518,NA
50,1,0.2,0,hub,pcglasso,I,1.2328467394420646e-7,1,ok,1.033999999999999,11.634888085654495,NA
50,1,0.2,0,hub,pcglasso,I,1.2328467394420646e-7,2,ok,1.0629999999999988,11.634888085654495,NA
10,0.9,0.2,0,hub,pcglasso,I,1.2328467394420646e-7,1,ok,0.016000000000000014,8.106121306748243,NA
10,0.9,0.2,0,hub,pcglasso,I,1.2328467394420646e-7,2,ok,0.01699999999999946,8.106121306748243,NA
50,0.9,0.2,0,hub,pcglasso,I,1.2328467394420646e-7,1,ok,0.06500000000000128,48.12166598426741,NA
50,0.9,0.2,0,hub,pcglasso,I,1.2328467394420646e-7,2,ok,0.06999999999999851,48.12166598426741,NA
10,1,0.1,0.5,hub,pcglasso,I,1.2328467394420646e-7,1,ok,0.031000000000000583,6.592505125664259,NA
10,1,0.1,0.5,hub,pcglasso,I,1.2328467394420646e-7,2,ok,0.022999999999999687,6.592505125664259,NA
50,1,0.1,0.5,hub,pcglasso,I,1.2328467394420646e-7,1,ok,0.6329999999999991,25.061989446735275,NA
50,1,0.1,0.5,hub,pcglasso,I,1.2328467394420646e-7,2,ok,0.5800000000000018,25.061989446735275,NA
10,0.9,0.1,0.5,hub,pcglasso,I,1.2328467394420646e-7,1,ok,0.017000000000001236,8.007397301604797,NA
10,0.9,0.1,0.5,hub,pcglasso,I,1.2328467394420646e-7,2,ok,0.018000000000000682,8.007397301604797,NA
50,0.9,0.1,0.5,hub,pcglasso,I,1.2328467394420646e-7,1,ok,0.057000000000000384,41.879911207997736,NA
50,0.9,0.1,0.5,hub,pcglasso,I,1.2328467394420646e-7,2,ok,0.06099999999999994,41.879911207997736,NA
10,1,0.2,0.5,hub,pcglasso,I,1.2328467394420646e-7,1,ok,0.025000000000000355,7.285690765498639,NA
10,1,0.2,0.5,hub,pcglasso,I,1.2328467394420646e-7,2,ok,0.036999999999999034,7.285690765498639,NA
50,1,0.2,0.5,hub,pcglasso,I,1.2328467394420646e-7,1,ok,0.28500000000000014,26.493310232484852,NA
50,1,0.2,0.5,hub,pcglasso,I,1.2328467394420646e-7,2,ok,0.2989999999999995,26.493310232484852,NA
10,0.9,0.2,0.5,hub,pcglasso,I,1.2328467394420646e-7,1,ok,0.01699999999999946,8.35554923934488,NA
10,0.9,0.2,0.5,hub,pcglasso,I,1.2328467394420646e-7,2,ok,0.013999999999999346,8.35554923934488,NA
50,0.9,0.2,0.5,hub,pcglasso,I,1.2328467394420646e-7,1,ok,0.021999999999998465,42.32636381168662,NA
50,0.9,0.2,0.5,hub,pcglasso,I,1.2328467394420646e-7,2,ok,0.02200000000000024,42.32636381168662,NA
10,1,0.1,0,hub,pcglasso_cpp,C,3.5111917342151263e-8,1,ok,0.02200000000000024,3.2472973604889503,NA
10,1,0.1,0,hub,pcglasso_cpp,C,3.5111917342151263e-8,2,ok,0.031000000000000583,3.2472973604889503,NA
50,1,0.1,0,hub,pcglasso_cpp,C,3.5111917342151263e-8,1,ok,1.1229999999999976,7.943089344990058,NA
50,1,0.1,0,hub,pcglasso_cpp,C,3.5111917342151263e-8,2,ok,0.9239999999999995,7.943089344990058,NA
10,0.9,0.1,0,hub,pcglasso_cpp,C,3.5111917342151263e-8,1,ok,0.0129999999999999,7.120005414984014,NA
10,0.9,0.1,0,hub,pcglasso_cpp,C,3.5111917342151263e-8,2,ok,0.015000000000000568,7.120005414984014,NA
50,0.9,0.1,0,hub,pcglasso_cpp,C,3.5111917342151263e-8,1,ok,0.02800000000000047,45.13071770440418,NA
50,0.9,0.1,0,hub,pcglasso_cpp,C,3.5111917342151263e-8,2,ok,0.03500000000000014,45.13071770440418,NA
10,1,0.2,0,hub,pcglasso_cpp,C,3.5111917342151263e-8,1,ok,0.036999999999999034,4.3477238125959765,NA
10,1,0.2,0,hub,pcglasso_cpp,C,3.5111917342151263e-8,2,ok,0.03500000000000014,4.3477238125959765,NA
50,1,0.2,0,hub,pcglasso_cpp,C,3.5111917342151263e-8,1,ok,0.5249999999999986,11.634888567535421,NA
50,1,0.2,0,hub,pcglasso_cpp,C,3.5111917342151263e-8,2,ok,0.4720000000000013,11.634888567535421,NA
10,0.9,0.2,0,hub,pcglasso_cpp,C,3.5111917342151263e-8,1,ok,0.009000000000000341,8.106121339286092,NA
10,0.9,0.2,0,hub,pcglasso_cpp,C,3.5111917342151263e-8,2,ok,0.009999999999999787,8.106121339286092,NA
50,0.9,0.2,0,hub,pcglasso_cpp,C,3.5111917342151263e-8,1,ok,0.016000000000000014,48.12166597978365,NA
50,0.9,0.2,0,hub,pcglasso_cpp,C,3.5111917342151263e-8,2,ok,0.021000000000000796,48.12166597978365,NA
10,1,0.1,0.5,hub,pcglasso_cpp,C,3.5111917342151263e-8,1,ok,0.009000000000000341,6.592505144980534,NA
10,1,0.1,0.5,hub,pcglasso_cpp,C,3.5111917342151263e-8,2,ok,0.006999999999999673,6.592505144980534,NA
50,1,0.1,0.5,hub,pcglasso_cpp,C,3.5111917342151263e-8,1,ok,0.11100000000000065,25.061989541074542,NA
50,1,0.1,0.5,hub,pcglasso_cpp,C,3.5111917342151263e-8,2,ok,0.11299999999999955,25.061989541074542,NA
10,0.9,0.1,0.5,hub,pcglasso_cpp,C,3.5111917342151263e-8,1,ok,0.0039999999999995595,8.0073972996891,NA
10,0.9,0.1,0.5,hub,pcglasso_cpp,C,3.5111917342151263e-8,2,ok,0.005000000000000782,8.0073972996891,NA
50,0.9,0.1,0.5,hub,pcglasso_cpp,C,3.5111917342151263e-8,1,ok,0.014000000000001123,41.87991121023252,NA
50,0.9,0.1,0.5,hub,pcglasso_cpp,C,3.5111917342151263e-8,2,ok,0.013999999999999346,41.87991121023252,NA
10,1,0.2,0.5,hub,pcglasso_cpp,C,3.5111917342151263e-8,1,ok,0.007999999999999119,7.285690794407195,NA
10,1,0.2,0.5,hub,pcglasso_cpp,C,3.5111917342151263e-8,2,ok,0.011999999999998678,7.285690794407195,NA
50,1,0.2,0.5,hub,pcglasso_cpp,C,3.5111917342151263e-8,1,ok,0.3150000000000013,26.493311077567142,NA
50,1,0.2,0.5,hub,pcglasso_cpp,C,3.5111917342151263e-8,2,ok,0.31099999999999994,26.493311077567142,NA
10,0.9,0.2,0.5,hub,pcglasso_cpp,C,3.5111917342151263e-8,1,ok,0.006000000000000227,8.355549249069668,NA
10,0.9,0.2,0.5,hub,pcglasso_cpp,C,3.5111917342151263e-8,2,ok,0.005000000000000782,8.355549249069668,NA
50,0.9,0.2,0.5,hub,pcglasso_cpp,C,3.5111917342151263e-8,1,ok,0.016000000000000014,42.326363812054694,NA
50,0.9,0.2,0.5,hub,pcglasso_cpp,C,3.5111917342151263e-8,2,ok,0.015000000000000568,42.326363812054694,NA
10,1,0.1,0,hub,pcglasso_fortran,C,3.5111917342151263e-8,1,ok,0.0259999999999998,3.2472972446481547,NA
10,1,0.1,0,hub,pcglasso_fortran,C,3.5111917342151263e-8,2,ok,0.03700000000000081,3.2472972446481547,NA
50,1,0.1,0,hub,pcglasso_fortran,C,3.5111917342151263e-8,1,ok,2.3840000000000003,7.9430878002804395,NA
50,1,0.1,0,hub,pcglasso_fortran,C,3.5111917342151263e-8,2,ok,1.9960000000000022,7.9430878002804395,NA
10,0.9,0.1,0,hub,pcglasso_fortran,C,3.5111917342151263e-8,1,ok,0.016000000000000014,7.1200053895955655,NA
10,0.9,0.1,0,hub,pcglasso_fortran,C,3.5111917342151263e-8,2,ok,0.019000000000000128,7.1200053895955655,NA
50,0.9,0.1,0,hub,pcglasso_fortran,C,3.5111917342151263e-8,1,ok,0.04399999999999871,45.13071770763162,NA
50,0.9,0.1,0,hub,pcglasso_fortran,C,3.5111917342151263e-8,2,ok,0.05299999999999905,45.13071770763162,NA
10,1,0.2,0,hub,pcglasso_fortran,C,3.5111917342151263e-8,1,ok,0.030999999999998806,4.347723971074218,NA
10,1,0.2,0,hub,pcglasso_fortran,C,3.5111917342151263e-8,2,ok,0.027999999999998693,4.347723971074218,NA
50,1,0.2,0,hub,pcglasso_fortran,C,3.5111917342151263e-8,1,ok,0.5820000000000007,11.634888315591532,NA
50,1,0.2,0,hub,pcglasso_fortran,C,3.5111917342151263e-8,2,ok,0.6350000000000016,11.634888315591532,NA
10,0.9,0.2,0,hub,pcglasso_fortran,C,3.5111917342151263e-8,1,ok,0.012000000000000455,8.106121309291566,NA
10,0.9,0.2,0,hub,pcglasso_fortran,C,3.5111917342151263e-8,2,ok,0.012000000000000455,8.106121309291566,NA
50,0.9,0.2,0,hub,pcglasso_fortran,C,3.5111917342151263e-8,1,ok,0.012000000000000455,48.1216659884699,NA
50,0.9,0.2,0,hub,pcglasso_fortran,C,3.5111917342151263e-8,2,ok,0.016000000000000014,48.1216659884699,NA
10,1,0.1,0.5,hub,pcglasso_fortran,C,3.5111917342151263e-8,1,ok,0.0669999999999984,6.592505310994769,NA
10,1,0.1,0.5,hub,pcglasso_fortran,C,3.5111917342151263e-8,2,ok,0.05799999999999983,6.592505310994769,NA
50,1,0.1,0.5,hub,pcglasso_fortran,C,3.5111917342151263e-8,1,ok,0.17499999999999716,25.06198951610635,NA
50,1,0.1,0.5,hub,pcglasso_fortran,C,3.5111917342151263e-8,2,ok,0.1769999999999996,25.06198951610635,NA
10,0.9,0.1,0.5,hub,pcglasso_fortran,C,3.5111917342151263e-8,1,ok,0.006000000000000227,8.007397300952777,NA
10,0.9,0.1,0.5,hub,pcglasso_fortran,C,3.5111917342151263e-8,2,ok,0.006000000000000227,8.007397300952777,NA
50,0.9,0.1,0.5,hub,pcglasso_fortran,C,3.5111917342151263e-8,1,ok,0.007999999999999119,41.8799112057656,NA
50,0.9,0.1,0.5,hub,pcglasso_fortran,C,3.5111917342151263e-8,2,ok,0.009000000000000341,41.8799112057656,NA
10,1,0.2,0.5,hub,pcglasso_fortran,C,3.5111917342151263e-8,1,ok,0.014999999999998792,7.285690888862136,NA
10,1,0.2,0.5,hub,pcglasso_fortran,C,3.5111917342151263e-8,2,ok,0.021000000000000796,7.285690888862136,NA
50,1,0.2,0.5,hub,pcglasso_fortran,C,3.5111917342151263e-8,1,ok,0.07199999999999918,26.493310226037483,NA
50,1,0.2,0.5,hub,pcglasso_fortran,C,3.5111917342151263e-8,2,ok,0.06899999999999906,26.493310226037483,NA
10,0.9,0.2,0.5,hub,pcglasso_fortran,C,3.5111917342151263e-8,1,ok,0.006000000000000227,8.355549242272126,NA
10,0.9,0.2,0.5,hub,pcglasso_fortran,C,3.5111917342151263e-8,2,ok,0.004999999999999005,8.355549242272126,NA
50,0.9,0.2,0.5,hub,pcglasso_fortran,C,3.5111917342151263e-8,1,ok,0.008000000000000895,42.32636381192957,NA
50,0.9,0.2,0.5,hub,pcglasso_fortran,C,3.5111917342151263e-8,2,ok,0.006999999999999673,42.32636381192957,NA
10,1,0.1,0,hub,pcglasso,C,3.5111917342151263e-8,1,ok,0.032999999999999474,3.247296926640368,NA
10,1,0.1,0,hub,pcglasso,C,3.5111917342151263e-8,2,ok,0.04800000000000004,3.247296926640368,NA
50,1,0.1,0,hub,pcglasso,C,3.5111917342151263e-8,1,ok,0.8509999999999991,7.943086297331033,NA
50,1,0.1,0,hub,pcglasso,C,3.5111917342151263e-8,2,ok,0.6509999999999962,7.943086297331033,NA
10,0.9,0.1,0,hub,pcglasso,C,3.5111917342151263e-8,1,ok,0.0779999999999994,7.120005337653456,NA
10,0.9,0.1,0,hub,pcglasso,C,3.5111917342151263e-8,2,ok,0.08800000000000097,7.120005337653456,NA
50,0.9,0.1,0,hub,pcglasso,C,3.5111917342151263e-8,1,ok,0.11500000000000021,45.13071768836903,NA
50,0.9,0.1,0,hub,pcglasso,C,3.5111917342151263e-8,2,ok,0.13699999999999868,45.13071768836903,NA
10,1,0.2,0,hub,pcglasso,C,3.5111917342151263e-8,1,ok,0.0519999999999996,4.347723412725996,NA
10,1,0.2,0,hub,pcglasso,C,3.5111917342151263e-8,2,ok,0.049000000000001265,4.347723412725996,NA
50,1,0.2,0,hub,pcglasso,C,3.5111917342151263e-8,1,ok,0.8719999999999999,11.63488805239926,NA
50,1,0.2,0,hub,pcglasso,C,3.5111917342151263e-8,2,ok,0.8930000000000007,11.63488805239926,NA
10,0.9,0.2,0,hub,pcglasso,C,3.5111917342151263e-8,1,ok,0.030000000000001137,8.106121299831129,NA
10,0.9,0.2,0,hub,pcglasso,C,3.5111917342151263e-8,2,ok,0.03199999999999825,8.106121299831129,NA
50,0.9,0.2,0,hub,pcglasso,C,3.5111917342151263e-8,1,ok,0.14599999999999902,48.12166597948536,NA
50,0.9,0.2,0,hub,pcglasso,C,3.5111917342151263e-8,2,ok,0.1869999999999994,48.12166597948536,NA
10,1,0.1,0.5,hub,pcglasso,C,3.5111917342151263e-8,1,ok,0.03500000000000014,6.592505125383854,NA
10,1,0.1,0.5,hub,pcglasso,C,3.5111917342151263e-8,2,ok,0.026999999999999247,6.592505125383854,NA
50,1,0.1,0.5,hub,pcglasso,C,3.5111917342151263e-8,1,ok,0.43900000000000006,25.06198943303694,NA
50,1,0.1,0.5,hub,pcglasso,C,3.5111917342151263e-8,2,ok,0.44099999999999895,25.06198943303694,NA
10,0.9,0.1,0.5,hub,pcglasso,C,3.5111917342151263e-8,1,ok,0.02800000000000047,8.007397297349288,NA
10,0.9,0.1,0.5,hub,pcglasso,C,3.5111917342151263e-8,2,ok,0.02800000000000047,8.007397297349288,NA
50,0.9,0.1,0.5,hub,pcglasso,C,3.5111917342151263e-8,1,ok,0.11100000000000065,41.879911203363825,NA
50,0.9,0.1,0.5,hub,pcglasso,C,3.5111917342151263e-8,2,ok,0.11300000000000132,41.879911203363825,NA
10,1,0.2,0.5,hub,pcglasso,C,3.5111917342151263e-8,1,ok,0.02800000000000047,7.285690765483467,NA
10,1,0.2,0.5,hub,pcglasso,C,3.5111917342151263e-8,2,ok,0.04100000000000037,7.285690765483467,NA
50,1,0.2,0.5,hub,pcglasso,C,3.5111917342151263e-8,1,ok,0.16499999999999915,26.493310221915177,NA
50,1,0.2,0.5,hub,pcglasso,C,3.5111917342151263e-8,2,ok,0.15399999999999991,26.493310221915177,NA
10,0.9,0.2,0.5,hub,pcglasso,C,3.5111917342151263e-8,1,ok,0.0259999999999998,8.35554923905083,NA
10,0.9,0.2,0.5,hub,pcglasso,C,3.5111917342151263e-8,2,ok,0.021999999999998465,8.35554923905083,NA
50,0.9,0.2,0.5,hub,pcglasso,C,3.5111917342151263e-8,1,ok,0.08699999999999974,42.326363811686456,NA
50,0.9,0.2,0.5,hub,pcglasso,C,3.5111917342151263e-8,2,ok,0.08799999999999919,42.326363811686456,NA
10,1,0.1,0,hub,pcglasso_cpp,I,3.5111917342151263e-8,1,ok,0.04600000000000115,3.2472973222143935,NA
10,1,0.1,0,hub,pcglasso_cpp,I,3.5111917342151263e-8,2,ok,0.0649999999999995,3.2472973222143935,NA
50,1,0.1,0,hub,pcglasso_cpp,I,3.5111917342151263e-8,1,ok,1.0389999999999944,7.943089297262464,NA
50,1,0.1,0,hub,pcglasso_cpp,I,3.5111917342151263e-8,2,ok,0.855000000000004,7.943089297262464,NA
10,0.9,0.1,0,hub,pcglasso_cpp,I,3.5111917342151263e-8,1,ok,0.010999999999999233,7.120005408738855,NA
10,0.9,0.1,0,hub,pcglasso_cpp,I,3.5111917342151263e-8,2,ok,0.013000000000001677,7.120005408738855,NA
50,0.9,0.1,0,hub,pcglasso_cpp,I,3.5111917342151263e-8,1,ok,0.025000000000000355,45.13071770823258,NA
50,0.9,0.1,0,hub,pcglasso_cpp,I,3.5111917342151263e-8,2,ok,0.030000000000001137,45.13071770823258,NA
10,1,0.2,0,hub,pcglasso_cpp,I,3.5111917342151263e-8,1,ok,0.03999999999999915,4.347723804193274,NA
10,1,0.2,0,hub,pcglasso_cpp,I,3.5111917342151263e-8,2,ok,0.03799999999999848,4.347723804193274,NA
50,1,0.2,0,hub,pcglasso_cpp,I,3.5111917342151263e-8,1,ok,0.25400000000000134,11.634888493316382,NA
50,1,0.2,0,hub,pcglasso_cpp,I,3.5111917342151263e-8,2,ok,0.26000000000000156,11.634888493316382,NA
10,0.9,0.2,0,hub,pcglasso_cpp,I,3.5111917342151263e-8,1,ok,0.007999999999999119,8.106121329908285,NA
10,0.9,0.2,0,hub,pcglasso_cpp,I,3.5111917342151263e-8,2,ok,0.009000000000000341,8.106121329908285,NA
50,0.9,0.2,0,hub,pcglasso_cpp,I,3.5111917342151263e-8,1,ok,0.014000000000001123,48.12166598441591,NA
50,0.9,0.2,0,hub,pcglasso_cpp,I,3.5111917342151263e-8,2,ok,0.01699999999999946,48.12166598441591,NA
10,1,0.1,0.5,hub,pcglasso_cpp,I,3.5111917342151263e-8,1,ok,0.007999999999999119,6.592505144891764,NA
10,1,0.1,0.5,hub,pcglasso_cpp,I,3.5111917342151263e-8,2,ok,0.006999999999999673,6.592505144891764,NA
50,1,0.1,0.5,hub,pcglasso_cpp,I,3.5111917342151263e-8,1,ok,0.11200000000000188,25.061989559673233,NA
50,1,0.1,0.5,hub,pcglasso_cpp,I,3.5111917342151263e-8,2,ok,0.11199999999999832,25.061989559673233,NA
10,0.9,0.1,0.5,hub,pcglasso_cpp,I,3.5111917342151263e-8,1,ok,0.0039999999999995595,8.007397300388837,NA
10,0.9,0.1,0.5,hub,pcglasso_cpp,I,3.5111917342151263e-8,2,ok,0.0039999999999995595,8.007397300388837,NA
50,0.9,0.1,0.5,hub,pcglasso_cpp,I,3.5111917342151263e-8,1,ok,0.017999999999998906,41.87991120554404,NA
50,0.9,0.1,0.5,hub,pcglasso_cpp,I,3.5111917342151263e-8,2,ok,0.01699999999999946,41.87991120554404,NA
10,1,0.2,0.5,hub,pcglasso_cpp,I,3.5111917342151263e-8,1,ok,0.007999999999999119,7.285690794678773,NA
10,1,0.2,0.5,hub,pcglasso_cpp,I,3.5111917342151263e-8,2,ok,0.012000000000000455,7.285690794678773,NA
50,1,0.2,0.5,hub,pcglasso_cpp,I,3.5111917342151263e-8,1,ok,0.5770000000000017,26.493311073007558,NA
50,1,0.2,0.5,hub,pcglasso_cpp,I,3.5111917342151263e-8,2,ok,0.5670000000000002,26.493311073007558,NA
10,0.9,0.2,0.5,hub,pcglasso_cpp,I,3.5111917342151263e-8,1,ok,0.006000000000000227,8.35554924660256,NA
10,0.9,0.2,0.5,hub,pcglasso_cpp,I,3.5111917342151263e-8,2,ok,0.005000000000000782,8.35554924660256,NA
50,0.9,0.2,0.5,hub,pcglasso_cpp,I,3.5111917342151263e-8,1,ok,0.009999999999999787,42.326363811808406,NA
50,0.9,0.2,0.5,hub,pcglasso_cpp,I,3.5111917342151263e-8,2,ok,0.008000000000000895,42.326363811808406,NA
10,1,0.1,0,hub,pcglasso_fortran,I,3.5111917342151263e-8,1,ok,0.04899999999999949,3.2472970372184546,NA
10,1,0.1,0,hub,pcglasso_fortran,I,3.5111917342151263e-8,2,ok,0.07000000000000028,3.2472970372184546,NA
50,1,0.1,0,hub,pcglasso_fortran,I,3.5111917342151263e-8,1,ok,2.021000000000001,7.943086762858686,NA
50,1,0.1,0,hub,pcglasso_fortran,I,3.5111917342151263e-8,2,ok,1.8009999999999948,7.943086762858686,NA
10,0.9,0.1,0,hub,pcglasso_fortran,I,3.5111917342151263e-8,1,ok,0.016000000000000014,7.120005410335119,NA
10,0.9,0.1,0,hub,pcglasso_fortran,I,3.5111917342151263e-8,2,ok,0.019000000000000128,7.120005410335119,NA
50,0.9,0.1,0,hub,pcglasso_fortran,I,3.5111917342151263e-8,1,ok,0.041999999999999815,45.130717711246184,NA
50,0.9,0.1,0,hub,pcglasso_fortran,I,3.5111917342151263e-8,2,ok,0.16499999999999915,45.130717711246184,NA
10,1,0.2,0,hub,pcglasso_fortran,I,3.5111917342151263e-8,1,ok,0.051000000000000156,4.347723761782973,NA
10,1,0.2,0,hub,pcglasso_fortran,I,3.5111917342151263e-8,2,ok,0.04800000000000004,4.347723761782973,NA
50,1,0.2,0,hub,pcglasso_fortran,I,3.5111917342151263e-8,1,ok,0.5249999999999986,11.63488969338663,NA
50,1,0.2,0,hub,pcglasso_fortran,I,3.5111917342151263e-8,2,ok,0.5380000000000003,11.63488969338663,NA
10,0.9,0.2,0,hub,pcglasso_fortran,I,3.5111917342151263e-8,1,ok,0.010000000000001563,8.106121350836403,NA
10,0.9,0.2,0,hub,pcglasso_fortran,I,3.5111917342151263e-8,2,ok,0.010999999999999233,8.106121350836403,NA
50,0.9,0.2,0,hub,pcglasso_fortran,I,3.5111917342151263e-8,1,ok,0.014999999999998792,48.121665985307594,NA
50,0.9,0.2,0,hub,pcglasso_fortran,I,3.5111917342151263e-8,2,ok,0.02000000000000135,48.121665985307594,NA
10,1,0.1,0.5,hub,pcglasso_fortran,I,3.5111917342151263e-8,1,ok,0.019000000000000128,6.592505235191378,NA
10,1,0.1,0.5,hub,pcglasso_fortran,I,3.5111917342151263e-8,2,ok,0.016000000000000014,6.592505235191378,NA
50,1,0.1,0.5,hub,pcglasso_fortran,I,3.5111917342151263e-8,1,ok,0.2789999999999999,25.061989872977126,NA
50,1,0.1,0.5,hub,pcglasso_fortran,I,3.5111917342151263e-8,2,ok,0.2789999999999999,25.061989872977126,NA
10,0.9,0.1,0.5,hub,pcglasso_fortran,I,3.5111917342151263e-8,1,ok,0.004999999999999005,8.007397302126911,NA
10,0.9,0.1,0.5,hub,pcglasso_fortran,I,3.5111917342151263e-8,2,ok,0.006000000000000227,8.007397302126911,NA
50,0.9,0.1,0.5,hub,pcglasso_fortran,I,3.5111917342151263e-8,1,ok,0.008000000000000895,41.879911206827316,NA
50,0.9,0.1,0.5,hub,pcglasso_fortran,I,3.5111917342151263e-8,2,ok,0.007999999999999119,41.879911206827316,NA
10,1,0.2,0.5,hub,pcglasso_fortran,I,3.5111917342151263e-8,1,ok,0.021000000000000796,7.285690904509912,NA
10,1,0.2,0.5,hub,pcglasso_fortran,I,3.5111917342151263e-8,2,ok,0.028999999999999915,7.285690904509912,NA
50,1,0.2,0.5,hub,pcglasso_fortran,I,3.5111917342151263e-8,1,ok,0.07699999999999818,26.493310225167342,NA
50,1,0.2,0.5,hub,pcglasso_fortran,I,3.5111917342151263e-8,2,ok,0.07500000000000284,26.493310225167342,NA
10,0.9,0.2,0.5,hub,pcglasso_fortran,I,3.5111917342151263e-8,1,ok,0.0070000000000014495,8.355549245229723,NA
10,0.9,0.2,0.5,hub,pcglasso_fortran,I,3.5111917342151263e-8,2,ok,0.005000000000000782,8.355549245229723,NA
50,0.9,0.2,0.5,hub,pcglasso_fortran,I,3.5111917342151263e-8,1,ok,0.0030000000000001137,42.326363811797776,NA
50,0.9,0.2,0.5,hub,pcglasso_fortran,I,3.5111917342151263e-8,2,ok,0.0039999999999995595,42.326363811797776,NA
10,1,0.1,0,hub,pcglasso,I,3.5111917342151263e-8,1,ok,0.03500000000000014,3.2472969268593745,NA
10,1,0.1,0,hub,pcglasso,I,3.5111917342151263e-8,2,ok,0.051000000000000156,3.2472969268593745,NA
50,1,0.1,0,hub,pcglasso,I,3.5111917342151263e-8,1,ok,2.9099999999999966,7.9430862934852655,NA
50,1,0.1,0,hub,pcglasso,I,3.5111917342151263e-8,2,ok,2.253,7.9430862934852655,NA
10,0.9,0.1,0,hub,pcglasso,I,3.5111917342151263e-8,1,ok,0.03500000000000014,7.120005336818214,NA
10,0.9,0.1,0,hub,pcglasso,I,3.5111917342151263e-8,2,ok,0.045999999999999375,7.120005336818214,NA
50,0.9,0.1,0,hub,pcglasso,I,3.5111917342151263e-8,1,ok,0.09699999999999953,45.130717697774685,NA
50,0.9,0.1,0,hub,pcglasso,I,3.5111917342151263e-8,2,ok,0.14100000000000001,45.130717697774685,NA
10,1,0.2,0,hub,pcglasso,I,3.5111917342151263e-8,1,ok,0.04499999999999993,4.347723412715373,NA
10,1,0.2,0,hub,pcglasso,I,3.5111917342151263e-8,2,ok,0.03999999999999915,4.347723412715373,NA
50,1,0.2,0,hub,pcglasso,I,3.5111917342151263e-8,1,ok,1.1940000000000026,11.634888064954314,NA
50,1,0.2,0,hub,pcglasso,I,3.5111917342151263e-8,2,ok,1.2270000000000039,11.634888064954314,NA
10,0.9,0.2,0,hub,pcglasso,I,3.5111917342151263e-8,1,ok,0.02999999999999936,8.106121299896316,NA
10,0.9,0.2,0,hub,pcglasso,I,3.5111917342151263e-8,2,ok,0.038000000000000256,8.106121299896316,NA
50,0.9,0.2,0,hub,pcglasso,I,3.5111917342151263e-8,1,ok,0.18099999999999916,48.121665978779724,NA
50,0.9,0.2,0,hub,pcglasso,I,3.5111917342151263e-8,2,ok,0.23099999999999987,48.121665978779724,NA
10,1,0.1,0.5,hub,pcglasso,I,3.5111917342151263e-8,1,ok,0.03300000000000125,6.592505125455158,NA
10,1,0.1,0.5,hub,pcglasso,I,3.5111917342151263e-8,2,ok,0.026000000000001577,6.592505125455158,NA
50,1,0.1,0.5,hub,pcglasso,I,3.5111917342151263e-8,1,ok,0.6810000000000009,25.061989437111887,NA
50,1,0.1,0.5,hub,pcglasso,I,3.5111917342151263e-8,2,ok,0.745000000000001,25.061989437111887,NA
10,0.9,0.1,0.5,hub,pcglasso,I,3.5111917342151263e-8,1,ok,0.027000000000001023,8.007397297402385,NA
10,0.9,0.1,0.5,hub,pcglasso,I,3.5111917342151263e-8,2,ok,0.026999999999999247,8.007397297402385,NA
50,0.9,0.1,0.5,hub,pcglasso,I,3.5111917342151263e-8,1,ok,0.0600000000000005,41.879911207997736,NA
50,0.9,0.1,0.5,hub,pcglasso,I,3.5111917342151263e-8,2,ok,0.0600000000000005,41.879911207997736,NA
10,1,0.2,0.5,hub,pcglasso,I,3.5111917342151263e-8,1,ok,0.0389999999999997,7.285690765374502,NA
10,1,0.2,0.5,hub,pcglasso,I,3.5111917342151263e-8,2,ok,0.05599999999999916,7.285690765374502,NA
50,1,0.2,0.5,hub,pcglasso,I,3.5111917342151263e-8,1,ok,0.19500000000000028,26.493310221130752,NA
50,1,0.2,0.5,hub,pcglasso,I,3.5111917342151263e-8,2,ok,0.18799999999999883,26.493310221130752,NA
10,0.9,0.2,0.5,hub,pcglasso,I,3.5111917342151263e-8,1,ok,0.021999999999998465,8.355549239099796,NA
10,0.9,0.2,0.5,hub,pcglasso,I,3.5111917342151263e-8,2,ok,0.017999999999998906,8.355549239099796,NA
50,0.9,0.2,0.5,hub,pcglasso,I,3.5111917342151263e-8,1,ok,0.022999999999999687,42.32636381168645,NA
50,0.9,0.2,0.5,hub,pcglasso,I,3.5111917342151263e-8,2,ok,0.025000000000000355,42.32636381168645,NA
10,1,0.1,0,hub,pcglasso_cpp,C,9.999999999999982e-9,1,ok,0.025000000000000355,3.2472970432267405,NA
10,1,0.1,0,hub,pcglasso_cpp,C,9.999999999999982e-9,2,ok,0.02999999999999936,3.2472970432267405,NA
50,1,0.1,0,hub,pcglasso_cpp,C,9.999999999999982e-9,1,ok,1.294000000000004,7.943087163908451,NA
50,1,0.1,0,hub,pcglasso_cpp,C,9.999999999999982e-9,2,ok,1.0749999999999957,7.943087163908451,NA
10,0.9,0.1,0,hub,pcglasso_cpp,C,9.999999999999982e-9,1,ok,0.014000000000001123,7.120005355599938,NA
10,0.9,0.1,0,hub,pcglasso_cpp,C,9.999999999999982e-9,2,ok,0.01699999999999946,7.120005355599938,NA
50,0.9,0.1,0,hub,pcglasso_cpp,C,9.999999999999982e-9,1,ok,0.028999999999999915,45.130717694709105,NA
50,0.9,0.1,0,hub,pcglasso_cpp,C,9.999999999999982e-9,2,ok,0.03599999999999959,45.130717694709105,NA
10,1,0.2,0,hub,pcglasso_cpp,C,9.999999999999982e-9,1,ok,0.04100000000000037,4.3477235266290695,NA
10,1,0.2,0,hub,pcglasso_cpp,C,9.999999999999982e-9,2,ok,0.036999999999999034,4.3477235266290695,NA
50,1,0.2,0,hub,pcglasso_cpp,C,9.999999999999982e-9,1,ok,0.2989999999999995,11.634888194055904,NA
50,1,0.2,0,hub,pcglasso_cpp,C,9.999999999999982e-9,2,ok,0.3059999999999974,11.634888194055904,NA
10,0.9,0.2,0,hub,pcglasso_cpp,C,9.999999999999982e-9,1,ok,0.009999999999999787,8.106121313039132,NA
10,0.9,0.2,0,hub,pcglasso_cpp,C,9.999999999999982e-9,2,ok,0.012000000000000455,8.106121313039132,NA
50,0.9,0.2,0,hub,pcglasso_cpp,C,9.999999999999982e-9,1,ok,0.016000000000000014,48.12166597978365,NA
50,0.9,0.2,0,hub,pcglasso_cpp,C,9.999999999999982e-9,2,ok,0.04400000000000048,48.12166597978365,NA
10,1,0.1,0.5,hub,pcglasso_cpp,C,9.999999999999982e-9,1,ok,0.009000000000000341,6.592505135053483,NA
10,1,0.1,0.5,hub,pcglasso_cpp,C,9.999999999999982e-9,2,ok,0.006999999999999673,6.592505135053483,NA
50,1,0.1,0.5,hub,pcglasso_cpp,C,9.999999999999982e-9,1,ok,0.21199999999999974,25.06198946684229,NA
50,1,0.1,0.5,hub,pcglasso_cpp,C,9.999999999999982e-9,2,ok,0.21699999999999875,25.06198946684229,NA
10,0.9,0.1,0.5,hub,pcglasso_cpp,C,9.999999999999982e-9,1,ok,0.006999999999999673,8.007397297809948,NA
10,0.9,0.1,0.5,hub,pcglasso_cpp,C,9.999999999999982e-9,2,ok,0.006000000000000227,8.007397297809948,NA
50,0.9,0.1,0.5,hub,pcglasso_cpp,C,9.999999999999982e-9,1,ok,0.014999999999998792,41.87991120480371,NA
50,0.9,0.1,0.5,hub,pcglasso_cpp,C,9.999999999999982e-9,2,ok,0.015000000000000568,41.87991120480371,NA
10,1,0.2,0.5,hub,pcglasso_cpp,C,9.999999999999982e-9,1,ok,0.009000000000000341,7.285690774570537,NA
10,1,0.2,0.5,hub,pcglasso_cpp,C,9.999999999999982e-9,2,ok,0.0129999999999999,7.285690774570537,NA
50,1,0.2,0.5,hub,pcglasso_cpp,C,9.999999999999982e-9,1,ok,0.3500000000000014,26.493310462309307,NA
50,1,0.2,0.5,hub,pcglasso_cpp,C,9.999999999999982e-9,2,ok,0.34299999999999997,26.493310462309307,NA
10,0.9,0.2,0.5,hub,pcglasso_cpp,C,9.999999999999982e-9,1,ok,0.0070000000000014495,8.355549242259963,NA
10,0.9,0.2,0.5,hub,pcglasso_cpp,C,9.999999999999982e-9,2,ok,0.006000000000000227,8.355549242259963,NA
50,0.9,0.2,0.5,hub,pcglasso_cpp,C,9.999999999999982e-9,1,ok,0.015000000000000568,42.326363812054694,NA
50,0.9,0.2,0.5,hub,pcglasso_cpp,C,9.999999999999982e-9,2,ok,0.015000000000000568,42.326363812054694,NA
10,1,0.1,0,hub,pcglasso_fortran,C,9.999999999999982e-9,1,ok,0.028999999999999915,3.2472970585173524,NA
10,1,0.1,0,hub,pcglasso_fortran,C,9.999999999999982e-9,2,ok,0.034000000000000696,3.2472970585173524,NA
50,1,0.1,0,hub,pcglasso_fortran,C,9.999999999999982e-9,1,ok,2.1739999999999995,7.94308796212551,NA
50,1,0.1,0,hub,pcglasso_fortran,C,9.999999999999982e-9,2,ok,1.8049999999999997,7.94308796212551,NA
10,0.9,0.1,0,hub,pcglasso_fortran,C,9.999999999999982e-9,1,ok,0.021999999999998465,7.1200053540917905,NA
10,0.9,0.1,0,hub,pcglasso_fortran,C,9.999999999999982e-9,2,ok,0.02000000000000135,7.1200053540917905,NA
50,0.9,0.1,0,hub,pcglasso_fortran,C,9.999999999999982e-9,1,ok,0.045999999999999375,45.130717696177484,NA
50,0.9,0.1,0,hub,pcglasso_fortran,C,9.999999999999982e-9,2,ok,0.06299999999999883,45.130717696177484,NA
10,1,0.2,0,hub,pcglasso_fortran,C,9.999999999999982e-9,1,ok,0.04400000000000048,4.347723419736134,NA
10,1,0.2,0,hub,pcglasso_fortran,C,9.999999999999982e-9,2,ok,0.04400000000000048,4.347723419736134,NA
50,1,0.2,0,hub,pcglasso_fortran,C,9.999999999999982e-9,1,ok,0.5090000000000003,11.634888226390045,NA
50,1,0.2,0,hub,pcglasso_fortran,C,9.999999999999982e-9,2,ok,0.5200000000000031,11.634888226390045,NA
10,0.9,0.2,0,hub,pcglasso_fortran,C,9.999999999999982e-9,1,ok,0.012000000000000455,8.106121309291566,NA
10,0.9,0.2,0,hub,pcglasso_fortran,C,9.999999999999982e-9,2,ok,0.014999999999998792,8.106121309291566,NA
50,0.9,0.2,0,hub,pcglasso_fortran,C,9.999999999999982e-9,1,ok,0.015000000000000568,48.121665982821,NA
50,0.9,0.2,0,hub,pcglasso_fortran,C,9.999999999999982e-9,2,ok,0.10099999999999909,48.121665982821,NA
10,1,0.1,0.5,hub,pcglasso_fortran,C,9.999999999999982e-9,1,ok,0.027999999999998693,6.592505138440543,NA
10,1,0.1,0.5,hub,pcglasso_fortran,C,9.999999999999982e-9,2,ok,0.018000000000000682,6.592505138440543,NA
50,1,0.1,0.5,hub,pcglasso_fortran,C,9.999999999999982e-9,1,ok,0.1819999999999986,25.06198949225416,NA
50,1,0.1,0.5,hub,pcglasso_fortran,C,9.999999999999982e-9,2,ok,0.18100000000000094,25.06198949225416,NA
10,0.9,0.1,0.5,hub,pcglasso_fortran,C,9.999999999999982e-9,1,ok,0.007999999999999119,8.007397298101797,NA
10,0.9,0.1,0.5,hub,pcglasso_fortran,C,9.999999999999982e-9,2,ok,0.006999999999999673,8.007397298101797,NA
50,0.9,0.1,0.5,hub,pcglasso_fortran,C,9.999999999999982e-9,1,ok,0.009000000000000341,41.8799112057656,NA
50,0.9,0.1,0.5,hub,pcglasso_fortran,C,9.999999999999982e-9,2,ok,0.009000000000000341,41.8799112057656,NA
10,1,0.2,0.5,hub,pcglasso_fortran,C,9.999999999999982e-9,1,ok,0.01699999999999946,7.28569079827864,NA
10,1,0.2,0.5,hub,pcglasso_fortran,C,9.999999999999982e-9,2,ok,0.025000000000000355,7.28569079827864,NA
50,1,0.2,0.5,hub,pcglasso_fortran,C,9.999999999999982e-9,1,ok,0.07800000000000296,26.493310222755948,NA
50,1,0.2,0.5,hub,pcglasso_fortran,C,9.999999999999982e-9,2,ok,0.07499999999999929,26.493310222755948,NA
10,0.9,0.2,0.5,hub,pcglasso_fortran,C,9.999999999999982e-9,1,ok,0.007999999999999119,8.355549239697101,NA
10,0.9,0.2,0.5,hub,pcglasso_fortran,C,9.999999999999982e-9,2,ok,0.006000000000000227,8.355549239697101,NA
50,0.9,0.2,0.5,hub,pcglasso_fortran,C,9.999999999999982e-9,1,ok,0.11099999999999888,42.32636381192957,NA
50,0.9,0.2,0.5,hub,pcglasso_fortran,C,9.999999999999982e-9,2,ok,0.13299999999999912,42.32636381192957,NA
10,1,0.1,0,hub,pcglasso,C,9.999999999999982e-9,1,ok,0.045999999999999375,3.2472969262963867,NA
10,1,0.1,0,hub,pcglasso,C,9.999999999999982e-9,2,ok,0.05400000000000027,3.2472969262963867,NA
50,1,0.1,0,hub,pcglasso,C,9.999999999999982e-9,1,ok,1.0190000000000055,7.943086291666386,NA
50,1,0.1,0,hub,pcglasso,C,9.999999999999982e-9,2,ok,0.7979999999999947,7.943086291666386,NA
10,0.9,0.1,0,hub,pcglasso,C,9.999999999999982e-9,1,ok,0.038000000000000256,7.120005336852831,NA
10,0.9,0.1,0,hub,pcglasso,C,9.999999999999982e-9,2,ok,0.04800000000000004,7.120005336852831,NA
50,0.9,0.1,0,hub,pcglasso,C,9.999999999999982e-9,1,ok,0.29499999999999993,45.13071768673231,NA
50,0.9,0.1,0,hub,pcglasso,C,9.999999999999982e-9,2,ok,0.4300000000000015,45.13071768673231,NA
10,1,0.2,0,hub,pcglasso,C,9.999999999999982e-9,1,ok,0.04800000000000004,4.3477234126224955,NA
10,1,0.2,0,hub,pcglasso,C,9.999999999999982e-9,2,ok,0.04400000000000048,4.3477234126224955,NA
50,1,0.2,0,hub,pcglasso,C,9.999999999999982e-9,1,ok,0.9759999999999991,11.63488805239926,NA
50,1,0.2,0,hub,pcglasso,C,9.999999999999982e-9,2,ok,0.9960000000000022,11.63488805239926,NA
10,0.9,0.2,0,hub,pcglasso,C,9.999999999999982e-9,1,ok,0.0810000000000013,8.1061212997039,NA
10,0.9,0.2,0,hub,pcglasso,C,9.999999999999982e-9,2,ok,0.09699999999999953,8.1061212997039,NA
50,0.9,0.2,0,hub,pcglasso,C,9.999999999999982e-9,1,ok,0.20800000000000018,48.12166597877491,NA
50,0.9,0.2,0,hub,pcglasso,C,9.999999999999982e-9,2,ok,0.24300000000000033,48.12166597877491,NA
10,1,0.1,0.5,hub,pcglasso,C,9.999999999999982e-9,1,ok,0.041999999999999815,6.592505125378075,NA
10,1,0.1,0.5,hub,pcglasso,C,9.999999999999982e-9,2,ok,0.02999999999999936,6.592505125378075,NA
50,1,0.1,0.5,hub,pcglasso,C,9.999999999999982e-9,1,ok,0.4770000000000003,25.06198943370066,NA
50,1,0.1,0.5,hub,pcglasso,C,9.999999999999982e-9,2,ok,0.477999999999998,25.06198943370066,NA
10,0.9,0.1,0.5,hub,pcglasso,C,9.999999999999982e-9,1,ok,0.03300000000000125,8.007397297351696,NA
10,0.9,0.1,0.5,hub,pcglasso,C,9.999999999999982e-9,2,ok,0.03300000000000125,8.007397297351696,NA
50,0.9,0.1,0.5,hub,pcglasso,C,9.999999999999982e-9,1,ok,0.12100000000000044,41.879911203360166,NA
50,0.9,0.1,0.5,hub,pcglasso,C,9.999999999999982e-9,2,ok,0.12399999999999878,41.879911203360166,NA
10,1,0.2,0.5,hub,pcglasso,C,9.999999999999982e-9,1,ok,0.036999999999999034,7.285690765262543,NA
10,1,0.2,0.5,hub,pcglasso,C,9.999999999999982e-9,2,ok,0.054999999999999716,7.285690765262543,NA
50,1,0.2,0.5,hub,pcglasso,C,9.999999999999982e-9,1,ok,0.23699999999999832,26.493310220337122,NA
50,1,0.2,0.5,hub,pcglasso,C,9.999999999999982e-9,2,ok,0.2240000000000002,26.493310220337122,NA
10,0.9,0.2,0.5,hub,pcglasso,C,9.999999999999982e-9,1,ok,0.038000000000000256,8.355549239017042,NA
10,0.9,0.2,0.5,hub,pcglasso,C,9.999999999999982e-9,2,ok,0.032999999999999474,8.355549239017042,NA
50,0.9,0.2,0.5,hub,pcglasso,C,9.999999999999982e-9,1,ok,0.08499999999999908,42.32636381168644,NA
50,0.9,0.2,0.5,hub,pcglasso,C,9.999999999999982e-9,2,ok,0.08899999999999864,42.32636381168644,NA
10,1,0.1,0,hub,pcglasso_cpp,I,9.999999999999982e-9,1,ok,0.03999999999999915,3.247297045291179,NA
10,1,0.1,0,hub,pcglasso_cpp,I,9.999999999999982e-9,2,ok,0.05000000000000071,3.247297045291179,NA
50,1,0.1,0,hub,pcglasso_cpp,I,9.999999999999982e-9,1,ok,1.0769999999999982,7.943087168260362,NA
50,1,0.1,0,hub,pcglasso_cpp,I,9.999999999999982e-9,2,ok,0.9540000000000006,7.943087168260362,NA
10,0.9,0.1,0,hub,pcglasso_cpp,I,9.999999999999982e-9,1,ok,0.011999999999998678,7.120005352875479,NA
10,0.9,0.1,0,hub,pcglasso_cpp,I,9.999999999999982e-9,2,ok,0.015000000000000568,7.120005352875479,NA
50,0.9,0.1,0,hub,pcglasso_cpp,I,9.999999999999982e-9,1,ok,0.034000000000000696,45.13071769022374,NA
50,0.9,0.1,0,hub,pcglasso_cpp,I,9.999999999999982e-9,2,ok,0.027999999999998693,45.13071769022374,NA
10,1,0.2,0,hub,pcglasso_cpp,I,9.999999999999982e-9,1,ok,0.04299999999999926,4.347723525082509,NA
10,1,0.2,0,hub,pcglasso_cpp,I,9.999999999999982e-9,2,ok,0.03999999999999915,4.347723525082509,NA
50,1,0.2,0,hub,pcglasso_cpp,I,9.999999999999982e-9,1,ok,0.2819999999999965,11.634888179376674,NA
50,1,0.2,0,hub,pcglasso_cpp,I,9.999999999999982e-9,2,ok,0.2920000000000016,11.634888179376674,NA
10,0.9,0.2,0,hub,pcglasso_cpp,I,9.999999999999982e-9,1,ok,0.008999999999998565,8.106121309652796,NA
10,0.9,0.2,0,hub,pcglasso_cpp,I,9.999999999999982e-9,2,ok,0.010999999999999233,8.106121309652796,NA
50,0.9,0.2,0,hub,pcglasso_cpp,I,9.999999999999982e-9,1,ok,0.014000000000001123,48.12166597977016,NA
50,0.9,0.2,0,hub,pcglasso_cpp,I,9.999999999999982e-9,2,ok,0.014000000000001123,48.12166597977016,NA
10,1,0.1,0.5,hub,pcglasso_cpp,I,9.999999999999982e-9,1,ok,0.008999999999998565,6.592505129767623,NA
10,1,0.1,0.5,hub,pcglasso_cpp,I,9.999999999999982e-9,2,ok,0.006999999999999673,6.592505129767623,NA
50,1,0.1,0.5,hub,pcglasso_cpp,I,9.999999999999982e-9,1,ok,0.1180000000000021,25.061989465811862,NA
50,1,0.1,0.5,hub,pcglasso_cpp,I,9.999999999999982e-9,2,ok,0.11899999999999977,25.061989465811862,NA
10,0.9,0.1,0.5,hub,pcglasso_cpp,I,9.999999999999982e-9,1,ok,0.004999999999999005,8.007397297959445,NA
10,0.9,0.1,0.5,hub,pcglasso_cpp,I,9.999999999999982e-9,2,ok,0.006000000000000227,8.007397297959445,NA
50,0.9,0.1,0.5,hub,pcglasso_cpp,I,9.999999999999982e-9,1,ok,0.019000000000000128,41.87991120554404,NA
50,0.9,0.1,0.5,hub,pcglasso_cpp,I,9.999999999999982e-9,2,ok,0.019999999999999574,41.87991120554404,NA
10,1,0.2,0.5,hub,pcglasso_cpp,I,9.999999999999982e-9,1,ok,0.008000000000000895,7.2856907746635775,NA
10,1,0.2,0.5,hub,pcglasso_cpp,I,9.999999999999982e-9,2,ok,0.011999999999998678,7.2856907746635775,NA
50,1,0.2,0.5,hub,pcglasso_cpp,I,9.999999999999982e-9,1,ok,0.4250000000000007,26.49331045978994,NA
50,1,0.2,0.5,hub,pcglasso_cpp,I,9.999999999999982e-9,2,ok,0.4089999999999989,26.49331045978994,NA
10,0.9,0.2,0.5,hub,pcglasso_cpp,I,9.999999999999982e-9,1,ok,0.006000000000000227,8.355549241470248,NA
10,0.9,0.2,0.5,hub,pcglasso_cpp,I,9.999999999999982e-9,2,ok,0.004999999999999005,8.355549241470248,NA
50,0.9,0.2,0.5,hub,pcglasso_cpp,I,9.999999999999982e-9,1,ok,0.008000000000000895,42.326363811808406,NA
50,0.9,0.2,0.5,hub,pcglasso_cpp,I,9.999999999999982e-9,2,ok,0.007999999999999119,42.326363811808406,NA
10,1,0.1,0,hub,pcglasso_fortran,I,9.999999999999982e-9,1,ok,0.049999999999998934,3.2472970122519893,NA
10,1,0.1,0,hub,pcglasso_fortran,I,9.999999999999982e-9,2,ok,0.06899999999999906,3.2472970122519893,NA
50,1,0.1,0,hub,pcglasso_fortran,I,9.999999999999982e-9,1,ok,2.6370000000000005,7.943086366624731,NA
50,1,0.1,0,hub,pcglasso_fortran,I,9.999999999999982e-9,2,ok,2.199000000000005,7.943086366624731,NA
10,0.9,0.1,0,hub,pcglasso_fortran,I,9.999999999999982e-9,1,ok,0.016000000000000014,7.120005372693732,NA
10,0.9,0.1,0,hub,pcglasso_fortran,I,9.999999999999982e-9,2,ok,0.019999999999999574,7.120005372693732,NA
50,0.9,0.1,0,hub,pcglasso_fortran,I,9.999999999999982e-9,1,ok,0.053000000000000824,45.130717691210414,NA
50,0.9,0.1,0,hub,pcglasso_fortran,I,9.999999999999982e-9,2,ok,0.04300000000000104,45.130717691210414,NA
10,1,0.2,0,hub,pcglasso_fortran,I,9.999999999999982e-9,1,ok,0.058000000000001606,4.3477235066434865,NA
10,1,0.2,0,hub,pcglasso_fortran,I,9.999999999999982e-9,2,ok,0.053999999999998494,4.3477235066434865,NA
50,1,0.2,0,hub,pcglasso_fortran,I,9.999999999999982e-9,1,ok,0.6450000000000031,11.634888237941027,NA
50,1,0.2,0,hub,pcglasso_fortran,I,9.999999999999982e-9,2,ok,0.6090000000000018,11.634888237941027,NA
10,0.9,0.2,0,hub,pcglasso_fortran,I,9.999999999999982e-9,1,ok,0.010999999999999233,8.106121305538473,NA
10,0.9,0.2,0,hub,pcglasso_fortran,I,9.999999999999982e-9,2,ok,0.0129999999999999,8.106121305538473,NA
50,0.9,0.2,0,hub,pcglasso_fortran,I,9.999999999999982e-9,1,ok,0.011999999999998678,48.121665982470844,NA
50,0.9,0.2,0,hub,pcglasso_fortran,I,9.999999999999982e-9,2,ok,0.012000000000000455,48.121665982470844,NA
10,1,0.1,0.5,hub,pcglasso_fortran,I,9.999999999999982e-9,1,ok,0.021000000000000796,6.592505140236752,NA
10,1,0.1,0.5,hub,pcglasso_fortran,I,9.999999999999982e-9,2,ok,0.01699999999999946,6.592505140236752,NA
50,1,0.1,0.5,hub,pcglasso_fortran,I,9.999999999999982e-9,1,ok,0.3930000000000007,25.06198960182724,NA
50,1,0.1,0.5,hub,pcglasso_fortran,I,9.999999999999982e-9,2,ok,0.3979999999999997,25.06198960182724,NA
10,0.9,0.1,0.5,hub,pcglasso_fortran,I,9.999999999999982e-9,1,ok,0.017000000000001236,8.007397298300257,NA
10,0.9,0.1,0.5,hub,pcglasso_fortran,I,9.999999999999982e-9,2,ok,0.016000000000000014,8.007397298300257,NA
50,0.9,0.1,0.5,hub,pcglasso_fortran,I,9.999999999999982e-9,1,ok,0.009000000000000341,41.87991120425143,NA
50,0.9,0.1,0.5,hub,pcglasso_fortran,I,9.999999999999982e-9,2,ok,0.009000000000000341,41.87991120425143,NA
10,1,0.2,0.5,hub,pcglasso_fortran,I,9.999999999999982e-9,1,ok,0.0259999999999998,7.285690814358254,NA
10,1,0.2,0.5,hub,pcglasso_fortran,I,9.999999999999982e-9,2,ok,0.03200000000000003,7.285690814358254,NA
50,1,0.2,0.5,hub,pcglasso_fortran,I,9.999999999999982e-9,1,ok,0.0779999999999994,26.49331022696762,NA
50,1,0.2,0.5,hub,pcglasso_fortran,I,9.999999999999982e-9,2,ok,0.07499999999999929,26.49331022696762,NA
10,0.9,0.2,0.5,hub,pcglasso_fortran,I,9.999999999999982e-9,1,ok,0.006000000000000227,8.355549240280924,NA
10,0.9,0.2,0.5,hub,pcglasso_fortran,I,9.999999999999982e-9,2,ok,0.005000000000000782,8.355549240280924,NA
50,0.9,0.2,0.5,hub,pcglasso_fortran,I,9.999999999999982e-9,1,ok,0.0030000000000001137,42.326363811797776,NA
50,0.9,0.2,0.5,hub,pcglasso_fortran,I,9.999999999999982e-9,2,ok,0.0039999999999995595,42.326363811797776,NA
10,1,0.1,0,hub,pcglasso,I,9.999999999999982e-9,1,ok,0.0389999999999997,3.2472969263528277,NA
10,1,0.1,0,hub,pcglasso,I,9.999999999999982e-9,2,ok,0.053000000000000824,3.2472969263528277,NA
50,1,0.1,0,hub,pcglasso,I,9.999999999999982e-9,1,ok,3.455999999999989,7.943086291734978,NA
50,1,0.1,0,hub,pcglasso,I,9.999999999999982e-9,2,ok,2.6679999999999993,7.943086291734978,NA
10,0.9,0.1,0,hub,pcglasso,I,9.999999999999982e-9,1,ok,0.0600000000000005,7.12000533671562,NA
10,0.9,0.1,0,hub,pcglasso,I,9.999999999999982e-9,2,ok,0.06700000000000017,7.12000533671562,NA
50,0.9,0.1,0,hub,pcglasso,I,9.999999999999982e-9,1,ok,0.24900000000000055,45.130717686916675,NA
50,0.9,0.1,0,hub,pcglasso,I,9.999999999999982e-9,2,ok,0.16199999999999903,45.130717686916675,NA
10,1,0.2,0,hub,pcglasso,I,9.999999999999982e-9,1,ok,0.058999999999999275,4.34772341262768,NA
10,1,0.2,0,hub,pcglasso,I,9.999999999999982e-9,2,ok,0.057000000000000384,4.34772341262768,NA
50,1,0.2,0,hub,pcglasso,I,9.999999999999982e-9,1,ok,1.5379999999999967,11.63488805084729,NA
50,1,0.2,0,hub,pcglasso,I,9.999999999999982e-9,2,ok,1.5629999999999953,11.63488805084729,NA
10,0.9,0.2,0,hub,pcglasso,I,9.999999999999982e-9,1,ok,0.03599999999999959,8.106121299689768,NA
10,0.9,0.2,0,hub,pcglasso,I,9.999999999999982e-9,2,ok,0.06700000000000017,8.106121299689768,NA
50,0.9,0.2,0,hub,pcglasso,I,9.999999999999982e-9,1,ok,0.21600000000000108,48.12166597877398,NA
50,0.9,0.2,0,hub,pcglasso,I,9.999999999999982e-9,2,ok,0.21499999999999986,48.12166597877398,NA
10,1,0.1,0.5,hub,pcglasso,I,9.999999999999982e-9,1,ok,0.05400000000000027,6.592505125376668,NA
10,1,0.1,0.5,hub,pcglasso,I,9.999999999999982e-9,2,ok,0.04100000000000037,6.592505125376668,NA
50,1,0.1,0.5,hub,pcglasso,I,9.999999999999982e-9,1,ok,1.0360000000000014,25.061989432812297,NA
50,1,0.1,0.5,hub,pcglasso,I,9.999999999999982e-9,2,ok,1.0530000000000008,25.061989432812297,NA
10,0.9,0.1,0.5,hub,pcglasso,I,9.999999999999982e-9,1,ok,0.027999999999998693,8.0073972973311,NA
10,0.9,0.1,0.5,hub,pcglasso,I,9.999999999999982e-9,2,ok,0.02800000000000047,8.0073972973311,NA
50,0.9,0.1,0.5,hub,pcglasso,I,9.999999999999982e-9,1,ok,0.10599999999999987,41.87991120341435,NA
50,0.9,0.1,0.5,hub,pcglasso,I,9.999999999999982e-9,2,ok,0.10899999999999999,41.87991120341435,NA
10,1,0.2,0.5,hub,pcglasso,I,9.999999999999982e-9,1,ok,0.03200000000000003,7.285690765273786,NA
10,1,0.2,0.5,hub,pcglasso,I,9.999999999999982e-9,2,ok,0.0470000000000006,7.285690765273786,NA
50,1,0.2,0.5,hub,pcglasso,I,9.999999999999982e-9,1,ok,0.31099999999999994,26.49331022031344,NA
50,1,0.2,0.5,hub,pcglasso,I,9.999999999999982e-9,2,ok,0.3009999999999984,26.49331022031344,NA
10,0.9,0.2,0.5,hub,pcglasso,I,9.999999999999982e-9,1,ok,0.022999999999999687,8.355549239016577,NA
10,0.9,0.2,0.5,hub,pcglasso,I,9.999999999999982e-9,2,ok,0.019999999999999574,8.355549239016577,NA
50,0.9,0.2,0.5,hub,pcglasso,I,9.999999999999982e-9,1,ok,0.025000000000000355,42.32636381168644,NA
50,0.9,0.2,0.5,hub,pcglasso,I,9.999999999999982e-9,2,ok,0.025000000000000355,42.32636381168644,NA
10,0.8,0.1,0,line,pcglasso_cpp,C,0.010000000000000004,1,ok,0.0030000000000001137,5.532114419004129,NA
10,0.8,0.1,0,line,pcglasso_cpp,C,0.010000000000000004,2,ok,0.0039999999999995595,5.532114419004129,NA
50,0.8,0.1,0,line,pcglasso_cpp,C,0.010000000000000004,1,ok,0.019000000000005457,36.08874853791727,NA
50,0.8,0.1,0,line,pcglasso_cpp,C,0.010000000000000004,2,ok,0.017000000000003013,36.08874853791727,NA
10,0.9,0.1,0,line,pcglasso_cpp,C,0.010000000000000004,1,ok,0.005000000000000782,4.41942065925156,NA
10,0.9,0.1,0,line,pcglasso_cpp,C,0.010000000000000004,2,ok,0.010999999999999233,4.41942065925156,NA
50,0.9,0.1,0,line,pcglasso_cpp,C,0.010000000000000004,1,ok,0.049999999999998934,25.489982981006456,NA
50,0.9,0.1,0,line,pcglasso_cpp,C,0.010000000000000004,2,ok,0.030999999999998806,25.489982981006456,NA
10,0.8,0.2,0,line,pcglasso_cpp,C,0.010000000000000004,1,ok,0.0030000000000001137,6.529132464948173,NA
10,0.8,0.2,0,line,pcglasso_cpp,C,0.010000000000000004,2,ok,0.0019999999999988916,6.529132464948173,NA
50,0.8,0.2,0,line,pcglasso_cpp,C,0.010000000000000004,1,ok,0.01099999999999568,42.143429051785574,NA
50,0.8,0.2,0,line,pcglasso_cpp,C,0.010000000000000004,2,ok,0.011000000000002785,42.143429051785574,NA
10,0.9,0.2,0,line,pcglasso_cpp,C,0.010000000000000004,1,ok,0.0039999999999995595,5.55763604151546,NA
10,0.9,0.2,0,line,pcglasso_cpp,C,0.010000000000000004,2,ok,0.009000000000000341,5.55763604151546,NA
50,0.9,0.2,0,line,pcglasso_cpp,C,0.010000000000000004,1,ok,0.016000000000000014,32.36311149735092,NA
50,0.9,0.2,0,line,pcglasso_cpp,C,0.010000000000000004,2,ok,0.016000000000000014,32.36311149735092,NA
10,0.8,0.1,0.5,line,pcglasso_cpp,C,0.010000000000000004,1,ok,0.0019999999999988916,7.669588883484305,NA
10,0.8,0.1,0.5,line,pcglasso_cpp,C,0.010000000000000004,2,ok,0.002000000000000668,7.669588883484305,NA
50,0.8,0.1,0.5,line,pcglasso_cpp,C,0.010000000000000004,1,ok,0.009000000000000341,40.65792268851503,NA
50,0.8,0.1,0.5,line,pcglasso_cpp,C,0.010000000000000004,2,ok,0.009000000000000341,40.65792268851503,NA
10,0.9,0.1,0.5,line,pcglasso_cpp,C,0.010000000000000004,1,ok,0.0030000000000001137,7.395381606269439,NA
10,0.9,0.1,0.5,line,pcglasso_cpp,C,0.010000000000000004,2,ok,0.0030000000000001137,7.395381606269439,NA
50,0.9,0.1,0.5,line,pcglasso_cpp,C,0.010000000000000004,1,ok,0.009999999999999787,38.18345322151055,NA
50,0.9,0.1,0.5,line,pcglasso_cpp,C,0.010000000000000004,2,ok,0.011000000000001009,38.18345322151055,NA
10,0.8,0.2,0.5,line,pcglasso_cpp,C,0.010000000000000004,1,ok,0.002000000000000668,8.186393065423049,NA
10,0.8,0.2,0.5,line,pcglasso_cpp,C,0.010000000000000004,2,ok,0.0030000000000001137,8.186393065423049,NA
50,0.8,0.2,0.5,line,pcglasso_cpp,C,0.010000000000000004,1,ok,0.00999999999999801,42.10729531254058,NA
50,0.8,0.2,0.5,line,pcglasso_cpp,C,0.010000000000000004,2,ok,0.009000000000000341,42.10729531254058,NA
10,0.9,0.2,0.5,line,pcglasso_cpp,C,0.010000000000000004,1,ok,0.0030000000000001137,8.08027362495495,NA
10,0.9,0.2,0.5,line,pcglasso_cpp,C,0.010000000000000004,2,ok,0.0030000000000001137,8.08027362495495,NA
50,0.9,0.2,0.5,line,pcglasso_cpp,C,0.010000000000000004,1,ok,0.015000000000000568,41.05164716159109,NA
50,0.9,0.2,0.5,line,pcglasso_cpp,C,0.010000000000000004,2,ok,0.014000000000001123,41.05164716159109,NA
10,0.8,0.1,0,line,pcglasso_fortran,C,0.010000000000000004,1,ok,0.0030000000000001137,5.525702209785238,NA
10,0.8,0.1,0,line,pcglasso_fortran,C,0.010000000000000004,2,ok,0.0030000000000001137,5.525702209785238,NA
50,0.8,0.1,0,line,pcglasso_fortran,C,0.010000000000000004,1,ok,0.021000000000000796,36.083592325051825,NA
50,0.8,0.1,0,line,pcglasso_fortran,C,0.010000000000000004,2,ok,0.012999999999998124,36.083592325051825,NA
10,0.9,0.1,0,line,pcglasso_fortran,C,0.010000000000000004,1,ok,0.0039999999999995595,4.422077606172347,NA
10,0.9,0.1,0,line,pcglasso_fortran,C,0.010000000000000004,2,ok,0.005000000000000782,4.422077606172347,NA
50,0.9,0.1,0,line,pcglasso_fortran,C,0.010000000000000004,1,ok,0.031000000000000583,25.47855208224245,NA
50,0.9,0.1,0,line,pcglasso_fortran,C,0.010000000000000004,2,ok,0.01699999999999946,25.47855208224245,NA
10,0.8,0.2,0,line,pcglasso_fortran,C,0.010000000000000004,1,ok,0.0039999999999995595,6.528147515482821,NA
10,0.8,0.2,0,line,pcglasso_fortran,C,0.010000000000000004,2,ok,0.0039999999999995595,6.528147515482821,NA
50,0.8,0.2,0,line,pcglasso_fortran,C,0.010000000000000004,1,ok,0.007000000000005002,42.14277104027849,NA
50,0.8,0.2,0,line,pcglasso_fortran,C,0.010000000000000004,2,ok,0.007000000000005002,42.14277104027849,NA
10,0.9,0.2,0,line,pcglasso_fortran,C,0.010000000000000004,1,ok,0.0039999999999995595,5.5599030879914135,NA
10,0.9,0.2,0,line,pcglasso_fortran,C,0.010000000000000004,2,ok,0.006000000000000227,5.5599030879914135,NA
50,0.9,0.2,0,line,pcglasso_fortran,C,0.010000000000000004,1,ok,0.010999999999999233,32.36897619897165,NA
50,0.9,0.2,0,line,pcglasso_fortran,C,0.010000000000000004,2,ok,0.010999999999999233,32.36897619897165,NA
10,0.8,0.1,0.5,line,pcglasso_fortran,C,0.010000000000000004,1,ok,0.0039999999999995595,7.6691931562845435,NA
10,0.8,0.1,0.5,line,pcglasso_fortran,C,0.010000000000000004,2,ok,0.0030000000000001137,7.6691931562845435,NA
50,0.8,0.1,0.5,line,pcglasso_fortran,C,0.010000000000000004,1,ok,0.006000000000000227,40.657746826755805,NA
50,0.8,0.1,0.5,line,pcglasso_fortran,C,0.010000000000000004,2,ok,0.006000000000000227,40.657746826755805,NA
10,0.9,0.1,0.5,line,pcglasso_fortran,C,0.010000000000000004,1,ok,0.004999999999999005,7.39684343188654,NA
10,0.9,0.1,0.5,line,pcglasso_fortran,C,0.010000000000000004,2,ok,0.005000000000000782,7.39684343188654,NA
50,0.9,0.1,0.5,line,pcglasso_fortran,C,0.010000000000000004,1,ok,0.008000000000000895,38.18297858885962,NA
50,0.9,0.1,0.5,line,pcglasso_fortran,C,0.010000000000000004,2,ok,0.007999999999999119,38.18297858885962,NA
10,0.8,0.2,0.5,line,pcglasso_fortran,C,0.010000000000000004,1,ok,0.0030000000000001137,8.185903460316108,NA
10,0.8,0.2,0.5,line,pcglasso_fortran,C,0.010000000000000004,2,ok,0.0039999999999995595,8.185903460316108,NA
50,0.8,0.2,0.5,line,pcglasso_fortran,C,0.010000000000000004,1,ok,0.006000000000000227,42.10739841062579,NA
50,0.8,0.2,0.5,line,pcglasso_fortran,C,0.010000000000000004,2,ok,0.004000000000001336,42.10739841062579,NA
10,0.9,0.2,0.5,line,pcglasso_fortran,C,0.010000000000000004,1,ok,0.0030000000000001137,8.081441525514045,NA
10,0.9,0.2,0.5,line,pcglasso_fortran,C,0.010000000000000004,2,ok,0.0030000000000001137,8.081441525514045,NA
50,0.9,0.2,0.5,line,pcglasso_fortran,C,0.010000000000000004,1,ok,0.0070000000000014495,41.05086758341952,NA
50,0.9,0.2,0.5,line,pcglasso_fortran,C,0.010000000000000004,2,ok,0.005999999999998451,41.05086758341952,NA
10,0.8,0.1,0,line,pcglasso,C,0.010000000000000004,1,ok,0.002000000000000668,5.711815095479103,NA
10,0.8,0.1,0,line,pcglasso,C,0.010000000000000004,2,ok,0.0030000000000001137,5.711815095479103,NA
50,0.8,0.1,0,line,pcglasso,C,0.010000000000000004,1,ok,0.007999999999995566,41.243081909464436,NA
50,0.8,0.1,0,line,pcglasso,C,0.010000000000000004,2,ok,0.006999999999997897,41.243081909464436,NA
10,0.9,0.1,0,line,pcglasso,C,0.010000000000000004,1,ok,0.002000000000000668,4.558935229506916,NA
10,0.9,0.1,0,line,pcglasso,C,0.010000000000000004,2,ok,0.0030000000000001137,4.558935229506916,NA
50,0.9,0.1,0,line,pcglasso,C,0.010000000000000004,1,ok,0.015000000000000568,31.51056699640698,NA
50,0.9,0.1,0,line,pcglasso,C,0.010000000000000004,2,ok,0.008000000000000895,31.51056699640698,NA
10,0.8,0.2,0,line,pcglasso,C,0.010000000000000004,1,ok,0.002000000000000668,6.787464833285005,NA
10,0.8,0.2,0,line,pcglasso,C,0.010000000000000004,2,ok,0.002000000000000668,6.787464833285005,NA
50,0.8,0.2,0,line,pcglasso,C,0.010000000000000004,1,ok,0.006999999999997897,49.855807008041225,NA
50,0.8,0.2,0,line,pcglasso,C,0.010000000000000004,2,ok,0.006999999999997897,49.855807008041225,NA
10,0.9,0.2,0,line,pcglasso,C,0.010000000000000004,1,ok,0.0030000000000001137,5.947818634385636,NA
10,0.9,0.2,0,line,pcglasso,C,0.010000000000000004,2,ok,0.004000000000001336,5.947818634385636,NA
50,0.9,0.2,0,line,pcglasso,C,0.010000000000000004,1,ok,0.012000000000000455,42.457071950293184,NA
50,0.9,0.2,0,line,pcglasso,C,0.010000000000000004,2,ok,0.012000000000000455,42.457071950293184,NA
10,0.8,0.1,0.5,line,pcglasso,C,0.010000000000000004,1,ok,0.002000000000000668,9.792243864004742,NA
10,0.8,0.1,0.5,line,pcglasso,C,0.010000000000000004,2,ok,0.0019999999999988916,9.792243864004742,NA
50,0.8,0.1,0.5,line,pcglasso,C,0.010000000000000004,1,ok,0.010000000000001563,41.837815501818596,NA
50,0.8,0.1,0.5,line,pcglasso,C,0.010000000000000004,2,ok,0.010000000000001563,41.837815501818596,NA
10,0.9,0.1,0.5,line,pcglasso,C,0.010000000000000004,1,ok,0.0030000000000001137,9.273096786138547,NA
10,0.9,0.1,0.5,line,pcglasso,C,0.010000000000000004,2,ok,0.0030000000000001137,9.273096786138547,NA
50,0.9,0.1,0.5,line,pcglasso,C,0.010000000000000004,1,ok,0.006999999999999673,60.63746113926423,NA
50,0.9,0.1,0.5,line,pcglasso,C,0.010000000000000004,2,ok,0.008000000000000895,60.63746113926423,NA
10,0.8,0.2,0.5,line,pcglasso,C,0.010000000000000004,1,ok,9.999999999994458e-4,10.574143262135006,NA
10,0.8,0.2,0.5,line,pcglasso,C,0.010000000000000004,2,ok,0.002000000000000668,10.574143262135006,NA
50,0.8,0.2,0.5,line,pcglasso,C,0.010000000000000004,1,ok,0.010999999999999233,43.776208616044165,NA
50,0.8,0.2,0.5,line,pcglasso,C,0.010000000000000004,2,ok,0.009000000000000341,43.776208616044165,NA
10,0.9,0.2,0.5,line,pcglasso,C,0.010000000000000004,1,ok,0.0019999999999988916,10.276723845480085,NA
10,0.9,0.2,0.5,line,pcglasso,C,0.010000000000000004,2,ok,0.002000000000000668,10.276723845480085,NA
50,0.9,0.2,0.5,line,pcglasso,C,0.010000000000000004,1,ok,0.010999999999999233,70.50299186532406,NA
50,0.9,0.2,0.5,line,pcglasso,C,0.010000000000000004,2,ok,0.012000000000000455,70.50299186532406,NA
10,0.8,0.1,0,line,pcglasso_cpp,I,0.010000000000000004,1,ok,0.0019999999999988916,5.525561470476854,NA
10,0.8,0.1,0,line,pcglasso_cpp,I,0.010000000000000004,2,ok,0.0039999999999995595,5.525561470476854,NA
50,0.8,0.1,0,line,pcglasso_cpp,I,0.010000000000000004,1,ok,0.009000000000000341,36.08414693339172,NA
50,0.8,0.1,0,line,pcglasso_cpp,I,0.010000000000000004,2,ok,0.008000000000002672,36.08414693339172,NA
10,0.9,0.1,0,line,pcglasso_cpp,I,0.010000000000000004,1,ok,0.002000000000000668,4.434027486527169,NA
10,0.9,0.1,0,line,pcglasso_cpp,I,0.010000000000000004,2,ok,0.006000000000000227,4.434027486527169,NA
50,0.9,0.1,0,line,pcglasso_cpp,I,0.010000000000000004,1,ok,0.025000000000000355,25.49158604344337,NA
50,0.9,0.1,0,line,pcglasso_cpp,I,0.010000000000000004,2,ok,0.013999999999999346,25.49158604344337,NA
10,0.8,0.2,0,line,pcglasso_cpp,I,0.010000000000000004,1,ok,0.0030000000000001137,6.526552412994729,NA
10,0.8,0.2,0,line,pcglasso_cpp,I,0.010000000000000004,2,ok,0.0030000000000001137,6.526552412994729,NA
50,0.8,0.2,0,line,pcglasso_cpp,I,0.010000000000000004,1,ok,0.006999999999997897,42.14280281481468,NA
50,0.8,0.2,0,line,pcglasso_cpp,I,0.010000000000000004,2,ok,0.008000000000002672,42.14280281481468,NA
10,0.9,0.2,0,line,pcglasso_cpp,I,0.010000000000000004,1,ok,0.0030000000000001137,5.554064618108299,NA
10,0.9,0.2,0,line,pcglasso_cpp,I,0.010000000000000004,2,ok,0.0030000000000001137,5.554064618108299,NA
50,0.9,0.2,0,line,pcglasso_cpp,I,0.010000000000000004,1,ok,0.009000000000000341,32.363744348656546,NA
50,0.9,0.2,0,line,pcglasso_cpp,I,0.010000000000000004,2,ok,0.009000000000000341,32.363744348656546,NA
10,0.8,0.1,0.5,line,pcglasso_cpp,I,0.010000000000000004,1,ok,0.002000000000000668,7.668700112957113,NA
10,0.8,0.1,0.5,line,pcglasso_cpp,I,0.010000000000000004,2,ok,0.0010000000000012221,7.668700112957113,NA
50,0.8,0.1,0.5,line,pcglasso_cpp,I,0.010000000000000004,1,ok,0.005999999999996675,40.65896682707398,NA
50,0.8,0.1,0.5,line,pcglasso_cpp,I,0.010000000000000004,2,ok,0.005999999999996675,40.65896682707398,NA
10,0.9,0.1,0.5,line,pcglasso_cpp,I,0.010000000000000004,1,ok,0.0030000000000001137,7.394784633973523,NA
10,0.9,0.1,0.5,line,pcglasso_cpp,I,0.010000000000000004,2,ok,0.002000000000000668,7.394784633973523,NA
50,0.9,0.1,0.5,line,pcglasso_cpp,I,0.010000000000000004,1,ok,0.008000000000000895,38.18307211154266,NA
50,0.9,0.1,0.5,line,pcglasso_cpp,I,0.010000000000000004,2,ok,0.007999999999999119,38.18307211154266,NA
10,0.8,0.2,0.5,line,pcglasso_cpp,I,0.010000000000000004,1,ok,0.0010000000000012221,8.188041775988506,NA
10,0.8,0.2,0.5,line,pcglasso_cpp,I,0.010000000000000004,2,ok,0.002000000000000668,8.188041775988506,NA
50,0.8,0.2,0.5,line,pcglasso_cpp,I,0.010000000000000004,1,ok,0.004000000000001336,42.10803975590497,NA
50,0.8,0.2,0.5,line,pcglasso_cpp,I,0.010000000000000004,2,ok,0.003999999999997783,42.10803975590497,NA
10,0.9,0.2,0.5,line,pcglasso_cpp,I,0.010000000000000004,1,ok,0.0030000000000001137,8.082885199977481,NA
10,0.9,0.2,0.5,line,pcglasso_cpp,I,0.010000000000000004,2,ok,0.002000000000000668,8.082885199977481,NA
50,0.9,0.2,0.5,line,pcglasso_cpp,I,0.010000000000000004,1,ok,0.006000000000000227,41.05386210789534,NA
50,0.9,0.2,0.5,line,pcglasso_cpp,I,0.010000000000000004,2,ok,0.006000000000000227,41.05386210789534,NA
10,0.8,0.1,0,line,pcglasso_fortran,I,0.010000000000000004,1,ok,0.006000000000000227,5.523593665328168,NA
10,0.8,0.1,0,line,pcglasso_fortran,I,0.010000000000000004,2,ok,0.006000000000000227,5.523593665328168,NA
50,0.8,0.1,0,line,pcglasso_fortran,I,0.010000000000000004,1,ok,0.007999999999995566,36.08064149733289,NA
50,0.8,0.1,0,line,pcglasso_fortran,I,0.010000000000000004,2,ok,0.006000000000000227,36.08064149733289,NA
10,0.9,0.1,0,line,pcglasso_fortran,I,0.010000000000000004,1,ok,0.008000000000000895,4.419747951415377,NA
10,0.9,0.1,0,line,pcglasso_fortran,I,0.010000000000000004,2,ok,0.009000000000000341,4.419747951415377,NA
50,0.9,0.1,0,line,pcglasso_fortran,I,0.010000000000000004,1,ok,0.0259999999999998,25.47669869385254,NA
50,0.9,0.1,0,line,pcglasso_fortran,I,0.010000000000000004,2,ok,0.015000000000000568,25.47669869385254,NA
10,0.8,0.2,0,line,pcglasso_fortran,I,0.010000000000000004,1,ok,0.0039999999999995595,6.52774331021918,NA
10,0.8,0.2,0,line,pcglasso_fortran,I,0.010000000000000004,2,ok,0.0030000000000001137,6.52774331021918,NA
50,0.8,0.2,0,line,pcglasso_fortran,I,0.010000000000000004,1,ok,0.006000000000000227,42.14243091591326,NA
50,0.8,0.2,0,line,pcglasso_fortran,I,0.010000000000000004,2,ok,0.006000000000000227,42.14243091591326,NA
10,0.9,0.2,0,line,pcglasso_fortran,I,0.010000000000000004,1,ok,0.0039999999999995595,5.5523465181191956,NA
10,0.9,0.2,0,line,pcglasso_fortran,I,0.010000000000000004,2,ok,0.004000000000001336,5.5523465181191956,NA
50,0.9,0.2,0,line,pcglasso_fortran,I,0.010000000000000004,1,ok,0.006000000000000227,32.36409897522108,NA
50,0.9,0.2,0,line,pcglasso_fortran,I,0.010000000000000004,2,ok,0.008000000000000895,32.36409897522108,NA
10,0.8,0.1,0.5,line,pcglasso_fortran,I,0.010000000000000004,1,ok,0.002000000000000668,7.6691322224130465,NA
10,0.8,0.1,0.5,line,pcglasso_fortran,I,0.010000000000000004,2,ok,0.0019999999999988916,7.6691322224130465,NA
50,0.8,0.1,0.5,line,pcglasso_fortran,I,0.010000000000000004,1,ok,0.006000000000000227,40.65772734698385,NA
50,0.8,0.1,0.5,line,pcglasso_fortran,I,0.010000000000000004,2,ok,0.006000000000000227,40.65772734698385,NA
10,0.9,0.1,0.5,line,pcglasso_fortran,I,0.010000000000000004,1,ok,0.0039999999999995595,7.393481352287414,NA
10,0.9,0.1,0.5,line,pcglasso_fortran,I,0.010000000000000004,2,ok,0.0030000000000001137,7.393481352287414,NA
50,0.9,0.1,0.5,line,pcglasso_fortran,I,0.010000000000000004,1,ok,0.008999999999998565,38.183146257507254,NA
50,0.9,0.1,0.5,line,pcglasso_fortran,I,0.010000000000000004,2,ok,0.009000000000000341,38.183146257507254,NA
10,0.8,0.2,0.5,line,pcglasso_fortran,I,0.010000000000000004,1,ok,0.0019999999999988916,8.187568782322277,NA
10,0.8,0.2,0.5,line,pcglasso_fortran,I,0.010000000000000004,2,ok,0.0030000000000001137,8.187568782322277,NA
50,0.8,0.2,0.5,line,pcglasso_fortran,I,0.010000000000000004,1,ok,0.0030000000000001137,42.107970963708766,NA
50,0.8,0.2,0.5,line,pcglasso_fortran,I,0.010000000000000004,2,ok,0.0020000000000024443,42.107970963708766,NA
10,0.9,0.2,0.5,line,pcglasso_fortran,I,0.010000000000000004,1,ok,0.0030000000000001137,8.082821401745253,NA
10,0.9,0.2,0.5,line,pcglasso_fortran,I,0.010000000000000004,2,ok,0.0030000000000001137,8.082821401745253,NA
50,0.9,0.2,0.5,line,pcglasso_fortran,I,0.010000000000000004,1,ok,0.005000000000000782,41.050646390331416,NA
50,0.9,0.2,0.5,line,pcglasso_fortran,I,0.010000000000000004,2,ok,0.005000000000000782,41.050646390331416,NA
10,0.8,0.1,0,line,pcglasso,I,0.010000000000000004,1,ok,0.008000000000000895,6.1034850497371185,NA
10,0.8,0.1,0,line,pcglasso,I,0.010000000000000004,2,ok,0.009999999999999787,6.1034850497371185,NA
50,0.8,0.1,0,line,pcglasso,I,0.010000000000000004,1,ok,0.009000000000000341,37.24775283900136,NA
50,0.8,0.1,0,line,pcglasso,I,0.010000000000000004,2,ok,0.007999999999995566,37.24775283900136,NA
10,0.9,0.1,0,line,pcglasso,I,0.010000000000000004,1,ok,0.0030000000000001137,5.244143819631935,NA
10,0.9,0.1,0,line,pcglasso,I,0.010000000000000004,2,ok,0.0030000000000001137,5.244143819631935,NA
50,0.9,0.1,0,line,pcglasso,I,0.010000000000000004,1,ok,0.013999999999999346,28.715789328095447,NA
50,0.9,0.1,0,line,pcglasso,I,0.010000000000000004,2,ok,0.008000000000000895,28.715789328095447,NA
10,0.8,0.2,0,line,pcglasso,I,0.010000000000000004,1,ok,0.0030000000000001137,7.076205005411763,NA
10,0.8,0.2,0,line,pcglasso,I,0.010000000000000004,2,ok,0.0030000000000001137,7.076205005411763,NA
50,0.8,0.2,0,line,pcglasso,I,0.010000000000000004,1,ok,0.007000000000005002,42.765370169586326,NA
50,0.8,0.2,0,line,pcglasso,I,0.010000000000000004,2,ok,0.006999999999997897,42.765370169586326,NA
10,0.9,0.2,0,line,pcglasso,I,0.010000000000000004,1,ok,0.0030000000000001137,6.277558901472122,NA
10,0.9,0.2,0,line,pcglasso,I,0.010000000000000004,2,ok,0.0030000000000001137,6.277558901472122,NA
50,0.9,0.2,0,line,pcglasso,I,0.010000000000000004,1,ok,0.010999999999999233,34.770630696907006,NA
50,0.9,0.2,0,line,pcglasso,I,0.010000000000000004,2,ok,0.010999999999999233,34.770630696907006,NA
10,0.8,0.1,0.5,line,pcglasso,I,0.010000000000000004,1,ok,0.0030000000000001137,7.741442237337879,NA
10,0.8,0.1,0.5,line,pcglasso,I,0.010000000000000004,2,ok,9.999999999994458e-4,7.741442237337879,NA
50,0.8,0.1,0.5,line,pcglasso,I,0.010000000000000004,1,ok,0.005000000000002558,40.71452346672444,NA
50,0.8,0.1,0.5,line,pcglasso,I,0.010000000000000004,2,ok,0.005000000000002558,40.71452346672444,NA
10,0.9,0.1,0.5,line,pcglasso,I,0.010000000000000004,1,ok,0.0019999999999988916,7.516441576367416,NA
10,0.9,0.1,0.5,line,pcglasso,I,0.010000000000000004,2,ok,0.0030000000000001137,7.516441576367416,NA
50,0.9,0.1,0.5,line,pcglasso,I,0.010000000000000004,1,ok,0.0070000000000014495,38.55670367571017,NA
50,0.9,0.1,0.5,line,pcglasso,I,0.010000000000000004,2,ok,0.006000000000000227,38.55670367571017,NA
10,0.8,0.2,0.5,line,pcglasso,I,0.010000000000000004,1,ok,0.002000000000000668,8.227550644022884,NA
10,0.8,0.2,0.5,line,pcglasso,I,0.010000000000000004,2,ok,0.0030000000000001137,8.227550644022884,NA
50,0.8,0.2,0.5,line,pcglasso,I,0.010000000000000004,1,ok,0.0070000000000014495,42.10891528146854,NA
50,0.8,0.2,0.5,line,pcglasso,I,0.010000000000000004,2,ok,0.006000000000000227,42.10891528146854,NA
10,0.9,0.2,0.5,line,pcglasso,I,0.010000000000000004,1,ok,0.0030000000000001137,8.185652998999771,NA
10,0.9,0.2,0.5,line,pcglasso,I,0.010000000000000004,2,ok,0.0019999999999988916,8.185652998999771,NA
50,0.9,0.2,0.5,line,pcglasso,I,0.010000000000000004,1,ok,0.004999999999999005,41.23739840465905,NA
50,0.9,0.2,0.5,line,pcglasso,I,0.010000000000000004,2,ok,0.0039999999999995595,41.23739840465905,NA
10,0.8,0.1,0,line,pcglasso_cpp,C,0.002848035868435802,1,ok,0.002000000000000668,5.525740840853078,NA
10,0.8,0.1,0,line,pcglasso_cpp,C,0.002848035868435802,2,ok,0.004000000000001336,5.525740840853078,NA
50,0.8,0.1,0,line,pcglasso_cpp,C,0.002848035868435802,1,ok,0.02200000000000557,36.082314270987055,NA
50,0.8,0.1,0,line,pcglasso_cpp,C,0.002848035868435802,2,ok,0.019000000000005457,36.082314270987055,NA
10,0.9,0.1,0,line,pcglasso_cpp,C,0.002848035868435802,1,ok,0.006000000000000227,4.419524368803061,NA
10,0.9,0.1,0,line,pcglasso_cpp,C,0.002848035868435802,2,ok,0.006000000000000227,4.419524368803061,NA
50,0.9,0.1,0,line,pcglasso_cpp,C,0.002848035868435802,1,ok,0.06099999999999994,25.47911568318304,NA
50,0.9,0.1,0,line,pcglasso_cpp,C,0.002848035868435802,2,ok,0.032999999999999474,25.47911568318304,NA
10,0.8,0.2,0,line,pcglasso_cpp,C,0.002848035868435802,1,ok,0.0039999999999995595,6.5271230332868,NA
10,0.8,0.2,0,line,pcglasso_cpp,C,0.002848035868435802,2,ok,0.0019999999999988916,6.5271230332868,NA
50,0.8,0.2,0,line,pcglasso_cpp,C,0.002848035868435802,1,ok,0.01199999999999335,42.14264214211422,NA
50,0.8,0.2,0,line,pcglasso_cpp,C,0.002848035868435802,2,ok,0.012000000000000455,42.14264214211422,NA
10,0.9,0.2,0,line,pcglasso_cpp,C,0.002848035868435802,1,ok,0.005000000000000782,5.548106261756234,NA
10,0.9,0.2,0,line,pcglasso_cpp,C,0.002848035868435802,2,ok,0.006000000000000227,5.548106261756234,NA
50,0.9,0.2,0,line,pcglasso_cpp,C,0.002848035868435802,1,ok,0.017000000000001236,32.361000909984156,NA
50,0.9,0.2,0,line,pcglasso_cpp,C,0.002848035868435802,2,ok,0.01699999999999946,32.361000909984156,NA
10,0.8,0.1,0.5,line,pcglasso_cpp,C,0.002848035868435802,1,ok,0.0019999999999988916,7.667874877039966,NA
10,0.8,0.1,0.5,line,pcglasso_cpp,C,0.002848035868435802,2,ok,0.002000000000000668,7.667874877039966,NA
50,0.8,0.1,0.5,line,pcglasso_cpp,C,0.002848035868435802,1,ok,0.009000000000000341,40.65792268851503,NA
50,0.8,0.1,0.5,line,pcglasso_cpp,C,0.002848035868435802,2,ok,0.009000000000000341,40.65792268851503,NA
10,0.9,0.1,0.5,line,pcglasso_cpp,C,0.002848035868435802,1,ok,0.0019999999999988916,7.393570424644422,NA
10,0.9,0.1,0.5,line,pcglasso_cpp,C,0.002848035868435802,2,ok,0.0030000000000001137,7.393570424644422,NA
50,0.9,0.1,0.5,line,pcglasso_cpp,C,0.002848035868435802,1,ok,0.010999999999999233,38.18275303037298,NA
50,0.9,0.1,0.5,line,pcglasso_cpp,C,0.002848035868435802,2,ok,0.011000000000001009,38.18275303037298,NA
10,0.8,0.2,0.5,line,pcglasso_cpp,C,0.002848035868435802,1,ok,0.0019999999999988916,8.18509079062971,NA
10,0.8,0.2,0.5,line,pcglasso_cpp,C,0.002848035868435802,2,ok,0.0030000000000001137,8.18509079062971,NA
50,0.8,0.2,0.5,line,pcglasso_cpp,C,0.002848035868435802,1,ok,0.008999999999996788,42.10729531254058,NA
50,0.8,0.2,0.5,line,pcglasso_cpp,C,0.002848035868435802,2,ok,0.008000000000002672,42.10729531254058,NA
10,0.9,0.2,0.5,line,pcglasso_cpp,C,0.002848035868435802,1,ok,0.0030000000000001137,8.078659876910997,NA
10,0.9,0.2,0.5,line,pcglasso_cpp,C,0.002848035868435802,2,ok,0.0030000000000001137,8.078659876910997,NA
50,0.9,0.2,0.5,line,pcglasso_cpp,C,0.002848035868435802,1,ok,0.011000000000001009,41.050581142223095,NA
50,0.9,0.2,0.5,line,pcglasso_cpp,C,0.002848035868435802,2,ok,0.012000000000000455,41.050581142223095,NA
10,0.8,0.1,0,line,pcglasso_fortran,C,0.002848035868435802,1,ok,0.002000000000000668,5.523462331047059,NA
10,0.8,0.1,0,line,pcglasso_fortran,C,0.002848035868435802,2,ok,0.0039999999999995595,5.523462331047059,NA
50,0.8,0.1,0,line,pcglasso_fortran,C,0.002848035868435802,1,ok,0.022999999999996135,36.081542343199125,NA
50,0.8,0.1,0,line,pcglasso_fortran,C,0.002848035868435802,2,ok,0.013999999999995794,36.081542343199125,NA
10,0.9,0.1,0,line,pcglasso_fortran,C,0.002848035868435802,1,ok,0.0039999999999995595,4.419827513737885,NA
10,0.9,0.1,0,line,pcglasso_fortran,C,0.002848035868435802,2,ok,0.004999999999999005,4.419827513737885,NA
50,0.9,0.1,0,line,pcglasso_fortran,C,0.002848035868435802,1,ok,0.036000000000001364,25.476679505756245,NA
50,0.9,0.1,0,line,pcglasso_fortran,C,0.002848035868435802,2,ok,0.019000000000000128,25.476679505756245,NA
10,0.8,0.2,0,line,pcglasso_fortran,C,0.002848035868435802,1,ok,0.004999999999999005,6.526385061286342,NA
10,0.8,0.2,0,line,pcglasso_fortran,C,0.002848035868435802,2,ok,0.0030000000000001137,6.526385061286342,NA
50,0.8,0.2,0,line,pcglasso_fortran,C,0.002848035868435802,1,ok,0.007000000000005002,42.14277104027849,NA
50,0.8,0.2,0,line,pcglasso_fortran,C,0.002848035868435802,2,ok,0.006999999999997897,42.14277104027849,NA
10,0.9,0.2,0,line,pcglasso_fortran,C,0.002848035868435802,1,ok,0.005000000000000782,5.548797748516827,NA
10,0.9,0.2,0,line,pcglasso_fortran,C,0.002848035868435802,2,ok,0.006000000000000227,5.548797748516827,NA
50,0.9,0.2,0,line,pcglasso_fortran,C,0.002848035868435802,1,ok,0.011999999999998678,32.36444532802627,NA
50,0.9,0.2,0,line,pcglasso_fortran,C,0.002848035868435802,2,ok,0.012000000000000455,32.36444532802627,NA
10,0.8,0.1,0.5,line,pcglasso_fortran,C,0.002848035868435802,1,ok,0.0030000000000001137,7.667332906424344,NA
10,0.8,0.1,0.5,line,pcglasso_fortran,C,0.002848035868435802,2,ok,0.0039999999999995595,7.667332906424344,NA
50,0.8,0.1,0.5,line,pcglasso_fortran,C,0.002848035868435802,1,ok,0.006000000000000227,40.657746826755805,NA
50,0.8,0.1,0.5,line,pcglasso_fortran,C,0.002848035868435802,2,ok,0.005999999999996675,40.657746826755805,NA
10,0.9,0.1,0.5,line,pcglasso_fortran,C,0.002848035868435802,1,ok,0.0039999999999995595,7.39463098243872,NA
10,0.9,0.1,0.5,line,pcglasso_fortran,C,0.002848035868435802,2,ok,0.005000000000000782,7.39463098243872,NA
50,0.9,0.1,0.5,line,pcglasso_fortran,C,0.002848035868435802,1,ok,0.007999999999999119,38.18288508744804,NA
50,0.9,0.1,0.5,line,pcglasso_fortran,C,0.002848035868435802,2,ok,0.007999999999999119,38.18288508744804,NA
10,0.8,0.2,0.5,line,pcglasso_fortran,C,0.002848035868435802,1,ok,0.0019999999999988916,8.184645167855807,NA
10,0.8,0.2,0.5,line,pcglasso_fortran,C,0.002848035868435802,2,ok,0.0039999999999995595,8.184645167855807,NA
50,0.8,0.2,0.5,line,pcglasso_fortran,C,0.002848035868435802,1,ok,0.006000000000000227,42.10704764174504,NA
50,0.8,0.2,0.5,line,pcglasso_fortran,C,0.002848035868435802,2,ok,0.005999999999996675,42.10704764174504,NA
10,0.9,0.2,0.5,line,pcglasso_fortran,C,0.002848035868435802,1,ok,0.005000000000000782,8.077960119678064,NA
10,0.9,0.2,0.5,line,pcglasso_fortran,C,0.002848035868435802,2,ok,0.004000000000001336,8.077960119678064,NA
50,0.9,0.2,0.5,line,pcglasso_fortran,C,0.002848035868435802,1,ok,0.006999999999999673,41.05032707768305,NA
50,0.9,0.2,0.5,line,pcglasso_fortran,C,0.002848035868435802,2,ok,0.006999999999999673,41.05032707768305,NA
10,0.8,0.1,0,line,pcglasso,C,0.002848035868435802,1,ok,0.002000000000000668,5.568360267788166,NA
10,0.8,0.1,0,line,pcglasso,C,0.002848035868435802,2,ok,0.0030000000000001137,5.568360267788166,NA
50,0.8,0.1,0,line,pcglasso,C,0.002848035868435802,1,ok,0.016000000000005343,37.282330395301614,NA
50,0.8,0.1,0,line,pcglasso,C,0.002848035868435802,2,ok,0.012000000000000455,37.282330395301614,NA
10,0.9,0.1,0,line,pcglasso,C,0.002848035868435802,1,ok,0.0030000000000001137,4.483281971874498,NA
10,0.9,0.1,0,line,pcglasso,C,0.002848035868435802,2,ok,0.0039999999999995595,4.483281971874498,NA
50,0.9,0.1,0,line,pcglasso,C,0.002848035868435802,1,ok,0.02999999999999936,27.78640786612057,NA
50,0.9,0.1,0,line,pcglasso,C,0.002848035868435802,2,ok,0.01699999999999946,27.78640786612057,NA
10,0.8,0.2,0,line,pcglasso,C,0.002848035868435802,1,ok,0.0039999999999995595,6.606214826760304,NA
10,0.8,0.2,0,line,pcglasso,C,0.002848035868435802,2,ok,0.0030000000000001137,6.606214826760304,NA
50,0.8,0.2,0,line,pcglasso,C,0.002848035868435802,1,ok,0.018000000000000682,42.44541865651709,NA
50,0.8,0.2,0,line,pcglasso,C,0.002848035868435802,2,ok,0.020000000000003126,42.44541865651709,NA
10,0.9,0.2,0,line,pcglasso,C,0.002848035868435802,1,ok,0.0030000000000001137,5.679043205265688,NA
10,0.9,0.2,0,line,pcglasso,C,0.002848035868435802,2,ok,0.0029999999999983373,5.679043205265688,NA
50,0.9,0.2,0,line,pcglasso,C,0.002848035868435802,1,ok,0.019999999999999574,33.48771963037358,NA
50,0.9,0.2,0,line,pcglasso,C,0.002848035868435802,2,ok,0.02099999999999902,33.48771963037358,NA
10,0.8,0.1,0.5,line,pcglasso,C,0.002848035868435802,1,ok,0.004000000000001336,7.717547794802148,NA
10,0.8,0.1,0.5,line,pcglasso,C,0.002848035868435802,2,ok,0.0039999999999995595,7.717547794802148,NA
50,0.8,0.1,0.5,line,pcglasso,C,0.002848035868435802,1,ok,0.01699999999999946,40.6850096951232,NA
50,0.8,0.1,0.5,line,pcglasso,C,0.002848035868435802,2,ok,0.017000000000003013,40.6850096951232,NA
10,0.9,0.1,0.5,line,pcglasso,C,0.002848035868435802,1,ok,0.005000000000000782,7.477310634454603,NA
10,0.9,0.1,0.5,line,pcglasso,C,0.002848035868435802,2,ok,0.004999999999999005,7.477310634454603,NA
50,0.9,0.1,0.5,line,pcglasso,C,0.002848035868435802,1,ok,0.019999999999999574,38.290393471301435,NA
50,0.9,0.1,0.5,line,pcglasso,C,0.002848035868435802,2,ok,0.021000000000000796,38.290393471301435,NA
10,0.8,0.2,0.5,line,pcglasso,C,0.002848035868435802,1,ok,0.0030000000000001137,8.274954916794384,NA
10,0.8,0.2,0.5,line,pcglasso,C,0.002848035868435802,2,ok,0.004999999999999005,8.274954916794384,NA
50,0.8,0.2,0.5,line,pcglasso,C,0.002848035868435802,1,ok,0.018000000000000682,42.10855326174075,NA
50,0.8,0.2,0.5,line,pcglasso,C,0.002848035868435802,2,ok,0.018000000000000682,42.10855326174075,NA
10,0.9,0.2,0.5,line,pcglasso,C,0.002848035868435802,1,ok,0.004999999999999005,8.214320281612993,NA
10,0.9,0.2,0.5,line,pcglasso,C,0.002848035868435802,2,ok,0.0039999999999995595,8.214320281612993,NA
50,0.9,0.2,0.5,line,pcglasso,C,0.002848035868435802,1,ok,0.02400000000000091,41.200043439285366,NA
50,0.9,0.2,0.5,line,pcglasso,C,0.002848035868435802,2,ok,0.022999999999999687,41.200043439285366,NA
10,0.8,0.1,0,line,pcglasso_cpp,I,0.002848035868435802,1,ok,0.0030000000000001137,5.523633200923151,NA
10,0.8,0.1,0,line,pcglasso_cpp,I,0.002848035868435802,2,ok,0.0030000000000001137,5.523633200923151,NA
50,0.8,0.1,0,line,pcglasso_cpp,I,0.002848035868435802,1,ok,0.01099999999999568,36.081602540454,NA
50,0.8,0.1,0,line,pcglasso_cpp,I,0.002848035868435802,2,ok,0.00999999999999801,36.081602540454,NA
10,0.9,0.1,0,line,pcglasso_cpp,I,0.002848035868435802,1,ok,0.004000000000001336,4.422366980103627,NA
10,0.9,0.1,0,line,pcglasso_cpp,I,0.002848035868435802,2,ok,0.006000000000000227,4.422366980103627,NA
50,0.9,0.1,0,line,pcglasso_cpp,I,0.002848035868435802,1,ok,0.03300000000000125,25.480287162026173,NA
50,0.9,0.1,0,line,pcglasso_cpp,I,0.002848035868435802,2,ok,0.018000000000000682,25.480287162026173,NA
10,0.8,0.2,0,line,pcglasso_cpp,I,0.002848035868435802,1,ok,0.0039999999999995595,6.525370865851165,NA
10,0.8,0.2,0,line,pcglasso_cpp,I,0.002848035868435802,2,ok,0.0030000000000001137,6.525370865851165,NA
50,0.8,0.2,0,line,pcglasso_cpp,I,0.002848035868435802,1,ok,0.007999999999995566,42.14280281481468,NA
50,0.8,0.2,0,line,pcglasso_cpp,I,0.002848035868435802,2,ok,0.008000000000002672,42.14280281481468,NA
10,0.9,0.2,0,line,pcglasso_cpp,I,0.002848035868435802,1,ok,0.0030000000000001137,5.551333146939362,NA
10,0.9,0.2,0,line,pcglasso_cpp,I,0.002848035868435802,2,ok,0.0030000000000001137,5.551333146939362,NA
50,0.9,0.2,0,line,pcglasso_cpp,I,0.002848035868435802,1,ok,0.009999999999999787,32.361479981604006,NA
50,0.9,0.2,0,line,pcglasso_cpp,I,0.002848035868435802,2,ok,0.011000000000001009,32.361479981604006,NA
10,0.8,0.1,0.5,line,pcglasso_cpp,I,0.002848035868435802,1,ok,0.0030000000000001137,7.6675637706900455,NA
10,0.8,0.1,0.5,line,pcglasso_cpp,I,0.002848035868435802,2,ok,0.002000000000000668,7.6675637706900455,NA
50,0.8,0.1,0.5,line,pcglasso_cpp,I,0.002848035868435802,1,ok,0.006000000000000227,40.65782042632996,NA
50,0.8,0.1,0.5,line,pcglasso_cpp,I,0.002848035868435802,2,ok,0.006999999999997897,40.65782042632996,NA
10,0.9,0.1,0.5,line,pcglasso_cpp,I,0.002848035868435802,1,ok,0.0030000000000001137,7.39342922459886,NA
10,0.9,0.1,0.5,line,pcglasso_cpp,I,0.002848035868435802,2,ok,0.0030000000000001137,7.39342922459886,NA
50,0.9,0.1,0.5,line,pcglasso_cpp,I,0.002848035868435802,1,ok,0.010999999999999233,38.18307211154266,NA
50,0.9,0.1,0.5,line,pcglasso_cpp,I,0.002848035868435802,2,ok,0.010999999999999233,38.18307211154266,NA
10,0.8,0.2,0.5,line,pcglasso_cpp,I,0.002848035868435802,1,ok,9.999999999994458e-4,8.185753244423337,NA
10,0.8,0.2,0.5,line,pcglasso_cpp,I,0.002848035868435802,2,ok,0.0030000000000001137,8.185753244423337,NA
50,0.8,0.2,0.5,line,pcglasso_cpp,I,0.002848035868435802,1,ok,0.004999999999999005,42.10716526466569,NA
50,0.8,0.2,0.5,line,pcglasso_cpp,I,0.002848035868435802,2,ok,0.006000000000000227,42.10716526466569,NA
10,0.9,0.2,0.5,line,pcglasso_cpp,I,0.002848035868435802,1,ok,0.0030000000000001137,8.078385875130671,NA
10,0.9,0.2,0.5,line,pcglasso_cpp,I,0.002848035868435802,2,ok,0.0030000000000001137,8.078385875130671,NA
50,0.9,0.2,0.5,line,pcglasso_cpp,I,0.002848035868435802,1,ok,0.008000000000000895,41.051208434073295,NA
50,0.9,0.2,0.5,line,pcglasso_cpp,I,0.002848035868435802,2,ok,0.007999999999999119,41.051208434073295,NA
10,0.8,0.1,0,line,pcglasso_fortran,I,0.002848035868435802,1,ok,0.004999999999999005,5.522519374178432,NA
10,0.8,0.1,0,line,pcglasso_fortran,I,0.002848035868435802,2,ok,0.006000000000000227,5.522519374178432,NA
50,0.8,0.1,0,line,pcglasso_fortran,I,0.002848035868435802,1,ok,0.007999999999995566,36.08064149733289,NA
50,0.8,0.1,0,line,pcglasso_fortran,I,0.002848035868435802,2,ok,0.006999999999997897,36.08064149733289,NA
10,0.9,0.1,0,line,pcglasso_fortran,I,0.002848035868435802,1,ok,0.007999999999999119,4.415339091774796,NA
10,0.9,0.1,0,line,pcglasso_fortran,I,0.002848035868435802,2,ok,0.009999999999999787,4.415339091774796,NA
50,0.9,0.1,0,line,pcglasso_fortran,I,0.002848035868435802,1,ok,0.025000000000000355,25.475594288715506,NA
50,0.9,0.1,0,line,pcglasso_fortran,I,0.002848035868435802,2,ok,0.0129999999999999,25.475594288715506,NA
10,0.8,0.2,0,line,pcglasso_fortran,I,0.002848035868435802,1,ok,0.005000000000000782,6.526416272710203,NA
10,0.8,0.2,0,line,pcglasso_fortran,I,0.002848035868435802,2,ok,0.0039999999999995595,6.526416272710203,NA
50,0.8,0.2,0,line,pcglasso_fortran,I,0.002848035868435802,1,ok,0.006000000000000227,42.14243091591326,NA
50,0.8,0.2,0,line,pcglasso_fortran,I,0.002848035868435802,2,ok,0.005000000000002558,42.14243091591326,NA
10,0.9,0.2,0,line,pcglasso_fortran,I,0.002848035868435802,1,ok,0.006000000000000227,5.5495364712064426,NA
10,0.9,0.2,0,line,pcglasso_fortran,I,0.002848035868435802,2,ok,0.004999999999999005,5.5495364712064426,NA
50,0.9,0.2,0,line,pcglasso_fortran,I,0.002848035868435802,1,ok,0.011000000000001009,32.36145083863249,NA
50,0.9,0.2,0,line,pcglasso_fortran,I,0.002848035868435802,2,ok,0.0129999999999999,32.36145083863249,NA
10,0.8,0.1,0.5,line,pcglasso_fortran,I,0.002848035868435802,1,ok,0.0029999999999983373,7.667336329518378,NA
10,0.8,0.1,0.5,line,pcglasso_fortran,I,0.002848035868435802,2,ok,0.002000000000000668,7.667336329518378,NA
50,0.8,0.1,0.5,line,pcglasso_fortran,I,0.002848035868435802,1,ok,0.0030000000000001137,40.65772734698385,NA
50,0.8,0.1,0.5,line,pcglasso_fortran,I,0.002848035868435802,2,ok,0.004000000000001336,40.65772734698385,NA
10,0.9,0.1,0.5,line,pcglasso_fortran,I,0.002848035868435802,1,ok,0.0030000000000001137,7.393351486135549,NA
10,0.9,0.1,0.5,line,pcglasso_fortran,I,0.002848035868435802,2,ok,0.0039999999999995595,7.393351486135549,NA
50,0.9,0.1,0.5,line,pcglasso_fortran,I,0.002848035868435802,1,ok,0.006000000000000227,38.183146257507254,NA
50,0.9,0.1,0.5,line,pcglasso_fortran,I,0.002848035868435802,2,ok,0.005000000000000782,38.183146257507254,NA
10,0.8,0.2,0.5,line,pcglasso_fortran,I,0.002848035868435802,1,ok,0.002000000000000668,8.185308769756787,NA
10,0.8,0.2,0.5,line,pcglasso_fortran,I,0.002848035868435802,2,ok,0.0030000000000001137,8.185308769756787,NA
50,0.8,0.2,0.5,line,pcglasso_fortran,I,0.002848035868435802,1,ok,0.0030000000000001137,42.10714605345041,NA
50,0.8,0.2,0.5,line,pcglasso_fortran,I,0.002848035868435802,2,ok,0.0030000000000001137,42.10714605345041,NA
10,0.9,0.2,0.5,line,pcglasso_fortran,I,0.002848035868435802,1,ok,0.0030000000000001137,8.078499695988326,NA
10,0.9,0.2,0.5,line,pcglasso_fortran,I,0.002848035868435802,2,ok,0.0030000000000001137,8.078499695988326,NA
50,0.9,0.2,0.5,line,pcglasso_fortran,I,0.002848035868435802,1,ok,0.0039999999999995595,41.05066066000008,NA
50,0.9,0.2,0.5,line,pcglasso_fortran,I,0.002848035868435802,2,ok,0.004000000000001336,41.05066066000008,NA
10,0.8,0.1,0,line,pcglasso,I,0.002848035868435802,1,ok,0.0030000000000001137,5.743332831668152,NA
10,0.8,0.1,0,line,pcglasso,I,0.002848035868435802,2,ok,0.0030000000000001137,5.743332831668152,NA
50,0.8,0.1,0,line,pcglasso,I,0.002848035868435802,1,ok,0.013999999999995794,36.36123321351924,NA
50,0.8,0.1,0,line,pcglasso,I,0.002848035868435802,2,ok,0.012000000000000455,36.36123321351924,NA
10,0.9,0.1,0,line,pcglasso,I,0.002848035868435802,1,ok,0.004000000000001336,4.721428215223691,NA
10,0.9,0.1,0,line,pcglasso,I,0.002848035868435802,2,ok,0.005000000000000782,4.721428215223691,NA
50,0.9,0.1,0,line,pcglasso,I,0.002848035868435802,1,ok,0.02999999999999936,25.966009074772675,NA
50,0.9,0.1,0,line,pcglasso,I,0.002848035868435802,2,ok,0.016000000000000014,25.966009074772675,NA
10,0.8,0.2,0,line,pcglasso,I,0.002848035868435802,1,ok,0.0039999999999995595,6.733551927879432,NA
10,0.8,0.2,0,line,pcglasso,I,0.002848035868435802,2,ok,0.0039999999999995595,6.733551927879432,NA
50,0.8,0.2,0,line,pcglasso,I,0.002848035868435802,1,ok,0.011000000000002785,42.2846280579379,NA
50,0.8,0.2,0,line,pcglasso,I,0.002848035868435802,2,ok,0.011000000000002785,42.2846280579379,NA
10,0.9,0.2,0,line,pcglasso,I,0.002848035868435802,1,ok,0.0039999999999995595,5.819425535380323,NA
10,0.9,0.2,0,line,pcglasso,I,0.002848035868435802,2,ok,0.0030000000000001137,5.819425535380323,NA
50,0.9,0.2,0,line,pcglasso,I,0.002848035868435802,1,ok,0.012000000000000455,33.018434536184245,NA
50,0.9,0.2,0,line,pcglasso,I,0.002848035868435802,2,ok,0.0129999999999999,33.018434536184245,NA
10,0.8,0.1,0.5,line,pcglasso,I,0.002848035868435802,1,ok,0.004000000000001336,7.683221834446074,NA
10,0.8,0.1,0.5,line,pcglasso,I,0.002848035868435802,2,ok,0.002000000000000668,7.683221834446074,NA
50,0.8,0.1,0.5,line,pcglasso,I,0.002848035868435802,1,ok,0.012000000000000455,40.66804414637067,NA
50,0.8,0.1,0.5,line,pcglasso,I,0.002848035868435802,2,ok,0.010999999999999233,40.66804414637067,NA
10,0.9,0.1,0.5,line,pcglasso,I,0.002848035868435802,1,ok,0.0039999999999995595,7.420499577886657,NA
10,0.9,0.1,0.5,line,pcglasso,I,0.002848035868435802,2,ok,0.004000000000001336,7.420499577886657,NA
50,0.9,0.1,0.5,line,pcglasso,I,0.002848035868435802,1,ok,0.011000000000001009,38.256294863980706,NA
50,0.9,0.1,0.5,line,pcglasso,I,0.002848035868435802,2,ok,0.010999999999999233,38.256294863980706,NA
10,0.8,0.2,0.5,line,pcglasso,I,0.002848035868435802,1,ok,0.0019999999999988916,8.200809149147412,NA
10,0.8,0.2,0.5,line,pcglasso,I,0.002848035868435802,2,ok,0.0030000000000001137,8.200809149147412,NA
50,0.8,0.2,0.5,line,pcglasso,I,0.002848035868435802,1,ok,0.005000000000002558,42.112937196370204,NA
50,0.8,0.2,0.5,line,pcglasso,I,0.002848035868435802,2,ok,0.004999999999999005,42.112937196370204,NA
10,0.9,0.2,0.5,line,pcglasso,I,0.002848035868435802,1,ok,0.0039999999999995595,8.109275772752412,NA
10,0.9,0.2,0.5,line,pcglasso,I,0.002848035868435802,2,ok,0.0039999999999995595,8.109275772752412,NA
50,0.9,0.2,0.5,line,pcglasso,I,0.002848035868435802,1,ok,0.009000000000000341,41.09047212850929,NA
50,0.9,0.2,0.5,line,pcglasso,I,0.002848035868435802,2,ok,0.009000000000000341,41.09047212850929,NA
10,0.8,0.1,0,line,pcglasso_cpp,C,8.11130830789687e-4,1,ok,0.0039999999999995595,5.522753148036991,NA
10,0.8,0.1,0,line,pcglasso_cpp,C,8.11130830789687e-4,2,ok,0.005000000000000782,5.522753148036991,NA
50,0.8,0.1,0,line,pcglasso_cpp,C,8.11130830789687e-4,1,ok,0.02400000000000091,36.08063019058777,NA
50,0.8,0.1,0,line,pcglasso_cpp,C,8.11130830789687e-4,2,ok,0.021000000000000796,36.08063019058777,NA
10,0.9,0.1,0,line,pcglasso_cpp,C,8.11130830789687e-4,1,ok,0.006999999999999673,4.415480348274434,NA
10,0.9,0.1,0,line,pcglasso_cpp,C,8.11130830789687e-4,2,ok,0.010999999999999233,4.415480348274434,NA
50,0.9,0.1,0,line,pcglasso_cpp,C,8.11130830789687e-4,1,ok,0.07000000000000028,25.476347305080846,NA
50,0.9,0.1,0,line,pcglasso_cpp,C,8.11130830789687e-4,2,ok,0.038000000000000256,25.476347305080846,NA
10,0.8,0.2,0,line,pcglasso_cpp,C,8.11130830789687e-4,1,ok,0.0039999999999995595,6.525524705946509,NA
10,0.8,0.2,0,line,pcglasso_cpp,C,8.11130830789687e-4,2,ok,0.0030000000000001137,6.525524705946509,NA
50,0.8,0.2,0,line,pcglasso_cpp,C,8.11130830789687e-4,1,ok,0.012000000000000455,42.14264214211422,NA
50,0.8,0.2,0,line,pcglasso_cpp,C,8.11130830789687e-4,2,ok,0.012000000000000455,42.14264214211422,NA
10,0.9,0.2,0,line,pcglasso_cpp,C,8.11130830789687e-4,1,ok,0.005000000000000782,5.547439080747453,NA
10,0.9,0.2,0,line,pcglasso_cpp,C,8.11130830789687e-4,2,ok,0.006000000000000227,5.547439080747453,NA
50,0.9,0.2,0,line,pcglasso_cpp,C,8.11130830789687e-4,1,ok,0.019999999999999574,32.359668957530836,NA
50,0.9,0.2,0,line,pcglasso_cpp,C,8.11130830789687e-4,2,ok,0.019000000000000128,32.359668957530836,NA
10,0.8,0.1,0.5,line,pcglasso_cpp,C,8.11130830789687e-4,1,ok,0.0030000000000001137,7.667338883352139,NA
10,0.8,0.1,0.5,line,pcglasso_cpp,C,8.11130830789687e-4,2,ok,0.0019999999999988916,7.667338883352139,NA
50,0.8,0.1,0.5,line,pcglasso_cpp,C,8.11130830789687e-4,1,ok,0.010000000000001563,40.65766870727863,NA
50,0.8,0.1,0.5,line,pcglasso_cpp,C,8.11130830789687e-4,2,ok,0.010000000000001563,40.65766870727863,NA
10,0.9,0.1,0.5,line,pcglasso_cpp,C,8.11130830789687e-4,1,ok,0.0030000000000001137,7.393142588720655,NA
10,0.9,0.1,0.5,line,pcglasso_cpp,C,8.11130830789687e-4,2,ok,0.0039999999999995595,7.393142588720655,NA
50,0.9,0.1,0.5,line,pcglasso_cpp,C,8.11130830789687e-4,1,ok,0.012000000000000455,38.18275303037298,NA
50,0.9,0.1,0.5,line,pcglasso_cpp,C,8.11130830789687e-4,2,ok,0.015000000000000568,38.18275303037298,NA
10,0.8,0.2,0.5,line,pcglasso_cpp,C,8.11130830789687e-4,1,ok,0.0030000000000001137,8.184619981347495,NA
10,0.8,0.2,0.5,line,pcglasso_cpp,C,8.11130830789687e-4,2,ok,0.0030000000000001137,8.184619981347495,NA
50,0.8,0.2,0.5,line,pcglasso_cpp,C,8.11130830789687e-4,1,ok,0.010000000000001563,42.1070418089747,NA
50,0.8,0.2,0.5,line,pcglasso_cpp,C,8.11130830789687e-4,2,ok,0.010000000000001563,42.1070418089747,NA
10,0.9,0.2,0.5,line,pcglasso_cpp,C,8.11130830789687e-4,1,ok,0.005000000000000782,8.078120902777608,NA
10,0.9,0.2,0.5,line,pcglasso_cpp,C,8.11130830789687e-4,2,ok,0.0030000000000001137,8.078120902777608,NA
50,0.9,0.2,0.5,line,pcglasso_cpp,C,8.11130830789687e-4,1,ok,0.0129999999999999,41.05031478898175,NA
50,0.9,0.2,0.5,line,pcglasso_cpp,C,8.11130830789687e-4,2,ok,0.012000000000000455,41.05031478898175,NA
10,0.8,0.1,0,line,pcglasso_fortran,C,8.11130830789687e-4,1,ok,0.0030000000000001137,5.522788615973229,NA
10,0.8,0.1,0,line,pcglasso_fortran,C,8.11130830789687e-4,2,ok,0.0039999999999995595,5.522788615973229,NA
50,0.8,0.1,0,line,pcglasso_fortran,C,8.11130830789687e-4,1,ok,0.023000000000010346,36.081542343199125,NA
50,0.8,0.1,0,line,pcglasso_fortran,C,8.11130830789687e-4,2,ok,0.014000000000002899,36.081542343199125,NA
10,0.9,0.1,0,line,pcglasso_fortran,C,8.11130830789687e-4,1,ok,0.006000000000000227,4.415964582452332,NA
10,0.9,0.1,0,line,pcglasso_fortran,C,8.11130830789687e-4,2,ok,0.006999999999999673,4.415964582452332,NA
50,0.9,0.1,0,line,pcglasso_fortran,C,8.11130830789687e-4,1,ok,0.034000000000000696,25.47597024810014,NA
50,0.9,0.1,0,line,pcglasso_fortran,C,8.11130830789687e-4,2,ok,0.019000000000000128,25.47597024810014,NA
10,0.8,0.2,0,line,pcglasso_fortran,C,8.11130830789687e-4,1,ok,0.006000000000000227,6.5249301985506145,NA
10,0.8,0.2,0,line,pcglasso_fortran,C,8.11130830789687e-4,2,ok,0.0039999999999995595,6.5249301985506145,NA
50,0.8,0.2,0,line,pcglasso_fortran,C,8.11130830789687e-4,1,ok,0.00999999999999801,42.14243124816451,NA
50,0.8,0.2,0,line,pcglasso_fortran,C,8.11130830789687e-4,2,ok,0.01099999999999568,42.14243124816451,NA
10,0.9,0.2,0,line,pcglasso_fortran,C,8.11130830789687e-4,1,ok,0.006999999999999673,5.547587241097175,NA
10,0.9,0.2,0,line,pcglasso_fortran,C,8.11130830789687e-4,2,ok,0.006000000000000227,5.547587241097175,NA
50,0.9,0.2,0,line,pcglasso_fortran,C,8.11130830789687e-4,1,ok,0.012000000000000455,32.36444532802627,NA
50,0.9,0.2,0,line,pcglasso_fortran,C,8.11130830789687e-4,2,ok,0.012000000000000455,32.36444532802627,NA
10,0.8,0.1,0.5,line,pcglasso_fortran,C,8.11130830789687e-4,1,ok,0.0030000000000001137,7.667332906424344,NA
10,0.8,0.1,0.5,line,pcglasso_fortran,C,8.11130830789687e-4,2,ok,0.0030000000000001137,7.667332906424344,NA
50,0.8,0.1,0.5,line,pcglasso_fortran,C,8.11130830789687e-4,1,ok,0.006000000000000227,40.657636237457794,NA
50,0.8,0.1,0.5,line,pcglasso_fortran,C,8.11130830789687e-4,2,ok,0.006000000000000227,40.657636237457794,NA
10,0.9,0.1,0.5,line,pcglasso_fortran,C,8.11130830789687e-4,1,ok,0.006000000000000227,7.393089329915922,NA
10,0.9,0.1,0.5,line,pcglasso_fortran,C,8.11130830789687e-4,2,ok,0.006000000000000227,7.393089329915922,NA
50,0.9,0.1,0.5,line,pcglasso_fortran,C,8.11130830789687e-4,1,ok,0.007999999999999119,38.18288508744804,NA
50,0.9,0.1,0.5,line,pcglasso_fortran,C,8.11130830789687e-4,2,ok,0.008000000000000895,38.18288508744804,NA
10,0.8,0.2,0.5,line,pcglasso_fortran,C,8.11130830789687e-4,1,ok,0.0030000000000001137,8.184387337900379,NA
10,0.8,0.2,0.5,line,pcglasso_fortran,C,8.11130830789687e-4,2,ok,0.004999999999999005,8.184387337900379,NA
50,0.8,0.2,0.5,line,pcglasso_fortran,C,8.11130830789687e-4,1,ok,0.009000000000000341,42.107047731365356,NA
50,0.8,0.2,0.5,line,pcglasso_fortran,C,8.11130830789687e-4,2,ok,0.009000000000000341,42.107047731365356,NA
10,0.9,0.2,0.5,line,pcglasso_fortran,C,8.11130830789687e-4,1,ok,0.0039999999999995595,8.077960119678064,NA
10,0.9,0.2,0.5,line,pcglasso_fortran,C,8.11130830789687e-4,2,ok,0.0039999999999995595,8.077960119678064,NA
50,0.9,0.2,0.5,line,pcglasso_fortran,C,8.11130830789687e-4,1,ok,0.006999999999999673,41.05032707768305,NA
50,0.9,0.2,0.5,line,pcglasso_fortran,C,8.11130830789687e-4,2,ok,0.006999999999999673,41.05032707768305,NA
10,0.8,0.1,0,line,pcglasso,C,8.11130830789687e-4,1,ok,0.0039999999999995595,5.536976120790245,NA
10,0.8,0.1,0,line,pcglasso,C,8.11130830789687e-4,2,ok,0.0039999999999995595,5.536976120790245,NA
50,0.8,0.1,0,line,pcglasso,C,8.11130830789687e-4,1,ok,0.028999999999996362,36.158726025298215,NA
50,0.8,0.1,0,line,pcglasso,C,8.11130830789687e-4,2,ok,0.022999999999996135,36.158726025298215,NA
10,0.9,0.1,0,line,pcglasso,C,8.11130830789687e-4,1,ok,0.004999999999999005,4.457546473869432,NA
10,0.9,0.1,0,line,pcglasso,C,8.11130830789687e-4,2,ok,0.0039999999999995595,4.457546473869432,NA
50,0.9,0.1,0,line,pcglasso,C,8.11130830789687e-4,1,ok,0.05699999999999861,25.53318913390504,NA
50,0.9,0.1,0,line,pcglasso,C,8.11130830789687e-4,2,ok,0.03200000000000003,25.53318913390504,NA
10,0.8,0.2,0,line,pcglasso,C,8.11130830789687e-4,1,ok,0.005000000000000782,6.541063466306941,NA
10,0.8,0.2,0,line,pcglasso,C,8.11130830789687e-4,2,ok,0.004000000000001336,6.541063466306941,NA
50,0.8,0.2,0,line,pcglasso,C,8.11130830789687e-4,1,ok,0.027000000000001023,42.15226333840802,NA
50,0.8,0.2,0,line,pcglasso,C,8.11130830789687e-4,2,ok,0.027000000000001023,42.15226333840802,NA
10,0.9,0.2,0,line,pcglasso,C,8.11130830789687e-4,1,ok,0.009999999999999787,5.562340257925714,NA
10,0.9,0.2,0,line,pcglasso,C,8.11130830789687e-4,2,ok,0.004000000000001336,5.562340257925714,NA
50,0.9,0.2,0,line,pcglasso,C,8.11130830789687e-4,1,ok,0.03599999999999959,32.44610557722693,NA
50,0.9,0.2,0,line,pcglasso,C,8.11130830789687e-4,2,ok,0.03700000000000081,32.44610557722693,NA
10,0.8,0.1,0.5,line,pcglasso,C,8.11130830789687e-4,1,ok,0.004999999999999005,7.6760738081209325,NA
10,0.8,0.1,0.5,line,pcglasso,C,8.11130830789687e-4,2,ok,0.004000000000001336,7.6760738081209325,NA
50,0.8,0.1,0.5,line,pcglasso,C,8.11130830789687e-4,1,ok,0.022999999999999687,40.66140534270629,NA
50,0.8,0.1,0.5,line,pcglasso,C,8.11130830789687e-4,2,ok,0.022999999999999687,40.66140534270629,NA
10,0.9,0.1,0.5,line,pcglasso,C,8.11130830789687e-4,1,ok,0.006999999999999673,7.40758636227825,NA
10,0.9,0.1,0.5,line,pcglasso,C,8.11130830789687e-4,2,ok,0.006000000000000227,7.40758636227825,NA
50,0.9,0.1,0.5,line,pcglasso,C,8.11130830789687e-4,1,ok,0.031000000000000583,38.193923629130126,NA
50,0.9,0.1,0.5,line,pcglasso,C,8.11130830789687e-4,2,ok,0.03500000000000014,38.193923629130126,NA
10,0.8,0.2,0.5,line,pcglasso,C,8.11130830789687e-4,1,ok,0.005000000000000782,8.186782902875851,NA
10,0.8,0.2,0.5,line,pcglasso,C,8.11130830789687e-4,2,ok,0.0070000000000014495,8.186782902875851,NA
50,0.8,0.2,0.5,line,pcglasso,C,8.11130830789687e-4,1,ok,0.022999999999999687,42.10723154728178,NA
50,0.8,0.2,0.5,line,pcglasso,C,8.11130830789687e-4,2,ok,0.022999999999999687,42.10723154728178,NA
10,0.9,0.2,0.5,line,pcglasso,C,8.11130830789687e-4,1,ok,0.009000000000000341,8.0828130571604,NA
10,0.9,0.2,0.5,line,pcglasso,C,8.11130830789687e-4,2,ok,0.006999999999999673,8.0828130571604,NA
50,0.9,0.2,0.5,line,pcglasso,C,8.11130830789687e-4,1,ok,0.03300000000000125,41.060432024995634,NA
50,0.9,0.2,0.5,line,pcglasso,C,8.11130830789687e-4,2,ok,0.034000000000000696,41.060432024995634,NA
10,0.8,0.1,0,line,pcglasso_cpp,I,8.11130830789687e-4,1,ok,0.0030000000000001137,5.522321818939716,NA
10,0.8,0.1,0,line,pcglasso_cpp,I,8.11130830789687e-4,2,ok,0.0039999999999995595,5.522321818939716,NA
50,0.8,0.1,0,line,pcglasso_cpp,I,8.11130830789687e-4,1,ok,0.012999999999991019,36.08044548373195,NA
50,0.8,0.1,0,line,pcglasso_cpp,I,8.11130830789687e-4,2,ok,0.011000000000002785,36.08044548373195,NA
10,0.9,0.1,0,line,pcglasso_cpp,I,8.11130830789687e-4,1,ok,0.007999999999999119,4.417224147240193,NA
10,0.9,0.1,0,line,pcglasso_cpp,I,8.11130830789687e-4,2,ok,0.006999999999999673,4.417224147240193,NA
50,0.9,0.1,0,line,pcglasso_cpp,I,8.11130830789687e-4,1,ok,0.03700000000000081,25.47702004461357,NA
50,0.9,0.1,0,line,pcglasso_cpp,I,8.11130830789687e-4,2,ok,0.021000000000000796,25.47702004461357,NA
10,0.8,0.2,0,line,pcglasso_cpp,I,8.11130830789687e-4,1,ok,0.0039999999999995595,6.524934975019579,NA
10,0.8,0.2,0,line,pcglasso_cpp,I,8.11130830789687e-4,2,ok,0.0039999999999995595,6.524934975019579,NA
50,0.8,0.2,0,line,pcglasso_cpp,I,8.11130830789687e-4,1,ok,0.009000000000000341,42.142444903162385,NA
50,0.8,0.2,0,line,pcglasso_cpp,I,8.11130830789687e-4,2,ok,0.007999999999995566,42.142444903162385,NA
10,0.9,0.2,0,line,pcglasso_cpp,I,8.11130830789687e-4,1,ok,0.0039999999999995595,5.548174273320722,NA
10,0.9,0.2,0,line,pcglasso_cpp,I,8.11130830789687e-4,2,ok,0.0039999999999995595,5.548174273320722,NA
50,0.9,0.2,0,line,pcglasso_cpp,I,8.11130830789687e-4,1,ok,0.013999999999999346,32.359868264269444,NA
50,0.9,0.2,0,line,pcglasso_cpp,I,8.11130830789687e-4,2,ok,0.0129999999999999,32.359868264269444,NA
10,0.8,0.1,0.5,line,pcglasso_cpp,I,8.11130830789687e-4,1,ok,0.0030000000000001137,7.667235850362701,NA
10,0.8,0.1,0.5,line,pcglasso_cpp,I,8.11130830789687e-4,2,ok,0.0019999999999988916,7.667235850362701,NA
50,0.8,0.1,0.5,line,pcglasso_cpp,I,8.11130830789687e-4,1,ok,0.007999999999999119,40.6576582476146,NA
50,0.8,0.1,0.5,line,pcglasso_cpp,I,8.11130830789687e-4,2,ok,0.007999999999999119,40.6576582476146,NA
10,0.9,0.1,0.5,line,pcglasso_cpp,I,8.11130830789687e-4,1,ok,0.0030000000000001137,7.393110570362165,NA
10,0.9,0.1,0.5,line,pcglasso_cpp,I,8.11130830789687e-4,2,ok,0.0030000000000001137,7.393110570362165,NA
50,0.9,0.1,0.5,line,pcglasso_cpp,I,8.11130830789687e-4,1,ok,0.009999999999999787,38.18268785325658,NA
50,0.9,0.1,0.5,line,pcglasso_cpp,I,8.11130830789687e-4,2,ok,0.009999999999999787,38.18268785325658,NA
10,0.8,0.2,0.5,line,pcglasso_cpp,I,8.11130830789687e-4,1,ok,0.0030000000000001137,8.184548220951973,NA
10,0.8,0.2,0.5,line,pcglasso_cpp,I,8.11130830789687e-4,2,ok,0.0030000000000001137,8.184548220951973,NA
50,0.8,0.2,0.5,line,pcglasso_cpp,I,8.11130830789687e-4,1,ok,0.006000000000000227,42.10702645603299,NA
50,0.8,0.2,0.5,line,pcglasso_cpp,I,8.11130830789687e-4,2,ok,0.006000000000000227,42.10702645603299,NA
10,0.9,0.2,0.5,line,pcglasso_cpp,I,8.11130830789687e-4,1,ok,0.0039999999999995595,8.078021471192676,NA
10,0.9,0.2,0.5,line,pcglasso_cpp,I,8.11130830789687e-4,2,ok,0.0030000000000001137,8.078021471192676,NA
50,0.9,0.2,0.5,line,pcglasso_cpp,I,8.11130830789687e-4,1,ok,0.008999999999998565,41.05048734754012,NA
50,0.9,0.2,0.5,line,pcglasso_cpp,I,8.11130830789687e-4,2,ok,0.008999999999998565,41.05048734754012,NA
10,0.8,0.1,0,line,pcglasso_fortran,I,8.11130830789687e-4,1,ok,0.006000000000000227,5.522147723501089,NA
10,0.8,0.1,0,line,pcglasso_fortran,I,8.11130830789687e-4,2,ok,0.006999999999999673,5.522147723501089,NA
50,0.8,0.1,0,line,pcglasso_fortran,I,8.11130830789687e-4,1,ok,0.014000000000010004,36.08064149733289,NA
50,0.8,0.1,0,line,pcglasso_fortran,I,8.11130830789687e-4,2,ok,0.009000000000000341,36.08064149733289,NA
10,0.9,0.1,0,line,pcglasso_fortran,I,8.11130830789687e-4,1,ok,0.009999999999999787,4.4150400810750154,NA
10,0.9,0.1,0,line,pcglasso_fortran,I,8.11130830789687e-4,2,ok,0.010999999999999233,4.4150400810750154,NA
50,0.9,0.1,0,line,pcglasso_fortran,I,8.11130830789687e-4,1,ok,0.022999999999999687,25.475335538557076,NA
50,0.9,0.1,0,line,pcglasso_fortran,I,8.11130830789687e-4,2,ok,0.013999999999999346,25.475335538557076,NA
10,0.8,0.2,0,line,pcglasso_fortran,I,8.11130830789687e-4,1,ok,0.005000000000000782,6.525704882553143,NA
10,0.8,0.2,0,line,pcglasso_fortran,I,8.11130830789687e-4,2,ok,0.0039999999999995595,6.525704882553143,NA
50,0.8,0.2,0,line,pcglasso_fortran,I,8.11130830789687e-4,1,ok,0.006000000000000227,42.14243091591326,NA
50,0.8,0.2,0,line,pcglasso_fortran,I,8.11130830789687e-4,2,ok,0.0049999999999954525,42.14243091591326,NA
10,0.9,0.2,0,line,pcglasso_fortran,I,8.11130830789687e-4,1,ok,0.006000000000000227,5.547403918000246,NA
10,0.9,0.2,0,line,pcglasso_fortran,I,8.11130830789687e-4,2,ok,0.005000000000000782,5.547403918000246,NA
50,0.9,0.2,0,line,pcglasso_fortran,I,8.11130830789687e-4,1,ok,0.0070000000000014495,32.36146661578266,NA
50,0.9,0.2,0,line,pcglasso_fortran,I,8.11130830789687e-4,2,ok,0.008000000000000895,32.36146661578266,NA
10,0.8,0.1,0.5,line,pcglasso_fortran,I,8.11130830789687e-4,1,ok,0.0030000000000001137,7.667336329518378,NA
10,0.8,0.1,0.5,line,pcglasso_fortran,I,8.11130830789687e-4,2,ok,0.0030000000000001137,7.667336329518378,NA
50,0.8,0.1,0.5,line,pcglasso_fortran,I,8.11130830789687e-4,1,ok,0.004000000000001336,40.65763501717335,NA
50,0.8,0.1,0.5,line,pcglasso_fortran,I,8.11130830789687e-4,2,ok,0.004000000000001336,40.65763501717335,NA
10,0.9,0.1,0.5,line,pcglasso_fortran,I,8.11130830789687e-4,1,ok,0.0039999999999995595,7.393351486135549,NA
10,0.9,0.1,0.5,line,pcglasso_fortran,I,8.11130830789687e-4,2,ok,0.0039999999999995595,7.393351486135549,NA
50,0.9,0.1,0.5,line,pcglasso_fortran,I,8.11130830789687e-4,1,ok,0.005000000000000782,38.183146257507254,NA
50,0.9,0.1,0.5,line,pcglasso_fortran,I,8.11130830789687e-4,2,ok,0.004999999999999005,38.183146257507254,NA
10,0.8,0.2,0.5,line,pcglasso_fortran,I,8.11130830789687e-4,1,ok,0.0019999999999988916,8.184568784267366,NA
10,0.8,0.2,0.5,line,pcglasso_fortran,I,8.11130830789687e-4,2,ok,0.0039999999999995595,8.184568784267366,NA
50,0.8,0.2,0.5,line,pcglasso_fortran,I,8.11130830789687e-4,1,ok,0.002999999999996561,42.107026941774286,NA
50,0.8,0.2,0.5,line,pcglasso_fortran,I,8.11130830789687e-4,2,ok,0.0030000000000001137,42.107026941774286,NA
10,0.9,0.2,0.5,line,pcglasso_fortran,I,8.11130830789687e-4,1,ok,0.005000000000000782,8.078097751096003,NA
10,0.9,0.2,0.5,line,pcglasso_fortran,I,8.11130830789687e-4,2,ok,0.0030000000000001137,8.078097751096003,NA
50,0.9,0.2,0.5,line,pcglasso_fortran,I,8.11130830789687e-4,1,ok,0.005000000000000782,41.05029276262014,NA
50,0.9,0.2,0.5,line,pcglasso_fortran,I,8.11130830789687e-4,2,ok,0.005000000000000782,41.05029276262014,NA
10,0.8,0.1,0,line,pcglasso,I,8.11130830789687e-4,1,ok,0.005000000000000782,5.537843006632112,NA
10,0.8,0.1,0,line,pcglasso,I,8.11130830789687e-4,2,ok,0.006000000000000227,5.537843006632112,NA
50,0.8,0.1,0,line,pcglasso,I,8.11130830789687e-4,1,ok,0.02599999999999625,36.09757336313596,NA
50,0.8,0.1,0,line,pcglasso,I,8.11130830789687e-4,2,ok,0.021000000000000796,36.09757336313596,NA
10,0.9,0.1,0,line,pcglasso,I,8.11130830789687e-4,1,ok,0.005999999999998451,4.446228888090964,NA
10,0.9,0.1,0,line,pcglasso,I,8.11130830789687e-4,2,ok,0.006999999999999673,4.446228888090964,NA
50,0.9,0.1,0,line,pcglasso,I,8.11130830789687e-4,1,ok,0.04400000000000048,25.55254848223523,NA
50,0.9,0.1,0,line,pcglasso,I,8.11130830789687e-4,2,ok,0.02800000000000047,25.55254848223523,NA
10,0.8,0.2,0,line,pcglasso,I,8.11130830789687e-4,1,ok,0.006000000000000227,6.550061405018315,NA
10,0.8,0.2,0,line,pcglasso,I,8.11130830789687e-4,2,ok,0.005000000000000782,6.550061405018315,NA
50,0.8,0.2,0,line,pcglasso,I,8.11130830789687e-4,1,ok,0.021000000000000796,42.14920458461424,NA
50,0.8,0.2,0,line,pcglasso,I,8.11130830789687e-4,2,ok,0.021999999999998465,42.14920458461424,NA
10,0.9,0.2,0,line,pcglasso,I,8.11130830789687e-4,1,ok,0.006000000000000227,5.566619148827841,NA
10,0.9,0.2,0,line,pcglasso,I,8.11130830789687e-4,2,ok,0.006000000000000227,5.566619148827841,NA
50,0.9,0.2,0,line,pcglasso,I,8.11130830789687e-4,1,ok,0.026999999999999247,32.43874876597606,NA
50,0.9,0.2,0,line,pcglasso,I,8.11130830789687e-4,2,ok,0.026999999999999247,32.43874876597606,NA
10,0.8,0.1,0.5,line,pcglasso,I,8.11130830789687e-4,1,ok,0.004000000000001336,7.671722758358765,NA
10,0.8,0.1,0.5,line,pcglasso,I,8.11130830789687e-4,2,ok,0.0030000000000001137,7.671722758358765,NA
50,0.8,0.1,0.5,line,pcglasso,I,8.11130830789687e-4,1,ok,0.015999999999998238,40.65905010909133,NA
50,0.8,0.1,0.5,line,pcglasso,I,8.11130830789687e-4,2,ok,0.01699999999999946,40.65905010909133,NA
10,0.9,0.1,0.5,line,pcglasso,I,8.11130830789687e-4,1,ok,0.006000000000000227,7.3952280870276805,NA
10,0.9,0.1,0.5,line,pcglasso,I,8.11130830789687e-4,2,ok,0.006000000000000227,7.3952280870276805,NA
50,0.9,0.1,0.5,line,pcglasso,I,8.11130830789687e-4,1,ok,0.019000000000000128,38.186469041768234,NA
50,0.9,0.1,0.5,line,pcglasso,I,8.11130830789687e-4,2,ok,0.018000000000000682,38.186469041768234,NA
10,0.8,0.2,0.5,line,pcglasso,I,8.11130830789687e-4,1,ok,0.004000000000001336,8.186465419301486,NA
10,0.8,0.2,0.5,line,pcglasso,I,8.11130830789687e-4,2,ok,0.006000000000000227,8.186465419301486,NA
50,0.8,0.2,0.5,line,pcglasso,I,8.11130830789687e-4,1,ok,0.011000000000002785,42.107040506097526,NA
50,0.8,0.2,0.5,line,pcglasso,I,8.11130830789687e-4,2,ok,0.009000000000000341,42.107040506097526,NA
10,0.9,0.2,0.5,line,pcglasso,I,8.11130830789687e-4,1,ok,0.006999999999999673,8.082265623964354,NA
10,0.9,0.2,0.5,line,pcglasso,I,8.11130830789687e-4,2,ok,0.006000000000000227,8.082265623964354,NA
50,0.9,0.2,0.5,line,pcglasso,I,8.11130830789687e-4,1,ok,0.019000000000000128,41.0538990045093,NA
50,0.9,0.2,0.5,line,pcglasso,I,8.11130830789687e-4,2,ok,0.019000000000000128,41.0538990045093,NA
10,0.8,0.1,0,line,pcglasso_cpp,C,2.310129700083161e-4,1,ok,0.004999999999999005,5.521931027033173,NA
10,0.8,0.1,0,line,pcglasso_cpp,C,2.310129700083161e-4,2,ok,0.006000000000000227,5.521931027033173,NA
50,0.8,0.1,0,line,pcglasso_cpp,C,2.310129700083161e-4,1,ok,0.02599999999999625,36.080407888978776,NA
50,0.8,0.1,0,line,pcglasso_cpp,C,2.310129700083161e-4,2,ok,0.022999999999996135,36.080407888978776,NA
10,0.9,0.1,0,line,pcglasso_cpp,C,2.310129700083161e-4,1,ok,0.009000000000000341,4.415359412730293,NA
10,0.9,0.1,0,line,pcglasso_cpp,C,2.310129700083161e-4,2,ok,0.014000000000001123,4.415359412730293,NA
50,0.9,0.1,0,line,pcglasso_cpp,C,2.310129700083161e-4,1,ok,0.06099999999999994,25.475497696899552,NA
50,0.9,0.1,0,line,pcglasso_cpp,C,2.310129700083161e-4,2,ok,0.0389999999999997,25.475497696899552,NA
10,0.8,0.2,0,line,pcglasso_cpp,C,2.310129700083161e-4,1,ok,0.0039999999999995595,6.524974403056187,NA
10,0.8,0.2,0,line,pcglasso_cpp,C,2.310129700083161e-4,2,ok,0.0039999999999995595,6.524974403056187,NA
50,0.8,0.2,0,line,pcglasso_cpp,C,2.310129700083161e-4,1,ok,0.013999999999995794,42.142439732877634,NA
50,0.8,0.2,0,line,pcglasso_cpp,C,2.310129700083161e-4,2,ok,0.013999999999995794,42.142439732877634,NA
10,0.9,0.2,0,line,pcglasso_cpp,C,2.310129700083161e-4,1,ok,0.005999999999998451,5.5470199257676,NA
10,0.9,0.2,0,line,pcglasso_cpp,C,2.310129700083161e-4,2,ok,0.004999999999999005,5.5470199257676,NA
50,0.9,0.2,0,line,pcglasso_cpp,C,2.310129700083161e-4,1,ok,0.021000000000000796,32.35946921971985,NA
50,0.9,0.2,0,line,pcglasso_cpp,C,2.310129700083161e-4,2,ok,0.02200000000000024,32.35946921971985,NA
10,0.8,0.1,0.5,line,pcglasso_cpp,C,2.310129700083161e-4,1,ok,0.0030000000000001137,7.667173225548053,NA
10,0.8,0.1,0.5,line,pcglasso_cpp,C,2.310129700083161e-4,2,ok,0.0030000000000001137,7.667173225548053,NA
50,0.8,0.1,0.5,line,pcglasso_cpp,C,2.310129700083161e-4,1,ok,0.012000000000000455,40.657636091485905,NA
50,0.8,0.1,0.5,line,pcglasso_cpp,C,2.310129700083161e-4,2,ok,0.012000000000000455,40.657636091485905,NA
10,0.9,0.1,0.5,line,pcglasso_cpp,C,2.310129700083161e-4,1,ok,0.0039999999999995595,7.393040542161952,NA
10,0.9,0.1,0.5,line,pcglasso_cpp,C,2.310129700083161e-4,2,ok,0.0030000000000001137,7.393040542161952,NA
50,0.9,0.1,0.5,line,pcglasso_cpp,C,2.310129700083161e-4,1,ok,0.014999999999998792,38.182629255967335,NA
50,0.9,0.1,0.5,line,pcglasso_cpp,C,2.310129700083161e-4,2,ok,0.016000000000000014,38.182629255967335,NA
10,0.8,0.2,0.5,line,pcglasso_cpp,C,2.310129700083161e-4,1,ok,0.010999999999999233,8.184448723394421,NA
10,0.8,0.2,0.5,line,pcglasso_cpp,C,2.310129700083161e-4,2,ok,0.013999999999999346,8.184448723394421,NA
50,0.8,0.2,0.5,line,pcglasso_cpp,C,2.310129700083161e-4,1,ok,0.011000000000002785,42.10701007255268,NA
50,0.8,0.2,0.5,line,pcglasso_cpp,C,2.310129700083161e-4,2,ok,0.010999999999999233,42.10701007255268,NA
10,0.9,0.2,0.5,line,pcglasso_cpp,C,2.310129700083161e-4,1,ok,0.0039999999999995595,8.077939666317063,NA
10,0.9,0.2,0.5,line,pcglasso_cpp,C,2.310129700083161e-4,2,ok,0.0030000000000001137,8.077939666317063,NA
50,0.9,0.2,0.5,line,pcglasso_cpp,C,2.310129700083161e-4,1,ok,0.013999999999999346,41.050247888296454,NA
50,0.9,0.2,0.5,line,pcglasso_cpp,C,2.310129700083161e-4,2,ok,0.013999999999999346,41.050247888296454,NA
10,0.8,0.1,0,line,pcglasso_fortran,C,2.310129700083161e-4,1,ok,0.004000000000001336,5.521953307631953,NA
10,0.8,0.1,0,line,pcglasso_fortran,C,2.310129700083161e-4,2,ok,0.010999999999999233,5.521953307631953,NA
50,0.8,0.1,0,line,pcglasso_fortran,C,2.310129700083161e-4,1,ok,0.025000000000005684,36.08026454549818,NA
50,0.8,0.1,0,line,pcglasso_fortran,C,2.310129700083161e-4,2,ok,0.016000000000005343,36.08026454549818,NA
10,0.9,0.1,0,line,pcglasso_fortran,C,2.310129700083161e-4,1,ok,0.006999999999999673,4.415238266925488,NA
10,0.9,0.1,0,line,pcglasso_fortran,C,2.310129700083161e-4,2,ok,0.009000000000000341,4.415238266925488,NA
50,0.9,0.1,0,line,pcglasso_fortran,C,2.310129700083161e-4,1,ok,0.031000000000000583,25.475197879065757,NA
50,0.9,0.1,0,line,pcglasso_fortran,C,2.310129700083161e-4,2,ok,0.02099999999999902,25.475197879065757,NA
10,0.8,0.2,0,line,pcglasso_fortran,C,2.310129700083161e-4,1,ok,0.005000000000000782,6.524894839323151,NA
10,0.8,0.2,0,line,pcglasso_fortran,C,2.310129700083161e-4,2,ok,0.004999999999999005,6.524894839323151,NA
50,0.8,0.2,0,line,pcglasso_fortran,C,2.310129700083161e-4,1,ok,0.008000000000002672,42.142377701745176,NA
50,0.8,0.2,0,line,pcglasso_fortran,C,2.310129700083161e-4,2,ok,0.008000000000002672,42.142377701745176,NA
10,0.9,0.2,0,line,pcglasso_fortran,C,2.310129700083161e-4,1,ok,0.008000000000000895,5.546868976624387,NA
10,0.9,0.2,0,line,pcglasso_fortran,C,2.310129700083161e-4,2,ok,0.006999999999999673,5.546868976624387,NA
50,0.9,0.2,0,line,pcglasso_fortran,C,2.310129700083161e-4,1,ok,0.019000000000000128,32.35935106409808,NA
50,0.9,0.2,0,line,pcglasso_fortran,C,2.310129700083161e-4,2,ok,0.019999999999999574,32.35935106409808,NA
10,0.8,0.1,0.5,line,pcglasso_fortran,C,2.310129700083161e-4,1,ok,0.0039999999999995595,7.66714955477347,NA
10,0.8,0.1,0.5,line,pcglasso_fortran,C,2.310129700083161e-4,2,ok,0.0030000000000001137,7.66714955477347,NA
50,0.8,0.1,0.5,line,pcglasso_fortran,C,2.310129700083161e-4,1,ok,0.006000000000000227,40.657636237457794,NA
50,0.8,0.1,0.5,line,pcglasso_fortran,C,2.310129700083161e-4,2,ok,0.005999999999996675,40.657636237457794,NA
10,0.9,0.1,0.5,line,pcglasso_fortran,C,2.310129700083161e-4,1,ok,0.006000000000000227,7.393034742757406,NA
10,0.9,0.1,0.5,line,pcglasso_fortran,C,2.310129700083161e-4,2,ok,0.006999999999999673,7.393034742757406,NA
50,0.9,0.1,0.5,line,pcglasso_fortran,C,2.310129700083161e-4,1,ok,0.009999999999999787,38.18260546097024,NA
50,0.9,0.1,0.5,line,pcglasso_fortran,C,2.310129700083161e-4,2,ok,0.009000000000000341,38.18260546097024,NA
10,0.8,0.2,0.5,line,pcglasso_fortran,C,2.310129700083161e-4,1,ok,0.0030000000000001137,8.18435459911385,NA
10,0.8,0.2,0.5,line,pcglasso_fortran,C,2.310129700083161e-4,2,ok,0.004999999999999005,8.18435459911385,NA
50,0.8,0.2,0.5,line,pcglasso_fortran,C,2.310129700083161e-4,1,ok,0.006000000000000227,42.10700984877657,NA
50,0.8,0.2,0.5,line,pcglasso_fortran,C,2.310129700083161e-4,2,ok,0.006000000000000227,42.10700984877657,NA
10,0.9,0.2,0.5,line,pcglasso_fortran,C,2.310129700083161e-4,1,ok,0.005000000000000782,8.077871135328882,NA
10,0.9,0.2,0.5,line,pcglasso_fortran,C,2.310129700083161e-4,2,ok,0.005000000000000782,8.077871135328882,NA
50,0.9,0.2,0.5,line,pcglasso_fortran,C,2.310129700083161e-4,1,ok,0.006999999999999673,41.050243199462265,NA
50,0.9,0.2,0.5,line,pcglasso_fortran,C,2.310129700083161e-4,2,ok,0.008000000000000895,41.050243199462265,NA
10,0.8,0.1,0,line,pcglasso,C,2.310129700083161e-4,1,ok,0.004999999999999005,5.523244655032206,NA
10,0.8,0.1,0,line,pcglasso,C,2.310129700083161e-4,2,ok,0.006000000000000227,5.523244655032206,NA
50,0.8,0.1,0,line,pcglasso,C,2.310129700083161e-4,1,ok,0.04399999999999693,36.08350788817508,NA
50,0.8,0.1,0,line,pcglasso,C,2.310129700083161e-4,2,ok,0.03599999999999426,36.08350788817508,NA
10,0.9,0.1,0,line,pcglasso,C,2.310129700083161e-4,1,ok,0.006999999999999673,4.417993810869112,NA
10,0.9,0.1,0,line,pcglasso,C,2.310129700083161e-4,2,ok,0.010999999999999233,4.417993810869112,NA
50,0.9,0.1,0,line,pcglasso,C,2.310129700083161e-4,1,ok,0.06600000000000072,25.483215894333846,NA
50,0.9,0.1,0,line,pcglasso,C,2.310129700083161e-4,2,ok,0.04600000000000115,25.483215894333846,NA
10,0.8,0.2,0,line,pcglasso,C,2.310129700083161e-4,1,ok,0.008000000000000895,6.525054293695709,NA
10,0.8,0.2,0,line,pcglasso,C,2.310129700083161e-4,2,ok,0.006000000000000227,6.525054293695709,NA
50,0.8,0.2,0,line,pcglasso,C,2.310129700083161e-4,1,ok,0.0379999999999967,42.14377813269862,NA
50,0.8,0.2,0,line,pcglasso,C,2.310129700083161e-4,2,ok,0.03999999999999915,42.14377813269862,NA
10,0.9,0.2,0,line,pcglasso,C,2.310129700083161e-4,1,ok,0.006999999999999673,5.549570734800179,NA
10,0.9,0.2,0,line,pcglasso,C,2.310129700083161e-4,2,ok,0.006000000000000227,5.549570734800179,NA
50,0.9,0.2,0,line,pcglasso,C,2.310129700083161e-4,1,ok,0.05299999999999905,32.37238084018164,NA
50,0.9,0.2,0,line,pcglasso,C,2.310129700083161e-4,2,ok,0.053000000000000824,32.37238084018164,NA
10,0.8,0.1,0.5,line,pcglasso,C,2.310129700083161e-4,1,ok,0.008000000000000895,7.667512014556409,NA
10,0.8,0.1,0.5,line,pcglasso,C,2.310129700083161e-4,2,ok,0.006000000000000227,7.667512014556409,NA
50,0.8,0.1,0.5,line,pcglasso,C,2.310129700083161e-4,1,ok,0.03500000000000014,40.657705144832086,NA
50,0.8,0.1,0.5,line,pcglasso,C,2.310129700083161e-4,2,ok,0.03500000000000014,40.657705144832086,NA
10,0.9,0.1,0.5,line,pcglasso,C,2.310129700083161e-4,1,ok,0.008999999999998565,7.393747926007593,NA
10,0.9,0.1,0.5,line,pcglasso,C,2.310129700083161e-4,2,ok,0.009999999999999787,7.393747926007593,NA
50,0.9,0.1,0.5,line,pcglasso,C,2.310129700083161e-4,1,ok,0.04600000000000115,38.18304667976663,NA
50,0.9,0.1,0.5,line,pcglasso,C,2.310129700083161e-4,2,ok,0.04499999999999993,38.18304667976663,NA
10,0.8,0.2,0.5,line,pcglasso,C,2.310129700083161e-4,1,ok,0.008000000000000895,8.18460999889958,NA
10,0.8,0.2,0.5,line,pcglasso,C,2.310129700083161e-4,2,ok,0.009999999999999787,8.18460999889958,NA
50,0.8,0.2,0.5,line,pcglasso,C,2.310129700083161e-4,1,ok,0.14199999999999946,42.10707293436545,NA
50,0.8,0.2,0.5,line,pcglasso,C,2.310129700083161e-4,2,ok,0.16699999999999804,42.10707293436545,NA
10,0.9,0.2,0.5,line,pcglasso,C,2.310129700083161e-4,1,ok,0.010999999999999233,8.078411893769157,NA
10,0.9,0.2,0.5,line,pcglasso,C,2.310129700083161e-4,2,ok,0.009000000000000341,8.078411893769157,NA
50,0.9,0.2,0.5,line,pcglasso,C,2.310129700083161e-4,1,ok,0.04699999999999882,41.051066313025125,NA
50,0.9,0.2,0.5,line,pcglasso,C,2.310129700083161e-4,2,ok,0.04699999999999882,41.051066313025125,NA
10,0.8,0.1,0,line,pcglasso_cpp,I,2.310129700083161e-4,1,ok,0.0030000000000001137,5.522109236462765,NA
10,0.8,0.1,0,line,pcglasso_cpp,I,2.310129700083161e-4,2,ok,0.004000000000001336,5.522109236462765,NA
50,0.8,0.1,0,line,pcglasso_cpp,I,2.310129700083161e-4,1,ok,0.021000000000000796,36.08031932400748,NA
50,0.8,0.1,0,line,pcglasso_cpp,I,2.310129700083161e-4,2,ok,0.015000000000000568,36.08031932400748,NA
10,0.9,0.1,0,line,pcglasso_cpp,I,2.310129700083161e-4,1,ok,0.006999999999999673,4.41540005075082,NA
10,0.9,0.1,0,line,pcglasso_cpp,I,2.310129700083161e-4,2,ok,0.010000000000001563,4.41540005075082,NA
50,0.9,0.1,0,line,pcglasso_cpp,I,2.310129700083161e-4,1,ok,0.04100000000000037,25.475668637115696,NA
50,0.9,0.1,0,line,pcglasso_cpp,I,2.310129700083161e-4,2,ok,0.028999999999999915,25.475668637115696,NA
10,0.8,0.2,0,line,pcglasso_cpp,I,2.310129700083161e-4,1,ok,0.0039999999999995595,6.524773087744638,NA
10,0.8,0.2,0,line,pcglasso_cpp,I,2.310129700083161e-4,2,ok,0.004000000000001336,6.524773087744638,NA
50,0.8,0.2,0,line,pcglasso_cpp,I,2.310129700083161e-4,1,ok,0.010000000000005116,42.142381021451065,NA
50,0.8,0.2,0,line,pcglasso_cpp,I,2.310129700083161e-4,2,ok,0.00999999999999801,42.142381021451065,NA
10,0.9,0.2,0,line,pcglasso_cpp,I,2.310129700083161e-4,1,ok,0.006999999999999673,5.547239501958533,NA
10,0.9,0.2,0,line,pcglasso_cpp,I,2.310129700083161e-4,2,ok,0.005000000000000782,5.547239501958533,NA
50,0.9,0.2,0,line,pcglasso_cpp,I,2.310129700083161e-4,1,ok,0.017000000000001236,32.35945971118207,NA
50,0.9,0.2,0,line,pcglasso_cpp,I,2.310129700083161e-4,2,ok,0.016000000000000014,32.35945971118207,NA
10,0.8,0.1,0.5,line,pcglasso_cpp,I,2.310129700083161e-4,1,ok,0.0039999999999995595,7.667140752447079,NA
10,0.8,0.1,0.5,line,pcglasso_cpp,I,2.310129700083161e-4,2,ok,0.0030000000000001137,7.667140752447079,NA
50,0.8,0.1,0.5,line,pcglasso_cpp,I,2.310129700083161e-4,1,ok,0.006999999999997897,40.6576582476146,NA
50,0.8,0.1,0.5,line,pcglasso_cpp,I,2.310129700083161e-4,2,ok,0.0070000000000014495,40.6576582476146,NA
10,0.9,0.1,0.5,line,pcglasso_cpp,I,2.310129700083161e-4,1,ok,0.0030000000000001137,7.393033457632662,NA
10,0.9,0.1,0.5,line,pcglasso_cpp,I,2.310129700083161e-4,2,ok,0.004000000000001336,7.393033457632662,NA
50,0.9,0.1,0.5,line,pcglasso_cpp,I,2.310129700083161e-4,1,ok,0.009999999999999787,38.18261750094861,NA
50,0.9,0.1,0.5,line,pcglasso_cpp,I,2.310129700083161e-4,2,ok,0.011000000000001009,38.18261750094861,NA
10,0.8,0.2,0.5,line,pcglasso_cpp,I,2.310129700083161e-4,1,ok,0.0019999999999988916,8.18442358432415,NA
10,0.8,0.2,0.5,line,pcglasso_cpp,I,2.310129700083161e-4,2,ok,0.0030000000000001137,8.18442358432415,NA
50,0.8,0.2,0.5,line,pcglasso_cpp,I,2.310129700083161e-4,1,ok,0.006999999999997897,42.10702645603299,NA
50,0.8,0.2,0.5,line,pcglasso_cpp,I,2.310129700083161e-4,2,ok,0.006000000000000227,42.10702645603299,NA
10,0.9,0.2,0.5,line,pcglasso_cpp,I,2.310129700083161e-4,1,ok,0.004000000000001336,8.077904304084557,NA
10,0.9,0.2,0.5,line,pcglasso_cpp,I,2.310129700083161e-4,2,ok,0.0030000000000001137,8.077904304084557,NA
50,0.9,0.2,0.5,line,pcglasso_cpp,I,2.310129700083161e-4,1,ok,0.009999999999999787,41.05029482314313,NA
50,0.9,0.2,0.5,line,pcglasso_cpp,I,2.310129700083161e-4,2,ok,0.010000000000001563,41.05029482314313,NA
10,0.8,0.1,0,line,pcglasso_fortran,I,2.310129700083161e-4,1,ok,0.006999999999999673,5.522055974009505,NA
10,0.8,0.1,0,line,pcglasso_fortran,I,2.310129700083161e-4,2,ok,0.006999999999999673,5.522055974009505,NA
50,0.8,0.1,0,line,pcglasso_fortran,I,2.310129700083161e-4,1,ok,0.009000000000000341,36.080276230674095,NA
50,0.8,0.1,0,line,pcglasso_fortran,I,2.310129700083161e-4,2,ok,0.008000000000002672,36.080276230674095,NA
10,0.9,0.1,0,line,pcglasso_fortran,I,2.310129700083161e-4,1,ok,0.009000000000000341,4.414953600696825,NA
10,0.9,0.1,0,line,pcglasso_fortran,I,2.310129700083161e-4,2,ok,0.010999999999999233,4.414953600696825,NA
50,0.9,0.1,0,line,pcglasso_fortran,I,2.310129700083161e-4,1,ok,0.019999999999999574,25.475226112142487,NA
50,0.9,0.1,0,line,pcglasso_fortran,I,2.310129700083161e-4,2,ok,0.014999999999998792,25.475226112142487,NA
10,0.8,0.2,0,line,pcglasso_fortran,I,2.310129700083161e-4,1,ok,0.006000000000000227,6.525294583044663,NA
10,0.8,0.2,0,line,pcglasso_fortran,I,2.310129700083161e-4,2,ok,0.004999999999999005,6.525294583044663,NA
50,0.8,0.2,0,line,pcglasso_fortran,I,2.310129700083161e-4,1,ok,0.005000000000002558,42.14243091591326,NA
50,0.8,0.2,0,line,pcglasso_fortran,I,2.310129700083161e-4,2,ok,0.006000000000000227,42.14243091591326,NA
10,0.9,0.2,0,line,pcglasso_fortran,I,2.310129700083161e-4,1,ok,0.009000000000000341,5.547019019724326,NA
10,0.9,0.2,0,line,pcglasso_fortran,I,2.310129700083161e-4,2,ok,0.006000000000000227,5.547019019724326,NA
50,0.9,0.2,0,line,pcglasso_fortran,I,2.310129700083161e-4,1,ok,0.009999999999999787,32.359340253522646,NA
50,0.9,0.2,0,line,pcglasso_fortran,I,2.310129700083161e-4,2,ok,0.009999999999999787,32.359340253522646,NA
10,0.8,0.1,0.5,line,pcglasso_fortran,I,2.310129700083161e-4,1,ok,0.0039999999999995595,7.667154682212505,NA
10,0.8,0.1,0.5,line,pcglasso_fortran,I,2.310129700083161e-4,2,ok,0.0019999999999988916,7.667154682212505,NA
50,0.8,0.1,0.5,line,pcglasso_fortran,I,2.310129700083161e-4,1,ok,0.005000000000002558,40.65763501717335,NA
50,0.8,0.1,0.5,line,pcglasso_fortran,I,2.310129700083161e-4,2,ok,0.004999999999999005,40.65763501717335,NA
10,0.9,0.1,0.5,line,pcglasso_fortran,I,2.310129700083161e-4,1,ok,0.004999999999999005,7.39303300268225,NA
10,0.9,0.1,0.5,line,pcglasso_fortran,I,2.310129700083161e-4,2,ok,0.004999999999999005,7.39303300268225,NA
50,0.9,0.1,0.5,line,pcglasso_fortran,I,2.310129700083161e-4,1,ok,0.006000000000000227,38.18260898733862,NA
50,0.9,0.1,0.5,line,pcglasso_fortran,I,2.310129700083161e-4,2,ok,0.006000000000000227,38.18260898733862,NA
10,0.8,0.2,0.5,line,pcglasso_fortran,I,2.310129700083161e-4,1,ok,0.0030000000000001137,8.184382252106188,NA
10,0.8,0.2,0.5,line,pcglasso_fortran,I,2.310129700083161e-4,2,ok,0.0039999999999995595,8.184382252106188,NA
50,0.8,0.2,0.5,line,pcglasso_fortran,I,2.310129700083161e-4,1,ok,0.0030000000000001137,42.107026973300336,NA
50,0.8,0.2,0.5,line,pcglasso_fortran,I,2.310129700083161e-4,2,ok,0.004000000000001336,42.107026973300336,NA
10,0.9,0.2,0.5,line,pcglasso_fortran,I,2.310129700083161e-4,1,ok,0.004999999999999005,8.077945103842687,NA
10,0.9,0.2,0.5,line,pcglasso_fortran,I,2.310129700083161e-4,2,ok,0.0030000000000001137,8.077945103842687,NA
50,0.9,0.2,0.5,line,pcglasso_fortran,I,2.310129700083161e-4,1,ok,0.004999999999999005,41.050238102689356,NA
50,0.9,0.2,0.5,line,pcglasso_fortran,I,2.310129700083161e-4,2,ok,0.005999999999998451,41.050238102689356,NA
10,0.8,0.1,0,line,pcglasso,I,2.310129700083161e-4,1,ok,0.006000000000000227,5.523286094243195,NA
10,0.8,0.1,0,line,pcglasso,I,2.310129700083161e-4,2,ok,0.006999999999999673,5.523286094243195,NA
50,0.8,0.1,0,line,pcglasso,I,2.310129700083161e-4,1,ok,0.036000000000001364,36.082940788366116,NA
50,0.8,0.1,0,line,pcglasso,I,2.310129700083161e-4,2,ok,0.029000000000003467,36.082940788366116,NA
10,0.9,0.1,0,line,pcglasso,I,2.310129700083161e-4,1,ok,0.009999999999999787,4.4177184178863875,NA
10,0.9,0.1,0,line,pcglasso,I,2.310129700083161e-4,2,ok,0.012000000000000455,4.4177184178863875,NA
50,0.9,0.1,0,line,pcglasso,I,2.310129700083161e-4,1,ok,0.058999999999999275,25.480446820223825,NA
50,0.9,0.1,0,line,pcglasso,I,2.310129700083161e-4,2,ok,0.04600000000000115,25.480446820223825,NA
10,0.8,0.2,0,line,pcglasso,I,2.310129700083161e-4,1,ok,0.007999999999999119,6.526500784794861,NA
10,0.8,0.2,0,line,pcglasso,I,2.310129700083161e-4,2,ok,0.006999999999999673,6.526500784794861,NA
50,0.8,0.2,0,line,pcglasso,I,2.310129700083161e-4,1,ok,0.028999999999996362,42.14363757686083,NA
50,0.8,0.2,0,line,pcglasso,I,2.310129700083161e-4,2,ok,0.028999999999996362,42.14363757686083,NA
10,0.9,0.2,0,line,pcglasso,I,2.310129700083161e-4,1,ok,0.007999999999999119,5.550102245444662,NA
10,0.9,0.2,0,line,pcglasso,I,2.310129700083161e-4,2,ok,0.006999999999999673,5.550102245444662,NA
50,0.9,0.2,0,line,pcglasso,I,2.310129700083161e-4,1,ok,0.0389999999999997,32.38027896415834,NA
50,0.9,0.2,0,line,pcglasso,I,2.310129700083161e-4,2,ok,0.038000000000000256,32.38027896415834,NA
10,0.8,0.1,0.5,line,pcglasso,I,2.310129700083161e-4,1,ok,0.006000000000000227,7.667439610586977,NA
10,0.8,0.1,0.5,line,pcglasso,I,2.310129700083161e-4,2,ok,0.007999999999999119,7.667439610586977,NA
50,0.8,0.1,0.5,line,pcglasso,I,2.310129700083161e-4,1,ok,0.01899999999999835,40.657902804157914,NA
50,0.8,0.1,0.5,line,pcglasso,I,2.310129700083161e-4,2,ok,0.019000000000001904,40.657902804157914,NA
10,0.9,0.1,0.5,line,pcglasso,I,2.310129700083161e-4,1,ok,0.0070000000000014495,7.393591495650884,NA
10,0.9,0.1,0.5,line,pcglasso,I,2.310129700083161e-4,2,ok,0.008000000000000895,7.393591495650884,NA
50,0.9,0.1,0.5,line,pcglasso,I,2.310129700083161e-4,1,ok,0.02800000000000047,38.18344468661253,NA
50,0.9,0.1,0.5,line,pcglasso,I,2.310129700083161e-4,2,ok,0.027999999999998693,38.18344468661253,NA
10,0.8,0.2,0.5,line,pcglasso,I,2.310129700083161e-4,1,ok,0.006000000000000227,8.184639283558099,NA
10,0.8,0.2,0.5,line,pcglasso,I,2.310129700083161e-4,2,ok,0.008000000000000895,8.184639283558099,NA
50,0.8,0.2,0.5,line,pcglasso,I,2.310129700083161e-4,1,ok,0.009000000000000341,42.10708199075428,NA
50,0.8,0.2,0.5,line,pcglasso,I,2.310129700083161e-4,2,ok,0.00999999999999801,42.10708199075428,NA
10,0.9,0.2,0.5,line,pcglasso,I,2.310129700083161e-4,1,ok,0.009000000000000341,8.078079865515074,NA
10,0.9,0.2,0.5,line,pcglasso,I,2.310129700083161e-4,2,ok,0.006999999999999673,8.078079865515074,NA
50,0.9,0.2,0.5,line,pcglasso,I,2.310129700083161e-4,1,ok,0.0259999999999998,41.05150699573463,NA
50,0.9,0.2,0.5,line,pcglasso,I,2.310129700083161e-4,2,ok,0.026000000000001577,41.05150699573463,NA
10,0.8,0.1,0,line,pcglasso_cpp,C,6.579332246575681e-5,1,ok,0.005000000000000782,5.521893614892503,NA
10,0.8,0.1,0,line,pcglasso_cpp,C,6.579332246575681e-5,2,ok,0.004999999999999005,5.521893614892503,NA
50,0.8,0.1,0,line,pcglasso_cpp,C,6.579332246575681e-5,1,ok,0.034000000000006025,36.08026469551939,NA
50,0.8,0.1,0,line,pcglasso_cpp,C,6.579332246575681e-5,2,ok,0.026999999999993918,36.08026469551939,NA
10,0.9,0.1,0,line,pcglasso_cpp,C,6.579332246575681e-5,1,ok,0.010999999999999233,4.414951949484664,NA
10,0.9,0.1,0,line,pcglasso_cpp,C,6.579332246575681e-5,2,ok,0.012000000000000455,4.414951949484664,NA
50,0.9,0.1,0,line,pcglasso_cpp,C,6.579332246575681e-5,1,ok,0.05600000000000094,25.475210029598806,NA
50,0.9,0.1,0,line,pcglasso_cpp,C,6.579332246575681e-5,2,ok,0.04299999999999926,25.475210029598806,NA
10,0.8,0.2,0,line,pcglasso_cpp,C,6.579332246575681e-5,1,ok,0.006000000000000227,6.524716766126301,NA
10,0.8,0.2,0,line,pcglasso_cpp,C,6.579332246575681e-5,2,ok,0.005000000000000782,6.524716766126301,NA
50,0.8,0.2,0,line,pcglasso_cpp,C,6.579332246575681e-5,1,ok,0.015000000000000568,42.14238535605426,NA
50,0.8,0.2,0,line,pcglasso_cpp,C,6.579332246575681e-5,2,ok,0.016000000000005343,42.14238535605426,NA
10,0.9,0.2,0,line,pcglasso_cpp,C,6.579332246575681e-5,1,ok,0.008000000000000895,5.546880218221929,NA
10,0.9,0.2,0,line,pcglasso_cpp,C,6.579332246575681e-5,2,ok,0.006000000000000227,5.546880218221929,NA
50,0.9,0.2,0,line,pcglasso_cpp,C,6.579332246575681e-5,1,ok,0.02200000000000024,32.359325643090784,NA
50,0.9,0.2,0,line,pcglasso_cpp,C,6.579332246575681e-5,2,ok,0.023000000000001464,32.359325643090784,NA
10,0.8,0.1,0.5,line,pcglasso_cpp,C,6.579332246575681e-5,1,ok,0.0030000000000001137,7.667122390825602,NA
10,0.8,0.1,0.5,line,pcglasso_cpp,C,6.579332246575681e-5,2,ok,0.0030000000000001137,7.667122390825602,NA
50,0.8,0.1,0.5,line,pcglasso_cpp,C,6.579332246575681e-5,1,ok,0.010999999999999233,40.657636091485905,NA
50,0.8,0.1,0.5,line,pcglasso_cpp,C,6.579332246575681e-5,2,ok,0.010999999999999233,40.657636091485905,NA
10,0.9,0.1,0.5,line,pcglasso_cpp,C,6.579332246575681e-5,1,ok,0.0039999999999995595,7.393015611560539,NA
10,0.9,0.1,0.5,line,pcglasso_cpp,C,6.579332246575681e-5,2,ok,0.004999999999999005,7.393015611560539,NA
50,0.9,0.1,0.5,line,pcglasso_cpp,C,6.579332246575681e-5,1,ok,0.0129999999999999,38.18260669086594,NA
50,0.9,0.1,0.5,line,pcglasso_cpp,C,6.579332246575681e-5,2,ok,0.014000000000001123,38.18260669086594,NA
10,0.8,0.2,0.5,line,pcglasso_cpp,C,6.579332246575681e-5,1,ok,0.0030000000000001137,8.184386875781579,NA
10,0.8,0.2,0.5,line,pcglasso_cpp,C,6.579332246575681e-5,2,ok,0.0039999999999995595,8.184386875781579,NA
50,0.8,0.2,0.5,line,pcglasso_cpp,C,6.579332246575681e-5,1,ok,0.012000000000000455,42.10701007255268,NA
50,0.8,0.2,0.5,line,pcglasso_cpp,C,6.579332246575681e-5,2,ok,0.010999999999999233,42.10701007255268,NA
10,0.9,0.2,0.5,line,pcglasso_cpp,C,6.579332246575681e-5,1,ok,0.005000000000000782,8.077878973331824,NA
10,0.9,0.2,0.5,line,pcglasso_cpp,C,6.579332246575681e-5,2,ok,0.0030000000000001137,8.077878973331824,NA
50,0.9,0.2,0.5,line,pcglasso_cpp,C,6.579332246575681e-5,1,ok,0.014999999999998792,41.050230812234574,NA
50,0.9,0.2,0.5,line,pcglasso_cpp,C,6.579332246575681e-5,2,ok,0.016000000000000014,41.050230812234574,NA
10,0.8,0.1,0,line,pcglasso_fortran,C,6.579332246575681e-5,1,ok,0.0039999999999995595,5.52191051710405,NA
10,0.8,0.1,0,line,pcglasso_fortran,C,6.579332246575681e-5,2,ok,0.005000000000000782,5.52191051710405,NA
50,0.8,0.1,0,line,pcglasso_fortran,C,6.579332246575681e-5,1,ok,0.018000000000000682,36.08024204525364,NA
50,0.8,0.1,0,line,pcglasso_fortran,C,6.579332246575681e-5,2,ok,0.015000000000000568,36.08024204525364,NA
10,0.9,0.1,0,line,pcglasso_fortran,C,6.579332246575681e-5,1,ok,0.007999999999999119,4.414883695207331,NA
10,0.9,0.1,0,line,pcglasso_fortran,C,6.579332246575681e-5,2,ok,0.012000000000000455,4.414883695207331,NA
50,0.9,0.1,0,line,pcglasso_fortran,C,6.579332246575681e-5,1,ok,0.1399999999999988,25.47515347121567,NA
50,0.9,0.1,0,line,pcglasso_fortran,C,6.579332246575681e-5,2,ok,0.13599999999999923,25.47515347121567,NA
10,0.8,0.2,0,line,pcglasso_fortran,C,6.579332246575681e-5,1,ok,0.006000000000000227,6.524763330815819,NA
10,0.8,0.2,0,line,pcglasso_fortran,C,6.579332246575681e-5,2,ok,0.004999999999999005,6.524763330815819,NA
50,0.8,0.2,0,line,pcglasso_fortran,C,6.579332246575681e-5,1,ok,0.008000000000002672,42.142377701745176,NA
50,0.8,0.2,0,line,pcglasso_fortran,C,6.579332246575681e-5,2,ok,0.007999999999995566,42.142377701745176,NA
10,0.9,0.2,0,line,pcglasso_fortran,C,6.579332246575681e-5,1,ok,0.008000000000000895,5.54683847230684,NA
10,0.9,0.2,0,line,pcglasso_fortran,C,6.579332246575681e-5,2,ok,0.008000000000000895,5.54683847230684,NA
50,0.9,0.2,0,line,pcglasso_fortran,C,6.579332246575681e-5,1,ok,0.019000000000000128,32.35935106409808,NA
50,0.9,0.2,0,line,pcglasso_fortran,C,6.579332246575681e-5,2,ok,0.01899999999999835,32.35935106409808,NA
10,0.8,0.1,0.5,line,pcglasso_fortran,C,6.579332246575681e-5,1,ok,0.0039999999999995595,7.6671104986968475,NA
10,0.8,0.1,0.5,line,pcglasso_fortran,C,6.579332246575681e-5,2,ok,0.0039999999999995595,7.6671104986968475,NA
50,0.8,0.1,0.5,line,pcglasso_fortran,C,6.579332246575681e-5,1,ok,0.009000000000000341,40.6576319306957,NA
50,0.8,0.1,0.5,line,pcglasso_fortran,C,6.579332246575681e-5,2,ok,0.009000000000000341,40.6576319306957,NA
10,0.9,0.1,0.5,line,pcglasso_fortran,C,6.579332246575681e-5,1,ok,0.006000000000000227,7.393034742757406,NA
10,0.9,0.1,0.5,line,pcglasso_fortran,C,6.579332246575681e-5,2,ok,0.0070000000000014495,7.393034742757406,NA
50,0.9,0.1,0.5,line,pcglasso_fortran,C,6.579332246575681e-5,1,ok,0.010000000000001563,38.18260546097024,NA
50,0.9,0.1,0.5,line,pcglasso_fortran,C,6.579332246575681e-5,2,ok,0.009999999999999787,38.18260546097024,NA
10,0.8,0.2,0.5,line,pcglasso_fortran,C,6.579332246575681e-5,1,ok,0.0030000000000001137,8.18435459911385,NA
10,0.8,0.2,0.5,line,pcglasso_fortran,C,6.579332246575681e-5,2,ok,0.0039999999999995595,8.18435459911385,NA
50,0.8,0.2,0.5,line,pcglasso_fortran,C,6.579332246575681e-5,1,ok,0.006000000000000227,42.10700984877657,NA
50,0.8,0.2,0.5,line,pcglasso_fortran,C,6.579332246575681e-5,2,ok,0.006000000000000227,42.10700984877657,NA
10,0.9,0.2,0.5,line,pcglasso_fortran,C,6.579332246575681e-5,1,ok,0.004999999999999005,8.077853872248056,NA
10,0.9,0.2,0.5,line,pcglasso_fortran,C,6.579332246575681e-5,2,ok,0.0039999999999995595,8.077853872248056,NA
50,0.9,0.2,0.5,line,pcglasso_fortran,C,6.579332246575681e-5,1,ok,0.007999999999999119,41.05022785306099,NA
50,0.9,0.2,0.5,line,pcglasso_fortran,C,6.579332246575681e-5,2,ok,0.007999999999999119,41.05022785306099,NA
10,0.8,0.1,0,line,pcglasso,C,6.579332246575681e-5,1,ok,0.006000000000000227,5.5219291900977145,NA
10,0.8,0.1,0,line,pcglasso,C,6.579332246575681e-5,2,ok,0.007999999999999119,5.5219291900977145,NA
50,0.8,0.1,0,line,pcglasso,C,6.579332246575681e-5,1,ok,0.06900000000000261,36.080389971594684,NA
50,0.8,0.1,0,line,pcglasso,C,6.579332246575681e-5,2,ok,0.05300000000000438,36.080389971594684,NA
10,0.9,0.1,0,line,pcglasso,C,6.579332246575681e-5,1,ok,0.009000000000000341,4.415057872198988,NA
10,0.9,0.1,0,line,pcglasso,C,6.579332246575681e-5,2,ok,0.010999999999999233,4.415057872198988,NA
50,0.9,0.1,0,line,pcglasso,C,6.579332246575681e-5,1,ok,0.07099999999999973,25.47566291957927,NA
50,0.9,0.1,0,line,pcglasso,C,6.579332246575681e-5,2,ok,0.06700000000000017,25.47566291957927,NA
10,0.8,0.2,0,line,pcglasso,C,6.579332246575681e-5,1,ok,0.009999999999999787,6.524719626955803,NA
10,0.8,0.2,0,line,pcglasso,C,6.579332246575681e-5,2,ok,0.006999999999999673,6.524719626955803,NA
50,0.8,0.2,0,line,pcglasso,C,6.579332246575681e-5,1,ok,0.0519999999999996,42.142572277461234,NA
50,0.8,0.2,0,line,pcglasso,C,6.579332246575681e-5,2,ok,0.0519999999999996,42.142572277461234,NA
10,0.9,0.2,0,line,pcglasso,C,6.579332246575681e-5,1,ok,0.019000000000000128,5.547092677657025,NA
10,0.9,0.2,0,line,pcglasso,C,6.579332246575681e-5,2,ok,0.019999999999999574,5.547092677657025,NA
50,0.9,0.2,0,line,pcglasso,C,6.579332246575681e-5,1,ok,0.08300000000000018,32.36022130685283,NA
50,0.9,0.2,0,line,pcglasso,C,6.579332246575681e-5,2,ok,0.0840000000000014,32.36022130685283,NA
10,0.8,0.1,0.5,line,pcglasso,C,6.579332246575681e-5,1,ok,0.010000000000001563,7.6671290963790755,NA
10,0.8,0.1,0.5,line,pcglasso,C,6.579332246575681e-5,2,ok,0.0070000000000014495,7.6671290963790755,NA
50,0.8,0.1,0.5,line,pcglasso,C,6.579332246575681e-5,1,ok,0.04200000000000159,40.65764602685428,NA
50,0.8,0.1,0.5,line,pcglasso,C,6.579332246575681e-5,2,ok,0.04299999999999926,40.65764602685428,NA
10,0.9,0.1,0.5,line,pcglasso,C,6.579332246575681e-5,1,ok,0.012000000000000455,7.393055738800037,NA
10,0.9,0.1,0.5,line,pcglasso,C,6.579332246575681e-5,2,ok,0.013999999999999346,7.393055738800037,NA
50,0.9,0.1,0.5,line,pcglasso,C,6.579332246575681e-5,1,ok,0.06099999999999994,38.18270247756249,NA
50,0.9,0.1,0.5,line,pcglasso,C,6.579332246575681e-5,2,ok,0.0600000000000005,38.18270247756249,NA
10,0.8,0.2,0.5,line,pcglasso,C,6.579332246575681e-5,1,ok,0.009999999999999787,8.18438487964183,NA
10,0.8,0.2,0.5,line,pcglasso,C,6.579332246575681e-5,2,ok,0.0129999999999999,8.18438487964183,NA
50,0.8,0.2,0.5,line,pcglasso,C,6.579332246575681e-5,1,ok,0.04299999999999926,42.107014803844436,NA
50,0.8,0.2,0.5,line,pcglasso,C,6.579332246575681e-5,2,ok,0.04100000000000037,42.107014803844436,NA
10,0.9,0.2,0.5,line,pcglasso,C,6.579332246575681e-5,1,ok,0.015000000000000568,8.077875429209277,NA
10,0.9,0.2,0.5,line,pcglasso,C,6.579332246575681e-5,2,ok,0.0129999999999999,8.077875429209277,NA
50,0.9,0.2,0.5,line,pcglasso,C,6.579332246575681e-5,1,ok,0.07000000000000028,41.05030129209116,NA
50,0.9,0.2,0.5,line,pcglasso,C,6.579332246575681e-5,2,ok,0.06700000000000017,41.05030129209116,NA
10,0.8,0.1,0,line,pcglasso_cpp,I,6.579332246575681e-5,1,ok,0.004000000000001336,5.5219347853147385,NA
10,0.8,0.1,0,line,pcglasso_cpp,I,6.579332246575681e-5,2,ok,0.005000000000000782,5.5219347853147385,NA
50,0.8,0.1,0,line,pcglasso_cpp,I,6.579332246575681e-5,1,ok,0.016000000000005343,36.08026746103266,NA
50,0.8,0.1,0,line,pcglasso_cpp,I,6.579332246575681e-5,2,ok,0.013999999999995794,36.08026746103266,NA
10,0.9,0.1,0,line,pcglasso_cpp,I,6.579332246575681e-5,1,ok,0.009000000000000341,4.41499224152214,NA
10,0.9,0.1,0,line,pcglasso_cpp,I,6.579332246575681e-5,2,ok,0.010999999999999233,4.41499224152214,NA
50,0.9,0.1,0,line,pcglasso_cpp,I,6.579332246575681e-5,1,ok,0.034000000000000696,25.475205228276543,NA
50,0.9,0.1,0,line,pcglasso_cpp,I,6.579332246575681e-5,2,ok,0.032999999999999474,25.475205228276543,NA
10,0.8,0.2,0,line,pcglasso_cpp,I,6.579332246575681e-5,1,ok,0.004999999999999005,6.524671688044805,NA
10,0.8,0.2,0,line,pcglasso_cpp,I,6.579332246575681e-5,2,ok,0.0039999999999995595,6.524671688044805,NA
50,0.8,0.2,0,line,pcglasso_cpp,I,6.579332246575681e-5,1,ok,0.00999999999999801,42.142381021451065,NA
50,0.8,0.2,0,line,pcglasso_cpp,I,6.579332246575681e-5,2,ok,0.00999999999999801,42.142381021451065,NA
10,0.9,0.2,0,line,pcglasso_cpp,I,6.579332246575681e-5,1,ok,0.006999999999999673,5.5468764864864095,NA
10,0.9,0.2,0,line,pcglasso_cpp,I,6.579332246575681e-5,2,ok,0.006000000000000227,5.5468764864864095,NA
50,0.9,0.2,0,line,pcglasso_cpp,I,6.579332246575681e-5,1,ok,0.018000000000000682,32.35933886649322,NA
50,0.9,0.2,0,line,pcglasso_cpp,I,6.579332246575681e-5,2,ok,0.019000000000000128,32.35933886649322,NA
10,0.8,0.1,0.5,line,pcglasso_cpp,I,6.579332246575681e-5,1,ok,0.0030000000000001137,7.667112671154271,NA
10,0.8,0.1,0.5,line,pcglasso_cpp,I,6.579332246575681e-5,2,ok,0.002000000000000668,7.667112671154271,NA
50,0.8,0.1,0.5,line,pcglasso_cpp,I,6.579332246575681e-5,1,ok,0.009000000000000341,40.65763518323991,NA
50,0.8,0.1,0.5,line,pcglasso_cpp,I,6.579332246575681e-5,2,ok,0.009000000000000341,40.65763518323991,NA
10,0.9,0.1,0.5,line,pcglasso_cpp,I,6.579332246575681e-5,1,ok,0.0039999999999995595,7.393014095021656,NA
10,0.9,0.1,0.5,line,pcglasso_cpp,I,6.579332246575681e-5,2,ok,0.004999999999999005,7.393014095021656,NA
50,0.9,0.1,0.5,line,pcglasso_cpp,I,6.579332246575681e-5,1,ok,0.011999999999998678,38.18260435587326,NA
50,0.9,0.1,0.5,line,pcglasso_cpp,I,6.579332246575681e-5,2,ok,0.010999999999999233,38.18260435587326,NA
10,0.8,0.2,0.5,line,pcglasso_cpp,I,6.579332246575681e-5,1,ok,0.0030000000000001137,8.184377640350682,NA
10,0.8,0.2,0.5,line,pcglasso_cpp,I,6.579332246575681e-5,2,ok,0.0039999999999995595,8.184377640350682,NA
50,0.8,0.2,0.5,line,pcglasso_cpp,I,6.579332246575681e-5,1,ok,0.007999999999999119,42.107008132949346,NA
50,0.8,0.2,0.5,line,pcglasso_cpp,I,6.579332246575681e-5,2,ok,0.008000000000002672,42.107008132949346,NA
10,0.9,0.2,0.5,line,pcglasso_cpp,I,6.579332246575681e-5,1,ok,0.004999999999999005,8.077866476463907,NA
10,0.9,0.2,0.5,line,pcglasso_cpp,I,6.579332246575681e-5,2,ok,0.004000000000001336,8.077866476463907,NA
50,0.9,0.2,0.5,line,pcglasso_cpp,I,6.579332246575681e-5,1,ok,0.011000000000001009,41.05024353197222,NA
50,0.9,0.2,0.5,line,pcglasso_cpp,I,6.579332246575681e-5,2,ok,0.011000000000001009,41.05024353197222,NA
10,0.8,0.1,0,line,pcglasso_fortran,I,6.579332246575681e-5,1,ok,0.006999999999999673,5.521934426851129,NA
10,0.8,0.1,0,line,pcglasso_fortran,I,6.579332246575681e-5,2,ok,0.007999999999999119,5.521934426851129,NA
50,0.8,0.1,0,line,pcglasso_fortran,I,6.579332246575681e-5,1,ok,0.016000000000005343,36.08024747714077,NA
50,0.8,0.1,0,line,pcglasso_fortran,I,6.579332246575681e-5,2,ok,0.011000000000002785,36.08024747714077,NA
10,0.9,0.1,0,line,pcglasso_fortran,I,6.579332246575681e-5,1,ok,0.012000000000000455,4.414819895720014,NA
10,0.9,0.1,0,line,pcglasso_fortran,I,6.579332246575681e-5,2,ok,0.012000000000000455,4.414819895720014,NA
50,0.9,0.1,0,line,pcglasso_fortran,I,6.579332246575681e-5,1,ok,0.019999999999999574,25.475068491152403,NA
50,0.9,0.1,0,line,pcglasso_fortran,I,6.579332246575681e-5,2,ok,0.019000000000000128,25.475068491152403,NA
10,0.8,0.2,0,line,pcglasso_fortran,I,6.579332246575681e-5,1,ok,0.008000000000000895,6.524674802022143,NA
10,0.8,0.2,0,line,pcglasso_fortran,I,6.579332246575681e-5,2,ok,0.0070000000000014495,6.524674802022143,NA
50,0.8,0.2,0,line,pcglasso_fortran,I,6.579332246575681e-5,1,ok,0.008000000000002672,42.14237779395832,NA
50,0.8,0.2,0,line,pcglasso_fortran,I,6.579332246575681e-5,2,ok,0.009000000000000341,42.14237779395832,NA
10,0.9,0.2,0,line,pcglasso_fortran,I,6.579332246575681e-5,1,ok,0.008000000000000895,5.546879100582137,NA
10,0.9,0.2,0,line,pcglasso_fortran,I,6.579332246575681e-5,2,ok,0.008000000000000895,5.546879100582137,NA
50,0.9,0.2,0,line,pcglasso_fortran,I,6.579332246575681e-5,1,ok,0.009999999999999787,32.359340253522646,NA
50,0.9,0.2,0,line,pcglasso_fortran,I,6.579332246575681e-5,2,ok,0.009999999999999787,32.359340253522646,NA
10,0.8,0.1,0.5,line,pcglasso_fortran,I,6.579332246575681e-5,1,ok,0.0039999999999995595,7.667111684593486,NA
10,0.8,0.1,0.5,line,pcglasso_fortran,I,6.579332246575681e-5,2,ok,0.0030000000000001137,7.667111684593486,NA
50,0.8,0.1,0.5,line,pcglasso_fortran,I,6.579332246575681e-5,1,ok,0.004999999999999005,40.65763154736123,NA
50,0.8,0.1,0.5,line,pcglasso_fortran,I,6.579332246575681e-5,2,ok,0.004999999999999005,40.65763154736123,NA
10,0.9,0.1,0.5,line,pcglasso_fortran,I,6.579332246575681e-5,1,ok,0.006000000000000227,7.393014879353325,NA
10,0.9,0.1,0.5,line,pcglasso_fortran,I,6.579332246575681e-5,2,ok,0.005000000000000782,7.393014879353325,NA
50,0.9,0.1,0.5,line,pcglasso_fortran,I,6.579332246575681e-5,1,ok,0.011000000000001009,38.18260234003346,NA
50,0.9,0.1,0.5,line,pcglasso_fortran,I,6.579332246575681e-5,2,ok,0.009999999999999787,38.18260234003346,NA
10,0.8,0.2,0.5,line,pcglasso_fortran,I,6.579332246575681e-5,1,ok,0.0030000000000001137,8.18435642121819,NA
10,0.8,0.2,0.5,line,pcglasso_fortran,I,6.579332246575681e-5,2,ok,0.005000000000000782,8.18435642121819,NA
50,0.8,0.2,0.5,line,pcglasso_fortran,I,6.579332246575681e-5,1,ok,0.004000000000001336,42.10700786752656,NA
50,0.8,0.2,0.5,line,pcglasso_fortran,I,6.579332246575681e-5,2,ok,0.003999999999997783,42.10700786752656,NA
10,0.9,0.2,0.5,line,pcglasso_fortran,I,6.579332246575681e-5,1,ok,0.005000000000000782,8.077884298783019,NA
10,0.9,0.2,0.5,line,pcglasso_fortran,I,6.579332246575681e-5,2,ok,0.0039999999999995595,8.077884298783019,NA
50,0.9,0.2,0.5,line,pcglasso_fortran,I,6.579332246575681e-5,1,ok,0.006000000000000227,41.050238102689356,NA
50,0.9,0.2,0.5,line,pcglasso_fortran,I,6.579332246575681e-5,2,ok,0.006000000000000227,41.050238102689356,NA
10,0.8,0.1,0,line,pcglasso,I,6.579332246575681e-5,1,ok,0.009000000000000341,5.5219716880353165,NA
10,0.8,0.1,0,line,pcglasso,I,6.579332246575681e-5,2,ok,0.009999999999999787,5.5219716880353165,NA
50,0.8,0.1,0,line,pcglasso,I,6.579332246575681e-5,1,ok,0.057999999999992724,36.08036976965943,NA
50,0.8,0.1,0,line,pcglasso,I,6.579332246575681e-5,2,ok,0.04399999999999693,36.08036976965943,NA
10,0.9,0.1,0,line,pcglasso,I,6.579332246575681e-5,1,ok,0.02200000000000024,4.415030459060691,NA
10,0.9,0.1,0,line,pcglasso,I,6.579332246575681e-5,2,ok,0.025000000000000355,4.415030459060691,NA
50,0.9,0.1,0,line,pcglasso,I,6.579332246575681e-5,1,ok,0.06600000000000072,25.475468225874522,NA
50,0.9,0.1,0,line,pcglasso,I,6.579332246575681e-5,2,ok,0.06599999999999895,25.475468225874522,NA
10,0.8,0.2,0,line,pcglasso,I,6.579332246575681e-5,1,ok,0.011999999999998678,6.524744046152409,NA
10,0.8,0.2,0,line,pcglasso,I,6.579332246575681e-5,2,ok,0.009000000000000341,6.524744046152409,NA
50,0.8,0.2,0,line,pcglasso,I,6.579332246575681e-5,1,ok,0.035000000000003695,42.142586376423054,NA
50,0.8,0.2,0,line,pcglasso,I,6.579332246575681e-5,2,ok,0.036999999999999034,42.142586376423054,NA
10,0.9,0.2,0,line,pcglasso,I,6.579332246575681e-5,1,ok,0.0129999999999999,5.546998373231851,NA
10,0.9,0.2,0,line,pcglasso,I,6.579332246575681e-5,2,ok,0.010999999999999233,5.546998373231851,NA
50,0.9,0.2,0,line,pcglasso,I,6.579332246575681e-5,1,ok,0.06199999999999939,32.3605547432301,NA
50,0.9,0.2,0,line,pcglasso,I,6.579332246575681e-5,2,ok,0.06299999999999883,32.3605547432301,NA
10,0.8,0.1,0.5,line,pcglasso,I,6.579332246575681e-5,1,ok,0.009000000000000341,7.667127755652776,NA
10,0.8,0.1,0.5,line,pcglasso,I,6.579332246575681e-5,2,ok,0.006000000000000227,7.667127755652776,NA
50,0.8,0.1,0.5,line,pcglasso,I,6.579332246575681e-5,1,ok,0.02400000000000091,40.65767256703709,NA
50,0.8,0.1,0.5,line,pcglasso,I,6.579332246575681e-5,2,ok,0.02400000000000091,40.65767256703709,NA
10,0.9,0.1,0.5,line,pcglasso,I,6.579332246575681e-5,1,ok,0.009999999999999787,7.393051512689931,NA
10,0.9,0.1,0.5,line,pcglasso,I,6.579332246575681e-5,2,ok,0.009999999999999787,7.393051512689931,NA
50,0.9,0.1,0.5,line,pcglasso,I,6.579332246575681e-5,1,ok,0.03599999999999959,38.1826385404833,NA
50,0.9,0.1,0.5,line,pcglasso,I,6.579332246575681e-5,2,ok,0.03500000000000014,38.1826385404833,NA
10,0.8,0.2,0.5,line,pcglasso,I,6.579332246575681e-5,1,ok,0.007999999999999119,8.18436588251861,NA
10,0.8,0.2,0.5,line,pcglasso,I,6.579332246575681e-5,2,ok,0.010999999999999233,8.18436588251861,NA
50,0.8,0.2,0.5,line,pcglasso,I,6.579332246575681e-5,1,ok,0.01799999999999713,42.107005917850046,NA
50,0.8,0.2,0.5,line,pcglasso,I,6.579332246575681e-5,2,ok,0.01600000000000179,42.107005917850046,NA
10,0.9,0.2,0.5,line,pcglasso,I,6.579332246575681e-5,1,ok,0.012000000000000455,8.077880534646011,NA
10,0.9,0.2,0.5,line,pcglasso,I,6.579332246575681e-5,2,ok,0.009999999999999787,8.077880534646011,NA
50,0.9,0.2,0.5,line,pcglasso,I,6.579332246575681e-5,1,ok,0.03500000000000014,41.05035152861628,NA
50,0.9,0.2,0.5,line,pcglasso,I,6.579332246575681e-5,2,ok,0.034999999999998366,41.05035152861628,NA
10,0.8,0.1,0,line,pcglasso_cpp,C,1.873817422860384e-5,1,ok,0.004999999999999005,5.521860305584872,NA
10,0.8,0.1,0,line,pcglasso_cpp,C,1.873817422860384e-5,2,ok,0.006000000000000227,5.521860305584872,NA
50,0.8,0.1,0,line,pcglasso_cpp,C,1.873817422860384e-5,1,ok,0.030000000000001137,36.08023411914528,NA
50,0.8,0.1,0,line,pcglasso_cpp,C,1.873817422860384e-5,2,ok,0.026999999999993918,36.08023411914528,NA
10,0.9,0.1,0,line,pcglasso_cpp,C,1.873817422860384e-5,1,ok,0.012000000000000455,4.414808647215186,NA
10,0.9,0.1,0,line,pcglasso_cpp,C,1.873817422860384e-5,2,ok,0.014000000000001123,4.414808647215186,NA
50,0.9,0.1,0,line,pcglasso_cpp,C,1.873817422860384e-5,1,ok,0.04899999999999949,25.475085099899683,NA
50,0.9,0.1,0,line,pcglasso_cpp,C,1.873817422860384e-5,2,ok,0.049999999999998934,25.475085099899683,NA
10,0.8,0.2,0,line,pcglasso_cpp,C,1.873817422860384e-5,1,ok,0.0070000000000014495,6.524654193192221,NA
10,0.8,0.2,0,line,pcglasso_cpp,C,1.873817422860384e-5,2,ok,0.006000000000000227,6.524654193192221,NA
50,0.8,0.2,0,line,pcglasso_cpp,C,1.873817422860384e-5,1,ok,0.017999999999993577,42.14237053398124,NA
50,0.8,0.2,0,line,pcglasso_cpp,C,1.873817422860384e-5,2,ok,0.01899999999999835,42.14237053398124,NA
10,0.9,0.2,0,line,pcglasso_cpp,C,1.873817422860384e-5,1,ok,0.009999999999999787,5.546802985665867,NA
10,0.9,0.2,0,line,pcglasso_cpp,C,1.873817422860384e-5,2,ok,0.008000000000000895,5.546802985665867,NA
50,0.9,0.2,0,line,pcglasso_cpp,C,1.873817422860384e-5,1,ok,0.02800000000000047,32.35929030114953,NA
50,0.9,0.2,0,line,pcglasso_cpp,C,1.873817422860384e-5,2,ok,0.027999999999998693,32.35929030114953,NA
10,0.8,0.1,0.5,line,pcglasso_cpp,C,1.873817422860384e-5,1,ok,0.0039999999999995595,7.667107350243083,NA
10,0.8,0.1,0.5,line,pcglasso_cpp,C,1.873817422860384e-5,2,ok,0.0030000000000001137,7.667107350243083,NA
50,0.8,0.1,0.5,line,pcglasso_cpp,C,1.873817422860384e-5,1,ok,0.012999999999998124,40.6576319508472,NA
50,0.8,0.1,0.5,line,pcglasso_cpp,C,1.873817422860384e-5,2,ok,0.012000000000000455,40.6576319508472,NA
10,0.9,0.1,0.5,line,pcglasso_cpp,C,1.873817422860384e-5,1,ok,0.005000000000000782,7.393009567959526,NA
10,0.9,0.1,0.5,line,pcglasso_cpp,C,1.873817422860384e-5,2,ok,0.004000000000001336,7.393009567959526,NA
50,0.9,0.1,0.5,line,pcglasso_cpp,C,1.873817422860384e-5,1,ok,0.018000000000000682,38.18260234363878,NA
50,0.9,0.1,0.5,line,pcglasso_cpp,C,1.873817422860384e-5,2,ok,0.01699999999999946,38.18260234363878,NA
10,0.8,0.2,0.5,line,pcglasso_cpp,C,1.873817422860384e-5,1,ok,0.0030000000000001137,8.184356142118165,NA
10,0.8,0.2,0.5,line,pcglasso_cpp,C,1.873817422860384e-5,2,ok,0.005000000000000782,8.184356142118165,NA
50,0.8,0.2,0.5,line,pcglasso_cpp,C,1.873817422860384e-5,1,ok,0.013000000000001677,42.10700591278345,NA
50,0.8,0.2,0.5,line,pcglasso_cpp,C,1.873817422860384e-5,2,ok,0.012999999999998124,42.10700591278345,NA
10,0.9,0.2,0.5,line,pcglasso_cpp,C,1.873817422860384e-5,1,ok,0.004999999999999005,8.077851706022104,NA
10,0.9,0.2,0.5,line,pcglasso_cpp,C,1.873817422860384e-5,2,ok,0.005000000000000782,8.077851706022104,NA
50,0.9,0.2,0.5,line,pcglasso_cpp,C,1.873817422860384e-5,1,ok,0.014999999999998792,41.050230812234574,NA
50,0.9,0.2,0.5,line,pcglasso_cpp,C,1.873817422860384e-5,2,ok,0.015000000000000568,41.050230812234574,NA
10,0.8,0.1,0,line,pcglasso_fortran,C,1.873817422860384e-5,1,ok,0.005000000000000782,5.521870246512101,NA
10,0.8,0.1,0,line,pcglasso_fortran,C,1.873817422860384e-5,2,ok,0.006000000000000227,5.521870246512101,NA
50,0.8,0.1,0,line,pcglasso_fortran,C,1.873817422860384e-5,1,ok,0.01999999999999602,36.080232869887034,NA
50,0.8,0.1,0,line,pcglasso_fortran,C,1.873817422860384e-5,2,ok,0.015000000000000568,36.080232869887034,NA
10,0.9,0.1,0,line,pcglasso_fortran,C,1.873817422860384e-5,1,ok,0.009999999999999787,4.414806817130263,NA
10,0.9,0.1,0,line,pcglasso_fortran,C,1.873817422860384e-5,2,ok,0.013999999999999346,4.414806817130263,NA
50,0.9,0.1,0,line,pcglasso_fortran,C,1.873817422860384e-5,1,ok,0.022999999999999687,25.475053143976083,NA
50,0.9,0.1,0,line,pcglasso_fortran,C,1.873817422860384e-5,2,ok,0.022999999999999687,25.475053143976083,NA
10,0.8,0.2,0,line,pcglasso_fortran,C,1.873817422860384e-5,1,ok,0.007999999999999119,6.524652951786017,NA
10,0.8,0.2,0,line,pcglasso_fortran,C,1.873817422860384e-5,2,ok,0.006999999999999673,6.524652951786017,NA
50,0.8,0.2,0,line,pcglasso_fortran,C,1.873817422860384e-5,1,ok,0.009000000000000341,42.14236894450366,NA
50,0.8,0.2,0,line,pcglasso_fortran,C,1.873817422860384e-5,2,ok,0.009000000000000341,42.14236894450366,NA
10,0.9,0.2,0,line,pcglasso_fortran,C,1.873817422860384e-5,1,ok,0.009999999999999787,5.5467830079543194,NA
10,0.9,0.2,0,line,pcglasso_fortran,C,1.873817422860384e-5,2,ok,0.008999999999998565,5.5467830079543194,NA
50,0.9,0.2,0,line,pcglasso_fortran,C,1.873817422860384e-5,1,ok,0.01699999999999946,32.35928480555808,NA
50,0.9,0.2,0,line,pcglasso_fortran,C,1.873817422860384e-5,2,ok,0.017000000000001236,32.35928480555808,NA
10,0.8,0.1,0.5,line,pcglasso_fortran,C,1.873817422860384e-5,1,ok,0.004999999999999005,7.667102770076266,NA
10,0.8,0.1,0.5,line,pcglasso_fortran,C,1.873817422860384e-5,2,ok,0.0030000000000001137,7.667102770076266,NA
50,0.8,0.1,0.5,line,pcglasso_fortran,C,1.873817422860384e-5,1,ok,0.009000000000000341,40.6576319306957,NA
50,0.8,0.1,0.5,line,pcglasso_fortran,C,1.873817422860384e-5,2,ok,0.009000000000000341,40.6576319306957,NA
10,0.9,0.1,0.5,line,pcglasso_fortran,C,1.873817422860384e-5,1,ok,0.006999999999999673,7.3930101867642115,NA
10,0.9,0.1,0.5,line,pcglasso_fortran,C,1.873817422860384e-5,2,ok,0.008999999999998565,7.3930101867642115,NA
50,0.9,0.1,0.5,line,pcglasso_fortran,C,1.873817422860384e-5,1,ok,0.009999999999999787,38.182601960924444,NA
50,0.9,0.1,0.5,line,pcglasso_fortran,C,1.873817422860384e-5,2,ok,0.009999999999999787,38.182601960924444,NA
10,0.8,0.2,0.5,line,pcglasso_fortran,C,1.873817422860384e-5,1,ok,0.004000000000001336,8.184351908081029,NA
10,0.8,0.2,0.5,line,pcglasso_fortran,C,1.873817422860384e-5,2,ok,0.005999999999998451,8.184351908081029,NA
50,0.8,0.2,0.5,line,pcglasso_fortran,C,1.873817422860384e-5,1,ok,0.006000000000000227,42.107005765326306,NA
50,0.8,0.2,0.5,line,pcglasso_fortran,C,1.873817422860384e-5,2,ok,0.006000000000000227,42.107005765326306,NA
10,0.9,0.2,0.5,line,pcglasso_fortran,C,1.873817422860384e-5,1,ok,0.004999999999999005,8.077853872248056,NA
10,0.9,0.2,0.5,line,pcglasso_fortran,C,1.873817422860384e-5,2,ok,0.004999999999999005,8.077853872248056,NA
50,0.9,0.2,0.5,line,pcglasso_fortran,C,1.873817422860384e-5,1,ok,0.008000000000000895,41.05022785306099,NA
50,0.9,0.2,0.5,line,pcglasso_fortran,C,1.873817422860384e-5,2,ok,0.008000000000000895,41.05022785306099,NA
10,0.8,0.1,0,line,pcglasso,C,1.873817422860384e-5,1,ok,0.009000000000000341,5.521844563913645,NA
10,0.8,0.1,0,line,pcglasso,C,1.873817422860384e-5,2,ok,0.009999999999999787,5.521844563913645,NA
50,0.8,0.1,0,line,pcglasso,C,1.873817422860384e-5,1,ok,0.07800000000000296,36.08027492429886,NA
50,0.8,0.1,0,line,pcglasso,C,1.873817422860384e-5,2,ok,0.05799999999999983,36.08027492429886,NA
10,0.9,0.1,0,line,pcglasso,C,1.873817422860384e-5,1,ok,0.010999999999999233,4.414819852281137,NA
10,0.9,0.1,0,line,pcglasso,C,1.873817422860384e-5,2,ok,0.01699999999999946,4.414819852281137,NA
50,0.9,0.1,0,line,pcglasso,C,1.873817422860384e-5,1,ok,0.07499999999999929,25.47516696242947,NA
50,0.9,0.1,0,line,pcglasso,C,1.873817422860384e-5,2,ok,0.07600000000000051,25.47516696242947,NA
10,0.8,0.2,0,line,pcglasso,C,1.873817422860384e-5,1,ok,0.012000000000000455,6.52464719251698,NA
10,0.8,0.2,0,line,pcglasso,C,1.873817422860384e-5,2,ok,0.009999999999999787,6.52464719251698,NA
50,0.8,0.2,0,line,pcglasso,C,1.873817422860384e-5,1,ok,0.05799999999999983,42.142381539497286,NA
50,0.8,0.2,0,line,pcglasso,C,1.873817422860384e-5,2,ok,0.060000000000002274,42.142381539497286,NA
10,0.9,0.2,0,line,pcglasso,C,1.873817422860384e-5,1,ok,0.012000000000000455,5.5468213871899605,NA
10,0.9,0.2,0,line,pcglasso,C,1.873817422860384e-5,2,ok,0.011000000000001009,5.5468213871899605,NA
50,0.9,0.2,0,line,pcglasso,C,1.873817422860384e-5,1,ok,0.08999999999999986,32.35944686546489,NA
50,0.9,0.2,0,line,pcglasso,C,1.873817422860384e-5,2,ok,0.08999999999999986,32.35944686546489,NA
10,0.8,0.1,0.5,line,pcglasso,C,1.873817422860384e-5,1,ok,0.011000000000001009,7.667103428222753,NA
10,0.8,0.1,0.5,line,pcglasso,C,1.873817422860384e-5,2,ok,0.008000000000000895,7.667103428222753,NA
50,0.8,0.1,0.5,line,pcglasso,C,1.873817422860384e-5,1,ok,0.045000000000001705,40.65763364486238,NA
50,0.8,0.1,0.5,line,pcglasso,C,1.873817422860384e-5,2,ok,0.04400000000000048,40.65763364486238,NA
10,0.9,0.1,0.5,line,pcglasso,C,1.873817422860384e-5,1,ok,0.0129999999999999,7.393011490170867,NA
10,0.9,0.1,0.5,line,pcglasso,C,1.873817422860384e-5,2,ok,0.014000000000001123,7.393011490170867,NA
50,0.9,0.1,0.5,line,pcglasso,C,1.873817422860384e-5,1,ok,0.06600000000000072,38.18260640075888,NA
50,0.9,0.1,0.5,line,pcglasso,C,1.873817422860384e-5,2,ok,0.06500000000000128,38.18260640075888,NA
10,0.8,0.2,0.5,line,pcglasso,C,1.873817422860384e-5,1,ok,0.010999999999999233,8.184352922050087,NA
10,0.8,0.2,0.5,line,pcglasso,C,1.873817422860384e-5,2,ok,0.015000000000000568,8.184352922050087,NA
50,0.8,0.2,0.5,line,pcglasso,C,1.873817422860384e-5,1,ok,0.0470000000000006,42.107005345078825,NA
50,0.8,0.2,0.5,line,pcglasso,C,1.873817422860384e-5,2,ok,0.045000000000001705,42.107005345078825,NA
10,0.9,0.2,0.5,line,pcglasso,C,1.873817422860384e-5,1,ok,0.01699999999999946,8.077851744349895,NA
10,0.9,0.2,0.5,line,pcglasso,C,1.873817422860384e-5,2,ok,0.013999999999999346,8.077851744349895,NA
50,0.9,0.2,0.5,line,pcglasso,C,1.873817422860384e-5,1,ok,0.0730000000000004,41.050230713412994,NA
50,0.9,0.2,0.5,line,pcglasso,C,1.873817422860384e-5,2,ok,0.07299999999999862,41.050230713412994,NA
10,0.8,0.1,0,line,pcglasso_cpp,I,1.873817422860384e-5,1,ok,0.004999999999999005,5.5218619970616984,NA
10,0.8,0.1,0,line,pcglasso_cpp,I,1.873817422860384e-5,2,ok,0.006000000000000227,5.5218619970616984,NA
50,0.8,0.1,0,line,pcglasso_cpp,I,1.873817422860384e-5,1,ok,0.018999999999991246,36.080236233578454,NA
50,0.8,0.1,0,line,pcglasso_cpp,I,1.873817422860384e-5,2,ok,0.016000000000005343,36.080236233578454,NA
10,0.9,0.1,0,line,pcglasso_cpp,I,1.873817422860384e-5,1,ok,0.012000000000000455,4.4148303998103415,NA
10,0.9,0.1,0,line,pcglasso_cpp,I,1.873817422860384e-5,2,ok,0.0129999999999999,4.4148303998103415,NA
50,0.9,0.1,0,line,pcglasso_cpp,I,1.873817422860384e-5,1,ok,0.040000000000000924,25.475093392541922,NA
50,0.9,0.1,0,line,pcglasso_cpp,I,1.873817422860384e-5,2,ok,0.0389999999999997,25.475093392541922,NA
10,0.8,0.2,0,line,pcglasso_cpp,I,1.873817422860384e-5,1,ok,0.006000000000000227,6.524655217224851,NA
10,0.8,0.2,0,line,pcglasso_cpp,I,1.873817422860384e-5,2,ok,0.005000000000000782,6.524655217224851,NA
50,0.8,0.2,0,line,pcglasso_cpp,I,1.873817422860384e-5,1,ok,0.011000000000002785,42.142369152726395,NA
50,0.8,0.2,0,line,pcglasso_cpp,I,1.873817422860384e-5,2,ok,0.011000000000002785,42.142369152726395,NA
10,0.9,0.2,0,line,pcglasso_cpp,I,1.873817422860384e-5,1,ok,0.008000000000000895,5.546804508211817,NA
10,0.9,0.2,0,line,pcglasso_cpp,I,1.873817422860384e-5,2,ok,0.006999999999999673,5.546804508211817,NA
50,0.9,0.2,0,line,pcglasso_cpp,I,1.873817422860384e-5,1,ok,0.019999999999999574,32.35929954518886,NA
50,0.9,0.2,0,line,pcglasso_cpp,I,1.873817422860384e-5,2,ok,0.02099999999999902,32.35929954518886,NA
10,0.8,0.1,0.5,line,pcglasso_cpp,I,1.873817422860384e-5,1,ok,0.0039999999999995595,7.667104490662473,NA
10,0.8,0.1,0.5,line,pcglasso_cpp,I,1.873817422860384e-5,2,ok,0.0030000000000001137,7.667104490662473,NA
50,0.8,0.1,0.5,line,pcglasso_cpp,I,1.873817422860384e-5,1,ok,0.00999999999999801,40.657631896585286,NA
50,0.8,0.1,0.5,line,pcglasso_cpp,I,1.873817422860384e-5,2,ok,0.010000000000001563,40.657631896585286,NA
10,0.9,0.1,0.5,line,pcglasso_cpp,I,1.873817422860384e-5,1,ok,0.004000000000001336,7.393009240998656,NA
10,0.9,0.1,0.5,line,pcglasso_cpp,I,1.873817422860384e-5,2,ok,0.004999999999999005,7.393009240998656,NA
50,0.9,0.1,0.5,line,pcglasso_cpp,I,1.873817422860384e-5,1,ok,0.010999999999999233,38.18260435587326,NA
50,0.9,0.1,0.5,line,pcglasso_cpp,I,1.873817422860384e-5,2,ok,0.011999999999998678,38.18260435587326,NA
10,0.8,0.2,0.5,line,pcglasso_cpp,I,1.873817422860384e-5,1,ok,0.0030000000000001137,8.18436095835788,NA
10,0.8,0.2,0.5,line,pcglasso_cpp,I,1.873817422860384e-5,2,ok,0.004000000000001336,8.18436095835788,NA
50,0.8,0.2,0.5,line,pcglasso_cpp,I,1.873817422860384e-5,1,ok,0.007999999999999119,42.107008132949346,NA
50,0.8,0.2,0.5,line,pcglasso_cpp,I,1.873817422860384e-5,2,ok,0.006999999999997897,42.107008132949346,NA
10,0.9,0.2,0.5,line,pcglasso_cpp,I,1.873817422860384e-5,1,ok,0.005000000000000782,8.07785416271204,NA
10,0.9,0.2,0.5,line,pcglasso_cpp,I,1.873817422860384e-5,2,ok,0.0030000000000001137,8.07785416271204,NA
50,0.9,0.2,0.5,line,pcglasso_cpp,I,1.873817422860384e-5,1,ok,0.015000000000000568,41.05022984727503,NA
50,0.9,0.2,0.5,line,pcglasso_cpp,I,1.873817422860384e-5,2,ok,0.0129999999999999,41.05022984727503,NA
10,0.8,0.1,0,line,pcglasso_fortran,I,1.873817422860384e-5,1,ok,0.008000000000000895,5.521885043659111,NA
10,0.8,0.1,0,line,pcglasso_fortran,I,1.873817422860384e-5,2,ok,0.009000000000000341,5.521885043659111,NA
50,0.8,0.1,0,line,pcglasso_fortran,I,1.873817422860384e-5,1,ok,0.012000000000000455,36.08023608423271,NA
50,0.8,0.1,0,line,pcglasso_fortran,I,1.873817422860384e-5,2,ok,0.008000000000002672,36.08023608423271,NA
10,0.9,0.1,0,line,pcglasso_fortran,I,1.873817422860384e-5,1,ok,0.011000000000001009,4.414814258052576,NA
10,0.9,0.1,0,line,pcglasso_fortran,I,1.873817422860384e-5,2,ok,0.0129999999999999,4.414814258052576,NA
50,0.9,0.1,0,line,pcglasso_fortran,I,1.873817422860384e-5,1,ok,0.01699999999999946,25.47505338007521,NA
50,0.9,0.1,0,line,pcglasso_fortran,I,1.873817422860384e-5,2,ok,0.017000000000001236,25.47505338007521,NA
10,0.8,0.2,0,line,pcglasso_fortran,I,1.873817422860384e-5,1,ok,0.019000000000000128,6.5246585424312915,NA
10,0.8,0.2,0,line,pcglasso_fortran,I,1.873817422860384e-5,2,ok,0.019000000000000128,6.5246585424312915,NA
50,0.8,0.2,0,line,pcglasso_fortran,I,1.873817422860384e-5,1,ok,0.006999999999997897,42.14236825219115,NA
50,0.8,0.2,0,line,pcglasso_fortran,I,1.873817422860384e-5,2,ok,0.006999999999997897,42.14236825219115,NA
10,0.9,0.2,0,line,pcglasso_fortran,I,1.873817422860384e-5,1,ok,0.008999999999998565,5.546796203538445,NA
10,0.9,0.2,0,line,pcglasso_fortran,I,1.873817422860384e-5,2,ok,0.007999999999999119,5.546796203538445,NA
50,0.9,0.2,0,line,pcglasso_fortran,I,1.873817422860384e-5,1,ok,0.012000000000000455,32.35929044246788,NA
50,0.9,0.2,0,line,pcglasso_fortran,I,1.873817422860384e-5,2,ok,0.012000000000000455,32.35929044246788,NA
10,0.8,0.1,0.5,line,pcglasso_fortran,I,1.873817422860384e-5,1,ok,0.0039999999999995595,7.667102873379234,NA
10,0.8,0.1,0.5,line,pcglasso_fortran,I,1.873817422860384e-5,2,ok,0.0030000000000001137,7.667102873379234,NA
50,0.8,0.1,0.5,line,pcglasso_fortran,I,1.873817422860384e-5,1,ok,0.005000000000002558,40.65763154736123,NA
50,0.8,0.1,0.5,line,pcglasso_fortran,I,1.873817422860384e-5,2,ok,0.004999999999999005,40.65763154736123,NA
10,0.9,0.1,0.5,line,pcglasso_fortran,I,1.873817422860384e-5,1,ok,0.004999999999999005,7.393014879353325,NA
10,0.9,0.1,0.5,line,pcglasso_fortran,I,1.873817422860384e-5,2,ok,0.006000000000000227,7.393014879353325,NA
50,0.9,0.1,0.5,line,pcglasso_fortran,I,1.873817422860384e-5,1,ok,0.011000000000001009,38.18260234003346,NA
50,0.9,0.1,0.5,line,pcglasso_fortran,I,1.873817422860384e-5,2,ok,0.009999999999999787,38.18260234003346,NA
10,0.8,0.2,0.5,line,pcglasso_fortran,I,1.873817422860384e-5,1,ok,0.0030000000000001137,8.184351955429534,NA
10,0.8,0.2,0.5,line,pcglasso_fortran,I,1.873817422860384e-5,2,ok,0.004999999999999005,8.184351955429534,NA
50,0.8,0.2,0.5,line,pcglasso_fortran,I,1.873817422860384e-5,1,ok,0.004999999999999005,42.10700555929874,NA
50,0.8,0.2,0.5,line,pcglasso_fortran,I,1.873817422860384e-5,2,ok,0.004000000000001336,42.10700555929874,NA
10,0.9,0.2,0.5,line,pcglasso_fortran,I,1.873817422860384e-5,1,ok,0.005000000000000782,8.077867418059874,NA
10,0.9,0.2,0.5,line,pcglasso_fortran,I,1.873817422860384e-5,2,ok,0.0039999999999995595,8.077867418059874,NA
50,0.9,0.2,0.5,line,pcglasso_fortran,I,1.873817422860384e-5,1,ok,0.006999999999999673,41.050228611379296,NA
50,0.9,0.2,0.5,line,pcglasso_fortran,I,1.873817422860384e-5,2,ok,0.0070000000000014495,41.050228611379296,NA
10,0.8,0.1,0,line,pcglasso,I,1.873817422860384e-5,1,ok,0.009999999999999787,5.521860835510688,NA
10,0.8,0.1,0,line,pcglasso,I,1.873817422860384e-5,2,ok,0.010999999999999233,5.521860835510688,NA
50,0.8,0.1,0,line,pcglasso,I,1.873817422860384e-5,1,ok,0.06400000000000716,36.080264777615255,NA
50,0.8,0.1,0,line,pcglasso,I,1.873817422860384e-5,2,ok,0.04999999999999716,36.080264777615255,NA
10,0.9,0.1,0,line,pcglasso,I,1.873817422860384e-5,1,ok,0.014000000000001123,4.41482415316527,NA
10,0.9,0.1,0,line,pcglasso,I,1.873817422860384e-5,2,ok,0.017999999999998906,4.41482415316527,NA
50,0.9,0.1,0,line,pcglasso,I,1.873817422860384e-5,1,ok,0.07600000000000051,25.475130494061595,NA
50,0.9,0.1,0,line,pcglasso,I,1.873817422860384e-5,2,ok,0.07600000000000051,25.475130494061595,NA
10,0.8,0.2,0,line,pcglasso,I,1.873817422860384e-5,1,ok,0.013999999999999346,6.524655980294935,NA
10,0.8,0.2,0,line,pcglasso,I,1.873817422860384e-5,2,ok,0.010999999999999233,6.524655980294935,NA
50,0.8,0.2,0,line,pcglasso,I,1.873817422860384e-5,1,ok,0.045000000000001705,42.14238026699075,NA
50,0.8,0.2,0,line,pcglasso,I,1.873817422860384e-5,2,ok,0.045999999999999375,42.14238026699075,NA
10,0.9,0.2,0,line,pcglasso,I,1.873817422860384e-5,1,ok,0.0129999999999999,5.546831922224532,NA
10,0.9,0.2,0,line,pcglasso,I,1.873817422860384e-5,2,ok,0.012000000000000455,5.546831922224532,NA
50,0.9,0.2,0,line,pcglasso,I,1.873817422860384e-5,1,ok,0.07499999999999929,32.35953267656161,NA
50,0.9,0.2,0,line,pcglasso,I,1.873817422860384e-5,2,ok,0.07200000000000095,32.35953267656161,NA
10,0.8,0.1,0.5,line,pcglasso,I,1.873817422860384e-5,1,ok,0.009999999999999787,7.667103462617248,NA
10,0.8,0.1,0.5,line,pcglasso,I,1.873817422860384e-5,2,ok,0.006999999999999673,7.667103462617248,NA
50,0.8,0.1,0.5,line,pcglasso,I,1.873817422860384e-5,1,ok,0.029999999999997584,40.65763205706336,NA
50,0.8,0.1,0.5,line,pcglasso,I,1.873817422860384e-5,2,ok,0.030000000000001137,40.65763205706336,NA
10,0.9,0.1,0.5,line,pcglasso,I,1.873817422860384e-5,1,ok,0.010999999999999233,7.393011078828842,NA
10,0.9,0.1,0.5,line,pcglasso,I,1.873817422860384e-5,2,ok,0.012000000000000455,7.393011078828842,NA
50,0.9,0.1,0.5,line,pcglasso,I,1.873817422860384e-5,1,ok,0.04499999999999993,38.18260808574733,NA
50,0.9,0.1,0.5,line,pcglasso,I,1.873817422860384e-5,2,ok,0.04200000000000159,38.18260808574733,NA
10,0.8,0.2,0.5,line,pcglasso,I,1.873817422860384e-5,1,ok,0.008000000000000895,8.184353268417032,NA
10,0.8,0.2,0.5,line,pcglasso,I,1.873817422860384e-5,2,ok,0.0129999999999999,8.184353268417032,NA
50,0.8,0.2,0.5,line,pcglasso,I,1.873817422860384e-5,1,ok,0.01600000000000179,42.107005347347084,NA
50,0.8,0.2,0.5,line,pcglasso,I,1.873817422860384e-5,2,ok,0.015999999999998238,42.107005347347084,NA
10,0.9,0.2,0.5,line,pcglasso,I,1.873817422860384e-5,1,ok,0.013999999999999346,8.077849678873168,NA
10,0.9,0.2,0.5,line,pcglasso,I,1.873817422860384e-5,2,ok,0.012000000000000455,8.077849678873168,NA
50,0.9,0.2,0.5,line,pcglasso,I,1.873817422860384e-5,1,ok,0.04299999999999926,41.05023566143548,NA
50,0.9,0.2,0.5,line,pcglasso,I,1.873817422860384e-5,2,ok,0.04299999999999926,41.05023566143548,NA
10,0.8,0.1,0,line,pcglasso_cpp,C,5.336699231206308e-6,1,ok,0.006000000000000227,5.52184718013169,NA
10,0.8,0.1,0,line,pcglasso_cpp,C,5.336699231206308e-6,2,ok,0.006999999999999673,5.52184718013169,NA
50,0.8,0.1,0,line,pcglasso_cpp,C,5.336699231206308e-6,1,ok,0.031999999999996476,36.08022972846554,NA
50,0.8,0.1,0,line,pcglasso_cpp,C,5.336699231206308e-6,2,ok,0.027999999999998693,36.08022972846554,NA
10,0.9,0.1,0,line,pcglasso_cpp,C,5.336699231206308e-6,1,ok,0.012000000000000455,4.414776645128154,NA
10,0.9,0.1,0,line,pcglasso_cpp,C,5.336699231206308e-6,2,ok,0.0259999999999998,4.414776645128154,NA
50,0.9,0.1,0,line,pcglasso_cpp,C,5.336699231206308e-6,1,ok,0.05699999999999861,25.475043902196976,NA
50,0.9,0.1,0,line,pcglasso_cpp,C,5.336699231206308e-6,2,ok,0.0600000000000005,25.475043902196976,NA
10,0.8,0.2,0,line,pcglasso_cpp,C,5.336699231206308e-6,1,ok,0.008000000000000895,6.524642326872155,NA
10,0.8,0.2,0,line,pcglasso_cpp,C,5.336699231206308e-6,2,ok,0.006000000000000227,6.524642326872155,NA
50,0.8,0.2,0,line,pcglasso_cpp,C,5.336699231206308e-6,1,ok,0.018000000000000682,42.142367161295276,NA
50,0.8,0.2,0,line,pcglasso_cpp,C,5.336699231206308e-6,2,ok,0.020000000000003126,42.142367161295276,NA
10,0.9,0.2,0,line,pcglasso_cpp,C,5.336699231206308e-6,1,ok,0.007999999999999119,5.546780427646237,NA
10,0.9,0.2,0,line,pcglasso_cpp,C,5.336699231206308e-6,2,ok,0.007999999999999119,5.546780427646237,NA
50,0.9,0.2,0,line,pcglasso_cpp,C,5.336699231206308e-6,1,ok,0.02800000000000047,32.35928116344291,NA
50,0.9,0.2,0,line,pcglasso_cpp,C,5.336699231206308e-6,2,ok,0.027999999999998693,32.35928116344291,NA
10,0.8,0.1,0.5,line,pcglasso_cpp,C,5.336699231206308e-6,1,ok,0.004000000000001336,7.667102906149033,NA
10,0.8,0.1,0.5,line,pcglasso_cpp,C,5.336699231206308e-6,2,ok,0.0030000000000001137,7.667102906149033,NA
50,0.8,0.1,0.5,line,pcglasso_cpp,C,5.336699231206308e-6,1,ok,0.013000000000001677,40.6576319508472,NA
50,0.8,0.1,0.5,line,pcglasso_cpp,C,5.336699231206308e-6,2,ok,0.012999999999998124,40.6576319508472,NA
10,0.9,0.1,0.5,line,pcglasso_cpp,C,5.336699231206308e-6,1,ok,0.005000000000000782,7.393008076087812,NA
10,0.9,0.1,0.5,line,pcglasso_cpp,C,5.336699231206308e-6,2,ok,0.005000000000000782,7.393008076087812,NA
50,0.9,0.1,0.5,line,pcglasso_cpp,C,5.336699231206308e-6,1,ok,0.015000000000000568,38.18260234363878,NA
50,0.9,0.1,0.5,line,pcglasso_cpp,C,5.336699231206308e-6,2,ok,0.014999999999998792,38.18260234363878,NA
10,0.8,0.2,0.5,line,pcglasso_cpp,C,5.336699231206308e-6,1,ok,0.0039999999999995595,8.184353162573235,NA
10,0.8,0.2,0.5,line,pcglasso_cpp,C,5.336699231206308e-6,2,ok,0.005000000000000782,8.184353162573235,NA
50,0.8,0.2,0.5,line,pcglasso_cpp,C,5.336699231206308e-6,1,ok,0.018000000000000682,42.10700591278345,NA
50,0.8,0.2,0.5,line,pcglasso_cpp,C,5.336699231206308e-6,2,ok,0.015000000000000568,42.10700591278345,NA
10,0.9,0.2,0.5,line,pcglasso_cpp,C,5.336699231206308e-6,1,ok,0.07600000000000051,8.07784937414058,NA
10,0.9,0.2,0.5,line,pcglasso_cpp,C,5.336699231206308e-6,2,ok,0.05299999999999905,8.07784937414058,NA
50,0.9,0.2,0.5,line,pcglasso_cpp,C,5.336699231206308e-6,1,ok,0.018000000000000682,41.050226422269866,NA
50,0.9,0.2,0.5,line,pcglasso_cpp,C,5.336699231206308e-6,2,ok,0.01699999999999946,41.050226422269866,NA
10,0.8,0.1,0,line,pcglasso_fortran,C,5.336699231206308e-6,1,ok,0.006000000000000227,5.521846160177579,NA
10,0.8,0.1,0,line,pcglasso_fortran,C,5.336699231206308e-6,2,ok,0.0070000000000014495,5.521846160177579,NA
50,0.8,0.1,0,line,pcglasso_fortran,C,5.336699231206308e-6,1,ok,0.028000000000005798,36.08022913848157,NA
50,0.8,0.1,0,line,pcglasso_fortran,C,5.336699231206308e-6,2,ok,0.01899999999999835,36.08022913848157,NA
10,0.9,0.1,0,line,pcglasso_fortran,C,5.336699231206308e-6,1,ok,0.0129999999999999,4.414771958849498,NA
10,0.9,0.1,0,line,pcglasso_fortran,C,5.336699231206308e-6,2,ok,0.02099999999999902,4.414771958849498,NA
50,0.9,0.1,0,line,pcglasso_fortran,C,5.336699231206308e-6,1,ok,0.025000000000000355,25.475042183496647,NA
50,0.9,0.1,0,line,pcglasso_fortran,C,5.336699231206308e-6,2,ok,0.025000000000000355,25.475042183496647,NA
10,0.8,0.2,0,line,pcglasso_fortran,C,5.336699231206308e-6,1,ok,0.009000000000000341,6.52464004873122,NA
10,0.8,0.2,0,line,pcglasso_fortran,C,5.336699231206308e-6,2,ok,0.007999999999999119,6.52464004873122,NA
50,0.8,0.2,0,line,pcglasso_fortran,C,5.336699231206308e-6,1,ok,0.009000000000000341,42.14236680638633,NA
50,0.8,0.2,0,line,pcglasso_fortran,C,5.336699231206308e-6,2,ok,0.00999999999999801,42.14236680638633,NA
10,0.9,0.2,0,line,pcglasso_fortran,C,5.336699231206308e-6,1,ok,0.011999999999998678,5.546779146773911,NA
10,0.9,0.2,0,line,pcglasso_fortran,C,5.336699231206308e-6,2,ok,0.009000000000000341,5.546779146773911,NA
50,0.9,0.2,0,line,pcglasso_fortran,C,5.336699231206308e-6,1,ok,0.021000000000000796,32.35928186740471,NA
50,0.9,0.2,0,line,pcglasso_fortran,C,5.336699231206308e-6,2,ok,0.02200000000000024,32.35928186740471,NA
10,0.8,0.1,0.5,line,pcglasso_fortran,C,5.336699231206308e-6,1,ok,0.004999999999999005,7.667101462953139,NA
10,0.8,0.1,0.5,line,pcglasso_fortran,C,5.336699231206308e-6,2,ok,0.0039999999999995595,7.667101462953139,NA
50,0.8,0.1,0.5,line,pcglasso_fortran,C,5.336699231206308e-6,1,ok,0.006999999999997897,40.6576319306957,NA
50,0.8,0.1,0.5,line,pcglasso_fortran,C,5.336699231206308e-6,2,ok,0.0070000000000014495,40.6576319306957,NA
10,0.9,0.1,0.5,line,pcglasso_fortran,C,5.336699231206308e-6,1,ok,0.006999999999999673,7.393008415245686,NA
10,0.9,0.1,0.5,line,pcglasso_fortran,C,5.336699231206308e-6,2,ok,0.008999999999998565,7.393008415245686,NA
50,0.9,0.1,0.5,line,pcglasso_fortran,C,5.336699231206308e-6,1,ok,0.010999999999999233,38.182601960924444,NA
50,0.9,0.1,0.5,line,pcglasso_fortran,C,5.336699231206308e-6,2,ok,0.009999999999999787,38.182601960924444,NA
10,0.8,0.2,0.5,line,pcglasso_fortran,C,5.336699231206308e-6,1,ok,0.0039999999999995595,8.184351908081029,NA
10,0.8,0.2,0.5,line,pcglasso_fortran,C,5.336699231206308e-6,2,ok,0.005000000000000782,8.184351908081029,NA
50,0.8,0.2,0.5,line,pcglasso_fortran,C,5.336699231206308e-6,1,ok,0.006999999999997897,42.107005765326306,NA
50,0.8,0.2,0.5,line,pcglasso_fortran,C,5.336699231206308e-6,2,ok,0.006000000000000227,42.107005765326306,NA
10,0.9,0.2,0.5,line,pcglasso_fortran,C,5.336699231206308e-6,1,ok,0.006999999999999673,8.077849701915301,NA
10,0.9,0.2,0.5,line,pcglasso_fortran,C,5.336699231206308e-6,2,ok,0.005000000000000782,8.077849701915301,NA
50,0.9,0.2,0.5,line,pcglasso_fortran,C,5.336699231206308e-6,1,ok,0.009999999999999787,41.05022534240176,NA
50,0.9,0.2,0.5,line,pcglasso_fortran,C,5.336699231206308e-6,2,ok,0.009000000000000341,41.05022534240176,NA
10,0.8,0.1,0,line,pcglasso,C,5.336699231206308e-6,1,ok,0.01699999999999946,5.521838293729267,NA
10,0.8,0.1,0,line,pcglasso,C,5.336699231206308e-6,2,ok,0.02099999999999902,5.521838293729267,NA
50,0.8,0.1,0,line,pcglasso,C,5.336699231206308e-6,1,ok,0.08199999999999363,36.08022828013174,NA
50,0.8,0.1,0,line,pcglasso,C,5.336699231206308e-6,2,ok,0.06300000000000239,36.08022828013174,NA
10,0.9,0.1,0,line,pcglasso,C,5.336699231206308e-6,1,ok,0.016000000000000014,4.414766501655541,NA
10,0.9,0.1,0,line,pcglasso,C,5.336699231206308e-6,2,ok,0.030000000000001137,4.414766501655541,NA
50,0.9,0.1,0,line,pcglasso,C,5.336699231206308e-6,1,ok,0.0860000000000003,25.47504527834049,NA
50,0.9,0.1,0,line,pcglasso,C,5.336699231206308e-6,2,ok,0.08699999999999974,25.47504527834049,NA
10,0.8,0.2,0,line,pcglasso,C,5.336699231206308e-6,1,ok,0.011999999999998678,6.524637081778808,NA
10,0.8,0.2,0,line,pcglasso,C,5.336699231206308e-6,2,ok,0.009999999999999787,6.524637081778808,NA
50,0.8,0.2,0,line,pcglasso,C,5.336699231206308e-6,1,ok,0.06400000000000006,42.142367187557475,NA
50,0.8,0.2,0,line,pcglasso,C,5.336699231206308e-6,2,ok,0.06700000000000017,42.142367187557475,NA
10,0.9,0.2,0,line,pcglasso,C,5.336699231206308e-6,1,ok,0.015000000000000568,5.546777469392368,NA
10,0.9,0.2,0,line,pcglasso,C,5.336699231206308e-6,2,ok,0.0129999999999999,5.546777469392368,NA
50,0.9,0.2,0,line,pcglasso,C,5.336699231206308e-6,1,ok,0.09799999999999898,32.359297711052335,NA
50,0.9,0.2,0,line,pcglasso,C,5.336699231206308e-6,2,ok,0.0990000000000002,32.359297711052335,NA
10,0.8,0.1,0.5,line,pcglasso,C,5.336699231206308e-6,1,ok,0.010999999999999233,7.6671017291652035,NA
10,0.8,0.1,0.5,line,pcglasso,C,5.336699231206308e-6,2,ok,0.007999999999999119,7.6671017291652035,NA
50,0.8,0.1,0.5,line,pcglasso,C,5.336699231206308e-6,1,ok,0.0470000000000006,40.657631419700124,NA
50,0.8,0.1,0.5,line,pcglasso,C,5.336699231206308e-6,2,ok,0.046999999999997044,40.657631419700124,NA
10,0.9,0.1,0.5,line,pcglasso,C,5.336699231206308e-6,1,ok,0.016000000000000014,7.393007885380552,NA
10,0.9,0.1,0.5,line,pcglasso,C,5.336699231206308e-6,2,ok,0.016000000000000014,7.393007885380552,NA
50,0.9,0.1,0.5,line,pcglasso,C,5.336699231206308e-6,1,ok,0.07199999999999918,38.18260230223671,NA
50,0.9,0.1,0.5,line,pcglasso,C,5.336699231206308e-6,2,ok,0.0710000000000015,38.18260230223671,NA
10,0.8,0.2,0.5,line,pcglasso,C,5.336699231206308e-6,1,ok,0.011000000000001009,8.184351598740182,NA
10,0.8,0.2,0.5,line,pcglasso,C,5.336699231206308e-6,2,ok,0.01699999999999946,8.184351598740182,NA
50,0.8,0.2,0.5,line,pcglasso,C,5.336699231206308e-6,1,ok,0.045999999999999375,42.107005345078825,NA
50,0.8,0.2,0.5,line,pcglasso,C,5.336699231206308e-6,2,ok,0.04499999999999815,42.107005345078825,NA
10,0.9,0.2,0.5,line,pcglasso,C,5.336699231206308e-6,1,ok,0.019000000000000128,8.077848301388203,NA
10,0.9,0.2,0.5,line,pcglasso,C,5.336699231206308e-6,2,ok,0.016000000000000014,8.077848301388203,NA
50,0.9,0.2,0.5,line,pcglasso,C,5.336699231206308e-6,1,ok,0.1880000000000006,41.05022504300596,NA
50,0.9,0.2,0.5,line,pcglasso,C,5.336699231206308e-6,2,ok,0.17999999999999972,41.05022504300596,NA
10,0.8,0.1,0,line,pcglasso_cpp,I,5.336699231206308e-6,1,ok,0.006000000000000227,5.521843631092745,NA
10,0.8,0.1,0,line,pcglasso_cpp,I,5.336699231206308e-6,2,ok,0.006999999999999673,5.521843631092745,NA
50,0.8,0.1,0,line,pcglasso_cpp,I,5.336699231206308e-6,1,ok,0.01999999999999602,36.08023157881439,NA
50,0.8,0.1,0,line,pcglasso_cpp,I,5.336699231206308e-6,2,ok,0.017000000000003013,36.08023157881439,NA
10,0.9,0.1,0,line,pcglasso_cpp,I,5.336699231206308e-6,1,ok,0.015000000000000568,4.414778409550391,NA
10,0.9,0.1,0,line,pcglasso_cpp,I,5.336699231206308e-6,2,ok,0.012000000000000455,4.414778409550391,NA
50,0.9,0.1,0,line,pcglasso_cpp,I,5.336699231206308e-6,1,ok,0.04299999999999926,25.475047317939918,NA
50,0.9,0.1,0,line,pcglasso_cpp,I,5.336699231206308e-6,2,ok,0.04299999999999926,25.475047317939918,NA
10,0.8,0.2,0,line,pcglasso_cpp,I,5.336699231206308e-6,1,ok,0.006000000000000227,6.524641763187274,NA
10,0.8,0.2,0,line,pcglasso_cpp,I,5.336699231206308e-6,2,ok,0.006000000000000227,6.524641763187274,NA
50,0.8,0.2,0,line,pcglasso_cpp,I,5.336699231206308e-6,1,ok,0.01199999999999335,42.14236679008864,NA
50,0.8,0.2,0,line,pcglasso_cpp,I,5.336699231206308e-6,2,ok,0.012000000000000455,42.14236679008864,NA
10,0.9,0.2,0,line,pcglasso_cpp,I,5.336699231206308e-6,1,ok,0.007999999999999119,5.546781730641886,NA
10,0.9,0.2,0,line,pcglasso_cpp,I,5.336699231206308e-6,2,ok,0.007999999999999119,5.546781730641886,NA
50,0.9,0.2,0,line,pcglasso_cpp,I,5.336699231206308e-6,1,ok,0.023000000000001464,32.35928577800806,NA
50,0.9,0.2,0,line,pcglasso_cpp,I,5.336699231206308e-6,2,ok,0.022999999999999687,32.35928577800806,NA
10,0.8,0.1,0.5,line,pcglasso_cpp,I,5.336699231206308e-6,1,ok,0.0039999999999995595,7.667102077972349,NA
10,0.8,0.1,0.5,line,pcglasso_cpp,I,5.336699231206308e-6,2,ok,0.0039999999999995595,7.667102077972349,NA
50,0.8,0.1,0.5,line,pcglasso_cpp,I,5.336699231206308e-6,1,ok,0.010000000000001563,40.657631896585286,NA
50,0.8,0.1,0.5,line,pcglasso_cpp,I,5.336699231206308e-6,2,ok,0.010000000000001563,40.657631896585286,NA
10,0.9,0.1,0.5,line,pcglasso_cpp,I,5.336699231206308e-6,1,ok,0.004000000000001336,7.393009240998656,NA
10,0.9,0.1,0.5,line,pcglasso_cpp,I,5.336699231206308e-6,2,ok,0.005000000000000782,7.393009240998656,NA
50,0.9,0.1,0.5,line,pcglasso_cpp,I,5.336699231206308e-6,1,ok,0.0129999999999999,38.18260184271692,NA
50,0.9,0.1,0.5,line,pcglasso_cpp,I,5.336699231206308e-6,2,ok,0.0129999999999999,38.18260184271692,NA
10,0.8,0.2,0.5,line,pcglasso_cpp,I,5.336699231206308e-6,1,ok,0.0030000000000001137,8.184352697736225,NA
10,0.8,0.2,0.5,line,pcglasso_cpp,I,5.336699231206308e-6,2,ok,0.005000000000000782,8.184352697736225,NA
50,0.8,0.2,0.5,line,pcglasso_cpp,I,5.336699231206308e-6,1,ok,0.007999999999999119,42.1070056598228,NA
50,0.8,0.2,0.5,line,pcglasso_cpp,I,5.336699231206308e-6,2,ok,0.008000000000002672,42.1070056598228,NA
10,0.9,0.2,0.5,line,pcglasso_cpp,I,5.336699231206308e-6,1,ok,0.004999999999999005,8.077850129542764,NA
10,0.9,0.2,0.5,line,pcglasso_cpp,I,5.336699231206308e-6,2,ok,0.0039999999999995595,8.077850129542764,NA
50,0.9,0.2,0.5,line,pcglasso_cpp,I,5.336699231206308e-6,1,ok,0.013999999999999346,41.05022621129615,NA
50,0.9,0.2,0.5,line,pcglasso_cpp,I,5.336699231206308e-6,2,ok,0.013999999999999346,41.05022621129615,NA
10,0.8,0.1,0,line,pcglasso_fortran,I,5.336699231206308e-6,1,ok,0.009000000000000341,5.521846008610389,NA
10,0.8,0.1,0,line,pcglasso_fortran,I,5.336699231206308e-6,2,ok,0.011000000000001009,5.521846008610389,NA
50,0.8,0.1,0,line,pcglasso_fortran,I,5.336699231206308e-6,1,ok,0.018000000000000682,36.080231187371325,NA
50,0.8,0.1,0,line,pcglasso_fortran,I,5.336699231206308e-6,2,ok,0.012000000000000455,36.080231187371325,NA
10,0.9,0.1,0,line,pcglasso_fortran,I,5.336699231206308e-6,1,ok,0.016000000000000014,4.41477328253557,NA
10,0.9,0.1,0,line,pcglasso_fortran,I,5.336699231206308e-6,2,ok,0.011999999999998678,4.41477328253557,NA
50,0.9,0.1,0,line,pcglasso_fortran,I,5.336699231206308e-6,1,ok,0.021000000000000796,25.475036175741746,NA
50,0.9,0.1,0,line,pcglasso_fortran,I,5.336699231206308e-6,2,ok,0.02200000000000024,25.475036175741746,NA
10,0.8,0.2,0,line,pcglasso_fortran,I,5.336699231206308e-6,1,ok,0.011000000000001009,6.524637512824517,NA
10,0.8,0.2,0,line,pcglasso_fortran,I,5.336699231206308e-6,2,ok,0.009000000000000341,6.524637512824517,NA
50,0.8,0.2,0,line,pcglasso_fortran,I,5.336699231206308e-6,1,ok,0.010000000000005116,42.14236665883604,NA
50,0.8,0.2,0,line,pcglasso_fortran,I,5.336699231206308e-6,2,ok,0.00999999999999801,42.14236665883604,NA
10,0.9,0.2,0,line,pcglasso_fortran,I,5.336699231206308e-6,1,ok,0.010999999999999233,5.546779327421449,NA
10,0.9,0.2,0,line,pcglasso_fortran,I,5.336699231206308e-6,2,ok,0.009000000000000341,5.546779327421449,NA
50,0.9,0.2,0,line,pcglasso_fortran,I,5.336699231206308e-6,1,ok,0.0129999999999999,32.35927993577529,NA
50,0.9,0.2,0,line,pcglasso_fortran,I,5.336699231206308e-6,2,ok,0.011999999999998678,32.35927993577529,NA
10,0.8,0.1,0.5,line,pcglasso_fortran,I,5.336699231206308e-6,1,ok,0.005000000000000782,7.667101464838222,NA
10,0.8,0.1,0.5,line,pcglasso_fortran,I,5.336699231206308e-6,2,ok,0.0030000000000001137,7.667101464838222,NA
50,0.8,0.1,0.5,line,pcglasso_fortran,I,5.336699231206308e-6,1,ok,0.004000000000001336,40.65763154736123,NA
50,0.8,0.1,0.5,line,pcglasso_fortran,I,5.336699231206308e-6,2,ok,0.003999999999997783,40.65763154736123,NA
10,0.9,0.1,0.5,line,pcglasso_fortran,I,5.336699231206308e-6,1,ok,0.0649999999999995,7.393009913482336,NA
10,0.9,0.1,0.5,line,pcglasso_fortran,I,5.336699231206308e-6,2,ok,0.09100000000000108,7.393009913482336,NA
50,0.9,0.1,0.5,line,pcglasso_fortran,I,5.336699231206308e-6,1,ok,0.008000000000000895,38.182601480278,NA
50,0.9,0.1,0.5,line,pcglasso_fortran,I,5.336699231206308e-6,2,ok,0.006999999999999673,38.182601480278,NA
10,0.8,0.2,0.5,line,pcglasso_fortran,I,5.336699231206308e-6,1,ok,0.0039999999999995595,8.184351955429534,NA
10,0.8,0.2,0.5,line,pcglasso_fortran,I,5.336699231206308e-6,2,ok,0.004999999999999005,8.184351955429534,NA
50,0.8,0.2,0.5,line,pcglasso_fortran,I,5.336699231206308e-6,1,ok,0.004000000000001336,42.10700555929874,NA
50,0.8,0.2,0.5,line,pcglasso_fortran,I,5.336699231206308e-6,2,ok,0.004000000000001336,42.10700555929874,NA
10,0.9,0.2,0.5,line,pcglasso_fortran,I,5.336699231206308e-6,1,ok,0.005999999999998451,8.077851398624214,NA
10,0.9,0.2,0.5,line,pcglasso_fortran,I,5.336699231206308e-6,2,ok,0.006000000000000227,8.077851398624214,NA
50,0.9,0.2,0.5,line,pcglasso_fortran,I,5.336699231206308e-6,1,ok,0.006000000000000227,41.0502257380834,NA
50,0.9,0.2,0.5,line,pcglasso_fortran,I,5.336699231206308e-6,2,ok,0.006999999999999673,41.0502257380834,NA
10,0.8,0.1,0,line,pcglasso,I,5.336699231206308e-6,1,ok,0.010999999999999233,5.521845218434809,NA
10,0.8,0.1,0,line,pcglasso,I,5.336699231206308e-6,2,ok,0.012000000000000455,5.521845218434809,NA
50,0.8,0.1,0,line,pcglasso,I,5.336699231206308e-6,1,ok,0.07299999999999329,36.08022805623794,NA
50,0.8,0.1,0,line,pcglasso,I,5.336699231206308e-6,2,ok,0.05700000000000216,36.08022805623794,NA
10,0.9,0.1,0,line,pcglasso,I,5.336699231206308e-6,1,ok,0.016000000000000014,4.414779077249665,NA
10,0.9,0.1,0,line,pcglasso,I,5.336699231206308e-6,2,ok,0.014999999999998792,4.414779077249665,NA
50,0.9,0.1,0,line,pcglasso,I,5.336699231206308e-6,1,ok,0.19100000000000072,25.47504148456393,NA
50,0.9,0.1,0,line,pcglasso,I,5.336699231206308e-6,2,ok,0.18900000000000006,25.47504148456393,NA
10,0.8,0.2,0,line,pcglasso,I,5.336699231206308e-6,1,ok,0.013999999999999346,6.524639042757234,NA
10,0.8,0.2,0,line,pcglasso,I,5.336699231206308e-6,2,ok,0.0129999999999999,6.524639042757234,NA
50,0.8,0.2,0,line,pcglasso,I,5.336699231206308e-6,1,ok,0.04999999999999716,42.142368112794856,NA
50,0.8,0.2,0,line,pcglasso,I,5.336699231206308e-6,2,ok,0.0519999999999996,42.142368112794856,NA
10,0.9,0.2,0,line,pcglasso,I,5.336699231206308e-6,1,ok,0.017000000000001236,5.5467781050650355,NA
10,0.9,0.2,0,line,pcglasso,I,5.336699231206308e-6,2,ok,0.014999999999998792,5.5467781050650355,NA
50,0.9,0.2,0,line,pcglasso,I,5.336699231206308e-6,1,ok,0.08299999999999841,32.359293598859516,NA
50,0.9,0.2,0,line,pcglasso,I,5.336699231206308e-6,2,ok,0.08399999999999963,32.359293598859516,NA
10,0.8,0.1,0.5,line,pcglasso,I,5.336699231206308e-6,1,ok,0.010999999999999233,7.667101735790419,NA
10,0.8,0.1,0.5,line,pcglasso,I,5.336699231206308e-6,2,ok,0.006999999999999673,7.667101735790419,NA
50,0.8,0.1,0.5,line,pcglasso,I,5.336699231206308e-6,1,ok,0.0329999999999977,40.65763138864595,NA
50,0.8,0.1,0.5,line,pcglasso,I,5.336699231206308e-6,2,ok,0.03300000000000125,40.65763138864595,NA
10,0.9,0.1,0.5,line,pcglasso,I,5.336699231206308e-6,1,ok,0.014000000000001123,7.393007868278969,NA
10,0.9,0.1,0.5,line,pcglasso,I,5.336699231206308e-6,2,ok,0.013999999999999346,7.393007868278969,NA
50,0.9,0.1,0.5,line,pcglasso,I,5.336699231206308e-6,1,ok,0.04800000000000004,38.18260166939871,NA
50,0.9,0.1,0.5,line,pcglasso,I,5.336699231206308e-6,2,ok,0.04600000000000115,38.18260166939871,NA
10,0.8,0.2,0.5,line,pcglasso,I,5.336699231206308e-6,1,ok,0.009000000000000341,8.184351641150489,NA
10,0.8,0.2,0.5,line,pcglasso,I,5.336699231206308e-6,2,ok,0.013999999999999346,8.184351641150489,NA
50,0.8,0.2,0.5,line,pcglasso,I,5.336699231206308e-6,1,ok,0.015999999999998238,42.107005347347084,NA
50,0.8,0.2,0.5,line,pcglasso,I,5.336699231206308e-6,2,ok,0.015999999999998238,42.107005347347084,NA
10,0.9,0.2,0.5,line,pcglasso,I,5.336699231206308e-6,1,ok,0.015000000000000568,8.077848402653702,NA
10,0.9,0.2,0.5,line,pcglasso,I,5.336699231206308e-6,2,ok,0.0129999999999999,8.077848402653702,NA
50,0.9,0.2,0.5,line,pcglasso,I,5.336699231206308e-6,1,ok,0.04400000000000048,41.05022573868673,NA
50,0.9,0.2,0.5,line,pcglasso,I,5.336699231206308e-6,2,ok,0.04399999999999871,41.05022573868673,NA
10,0.8,0.1,0,line,pcglasso_cpp,C,1.5199110829529328e-6,1,ok,0.006000000000000227,5.5218399909570675,NA
10,0.8,0.1,0,line,pcglasso_cpp,C,1.5199110829529328e-6,2,ok,0.007999999999999119,5.5218399909570675,NA
50,0.8,0.1,0,line,pcglasso_cpp,C,1.5199110829529328e-6,1,ok,0.03700000000000614,36.080227274294614,NA
50,0.8,0.1,0,line,pcglasso_cpp,C,1.5199110829529328e-6,2,ok,0.030999999999998806,36.080227274294614,NA
10,0.9,0.1,0,line,pcglasso_cpp,C,1.5199110829529328e-6,1,ok,0.014999999999998792,4.414764450766004,NA
10,0.9,0.1,0,line,pcglasso_cpp,C,1.5199110829529328e-6,2,ok,0.014000000000001123,4.414764450766004,NA
50,0.9,0.1,0,line,pcglasso_cpp,C,1.5199110829529328e-6,1,ok,0.05799999999999983,25.475035065205816,NA
50,0.9,0.1,0,line,pcglasso_cpp,C,1.5199110829529328e-6,2,ok,0.058999999999999275,25.475035065205816,NA
10,0.8,0.2,0,line,pcglasso_cpp,C,1.5199110829529328e-6,1,ok,0.008000000000000895,6.524636535151713,NA
10,0.8,0.2,0,line,pcglasso_cpp,C,1.5199110829529328e-6,2,ok,0.006999999999999673,6.524636535151713,NA
50,0.8,0.2,0,line,pcglasso_cpp,C,1.5199110829529328e-6,1,ok,0.018000000000000682,42.14236642565209,NA
50,0.8,0.2,0,line,pcglasso_cpp,C,1.5199110829529328e-6,2,ok,0.019000000000005457,42.14236642565209,NA
10,0.9,0.2,0,line,pcglasso_cpp,C,1.5199110829529328e-6,1,ok,0.008999999999998565,5.54677374895752,NA
10,0.9,0.2,0,line,pcglasso_cpp,C,1.5199110829529328e-6,2,ok,0.009000000000000341,5.54677374895752,NA
50,0.9,0.2,0,line,pcglasso_cpp,C,1.5199110829529328e-6,1,ok,0.13700000000000045,32.359278745675375,NA
50,0.9,0.2,0,line,pcglasso_cpp,C,1.5199110829529328e-6,2,ok,0.2530000000000001,32.359278745675375,NA
10,0.8,0.1,0.5,line,pcglasso_cpp,C,1.5199110829529328e-6,1,ok,0.005000000000000782,7.6671016107853065,NA
10,0.8,0.1,0.5,line,pcglasso_cpp,C,1.5199110829529328e-6,2,ok,0.0030000000000001137,7.6671016107853065,NA
50,0.8,0.1,0.5,line,pcglasso_cpp,C,1.5199110829529328e-6,1,ok,0.014000000000002899,40.65763143233516,NA
50,0.8,0.1,0.5,line,pcglasso_cpp,C,1.5199110829529328e-6,2,ok,0.012999999999998124,40.65763143233516,NA
10,0.9,0.1,0.5,line,pcglasso_cpp,C,1.5199110829529328e-6,1,ok,0.004999999999999005,7.393008076087812,NA
10,0.9,0.1,0.5,line,pcglasso_cpp,C,1.5199110829529328e-6,2,ok,0.004999999999999005,7.393008076087812,NA
50,0.9,0.1,0.5,line,pcglasso_cpp,C,1.5199110829529328e-6,1,ok,0.017999999999998906,38.18260146835277,NA
50,0.9,0.1,0.5,line,pcglasso_cpp,C,1.5199110829529328e-6,2,ok,0.016000000000000014,38.18260146835277,NA
10,0.8,0.2,0.5,line,pcglasso_cpp,C,1.5199110829529328e-6,1,ok,0.0039999999999995595,8.184352061128953,NA
10,0.8,0.2,0.5,line,pcglasso_cpp,C,1.5199110829529328e-6,2,ok,0.006000000000000227,8.184352061128953,NA
50,0.8,0.2,0.5,line,pcglasso_cpp,C,1.5199110829529328e-6,1,ok,0.012999999999998124,42.10700535311799,NA
50,0.8,0.2,0.5,line,pcglasso_cpp,C,1.5199110829529328e-6,2,ok,0.013000000000001677,42.10700535311799,NA
10,0.9,0.2,0.5,line,pcglasso_cpp,C,1.5199110829529328e-6,1,ok,0.006000000000000227,8.077848567917227,NA
10,0.9,0.2,0.5,line,pcglasso_cpp,C,1.5199110829529328e-6,2,ok,0.004999999999999005,8.077848567917227,NA
50,0.9,0.2,0.5,line,pcglasso_cpp,C,1.5199110829529328e-6,1,ok,0.018000000000000682,41.05022526637109,NA
50,0.9,0.2,0.5,line,pcglasso_cpp,C,1.5199110829529328e-6,2,ok,0.017000000000001236,41.05022526637109,NA
10,0.8,0.1,0,line,pcglasso_fortran,C,1.5199110829529328e-6,1,ok,0.0070000000000014495,5.521838969511842,NA
10,0.8,0.1,0,line,pcglasso_fortran,C,1.5199110829529328e-6,2,ok,0.008000000000000895,5.521838969511842,NA
50,0.8,0.1,0,line,pcglasso_fortran,C,1.5199110829529328e-6,1,ok,0.022999999999996135,36.08022781891677,NA
50,0.8,0.1,0,line,pcglasso_fortran,C,1.5199110829529328e-6,2,ok,0.016999999999995907,36.08022781891677,NA
10,0.9,0.1,0,line,pcglasso_fortran,C,1.5199110829529328e-6,1,ok,0.012000000000000455,4.41476137534605,NA
10,0.9,0.1,0,line,pcglasso_fortran,C,1.5199110829529328e-6,2,ok,0.0129999999999999,4.41476137534605,NA
50,0.9,0.1,0,line,pcglasso_fortran,C,1.5199110829529328e-6,1,ok,0.028999999999999915,25.47503399092063,NA
50,0.9,0.1,0,line,pcglasso_fortran,C,1.5199110829529328e-6,2,ok,0.03200000000000003,25.47503399092063,NA
10,0.8,0.2,0,line,pcglasso_fortran,C,1.5199110829529328e-6,1,ok,0.009999999999999787,6.524636403811596,NA
10,0.8,0.2,0,line,pcglasso_fortran,C,1.5199110829529328e-6,2,ok,0.009000000000000341,6.524636403811596,NA
50,0.8,0.2,0,line,pcglasso_fortran,C,1.5199110829529328e-6,1,ok,0.00999999999999801,42.14236629452774,NA
50,0.8,0.2,0,line,pcglasso_fortran,C,1.5199110829529328e-6,2,ok,0.00999999999999801,42.14236629452774,NA
10,0.9,0.2,0,line,pcglasso_fortran,C,1.5199110829529328e-6,1,ok,0.011000000000001009,5.546774150778636,NA
10,0.9,0.2,0,line,pcglasso_fortran,C,1.5199110829529328e-6,2,ok,0.010999999999999233,5.546774150778636,NA
50,0.9,0.2,0,line,pcglasso_fortran,C,1.5199110829529328e-6,1,ok,0.019999999999999574,32.359278766515565,NA
50,0.9,0.2,0,line,pcglasso_fortran,C,1.5199110829529328e-6,2,ok,0.019000000000000128,32.359278766515565,NA
10,0.8,0.1,0.5,line,pcglasso_fortran,C,1.5199110829529328e-6,1,ok,0.004999999999999005,7.667101462953139,NA
10,0.8,0.1,0.5,line,pcglasso_fortran,C,1.5199110829529328e-6,2,ok,0.0039999999999995595,7.667101462953139,NA
50,0.8,0.1,0.5,line,pcglasso_fortran,C,1.5199110829529328e-6,1,ok,0.006999999999997897,40.657631409115595,NA
50,0.8,0.1,0.5,line,pcglasso_fortran,C,1.5199110829529328e-6,2,ok,0.006999999999997897,40.657631409115595,NA
10,0.9,0.1,0.5,line,pcglasso_fortran,C,1.5199110829529328e-6,1,ok,0.008000000000000895,7.3930078222303885,NA
10,0.9,0.1,0.5,line,pcglasso_fortran,C,1.5199110829529328e-6,2,ok,0.009000000000000341,7.3930078222303885,NA
50,0.9,0.1,0.5,line,pcglasso_fortran,C,1.5199110829529328e-6,1,ok,0.011000000000001009,38.18260139891655,NA
50,0.9,0.1,0.5,line,pcglasso_fortran,C,1.5199110829529328e-6,2,ok,0.010999999999999233,38.18260139891655,NA
10,0.8,0.2,0.5,line,pcglasso_fortran,C,1.5199110829529328e-6,1,ok,0.0030000000000001137,8.184351605060963,NA
10,0.8,0.2,0.5,line,pcglasso_fortran,C,1.5199110829529328e-6,2,ok,0.005000000000000782,8.184351605060963,NA
50,0.8,0.2,0.5,line,pcglasso_fortran,C,1.5199110829529328e-6,1,ok,0.010999999999999233,42.10700531883686,NA
50,0.8,0.2,0.5,line,pcglasso_fortran,C,1.5199110829529328e-6,2,ok,0.00999999999999801,42.10700531883686,NA
10,0.9,0.2,0.5,line,pcglasso_fortran,C,1.5199110829529328e-6,1,ok,0.006000000000000227,8.077848565637122,NA
10,0.9,0.2,0.5,line,pcglasso_fortran,C,1.5199110829529328e-6,2,ok,0.005000000000000782,8.077848565637122,NA
50,0.9,0.2,0.5,line,pcglasso_fortran,C,1.5199110829529328e-6,1,ok,0.009000000000000341,41.050224960915166,NA
50,0.9,0.2,0.5,line,pcglasso_fortran,C,1.5199110829529328e-6,2,ok,0.009000000000000341,41.050224960915166,NA
10,0.8,0.1,0,line,pcglasso,C,1.5199110829529328e-6,1,ok,0.011999999999998678,5.52183721718403,NA
10,0.8,0.1,0,line,pcglasso,C,1.5199110829529328e-6,2,ok,0.03599999999999959,5.52183721718403,NA
50,0.8,0.1,0,line,pcglasso,C,1.5199110829529328e-6,1,ok,0.09799999999999898,36.08022687150305,NA
50,0.8,0.1,0,line,pcglasso,C,1.5199110829529328e-6,2,ok,0.07200000000000273,36.08022687150305,NA
10,0.9,0.1,0,line,pcglasso,C,1.5199110829529328e-6,1,ok,0.017000000000001236,4.414760348708415,NA
10,0.9,0.1,0,line,pcglasso,C,1.5199110829529328e-6,2,ok,0.016000000000000014,4.414760348708415,NA
50,0.9,0.1,0,line,pcglasso,C,1.5199110829529328e-6,1,ok,0.0990000000000002,25.475031980673776,NA
50,0.9,0.1,0,line,pcglasso,C,1.5199110829529328e-6,2,ok,0.0990000000000002,25.475031980673776,NA
10,0.8,0.2,0,line,pcglasso,C,1.5199110829529328e-6,1,ok,0.011999999999998678,6.524635095641015,NA
10,0.8,0.2,0,line,pcglasso,C,1.5199110829529328e-6,2,ok,0.010999999999999233,6.524635095641015,NA
50,0.8,0.2,0,line,pcglasso,C,1.5199110829529328e-6,1,ok,0.07000000000000028,42.14236670527826,NA
50,0.8,0.2,0,line,pcglasso,C,1.5199110829529328e-6,2,ok,0.07399999999999807,42.14236670527826,NA
10,0.9,0.2,0,line,pcglasso,C,1.5199110829529328e-6,1,ok,0.01699999999999946,5.54677184223301,NA
10,0.9,0.2,0,line,pcglasso,C,1.5199110829529328e-6,2,ok,0.015000000000000568,5.54677184223301,NA
50,0.9,0.2,0,line,pcglasso,C,1.5199110829529328e-6,1,ok,0.21600000000000108,32.359281171852,NA
50,0.9,0.2,0,line,pcglasso,C,1.5199110829529328e-6,2,ok,0.21700000000000053,32.359281171852,NA
10,0.8,0.1,0.5,line,pcglasso,C,1.5199110829529328e-6,1,ok,0.023000000000001464,7.667101113887776,NA
10,0.8,0.1,0.5,line,pcglasso,C,1.5199110829529328e-6,2,ok,0.018000000000000682,7.667101113887776,NA
50,0.8,0.1,0.5,line,pcglasso,C,1.5199110829529328e-6,1,ok,0.14499999999999957,40.65763137882273,NA
50,0.8,0.1,0.5,line,pcglasso,C,1.5199110829529328e-6,2,ok,0.1509999999999998,40.65763137882273,NA
10,0.9,0.1,0.5,line,pcglasso,C,1.5199110829529328e-6,1,ok,0.01699999999999946,7.393007556494491,NA
10,0.9,0.1,0.5,line,pcglasso,C,1.5199110829529328e-6,2,ok,0.01699999999999946,7.393007556494491,NA
50,0.9,0.1,0.5,line,pcglasso,C,1.5199110829529328e-6,1,ok,0.08000000000000007,38.18260132585731,NA
50,0.9,0.1,0.5,line,pcglasso,C,1.5199110829529328e-6,2,ok,0.07500000000000107,38.18260132585731,NA
10,0.8,0.2,0.5,line,pcglasso,C,1.5199110829529328e-6,1,ok,0.011999999999998678,8.184351421546934,NA
10,0.8,0.2,0.5,line,pcglasso,C,1.5199110829529328e-6,2,ok,0.017000000000001236,8.184351421546934,NA
50,0.8,0.2,0.5,line,pcglasso,C,1.5199110829529328e-6,1,ok,0.04600000000000293,42.10700529267247,NA
50,0.8,0.2,0.5,line,pcglasso,C,1.5199110829529328e-6,2,ok,0.0470000000000006,42.10700529267247,NA
10,0.9,0.2,0.5,line,pcglasso,C,1.5199110829529328e-6,1,ok,0.02000000000000135,8.077848152268086,NA
10,0.9,0.2,0.5,line,pcglasso,C,1.5199110829529328e-6,2,ok,0.016000000000000014,8.077848152268086,NA
50,0.9,0.2,0.5,line,pcglasso,C,1.5199110829529328e-6,1,ok,0.0810000000000013,41.05022488899048,NA
50,0.9,0.2,0.5,line,pcglasso,C,1.5199110829529328e-6,2,ok,0.08099999999999952,41.05022488899048,NA
10,0.8,0.1,0,line,pcglasso_cpp,I,1.5199110829529328e-6,1,ok,0.006000000000000227,5.521839736031124,NA
10,0.8,0.1,0,line,pcglasso_cpp,I,1.5199110829529328e-6,2,ok,0.015000000000000568,5.521839736031124,NA
50,0.8,0.1,0,line,pcglasso_cpp,I,1.5199110829529328e-6,1,ok,0.022999999999996135,36.08022809157846,NA
50,0.8,0.1,0,line,pcglasso_cpp,I,1.5199110829529328e-6,2,ok,0.020000000000003126,36.08022809157846,NA
10,0.9,0.1,0,line,pcglasso_cpp,I,1.5199110829529328e-6,1,ok,0.02200000000000024,4.414766329337241,NA
10,0.9,0.1,0,line,pcglasso_cpp,I,1.5199110829529328e-6,2,ok,0.02400000000000091,4.414766329337241,NA
50,0.9,0.1,0,line,pcglasso_cpp,I,1.5199110829529328e-6,1,ok,0.049000000000001265,25.475035101894477,NA
50,0.9,0.1,0,line,pcglasso_cpp,I,1.5199110829529328e-6,2,ok,0.051000000000000156,25.475035101894477,NA
10,0.8,0.2,0,line,pcglasso_cpp,I,1.5199110829529328e-6,1,ok,0.006000000000000227,6.524636335693982,NA
10,0.8,0.2,0,line,pcglasso_cpp,I,1.5199110829529328e-6,2,ok,0.006000000000000227,6.524636335693982,NA
50,0.8,0.2,0,line,pcglasso_cpp,I,1.5199110829529328e-6,1,ok,0.01300000000000523,42.142366296658984,NA
50,0.8,0.2,0,line,pcglasso_cpp,I,1.5199110829529328e-6,2,ok,0.014000000000002899,42.142366296658984,NA
10,0.9,0.2,0,line,pcglasso_cpp,I,1.5199110829529328e-6,1,ok,0.009999999999999787,5.546773340570542,NA
10,0.9,0.2,0,line,pcglasso_cpp,I,1.5199110829529328e-6,2,ok,0.009000000000000341,5.546773340570542,NA
50,0.9,0.2,0,line,pcglasso_cpp,I,1.5199110829529328e-6,1,ok,0.028999999999999915,32.35927953115255,NA
50,0.9,0.2,0,line,pcglasso_cpp,I,1.5199110829529328e-6,2,ok,0.027999999999998693,32.35927953115255,NA
10,0.8,0.1,0.5,line,pcglasso_cpp,I,1.5199110829529328e-6,1,ok,0.0039999999999995595,7.667101370781991,NA
10,0.8,0.1,0.5,line,pcglasso_cpp,I,1.5199110829529328e-6,2,ok,0.0039999999999995595,7.667101370781991,NA
50,0.8,0.1,0.5,line,pcglasso_cpp,I,1.5199110829529328e-6,1,ok,0.010999999999999233,40.657631428414774,NA
50,0.8,0.1,0.5,line,pcglasso_cpp,I,1.5199110829529328e-6,2,ok,0.011000000000002785,40.657631428414774,NA
10,0.9,0.1,0.5,line,pcglasso_cpp,I,1.5199110829529328e-6,1,ok,0.005000000000000782,7.3930080014355815,NA
10,0.9,0.1,0.5,line,pcglasso_cpp,I,1.5199110829529328e-6,2,ok,0.005000000000000782,7.3930080014355815,NA
50,0.9,0.1,0.5,line,pcglasso_cpp,I,1.5199110829529328e-6,1,ok,0.014999999999998792,38.18260135380009,NA
50,0.9,0.1,0.5,line,pcglasso_cpp,I,1.5199110829529328e-6,2,ok,0.013999999999999346,38.18260135380009,NA
10,0.8,0.2,0.5,line,pcglasso_cpp,I,1.5199110829529328e-6,1,ok,0.004000000000001336,8.184351888170195,NA
10,0.8,0.2,0.5,line,pcglasso_cpp,I,1.5199110829529328e-6,2,ok,0.005999999999998451,8.184351888170195,NA
50,0.8,0.2,0.5,line,pcglasso_cpp,I,1.5199110829529328e-6,1,ok,0.010000000000001563,42.10700531781336,NA
50,0.8,0.2,0.5,line,pcglasso_cpp,I,1.5199110829529328e-6,2,ok,0.010000000000001563,42.10700531781336,NA
10,0.9,0.2,0.5,line,pcglasso_cpp,I,1.5199110829529328e-6,1,ok,0.005000000000000782,8.077848814112338,NA
10,0.9,0.2,0.5,line,pcglasso_cpp,I,1.5199110829529328e-6,2,ok,0.0039999999999995595,8.077848814112338,NA
50,0.9,0.2,0.5,line,pcglasso_cpp,I,1.5199110829529328e-6,1,ok,0.015999999999998238,41.05022522104268,NA
50,0.9,0.2,0.5,line,pcglasso_cpp,I,1.5199110829529328e-6,2,ok,0.015000000000000568,41.05022522104268,NA
10,0.8,0.1,0,line,pcglasso_fortran,I,1.5199110829529328e-6,1,ok,0.009999999999999787,5.521839898097812,NA
10,0.8,0.1,0,line,pcglasso_fortran,I,1.5199110829529328e-6,2,ok,0.02099999999999902,5.521839898097812,NA
50,0.8,0.1,0,line,pcglasso_fortran,I,1.5199110829529328e-6,1,ok,0.014000000000010004,36.080227690546636,NA
50,0.8,0.1,0,line,pcglasso_fortran,I,1.5199110829529328e-6,2,ok,0.01099999999999568,36.080227690546636,NA
10,0.9,0.1,0,line,pcglasso_fortran,I,1.5199110829529328e-6,1,ok,0.01699999999999946,4.414764238367988,NA
10,0.9,0.1,0,line,pcglasso_fortran,I,1.5199110829529328e-6,2,ok,0.015000000000000568,4.414764238367988,NA
50,0.9,0.1,0,line,pcglasso_fortran,I,1.5199110829529328e-6,1,ok,0.022999999999999687,25.47503347514057,NA
50,0.9,0.1,0,line,pcglasso_fortran,I,1.5199110829529328e-6,2,ok,0.022999999999999687,25.47503347514057,NA
10,0.8,0.2,0,line,pcglasso_fortran,I,1.5199110829529328e-6,1,ok,0.009999999999999787,6.524636386250665,NA
10,0.8,0.2,0,line,pcglasso_fortran,I,1.5199110829529328e-6,2,ok,0.009999999999999787,6.524636386250665,NA
50,0.8,0.2,0,line,pcglasso_fortran,I,1.5199110829529328e-6,1,ok,0.007999999999995566,42.14236627114971,NA
50,0.8,0.2,0,line,pcglasso_fortran,I,1.5199110829529328e-6,2,ok,0.007999999999995566,42.14236627114971,NA
10,0.9,0.2,0,line,pcglasso_fortran,I,1.5199110829529328e-6,1,ok,0.019999999999999574,5.546774064471004,NA
10,0.9,0.2,0,line,pcglasso_fortran,I,1.5199110829529328e-6,2,ok,0.02200000000000024,5.546774064471004,NA
50,0.9,0.2,0,line,pcglasso_fortran,I,1.5199110829529328e-6,1,ok,0.0129999999999999,32.359278766387504,NA
50,0.9,0.2,0,line,pcglasso_fortran,I,1.5199110829529328e-6,2,ok,0.0129999999999999,32.359278766387504,NA
10,0.8,0.1,0.5,line,pcglasso_fortran,I,1.5199110829529328e-6,1,ok,0.005000000000000782,7.667101464838222,NA
10,0.8,0.1,0.5,line,pcglasso_fortran,I,1.5199110829529328e-6,2,ok,0.0039999999999995595,7.667101464838222,NA
50,0.8,0.1,0.5,line,pcglasso_fortran,I,1.5199110829529328e-6,1,ok,0.006000000000000227,40.657631371260315,NA
50,0.8,0.1,0.5,line,pcglasso_fortran,I,1.5199110829529328e-6,2,ok,0.006000000000000227,40.657631371260315,NA
10,0.9,0.1,0.5,line,pcglasso_fortran,I,1.5199110829529328e-6,1,ok,0.006999999999999673,7.393007817029109,NA
10,0.9,0.1,0.5,line,pcglasso_fortran,I,1.5199110829529328e-6,2,ok,0.006999999999999673,7.393007817029109,NA
50,0.9,0.1,0.5,line,pcglasso_fortran,I,1.5199110829529328e-6,1,ok,0.006999999999999673,38.182601480278,NA
50,0.9,0.1,0.5,line,pcglasso_fortran,I,1.5199110829529328e-6,2,ok,0.006999999999999673,38.182601480278,NA
10,0.8,0.2,0.5,line,pcglasso_fortran,I,1.5199110829529328e-6,1,ok,0.0039999999999995595,8.184351481600778,NA
10,0.8,0.2,0.5,line,pcglasso_fortran,I,1.5199110829529328e-6,2,ok,0.005000000000000782,8.184351481600778,NA
50,0.8,0.2,0.5,line,pcglasso_fortran,I,1.5199110829529328e-6,1,ok,0.004999999999999005,42.10700529577727,NA
50,0.8,0.2,0.5,line,pcglasso_fortran,I,1.5199110829529328e-6,2,ok,0.004999999999999005,42.10700529577727,NA
10,0.9,0.2,0.5,line,pcglasso_fortran,I,1.5199110829529328e-6,1,ok,0.006999999999999673,8.077848644642112,NA
10,0.9,0.2,0.5,line,pcglasso_fortran,I,1.5199110829529328e-6,2,ok,0.006000000000000227,8.077848644642112,NA
50,0.9,0.2,0.5,line,pcglasso_fortran,I,1.5199110829529328e-6,1,ok,0.0070000000000014495,41.05022506853334,NA
50,0.9,0.2,0.5,line,pcglasso_fortran,I,1.5199110829529328e-6,2,ok,0.006999999999999673,41.05022506853334,NA
10,0.8,0.1,0,line,pcglasso,I,1.5199110829529328e-6,1,ok,0.0129999999999999,5.521837756658728,NA
10,0.8,0.1,0,line,pcglasso,I,1.5199110829529328e-6,2,ok,0.028999999999999915,5.521837756658728,NA
50,0.8,0.1,0,line,pcglasso,I,1.5199110829529328e-6,1,ok,0.08799999999999386,36.08022685747013,NA
50,0.8,0.1,0,line,pcglasso,I,1.5199110829529328e-6,2,ok,0.06500000000000483,36.08022685747013,NA
10,0.9,0.1,0,line,pcglasso,I,1.5199110829529328e-6,1,ok,0.02200000000000024,4.414760692211968,NA
10,0.9,0.1,0,line,pcglasso,I,1.5199110829529328e-6,2,ok,0.019999999999999574,4.414760692211968,NA
50,0.9,0.1,0,line,pcglasso,I,1.5199110829529328e-6,1,ok,0.09600000000000009,25.47503243143735,NA
50,0.9,0.1,0,line,pcglasso,I,1.5199110829529328e-6,2,ok,0.09699999999999953,25.47503243143735,NA
10,0.8,0.2,0,line,pcglasso,I,1.5199110829529328e-6,1,ok,0.016000000000000014,6.5246352284766544,NA
10,0.8,0.2,0,line,pcglasso,I,1.5199110829529328e-6,2,ok,0.016000000000000014,6.5246352284766544,NA
50,0.8,0.2,0,line,pcglasso,I,1.5199110829529328e-6,1,ok,0.05600000000000449,42.14236667566357,NA
50,0.8,0.2,0,line,pcglasso,I,1.5199110829529328e-6,2,ok,0.05799999999999983,42.14236667566357,NA
10,0.9,0.2,0,line,pcglasso,I,1.5199110829529328e-6,1,ok,0.019999999999999574,5.546771598117271,NA
10,0.9,0.2,0,line,pcglasso,I,1.5199110829529328e-6,2,ok,0.018000000000000682,5.546771598117271,NA
50,0.9,0.2,0,line,pcglasso,I,1.5199110829529328e-6,1,ok,0.08999999999999986,32.35928146339792,NA
50,0.9,0.2,0,line,pcglasso,I,1.5199110829529328e-6,2,ok,0.09299999999999997,32.35928146339792,NA
10,0.8,0.1,0.5,line,pcglasso,I,1.5199110829529328e-6,1,ok,0.011999999999998678,7.6671011143880845,NA
10,0.8,0.1,0.5,line,pcglasso,I,1.5199110829529328e-6,2,ok,0.009000000000000341,7.6671011143880845,NA
50,0.8,0.1,0.5,line,pcglasso,I,1.5199110829529328e-6,1,ok,0.03399999999999892,40.65763136579688,NA
50,0.8,0.1,0.5,line,pcglasso,I,1.5199110829529328e-6,2,ok,0.03399999999999892,40.65763136579688,NA
10,0.9,0.1,0.5,line,pcglasso,I,1.5199110829529328e-6,1,ok,0.013999999999999346,7.393007556461637,NA
10,0.9,0.1,0.5,line,pcglasso,I,1.5199110829529328e-6,2,ok,0.017000000000001236,7.393007556461637,NA
50,0.9,0.1,0.5,line,pcglasso,I,1.5199110829529328e-6,1,ok,0.051000000000000156,38.182601327890666,NA
50,0.9,0.1,0.5,line,pcglasso,I,1.5199110829529328e-6,2,ok,0.05000000000000071,38.182601327890666,NA
10,0.8,0.2,0.5,line,pcglasso,I,1.5199110829529328e-6,1,ok,0.009999999999999787,8.18435142637591,NA
10,0.8,0.2,0.5,line,pcglasso,I,1.5199110829529328e-6,2,ok,0.014000000000001123,8.18435142637591,NA
50,0.8,0.2,0.5,line,pcglasso,I,1.5199110829529328e-6,1,ok,0.01699999999999946,42.10700529424641,NA
50,0.8,0.2,0.5,line,pcglasso,I,1.5199110829529328e-6,2,ok,0.018000000000000682,42.10700529424641,NA
10,0.9,0.2,0.5,line,pcglasso,I,1.5199110829529328e-6,1,ok,0.02099999999999902,8.077848157985336,NA
10,0.9,0.2,0.5,line,pcglasso,I,1.5199110829529328e-6,2,ok,0.013999999999999346,8.077848157985336,NA
50,0.9,0.2,0.5,line,pcglasso,I,1.5199110829529328e-6,1,ok,0.05400000000000027,41.0502248673463,NA
50,0.9,0.2,0.5,line,pcglasso,I,1.5199110829529328e-6,2,ok,0.0519999999999996,41.0502248673463,NA
10,0.8,0.1,0,line,pcglasso_cpp,C,4.328761281083054e-7,1,ok,0.006999999999999673,5.521837642456687,NA
10,0.8,0.1,0,line,pcglasso_cpp,C,4.328761281083054e-7,2,ok,0.0129999999999999,5.521837642456687,NA
50,0.8,0.1,0,line,pcglasso_cpp,C,4.328761281083054e-7,1,ok,0.03900000000000148,36.08022697019312,NA
50,0.8,0.1,0,line,pcglasso_cpp,C,4.328761281083054e-7,2,ok,0.06699999999999307,36.08022697019312,NA
10,0.9,0.1,0,line,pcglasso_cpp,C,4.328761281083054e-7,1,ok,0.015000000000000568,4.414761165114788,NA
10,0.9,0.1,0,line,pcglasso_cpp,C,4.328761281083054e-7,2,ok,0.01699999999999946,4.414761165114788,NA
50,0.9,0.1,0,line,pcglasso_cpp,C,4.328761281083054e-7,1,ok,0.06599999999999895,25.475031777206965,NA
50,0.9,0.1,0,line,pcglasso_cpp,C,4.328761281083054e-7,2,ok,0.06700000000000017,25.475031777206965,NA
10,0.8,0.2,0,line,pcglasso_cpp,C,4.328761281083054e-7,1,ok,0.009000000000000341,6.524635212197628,NA
10,0.8,0.2,0,line,pcglasso_cpp,C,4.328761281083054e-7,2,ok,0.007999999999999119,6.524635212197628,NA
50,0.8,0.2,0,line,pcglasso_cpp,C,4.328761281083054e-7,1,ok,0.01899999999999835,42.14236623135881,NA
50,0.8,0.2,0,line,pcglasso_cpp,C,4.328761281083054e-7,2,ok,0.01899999999999835,42.14236623135881,NA
10,0.9,0.2,0,line,pcglasso_cpp,C,4.328761281083054e-7,1,ok,0.011000000000001009,5.546771858873299,NA
10,0.9,0.2,0,line,pcglasso_cpp,C,4.328761281083054e-7,2,ok,0.009999999999999787,5.546771858873299,NA
50,0.9,0.2,0,line,pcglasso_cpp,C,4.328761281083054e-7,1,ok,0.03200000000000003,32.35927805768928,NA
50,0.9,0.2,0,line,pcglasso_cpp,C,4.328761281083054e-7,2,ok,0.03200000000000003,32.35927805768928,NA
10,0.8,0.1,0.5,line,pcglasso_cpp,C,4.328761281083054e-7,1,ok,0.006000000000000227,7.667101231912561,NA
10,0.8,0.1,0.5,line,pcglasso_cpp,C,4.328761281083054e-7,2,ok,0.0039999999999995595,7.667101231912561,NA
50,0.8,0.1,0.5,line,pcglasso_cpp,C,4.328761281083054e-7,1,ok,0.014000000000002899,40.657631362052626,NA
50,0.8,0.1,0.5,line,pcglasso_cpp,C,4.328761281083054e-7,2,ok,0.015000000000000568,40.657631362052626,NA
10,0.9,0.1,0.5,line,pcglasso_cpp,C,4.328761281083054e-7,1,ok,0.005000000000000782,7.393007683642394,NA
10,0.9,0.1,0.5,line,pcglasso_cpp,C,4.328761281083054e-7,2,ok,0.006000000000000227,7.393007683642394,NA
50,0.9,0.1,0.5,line,pcglasso_cpp,C,4.328761281083054e-7,1,ok,0.02099999999999902,38.18260128452853,NA
50,0.9,0.1,0.5,line,pcglasso_cpp,C,4.328761281083054e-7,2,ok,0.019999999999999574,38.18260128452853,NA
10,0.8,0.2,0.5,line,pcglasso_cpp,C,4.328761281083054e-7,1,ok,0.005000000000000782,8.184351652989454,NA
10,0.8,0.2,0.5,line,pcglasso_cpp,C,4.328761281083054e-7,2,ok,0.006000000000000227,8.184351652989454,NA
50,0.8,0.2,0.5,line,pcglasso_cpp,C,4.328761281083054e-7,1,ok,0.018000000000000682,42.107005274804806,NA
50,0.8,0.2,0.5,line,pcglasso_cpp,C,4.328761281083054e-7,2,ok,0.018000000000000682,42.107005274804806,NA
10,0.9,0.2,0.5,line,pcglasso_cpp,C,4.328761281083054e-7,1,ok,0.006000000000000227,8.077848290462883,NA
10,0.9,0.2,0.5,line,pcglasso_cpp,C,4.328761281083054e-7,2,ok,0.006000000000000227,8.077848290462883,NA
50,0.9,0.2,0.5,line,pcglasso_cpp,C,4.328761281083054e-7,1,ok,0.021999999999998465,41.05022496537239,NA
50,0.9,0.2,0.5,line,pcglasso_cpp,C,4.328761281083054e-7,2,ok,0.019000000000000128,41.05022496537239,NA
10,0.8,0.1,0,line,pcglasso_fortran,C,4.328761281083054e-7,1,ok,0.007999999999999119,5.521837943837155,NA
10,0.8,0.1,0,line,pcglasso_fortran,C,4.328761281083054e-7,2,ok,0.0129999999999999,5.521837943837155,NA
50,0.8,0.1,0,line,pcglasso_fortran,C,4.328761281083054e-7,1,ok,0.0309999999999917,36.08022701553594,NA
50,0.8,0.1,0,line,pcglasso_fortran,C,4.328761281083054e-7,2,ok,0.04100000000000392,36.08022701553594,NA
10,0.9,0.1,0,line,pcglasso_fortran,C,4.328761281083054e-7,1,ok,0.01699999999999946,4.414760614320047,NA
10,0.9,0.1,0,line,pcglasso_fortran,C,4.328761281083054e-7,2,ok,0.013000000000001677,4.414760614320047,NA
50,0.9,0.1,0,line,pcglasso_fortran,C,4.328761281083054e-7,1,ok,0.027999999999998693,25.475031920647893,NA
50,0.9,0.1,0,line,pcglasso_fortran,C,4.328761281083054e-7,2,ok,0.028999999999999915,25.475031920647893,NA
10,0.8,0.2,0,line,pcglasso_fortran,C,4.328761281083054e-7,1,ok,0.009999999999999787,6.524635153140376,NA
10,0.8,0.2,0,line,pcglasso_fortran,C,4.328761281083054e-7,2,ok,0.009999999999999787,6.524635153140376,NA
50,0.8,0.2,0,line,pcglasso_fortran,C,4.328761281083054e-7,1,ok,0.012000000000000455,42.14236619003407,NA
50,0.8,0.2,0,line,pcglasso_fortran,C,4.328761281083054e-7,2,ok,0.014000000000002899,42.14236619003407,NA
10,0.9,0.2,0,line,pcglasso_fortran,C,4.328761281083054e-7,1,ok,0.012000000000000455,5.546771923457311,NA
10,0.9,0.2,0,line,pcglasso_fortran,C,4.328761281083054e-7,2,ok,0.011000000000001009,5.546771923457311,NA
50,0.9,0.2,0,line,pcglasso_fortran,C,4.328761281083054e-7,1,ok,0.02499999999999858,32.359278483850915,NA
50,0.9,0.2,0,line,pcglasso_fortran,C,4.328761281083054e-7,2,ok,0.02200000000000024,32.359278483850915,NA
10,0.8,0.1,0.5,line,pcglasso_fortran,C,4.328761281083054e-7,1,ok,0.006999999999999673,7.66710120324218,NA
10,0.8,0.1,0.5,line,pcglasso_fortran,C,4.328761281083054e-7,2,ok,0.004000000000001336,7.66710120324218,NA
50,0.8,0.1,0.5,line,pcglasso_fortran,C,4.328761281083054e-7,1,ok,0.0070000000000014495,40.65763135479847,NA
50,0.8,0.1,0.5,line,pcglasso_fortran,C,4.328761281083054e-7,2,ok,0.007999999999999119,40.65763135479847,NA
10,0.9,0.1,0.5,line,pcglasso_fortran,C,4.328761281083054e-7,1,ok,0.007999999999999119,7.3930076305141705,NA
10,0.9,0.1,0.5,line,pcglasso_fortran,C,4.328761281083054e-7,2,ok,0.009999999999999787,7.3930076305141705,NA
50,0.9,0.1,0.5,line,pcglasso_fortran,C,4.328761281083054e-7,1,ok,0.012000000000000455,38.182601264248895,NA
50,0.9,0.1,0.5,line,pcglasso_fortran,C,4.328761281083054e-7,2,ok,0.011000000000001009,38.182601264248895,NA
10,0.8,0.2,0.5,line,pcglasso_fortran,C,4.328761281083054e-7,1,ok,0.0030000000000001137,8.184351605060963,NA
10,0.8,0.2,0.5,line,pcglasso_fortran,C,4.328761281083054e-7,2,ok,0.004999999999999005,8.184351605060963,NA
50,0.8,0.2,0.5,line,pcglasso_fortran,C,4.328761281083054e-7,1,ok,0.0070000000000014495,42.107005268390886,NA
50,0.8,0.2,0.5,line,pcglasso_fortran,C,4.328761281083054e-7,2,ok,0.007999999999999119,42.107005268390886,NA
10,0.9,0.2,0.5,line,pcglasso_fortran,C,4.328761281083054e-7,1,ok,0.006999999999999673,8.077848252303744,NA
10,0.9,0.2,0.5,line,pcglasso_fortran,C,4.328761281083054e-7,2,ok,0.006000000000000227,8.077848252303744,NA
50,0.9,0.2,0.5,line,pcglasso_fortran,C,4.328761281083054e-7,1,ok,0.009000000000000341,41.050224960915166,NA
50,0.9,0.2,0.5,line,pcglasso_fortran,C,4.328761281083054e-7,2,ok,0.009000000000000341,41.050224960915166,NA
10,0.8,0.1,0,line,pcglasso,C,4.328761281083054e-7,1,ok,0.014000000000001123,5.521837070578566,NA
10,0.8,0.1,0,line,pcglasso,C,4.328761281083054e-7,2,ok,0.023999999999999133,5.521837070578566,NA
50,0.8,0.1,0,line,pcglasso,C,4.328761281083054e-7,1,ok,0.09200000000001296,36.080226829528335,NA
50,0.8,0.1,0,line,pcglasso,C,4.328761281083054e-7,2,ok,0.14499999999999602,36.080226829528335,NA
10,0.9,0.1,0,line,pcglasso,C,4.328761281083054e-7,1,ok,0.021000000000000796,4.414759911162179,NA
10,0.9,0.1,0,line,pcglasso,C,4.328761281083054e-7,2,ok,0.019999999999999574,4.414759911162179,NA
50,0.9,0.1,0,line,pcglasso,C,4.328761281083054e-7,1,ok,0.11800000000000033,25.475030766027388,NA
50,0.9,0.1,0,line,pcglasso,C,4.328761281083054e-7,2,ok,0.11800000000000033,25.475030766027388,NA
10,0.8,0.2,0,line,pcglasso,C,4.328761281083054e-7,1,ok,0.013999999999999346,6.524634808185263,NA
10,0.8,0.2,0,line,pcglasso,C,4.328761281083054e-7,2,ok,0.014000000000001123,6.524634808185263,NA
50,0.8,0.2,0,line,pcglasso,C,4.328761281083054e-7,1,ok,0.0730000000000004,42.14236628074707,NA
50,0.8,0.2,0,line,pcglasso,C,4.328761281083054e-7,2,ok,0.0759999999999934,42.14236628074707,NA
10,0.9,0.2,0,line,pcglasso,C,4.328761281083054e-7,1,ok,0.019999999999999574,5.54677112850846,NA
10,0.9,0.2,0,line,pcglasso,C,4.328761281083054e-7,2,ok,0.019000000000000128,5.54677112850846,NA
50,0.9,0.2,0,line,pcglasso,C,4.328761281083054e-7,1,ok,0.1269999999999989,32.35927798233206,NA
50,0.9,0.2,0,line,pcglasso,C,4.328761281083054e-7,2,ok,0.125,32.35927798233206,NA
10,0.8,0.1,0.5,line,pcglasso,C,4.328761281083054e-7,1,ok,0.015000000000000568,7.667101079083024,NA
10,0.8,0.1,0.5,line,pcglasso,C,4.328761281083054e-7,2,ok,0.011999999999998678,7.667101079083024,NA
50,0.8,0.1,0.5,line,pcglasso,C,4.328761281083054e-7,1,ok,0.052000000000003155,40.657631363897764,NA
50,0.8,0.1,0.5,line,pcglasso,C,4.328761281083054e-7,2,ok,0.0519999999999996,40.657631363897764,NA
10,0.9,0.1,0.5,line,pcglasso,C,4.328761281083054e-7,1,ok,0.018000000000000682,7.39300754265845,NA
10,0.9,0.1,0.5,line,pcglasso,C,4.328761281083054e-7,2,ok,0.02200000000000024,7.39300754265845,NA
50,0.9,0.1,0.5,line,pcglasso,C,4.328761281083054e-7,1,ok,0.0779999999999994,38.18260125333476,NA
50,0.9,0.1,0.5,line,pcglasso,C,4.328761281083054e-7,2,ok,0.07600000000000051,38.18260125333476,NA
10,0.8,0.2,0.5,line,pcglasso,C,4.328761281083054e-7,1,ok,0.02200000000000024,8.184351416132515,NA
10,0.8,0.2,0.5,line,pcglasso,C,4.328761281083054e-7,2,ok,0.02999999999999936,8.184351416132515,NA
50,0.8,0.2,0.5,line,pcglasso,C,4.328761281083054e-7,1,ok,0.04999999999999716,42.107005262243284,NA
50,0.8,0.2,0.5,line,pcglasso,C,4.328761281083054e-7,2,ok,0.05000000000000071,42.107005262243284,NA
10,0.9,0.2,0.5,line,pcglasso,C,4.328761281083054e-7,1,ok,0.022999999999999687,8.077848154729699,NA
10,0.9,0.2,0.5,line,pcglasso,C,4.328761281083054e-7,2,ok,0.019000000000000128,8.077848154729699,NA
50,0.9,0.2,0.5,line,pcglasso,C,4.328761281083054e-7,1,ok,0.08399999999999963,41.0502248508437,NA
50,0.9,0.2,0.5,line,pcglasso,C,4.328761281083054e-7,2,ok,0.08300000000000018,41.0502248508437,NA
10,0.8,0.1,0,line,pcglasso_cpp,I,4.328761281083054e-7,1,ok,0.007999999999999119,5.521837735815319,NA
10,0.8,0.1,0,line,pcglasso_cpp,I,4.328761281083054e-7,2,ok,0.012000000000000455,5.521837735815319,NA
50,0.8,0.1,0,line,pcglasso_cpp,I,4.328761281083054e-7,1,ok,0.02599999999999625,36.08022714035362,NA
50,0.8,0.1,0,line,pcglasso_cpp,I,4.328761281083054e-7,2,ok,0.045000000000001705,36.08022714035362,NA
10,0.9,0.1,0,line,pcglasso_cpp,I,4.328761281083054e-7,1,ok,0.016000000000000014,4.4147617746706995,NA
10,0.9,0.1,0,line,pcglasso_cpp,I,4.328761281083054e-7,2,ok,0.013999999999999346,4.4147617746706995,NA
50,0.9,0.1,0,line,pcglasso_cpp,I,4.328761281083054e-7,1,ok,0.054999999999999716,25.475031866283665,NA
50,0.9,0.1,0,line,pcglasso_cpp,I,4.328761281083054e-7,2,ok,0.057000000000000384,25.475031866283665,NA
10,0.8,0.2,0,line,pcglasso_cpp,I,4.328761281083054e-7,1,ok,0.006000000000000227,6.52463538014498,NA
10,0.8,0.2,0,line,pcglasso_cpp,I,4.328761281083054e-7,2,ok,0.006999999999999673,6.52463538014498,NA
50,0.8,0.2,0,line,pcglasso_cpp,I,4.328761281083054e-7,1,ok,0.015999999999998238,42.14236619246106,NA
50,0.8,0.2,0,line,pcglasso_cpp,I,4.328761281083054e-7,2,ok,0.018000000000000682,42.14236619246106,NA
10,0.9,0.2,0,line,pcglasso_cpp,I,4.328761281083054e-7,1,ok,0.011000000000001009,5.546771821176822,NA
10,0.9,0.2,0,line,pcglasso_cpp,I,4.328761281083054e-7,2,ok,0.009999999999999787,5.546771821176822,NA
50,0.9,0.2,0,line,pcglasso_cpp,I,4.328761281083054e-7,1,ok,0.1379999999999999,32.359278434396295,NA
50,0.9,0.2,0,line,pcglasso_cpp,I,4.328761281083054e-7,2,ok,0.1509999999999998,32.359278434396295,NA
10,0.8,0.1,0.5,line,pcglasso_cpp,I,4.328761281083054e-7,1,ok,0.004000000000001336,7.667101171347972,NA
10,0.8,0.1,0.5,line,pcglasso_cpp,I,4.328761281083054e-7,2,ok,0.004000000000001336,7.667101171347972,NA
50,0.8,0.1,0.5,line,pcglasso_cpp,I,4.328761281083054e-7,1,ok,0.011999999999996902,40.65763136181011,NA
50,0.8,0.1,0.5,line,pcglasso_cpp,I,4.328761281083054e-7,2,ok,0.012000000000000455,40.65763136181011,NA
10,0.9,0.1,0.5,line,pcglasso_cpp,I,4.328761281083054e-7,1,ok,0.005000000000000782,7.393007666137239,NA
10,0.9,0.1,0.5,line,pcglasso_cpp,I,4.328761281083054e-7,2,ok,0.008000000000000895,7.393007666137239,NA
50,0.9,0.1,0.5,line,pcglasso_cpp,I,4.328761281083054e-7,1,ok,0.12899999999999956,38.18260125604639,NA
50,0.9,0.1,0.5,line,pcglasso_cpp,I,4.328761281083054e-7,2,ok,0.12399999999999878,38.18260125604639,NA
10,0.8,0.2,0.5,line,pcglasso_cpp,I,4.328761281083054e-7,1,ok,0.0039999999999995595,8.18435158863222,NA
10,0.8,0.2,0.5,line,pcglasso_cpp,I,4.328761281083054e-7,2,ok,0.006000000000000227,8.18435158863222,NA
50,0.8,0.2,0.5,line,pcglasso_cpp,I,4.328761281083054e-7,1,ok,0.009000000000000341,42.10700531781336,NA
50,0.8,0.2,0.5,line,pcglasso_cpp,I,4.328761281083054e-7,2,ok,0.009000000000000341,42.10700531781336,NA
10,0.9,0.2,0.5,line,pcglasso_cpp,I,4.328761281083054e-7,1,ok,0.006000000000000227,8.077848228359914,NA
10,0.9,0.2,0.5,line,pcglasso_cpp,I,4.328761281083054e-7,2,ok,0.01699999999999946,8.077848228359914,NA
50,0.9,0.2,0.5,line,pcglasso_cpp,I,4.328761281083054e-7,1,ok,0.01699999999999946,41.05022495685819,NA
50,0.9,0.2,0.5,line,pcglasso_cpp,I,4.328761281083054e-7,2,ok,0.016000000000000014,41.05022495685819,NA
10,0.8,0.1,0,line,pcglasso_fortran,I,4.328761281083054e-7,1,ok,0.011000000000001009,5.521837914393716,NA
10,0.8,0.1,0,line,pcglasso_fortran,I,4.328761281083054e-7,2,ok,0.019000000000000128,5.521837914393716,NA
50,0.8,0.1,0,line,pcglasso_fortran,I,4.328761281083054e-7,1,ok,0.022999999999996135,36.08022695928411,NA
50,0.8,0.1,0,line,pcglasso_fortran,I,4.328761281083054e-7,2,ok,0.027000000000001023,36.08022695928411,NA
10,0.9,0.1,0,line,pcglasso_fortran,I,4.328761281083054e-7,1,ok,0.016000000000000014,4.414761126135347,NA
10,0.9,0.1,0,line,pcglasso_fortran,I,4.328761281083054e-7,2,ok,0.016000000000000014,4.414761126135347,NA
50,0.9,0.1,0,line,pcglasso_fortran,I,4.328761281083054e-7,1,ok,0.023999999999999133,25.475031537491496,NA
50,0.9,0.1,0,line,pcglasso_fortran,I,4.328761281083054e-7,2,ok,0.025000000000000355,25.475031537491496,NA
10,0.8,0.2,0,line,pcglasso_fortran,I,4.328761281083054e-7,1,ok,0.009999999999999787,6.5246354385000425,NA
10,0.8,0.2,0,line,pcglasso_fortran,I,4.328761281083054e-7,2,ok,0.009999999999999787,6.5246354385000425,NA
50,0.8,0.2,0,line,pcglasso_fortran,I,4.328761281083054e-7,1,ok,0.007999999999995566,42.14236627114971,NA
50,0.8,0.2,0,line,pcglasso_fortran,I,4.328761281083054e-7,2,ok,0.009000000000000341,42.14236627114971,NA
10,0.9,0.2,0,line,pcglasso_fortran,I,4.328761281083054e-7,1,ok,0.013999999999999346,5.546772086048995,NA
10,0.9,0.2,0,line,pcglasso_fortran,I,4.328761281083054e-7,2,ok,0.009999999999999787,5.546772086048995,NA
50,0.9,0.2,0,line,pcglasso_fortran,I,4.328761281083054e-7,1,ok,0.015000000000000568,32.35927796867591,NA
50,0.9,0.2,0,line,pcglasso_fortran,I,4.328761281083054e-7,2,ok,0.015000000000000568,32.35927796867591,NA
10,0.8,0.1,0.5,line,pcglasso_fortran,I,4.328761281083054e-7,1,ok,0.004999999999999005,7.667101208216576,NA
10,0.8,0.1,0.5,line,pcglasso_fortran,I,4.328761281083054e-7,2,ok,0.0039999999999995595,7.667101208216576,NA
50,0.8,0.1,0.5,line,pcglasso_fortran,I,4.328761281083054e-7,1,ok,0.006000000000000227,40.657631371260315,NA
50,0.8,0.1,0.5,line,pcglasso_fortran,I,4.328761281083054e-7,2,ok,0.006000000000000227,40.657631371260315,NA
10,0.9,0.1,0.5,line,pcglasso_fortran,I,4.328761281083054e-7,1,ok,0.006999999999999673,7.393007633543896,NA
10,0.9,0.1,0.5,line,pcglasso_fortran,I,4.328761281083054e-7,2,ok,0.011999999999998678,7.393007633543896,NA
50,0.9,0.1,0.5,line,pcglasso_fortran,I,4.328761281083054e-7,1,ok,0.007999999999999119,38.182601288053576,NA
50,0.9,0.1,0.5,line,pcglasso_fortran,I,4.328761281083054e-7,2,ok,0.008000000000000895,38.182601288053576,NA
10,0.8,0.2,0.5,line,pcglasso_fortran,I,4.328761281083054e-7,1,ok,0.0039999999999995595,8.184351426180296,NA
10,0.8,0.2,0.5,line,pcglasso_fortran,I,4.328761281083054e-7,2,ok,0.006000000000000227,8.184351426180296,NA
50,0.8,0.2,0.5,line,pcglasso_fortran,I,4.328761281083054e-7,1,ok,0.004999999999999005,42.10700529577727,NA
50,0.8,0.2,0.5,line,pcglasso_fortran,I,4.328761281083054e-7,2,ok,0.005000000000002558,42.10700529577727,NA
10,0.9,0.2,0.5,line,pcglasso_fortran,I,4.328761281083054e-7,1,ok,0.008000000000000895,8.077848342115905,NA
10,0.9,0.2,0.5,line,pcglasso_fortran,I,4.328761281083054e-7,2,ok,0.012000000000000455,8.077848342115905,NA
50,0.9,0.2,0.5,line,pcglasso_fortran,I,4.328761281083054e-7,1,ok,0.008000000000000895,41.050224901109914,NA
50,0.9,0.2,0.5,line,pcglasso_fortran,I,4.328761281083054e-7,2,ok,0.006999999999999673,41.050224901109914,NA
10,0.8,0.1,0,line,pcglasso,I,4.328761281083054e-7,1,ok,0.017999999999998906,5.521837072943371,NA
10,0.8,0.1,0,line,pcglasso,I,4.328761281083054e-7,2,ok,0.030000000000001137,5.521837072943371,NA
50,0.8,0.1,0,line,pcglasso,I,4.328761281083054e-7,1,ok,0.08299999999999841,36.08022681587579,NA
50,0.8,0.1,0,line,pcglasso,I,4.328761281083054e-7,2,ok,0.13100000000000023,36.08022681587579,NA
10,0.9,0.1,0,line,pcglasso,I,4.328761281083054e-7,1,ok,0.026999999999999247,4.4147599141023806,NA
10,0.9,0.1,0,line,pcglasso,I,4.328761281083054e-7,2,ok,0.023000000000001464,4.4147599141023806,NA
50,0.9,0.1,0,line,pcglasso,I,4.328761281083054e-7,1,ok,0.11100000000000065,25.475030803131197,NA
50,0.9,0.1,0,line,pcglasso,I,4.328761281083054e-7,2,ok,0.1169999999999991,25.475030803131197,NA
10,0.8,0.2,0,line,pcglasso,I,4.328761281083054e-7,1,ok,0.019000000000000128,6.524634818829863,NA
10,0.8,0.2,0,line,pcglasso,I,4.328761281083054e-7,2,ok,0.019000000000000128,6.524634818829863,NA
50,0.8,0.2,0,line,pcglasso,I,4.328761281083054e-7,1,ok,0.06700000000000017,42.14236617637262,NA
50,0.8,0.2,0,line,pcglasso,I,4.328761281083054e-7,2,ok,0.06900000000000261,42.14236617637262,NA
10,0.9,0.2,0,line,pcglasso,I,4.328761281083054e-7,1,ok,0.02400000000000091,5.546771136942849,NA
10,0.9,0.2,0,line,pcglasso,I,4.328761281083054e-7,2,ok,0.022999999999999687,5.546771136942849,NA
50,0.9,0.2,0,line,pcglasso,I,4.328761281083054e-7,1,ok,0.21000000000000085,32.359278129176026,NA
50,0.9,0.2,0,line,pcglasso,I,4.328761281083054e-7,2,ok,0.2159999999999993,32.359278129176026,NA
10,0.8,0.1,0.5,line,pcglasso,I,4.328761281083054e-7,1,ok,0.0129999999999999,7.667101079155622,NA
10,0.8,0.1,0.5,line,pcglasso,I,4.328761281083054e-7,2,ok,0.009999999999999787,7.667101079155622,NA
50,0.8,0.1,0.5,line,pcglasso,I,4.328761281083054e-7,1,ok,0.036000000000001364,40.65763135653013,NA
50,0.8,0.1,0.5,line,pcglasso,I,4.328761281083054e-7,2,ok,0.036000000000001364,40.65763135653013,NA
10,0.9,0.1,0.5,line,pcglasso,I,4.328761281083054e-7,1,ok,0.016000000000000014,7.393007542686123,NA
10,0.9,0.1,0.5,line,pcglasso,I,4.328761281083054e-7,2,ok,0.021000000000000796,7.393007542686123,NA
50,0.9,0.1,0.5,line,pcglasso,I,4.328761281083054e-7,1,ok,0.05500000000000149,38.18260124629616,NA
50,0.9,0.1,0.5,line,pcglasso,I,4.328761281083054e-7,2,ok,0.054999999999999716,38.18260124629616,NA
10,0.8,0.2,0.5,line,pcglasso,I,4.328761281083054e-7,1,ok,0.012000000000000455,8.184351416435135,NA
10,0.8,0.2,0.5,line,pcglasso,I,4.328761281083054e-7,2,ok,0.01699999999999946,8.184351416435135,NA
50,0.8,0.2,0.5,line,pcglasso,I,4.328761281083054e-7,1,ok,0.019000000000001904,42.107005262262234,NA
50,0.8,0.2,0.5,line,pcglasso,I,4.328761281083054e-7,2,ok,0.01899999999999835,42.107005262262234,NA
10,0.9,0.2,0.5,line,pcglasso,I,4.328761281083054e-7,1,ok,0.017999999999998906,8.077848155155696,NA
10,0.9,0.2,0.5,line,pcglasso,I,4.328761281083054e-7,2,ok,0.026999999999999247,8.077848155155696,NA
50,0.9,0.2,0.5,line,pcglasso,I,4.328761281083054e-7,1,ok,0.0519999999999996,41.05022484980404,NA
50,0.9,0.2,0.5,line,pcglasso,I,4.328761281083054e-7,2,ok,0.051000000000000156,41.05022484980404,NA
10,0.8,0.1,0,line,pcglasso_cpp,C,1.2328467394420646e-7,1,ok,0.008000000000000895,5.5218372243693565,NA
10,0.8,0.1,0,line,pcglasso_cpp,C,1.2328467394420646e-7,2,ok,0.013999999999999346,5.5218372243693565,NA
50,0.8,0.1,0,line,pcglasso_cpp,C,1.2328467394420646e-7,1,ok,0.03900000000000148,36.08022678701274,NA
50,0.8,0.1,0,line,pcglasso_cpp,C,1.2328467394420646e-7,2,ok,0.06799999999999784,36.08022678701274,NA
10,0.9,0.1,0,line,pcglasso_cpp,C,1.2328467394420646e-7,1,ok,0.018000000000000682,4.414760249164637,NA
10,0.9,0.1,0,line,pcglasso_cpp,C,1.2328467394420646e-7,2,ok,0.016000000000000014,4.414760249164637,NA
50,0.9,0.1,0,line,pcglasso_cpp,C,1.2328467394420646e-7,1,ok,0.07000000000000028,25.475031030143057,NA
50,0.9,0.1,0,line,pcglasso_cpp,C,1.2328467394420646e-7,2,ok,0.0710000000000015,25.475031030143057,NA
10,0.8,0.2,0,line,pcglasso_cpp,C,1.2328467394420646e-7,1,ok,0.01699999999999946,6.524634955633784,NA
10,0.8,0.2,0,line,pcglasso_cpp,C,1.2328467394420646e-7,2,ok,0.019999999999999574,6.524634955633784,NA
50,0.8,0.2,0,line,pcglasso_cpp,C,1.2328467394420646e-7,1,ok,0.021999999999998465,42.142366179652086,NA
50,0.8,0.2,0,line,pcglasso_cpp,C,1.2328467394420646e-7,2,ok,0.02300000000000324,42.142366179652086,NA
10,0.9,0.2,0,line,pcglasso_cpp,C,1.2328467394420646e-7,1,ok,0.0129999999999999,5.546771312734691,NA
10,0.9,0.2,0,line,pcglasso_cpp,C,1.2328467394420646e-7,2,ok,0.02099999999999902,5.546771312734691,NA
50,0.9,0.2,0,line,pcglasso_cpp,C,1.2328467394420646e-7,1,ok,0.1349999999999998,32.359277847974404,NA
50,0.9,0.2,0,line,pcglasso_cpp,C,1.2328467394420646e-7,2,ok,0.13800000000000168,32.359277847974404,NA
10,0.8,0.1,0.5,line,pcglasso_cpp,C,1.2328467394420646e-7,1,ok,0.005000000000000782,7.667101125621349,NA
10,0.8,0.1,0.5,line,pcglasso_cpp,C,1.2328467394420646e-7,2,ok,0.0039999999999995595,7.667101125621349,NA
50,0.8,0.1,0.5,line,pcglasso_cpp,C,1.2328467394420646e-7,1,ok,0.015000000000000568,40.657631362052626,NA
50,0.8,0.1,0.5,line,pcglasso_cpp,C,1.2328467394420646e-7,2,ok,0.014999999999997016,40.657631362052626,NA
10,0.9,0.1,0.5,line,pcglasso_cpp,C,1.2328467394420646e-7,1,ok,0.005000000000000782,7.393007583332572,NA
10,0.9,0.1,0.5,line,pcglasso_cpp,C,1.2328467394420646e-7,2,ok,0.005000000000000782,7.393007583332572,NA
50,0.9,0.1,0.5,line,pcglasso_cpp,C,1.2328467394420646e-7,1,ok,0.019000000000000128,38.182601241008506,NA
50,0.9,0.1,0.5,line,pcglasso_cpp,C,1.2328467394420646e-7,2,ok,0.018000000000000682,38.182601241008506,NA
10,0.8,0.2,0.5,line,pcglasso_cpp,C,1.2328467394420646e-7,1,ok,0.005000000000000782,8.184351449442516,NA
10,0.8,0.2,0.5,line,pcglasso_cpp,C,1.2328467394420646e-7,2,ok,0.006999999999999673,8.184351449442516,NA
50,0.8,0.2,0.5,line,pcglasso_cpp,C,1.2328467394420646e-7,1,ok,0.018000000000000682,42.107005274804806,NA
50,0.8,0.2,0.5,line,pcglasso_cpp,C,1.2328467394420646e-7,2,ok,0.01699999999999946,42.107005274804806,NA
10,0.9,0.2,0.5,line,pcglasso_cpp,C,1.2328467394420646e-7,1,ok,0.006000000000000227,8.077848198903954,NA
10,0.9,0.2,0.5,line,pcglasso_cpp,C,1.2328467394420646e-7,2,ok,0.009999999999999787,8.077848198903954,NA
50,0.9,0.2,0.5,line,pcglasso_cpp,C,1.2328467394420646e-7,1,ok,0.019000000000000128,41.05022488043782,NA
50,0.9,0.2,0.5,line,pcglasso_cpp,C,1.2328467394420646e-7,2,ok,0.019000000000000128,41.05022488043782,NA
10,0.8,0.1,0,line,pcglasso_fortran,C,1.2328467394420646e-7,1,ok,0.007999999999999119,5.5218376833904355,NA
10,0.8,0.1,0,line,pcglasso_fortran,C,1.2328467394420646e-7,2,ok,0.013999999999999346,5.5218376833904355,NA
50,0.8,0.1,0,line,pcglasso_fortran,C,1.2328467394420646e-7,1,ok,0.031999999999996476,36.08022680238699,NA
50,0.8,0.1,0,line,pcglasso_fortran,C,1.2328467394420646e-7,2,ok,0.04200000000000159,36.08022680238699,NA
10,0.9,0.1,0,line,pcglasso_fortran,C,1.2328467394420646e-7,1,ok,0.016000000000000014,4.414760093192708,NA
10,0.9,0.1,0,line,pcglasso_fortran,C,1.2328467394420646e-7,2,ok,0.013999999999999346,4.414760093192708,NA
50,0.9,0.1,0,line,pcglasso_fortran,C,1.2328467394420646e-7,1,ok,0.031000000000000583,25.475030926813474,NA
50,0.9,0.1,0,line,pcglasso_fortran,C,1.2328467394420646e-7,2,ok,0.030999999999998806,25.475030926813474,NA
10,0.8,0.2,0,line,pcglasso_fortran,C,1.2328467394420646e-7,1,ok,0.009999999999999787,6.524634922505573,NA
10,0.8,0.2,0,line,pcglasso_fortran,C,1.2328467394420646e-7,2,ok,0.011000000000001009,6.524634922505573,NA
50,0.8,0.2,0,line,pcglasso_fortran,C,1.2328467394420646e-7,1,ok,0.011000000000002785,42.14236619003407,NA
50,0.8,0.2,0,line,pcglasso_fortran,C,1.2328467394420646e-7,2,ok,0.01099999999999568,42.14236619003407,NA
10,0.9,0.2,0,line,pcglasso_fortran,C,1.2328467394420646e-7,1,ok,0.0129999999999999,5.5467712668533125,NA
10,0.9,0.2,0,line,pcglasso_fortran,C,1.2328467394420646e-7,2,ok,0.02400000000000091,5.5467712668533125,NA
50,0.9,0.2,0,line,pcglasso_fortran,C,1.2328467394420646e-7,1,ok,0.02200000000000024,32.3592778560691,NA
50,0.9,0.2,0,line,pcglasso_fortran,C,1.2328467394420646e-7,2,ok,0.021999999999998465,32.3592778560691,NA
10,0.8,0.1,0.5,line,pcglasso_fortran,C,1.2328467394420646e-7,1,ok,0.006000000000000227,7.667101107475389,NA
10,0.8,0.1,0.5,line,pcglasso_fortran,C,1.2328467394420646e-7,2,ok,0.005000000000000782,7.667101107475389,NA
50,0.8,0.1,0.5,line,pcglasso_fortran,C,1.2328467394420646e-7,1,ok,0.007999999999999119,40.65763135479847,NA
50,0.8,0.1,0.5,line,pcglasso_fortran,C,1.2328467394420646e-7,2,ok,0.008000000000002672,40.65763135479847,NA
10,0.9,0.1,0.5,line,pcglasso_fortran,C,1.2328467394420646e-7,1,ok,0.007999999999999119,7.39300757031979,NA
10,0.9,0.1,0.5,line,pcglasso_fortran,C,1.2328467394420646e-7,2,ok,0.009999999999999787,7.39300757031979,NA
50,0.9,0.1,0.5,line,pcglasso_fortran,C,1.2328467394420646e-7,1,ok,0.012000000000000455,38.182601237080654,NA
50,0.9,0.1,0.5,line,pcglasso_fortran,C,1.2328467394420646e-7,2,ok,0.010999999999999233,38.182601237080654,NA
10,0.8,0.2,0.5,line,pcglasso_fortran,C,1.2328467394420646e-7,1,ok,0.004999999999999005,8.18435142670639,NA
10,0.8,0.2,0.5,line,pcglasso_fortran,C,1.2328467394420646e-7,2,ok,0.006000000000000227,8.18435142670639,NA
50,0.8,0.2,0.5,line,pcglasso_fortran,C,1.2328467394420646e-7,1,ok,0.006999999999997897,42.107005268390886,NA
50,0.8,0.2,0.5,line,pcglasso_fortran,C,1.2328467394420646e-7,2,ok,0.007999999999999119,42.107005268390886,NA
10,0.9,0.2,0.5,line,pcglasso_fortran,C,1.2328467394420646e-7,1,ok,0.006999999999999673,8.077848172306064,NA
10,0.9,0.2,0.5,line,pcglasso_fortran,C,1.2328467394420646e-7,2,ok,0.010999999999999233,8.077848172306064,NA
50,0.9,0.2,0.5,line,pcglasso_fortran,C,1.2328467394420646e-7,1,ok,0.012000000000000455,41.050224875207455,NA
50,0.9,0.2,0.5,line,pcglasso_fortran,C,1.2328467394420646e-7,2,ok,0.012000000000000455,41.050224875207455,NA
10,0.8,0.1,0,line,pcglasso,C,1.2328467394420646e-7,1,ok,0.023999999999999133,5.521837053970346,NA
10,0.8,0.1,0,line,pcglasso,C,1.2328467394420646e-7,2,ok,0.05600000000000094,5.521837053970346,NA
50,0.8,0.1,0,line,pcglasso,C,1.2328467394420646e-7,1,ok,0.27899999999999636,36.08022675323516,NA
50,0.8,0.1,0,line,pcglasso,C,1.2328467394420646e-7,2,ok,0.30100000000000193,36.08022675323516,NA
10,0.9,0.1,0,line,pcglasso,C,1.2328467394420646e-7,1,ok,0.0259999999999998,4.414759868954131,NA
10,0.9,0.1,0,line,pcglasso,C,1.2328467394420646e-7,2,ok,0.022999999999999687,4.414759868954131,NA
50,0.9,0.1,0,line,pcglasso,C,1.2328467394420646e-7,1,ok,0.13700000000000045,25.475030669636475,NA
50,0.9,0.1,0,line,pcglasso,C,1.2328467394420646e-7,2,ok,0.14000000000000057,25.475030669636475,NA
10,0.8,0.2,0,line,pcglasso,C,1.2328467394420646e-7,1,ok,0.016000000000000014,6.5246347884016425,NA
10,0.8,0.2,0,line,pcglasso,C,1.2328467394420646e-7,2,ok,0.016000000000000014,6.5246347884016425,NA
50,0.8,0.2,0,line,pcglasso,C,1.2328467394420646e-7,1,ok,0.08800000000000097,42.142366168399185,NA
50,0.8,0.2,0,line,pcglasso,C,1.2328467394420646e-7,2,ok,0.09200000000000585,42.142366168399185,NA
10,0.9,0.2,0,line,pcglasso,C,1.2328467394420646e-7,1,ok,0.02499999999999858,5.546771073219311,NA
10,0.9,0.2,0,line,pcglasso,C,1.2328467394420646e-7,2,ok,0.028999999999999915,5.546771073219311,NA
50,0.9,0.2,0,line,pcglasso,C,1.2328467394420646e-7,1,ok,0.14100000000000001,32.359277849809786,NA
50,0.9,0.2,0,line,pcglasso,C,1.2328467394420646e-7,2,ok,0.14400000000000013,32.359277849809786,NA
10,0.8,0.1,0.5,line,pcglasso,C,1.2328467394420646e-7,1,ok,0.017999999999998906,7.667101077277173,NA
10,0.8,0.1,0.5,line,pcglasso,C,1.2328467394420646e-7,2,ok,0.013999999999999346,7.667101077277173,NA
50,0.8,0.1,0.5,line,pcglasso,C,1.2328467394420646e-7,1,ok,0.05999999999999872,40.65763135694682,NA
50,0.8,0.1,0.5,line,pcglasso,C,1.2328467394420646e-7,2,ok,0.05999999999999872,40.65763135694682,NA
10,0.9,0.1,0.5,line,pcglasso,C,1.2328467394420646e-7,1,ok,0.019000000000000128,7.393007544344401,NA
10,0.9,0.1,0.5,line,pcglasso,C,1.2328467394420646e-7,2,ok,0.021000000000000796,7.393007544344401,NA
50,0.9,0.1,0.5,line,pcglasso,C,1.2328467394420646e-7,1,ok,0.09799999999999898,38.182601232283346,NA
50,0.9,0.1,0.5,line,pcglasso,C,1.2328467394420646e-7,2,ok,0.09600000000000009,38.182601232283346,NA
10,0.8,0.2,0.5,line,pcglasso,C,1.2328467394420646e-7,1,ok,0.019000000000000128,8.184351415094135,NA
10,0.8,0.2,0.5,line,pcglasso,C,1.2328467394420646e-7,2,ok,0.027000000000001023,8.184351415094135,NA
50,0.8,0.2,0.5,line,pcglasso,C,1.2328467394420646e-7,1,ok,0.04899999999999949,42.107005262105396,NA
50,0.8,0.2,0.5,line,pcglasso,C,1.2328467394420646e-7,2,ok,0.04900000000000304,42.107005262105396,NA
10,0.9,0.2,0.5,line,pcglasso,C,1.2328467394420646e-7,1,ok,0.031000000000000583,8.07784814669115,NA
10,0.9,0.2,0.5,line,pcglasso,C,1.2328467394420646e-7,2,ok,0.0389999999999997,8.07784814669115,NA
50,0.9,0.2,0.5,line,pcglasso,C,1.2328467394420646e-7,1,ok,0.0860000000000003,41.05022486718319,NA
50,0.9,0.2,0.5,line,pcglasso,C,1.2328467394420646e-7,2,ok,0.0860000000000003,41.05022486718319,NA
10,0.8,0.1,0,line,pcglasso_cpp,I,1.2328467394420646e-7,1,ok,0.0070000000000014495,5.521837221035455,NA
10,0.8,0.1,0,line,pcglasso_cpp,I,1.2328467394420646e-7,2,ok,0.0129999999999999,5.521837221035455,NA
50,0.8,0.1,0,line,pcglasso_cpp,I,1.2328467394420646e-7,1,ok,0.02600000000001046,36.080226865961464,NA
50,0.8,0.1,0,line,pcglasso_cpp,I,1.2328467394420646e-7,2,ok,0.04899999999999949,36.080226865961464,NA
10,0.9,0.1,0,line,pcglasso_cpp,I,1.2328467394420646e-7,1,ok,0.0259999999999998,4.414760347999618,NA
10,0.9,0.1,0,line,pcglasso_cpp,I,1.2328467394420646e-7,2,ok,0.02800000000000047,4.414760347999618,NA
50,0.9,0.1,0,line,pcglasso_cpp,I,1.2328467394420646e-7,1,ok,0.06300000000000061,25.47503097834217,NA
50,0.9,0.1,0,line,pcglasso_cpp,I,1.2328467394420646e-7,2,ok,0.06400000000000006,25.47503097834217,NA
10,0.8,0.2,0,line,pcglasso_cpp,I,1.2328467394420646e-7,1,ok,0.006999999999999673,6.524634920707033,NA
10,0.8,0.2,0,line,pcglasso_cpp,I,1.2328467394420646e-7,2,ok,0.006999999999999673,6.524634920707033,NA
50,0.8,0.2,0,line,pcglasso_cpp,I,1.2328467394420646e-7,1,ok,0.015000000000000568,42.14236619246106,NA
50,0.8,0.2,0,line,pcglasso_cpp,I,1.2328467394420646e-7,2,ok,0.015999999999998238,42.14236619246106,NA
10,0.9,0.2,0,line,pcglasso_cpp,I,1.2328467394420646e-7,1,ok,0.011000000000001009,5.5467713236405345,NA
10,0.9,0.2,0,line,pcglasso_cpp,I,1.2328467394420646e-7,2,ok,0.010999999999999233,5.5467713236405345,NA
50,0.9,0.2,0,line,pcglasso_cpp,I,1.2328467394420646e-7,1,ok,0.032999999999999474,32.359277915901764,NA
50,0.9,0.2,0,line,pcglasso_cpp,I,1.2328467394420646e-7,2,ok,0.03200000000000003,32.359277915901764,NA
10,0.8,0.1,0.5,line,pcglasso_cpp,I,1.2328467394420646e-7,1,ok,0.004999999999999005,7.6671011059182925,NA
10,0.8,0.1,0.5,line,pcglasso_cpp,I,1.2328467394420646e-7,2,ok,0.0029999999999983373,7.6671011059182925,NA
50,0.8,0.1,0.5,line,pcglasso_cpp,I,1.2328467394420646e-7,1,ok,0.012000000000000455,40.65763136181011,NA
50,0.8,0.1,0.5,line,pcglasso_cpp,I,1.2328467394420646e-7,2,ok,0.012000000000000455,40.65763136181011,NA
10,0.9,0.1,0.5,line,pcglasso_cpp,I,1.2328467394420646e-7,1,ok,0.004999999999999005,7.393007578473239,NA
10,0.9,0.1,0.5,line,pcglasso_cpp,I,1.2328467394420646e-7,2,ok,0.005000000000000782,7.393007578473239,NA
50,0.9,0.1,0.5,line,pcglasso_cpp,I,1.2328467394420646e-7,1,ok,0.016000000000000014,38.18260125604639,NA
50,0.9,0.1,0.5,line,pcglasso_cpp,I,1.2328467394420646e-7,2,ok,0.015000000000000568,38.18260125604639,NA
10,0.8,0.2,0.5,line,pcglasso_cpp,I,1.2328467394420646e-7,1,ok,0.0039999999999995595,8.184351481516288,NA
10,0.8,0.2,0.5,line,pcglasso_cpp,I,1.2328467394420646e-7,2,ok,0.006000000000000227,8.184351481516288,NA
50,0.8,0.2,0.5,line,pcglasso_cpp,I,1.2328467394420646e-7,1,ok,0.010999999999999233,42.10700526980033,NA
50,0.8,0.2,0.5,line,pcglasso_cpp,I,1.2328467394420646e-7,2,ok,0.010999999999999233,42.10700526980033,NA
10,0.9,0.2,0.5,line,pcglasso_cpp,I,1.2328467394420646e-7,1,ok,0.006000000000000227,8.077848176513038,NA
10,0.9,0.2,0.5,line,pcglasso_cpp,I,1.2328467394420646e-7,2,ok,0.006000000000000227,8.077848176513038,NA
50,0.9,0.2,0.5,line,pcglasso_cpp,I,1.2328467394420646e-7,1,ok,0.018000000000000682,41.0502248792877,NA
50,0.9,0.2,0.5,line,pcglasso_cpp,I,1.2328467394420646e-7,2,ok,0.017999999999998906,41.0502248792877,NA
10,0.8,0.1,0,line,pcglasso_fortran,I,1.2328467394420646e-7,1,ok,0.012000000000000455,5.5218371983899726,NA
10,0.8,0.1,0,line,pcglasso_fortran,I,1.2328467394420646e-7,2,ok,0.019000000000000128,5.5218371983899726,NA
50,0.8,0.1,0,line,pcglasso_fortran,I,1.2328467394420646e-7,1,ok,0.016999999999995907,36.08022685035513,NA
50,0.8,0.1,0,line,pcglasso_fortran,I,1.2328467394420646e-7,2,ok,0.02400000000000091,36.08022685035513,NA
10,0.9,0.1,0,line,pcglasso_fortran,I,1.2328467394420646e-7,1,ok,0.017000000000001236,4.414760207261124,NA
10,0.9,0.1,0,line,pcglasso_fortran,I,1.2328467394420646e-7,2,ok,0.01699999999999946,4.414760207261124,NA
50,0.9,0.1,0,line,pcglasso_fortran,I,1.2328467394420646e-7,1,ok,0.023999999999999133,25.475030903732183,NA
50,0.9,0.1,0,line,pcglasso_fortran,I,1.2328467394420646e-7,2,ok,0.023999999999999133,25.475030903732183,NA
10,0.8,0.2,0,line,pcglasso_fortran,I,1.2328467394420646e-7,1,ok,0.011000000000001009,6.52463492542712,NA
10,0.8,0.2,0,line,pcglasso_fortran,I,1.2328467394420646e-7,2,ok,0.012000000000000455,6.52463492542712,NA
50,0.8,0.2,0,line,pcglasso_fortran,I,1.2328467394420646e-7,1,ok,0.008000000000002672,42.142366182783796,NA
50,0.8,0.2,0,line,pcglasso_fortran,I,1.2328467394420646e-7,2,ok,0.00999999999999801,42.142366182783796,NA
10,0.9,0.2,0,line,pcglasso_fortran,I,1.2328467394420646e-7,1,ok,0.016000000000000014,5.546771314983275,NA
10,0.9,0.2,0,line,pcglasso_fortran,I,1.2328467394420646e-7,2,ok,0.0129999999999999,5.546771314983275,NA
50,0.9,0.2,0,line,pcglasso_fortran,I,1.2328467394420646e-7,1,ok,0.015000000000000568,32.35927785190593,NA
50,0.9,0.2,0,line,pcglasso_fortran,I,1.2328467394420646e-7,2,ok,0.014999999999998792,32.35927785190593,NA
10,0.8,0.1,0.5,line,pcglasso_fortran,I,1.2328467394420646e-7,1,ok,0.005000000000000782,7.667101109610058,NA
10,0.8,0.1,0.5,line,pcglasso_fortran,I,1.2328467394420646e-7,2,ok,0.0039999999999995595,7.667101109610058,NA
50,0.8,0.1,0.5,line,pcglasso_fortran,I,1.2328467394420646e-7,1,ok,0.008000000000002672,40.657631352737745,NA
50,0.8,0.1,0.5,line,pcglasso_fortran,I,1.2328467394420646e-7,2,ok,0.007999999999999119,40.657631352737745,NA
10,0.9,0.1,0.5,line,pcglasso_fortran,I,1.2328467394420646e-7,1,ok,0.008000000000000895,7.393007571447283,NA
10,0.9,0.1,0.5,line,pcglasso_fortran,I,1.2328467394420646e-7,2,ok,0.007999999999999119,7.393007571447283,NA
50,0.9,0.1,0.5,line,pcglasso_fortran,I,1.2328467394420646e-7,1,ok,0.0129999999999999,38.18260123763368,NA
50,0.9,0.1,0.5,line,pcglasso_fortran,I,1.2328467394420646e-7,2,ok,0.012000000000000455,38.18260123763368,NA
10,0.8,0.2,0.5,line,pcglasso_fortran,I,1.2328467394420646e-7,1,ok,0.0039999999999995595,8.184351426180296,NA
10,0.8,0.2,0.5,line,pcglasso_fortran,I,1.2328467394420646e-7,2,ok,0.005000000000000782,8.184351426180296,NA
50,0.8,0.2,0.5,line,pcglasso_fortran,I,1.2328467394420646e-7,1,ok,0.006000000000000227,42.10700526574278,NA
50,0.8,0.2,0.5,line,pcglasso_fortran,I,1.2328467394420646e-7,2,ok,0.005000000000002558,42.10700526574278,NA
10,0.9,0.2,0.5,line,pcglasso_fortran,I,1.2328467394420646e-7,1,ok,0.007999999999999119,8.07784822330194,NA
10,0.9,0.2,0.5,line,pcglasso_fortran,I,1.2328467394420646e-7,2,ok,0.006999999999999673,8.07784822330194,NA
50,0.9,0.2,0.5,line,pcglasso_fortran,I,1.2328467394420646e-7,1,ok,0.009000000000000341,41.05022485987766,NA
50,0.9,0.2,0.5,line,pcglasso_fortran,I,1.2328467394420646e-7,2,ok,0.008000000000000895,41.05022485987766,NA
10,0.8,0.1,0,line,pcglasso,I,1.2328467394420646e-7,1,ok,0.019000000000000128,5.521837049899837,NA
10,0.8,0.1,0,line,pcglasso,I,1.2328467394420646e-7,2,ok,0.0259999999999998,5.521837049899837,NA
50,0.8,0.1,0,line,pcglasso,I,1.2328467394420646e-7,1,ok,0.10300000000000864,36.08022675389326,NA
50,0.8,0.1,0,line,pcglasso,I,1.2328467394420646e-7,2,ok,0.15700000000000358,36.08022675389326,NA
10,0.9,0.1,0,line,pcglasso,I,1.2328467394420646e-7,1,ok,0.02999999999999936,4.4147598682722,NA
10,0.9,0.1,0,line,pcglasso,I,1.2328467394420646e-7,2,ok,0.028999999999999915,4.4147598682722,NA
50,0.9,0.1,0,line,pcglasso,I,1.2328467394420646e-7,1,ok,0.1349999999999998,25.475030675008824,NA
50,0.9,0.1,0,line,pcglasso,I,1.2328467394420646e-7,2,ok,0.13699999999999868,25.475030675008824,NA
10,0.8,0.2,0,line,pcglasso,I,1.2328467394420646e-7,1,ok,0.019000000000000128,6.5246347876658515,NA
10,0.8,0.2,0,line,pcglasso,I,1.2328467394420646e-7,2,ok,0.02099999999999902,6.5246347876658515,NA
50,0.8,0.2,0,line,pcglasso,I,1.2328467394420646e-7,1,ok,0.07399999999999807,42.142366174186876,NA
50,0.8,0.2,0,line,pcglasso,I,1.2328467394420646e-7,2,ok,0.07699999999999818,42.142366174186876,NA
10,0.9,0.2,0,line,pcglasso,I,1.2328467394420646e-7,1,ok,0.03700000000000081,5.546771073503559,NA
10,0.9,0.2,0,line,pcglasso,I,1.2328467394420646e-7,2,ok,0.03700000000000081,5.546771073503559,NA
50,0.9,0.2,0,line,pcglasso,I,1.2328467394420646e-7,1,ok,0.1349999999999998,32.359277778532714,NA
50,0.9,0.2,0,line,pcglasso,I,1.2328467394420646e-7,2,ok,0.1379999999999999,32.359277778532714,NA
10,0.8,0.1,0.5,line,pcglasso,I,1.2328467394420646e-7,1,ok,0.01699999999999946,7.6671010779054605,NA
10,0.8,0.1,0.5,line,pcglasso,I,1.2328467394420646e-7,2,ok,0.0129999999999999,7.6671010779054605,NA
50,0.8,0.1,0.5,line,pcglasso,I,1.2328467394420646e-7,1,ok,0.036999999999999034,40.6576313554673,NA
50,0.8,0.1,0.5,line,pcglasso,I,1.2328467394420646e-7,2,ok,0.03599999999999781,40.6576313554673,NA
10,0.9,0.1,0.5,line,pcglasso,I,1.2328467394420646e-7,1,ok,0.01699999999999946,7.393007544778372,NA
10,0.9,0.1,0.5,line,pcglasso,I,1.2328467394420646e-7,2,ok,0.01699999999999946,7.393007544778372,NA
50,0.9,0.1,0.5,line,pcglasso,I,1.2328467394420646e-7,1,ok,0.11100000000000065,38.182601231676365,NA
50,0.9,0.1,0.5,line,pcglasso,I,1.2328467394420646e-7,2,ok,0.10299999999999976,38.182601231676365,NA
10,0.8,0.2,0.5,line,pcglasso,I,1.2328467394420646e-7,1,ok,0.010999999999999233,8.18435141674032,NA
10,0.8,0.2,0.5,line,pcglasso,I,1.2328467394420646e-7,2,ok,0.01699999999999946,8.18435141674032,NA
50,0.8,0.2,0.5,line,pcglasso,I,1.2328467394420646e-7,1,ok,0.022999999999999687,42.107005262107045,NA
50,0.8,0.2,0.5,line,pcglasso,I,1.2328467394420646e-7,2,ok,0.021999999999998465,42.107005262107045,NA
10,0.9,0.2,0.5,line,pcglasso,I,1.2328467394420646e-7,1,ok,0.02200000000000024,8.077848153562188,NA
10,0.9,0.2,0.5,line,pcglasso,I,1.2328467394420646e-7,2,ok,0.019000000000000128,8.077848153562188,NA
50,0.9,0.2,0.5,line,pcglasso,I,1.2328467394420646e-7,1,ok,0.05699999999999861,41.05022485172405,NA
50,0.9,0.2,0.5,line,pcglasso,I,1.2328467394420646e-7,2,ok,0.053999999999998494,41.05022485172405,NA
10,0.8,0.1,0,line,pcglasso_cpp,C,3.5111917342151263e-8,1,ok,0.008999999999998565,5.521837100833234,NA
10,0.8,0.1,0,line,pcglasso_cpp,C,3.5111917342151263e-8,2,ok,0.009000000000000341,5.521837100833234,NA
50,0.8,0.1,0,line,pcglasso_cpp,C,3.5111917342151263e-8,1,ok,0.04199999999998738,36.08022676445186,NA
50,0.8,0.1,0,line,pcglasso_cpp,C,3.5111917342151263e-8,2,ok,0.07199999999999562,36.08022676445186,NA
10,0.9,0.1,0,line,pcglasso_cpp,C,3.5111917342151263e-8,1,ok,0.019000000000000128,4.414759983368049,NA
10,0.9,0.1,0,line,pcglasso_cpp,C,3.5111917342151263e-8,2,ok,0.018000000000000682,4.414759983368049,NA
50,0.9,0.1,0,line,pcglasso_cpp,C,3.5111917342151263e-8,1,ok,0.07600000000000051,25.47503074952648,NA
50,0.9,0.1,0,line,pcglasso_cpp,C,3.5111917342151263e-8,2,ok,0.07800000000000118,25.47503074952648,NA
10,0.8,0.2,0,line,pcglasso_cpp,C,3.5111917342151263e-8,1,ok,0.007999999999999119,6.524634822568881,NA
10,0.8,0.2,0,line,pcglasso_cpp,C,3.5111917342151263e-8,2,ok,0.010000000000001563,6.524634822568881,NA
50,0.8,0.2,0,line,pcglasso_cpp,C,3.5111917342151263e-8,1,ok,0.02200000000000557,42.142366165369396,NA
50,0.8,0.2,0,line,pcglasso_cpp,C,3.5111917342151263e-8,2,ok,0.021999999999998465,42.142366165369396,NA
10,0.9,0.2,0,line,pcglasso_cpp,C,3.5111917342151263e-8,1,ok,0.016000000000000014,5.546771119700445,NA
10,0.9,0.2,0,line,pcglasso_cpp,C,3.5111917342151263e-8,2,ok,0.012000000000000455,5.546771119700445,NA
50,0.9,0.2,0,line,pcglasso_cpp,C,3.5111917342151263e-8,1,ok,0.038000000000000256,32.35927777873044,NA
50,0.9,0.2,0,line,pcglasso_cpp,C,3.5111917342151263e-8,2,ok,0.03900000000000148,32.35927777873044,NA
10,0.8,0.1,0.5,line,pcglasso_cpp,C,3.5111917342151263e-8,1,ok,0.005000000000000782,7.667101090804461,NA
10,0.8,0.1,0.5,line,pcglasso_cpp,C,3.5111917342151263e-8,2,ok,0.0039999999999995595,7.667101090804461,NA
50,0.8,0.1,0.5,line,pcglasso_cpp,C,3.5111917342151263e-8,1,ok,0.01699999999999946,40.65763135308815,NA
50,0.8,0.1,0.5,line,pcglasso_cpp,C,3.5111917342151263e-8,2,ok,0.018000000000000682,40.65763135308815,NA
10,0.9,0.1,0.5,line,pcglasso_cpp,C,3.5111917342151263e-8,1,ok,0.006000000000000227,7.39300755308729,NA
10,0.9,0.1,0.5,line,pcglasso_cpp,C,3.5111917342151263e-8,2,ok,0.004999999999999005,7.39300755308729,NA
50,0.9,0.1,0.5,line,pcglasso_cpp,C,3.5111917342151263e-8,1,ok,0.019999999999999574,38.18260123091221,NA
50,0.9,0.1,0.5,line,pcglasso_cpp,C,3.5111917342151263e-8,2,ok,0.019000000000000128,38.18260123091221,NA
10,0.8,0.2,0.5,line,pcglasso_cpp,C,3.5111917342151263e-8,1,ok,0.005000000000000782,8.184351426805474,NA
10,0.8,0.2,0.5,line,pcglasso_cpp,C,3.5111917342151263e-8,2,ok,0.006999999999999673,8.184351426805474,NA
50,0.8,0.2,0.5,line,pcglasso_cpp,C,3.5111917342151263e-8,1,ok,0.015999999999998238,42.10700526417906,NA
50,0.8,0.2,0.5,line,pcglasso_cpp,C,3.5111917342151263e-8,2,ok,0.01600000000000179,42.10700526417906,NA
10,0.9,0.2,0.5,line,pcglasso_cpp,C,3.5111917342151263e-8,1,ok,0.006999999999999673,8.077848165780376,NA
10,0.9,0.2,0.5,line,pcglasso_cpp,C,3.5111917342151263e-8,2,ok,0.007999999999999119,8.077848165780376,NA
50,0.9,0.2,0.5,line,pcglasso_cpp,C,3.5111917342151263e-8,1,ok,0.02200000000000024,41.05022485597078,NA
50,0.9,0.2,0.5,line,pcglasso_cpp,C,3.5111917342151263e-8,2,ok,0.021000000000000796,41.05022485597078,NA
10,0.8,0.1,0,line,pcglasso_fortran,C,3.5111917342151263e-8,1,ok,0.010000000000001563,5.521837105793409,NA
10,0.8,0.1,0,line,pcglasso_fortran,C,3.5111917342151263e-8,2,ok,0.008000000000000895,5.521837105793409,NA
50,0.8,0.1,0,line,pcglasso_fortran,C,3.5111917342151263e-8,1,ok,0.027000000000001023,36.080226769329855,NA
50,0.8,0.1,0,line,pcglasso_fortran,C,3.5111917342151263e-8,2,ok,0.03999999999999915,36.080226769329855,NA
10,0.9,0.1,0,line,pcglasso_fortran,C,3.5111917342151263e-8,1,ok,0.016000000000000014,4.414760000237739,NA
10,0.9,0.1,0,line,pcglasso_fortran,C,3.5111917342151263e-8,2,ok,0.015000000000000568,4.414760000237739,NA
50,0.9,0.1,0,line,pcglasso_fortran,C,3.5111917342151263e-8,1,ok,0.134999999999998,25.475030847455585,NA
50,0.9,0.1,0,line,pcglasso_fortran,C,3.5111917342151263e-8,2,ok,0.13700000000000045,25.475030847455585,NA
10,0.8,0.2,0,line,pcglasso_fortran,C,3.5111917342151263e-8,1,ok,0.009999999999999787,6.524634808694545,NA
10,0.8,0.2,0,line,pcglasso_fortran,C,3.5111917342151263e-8,2,ok,0.009999999999999787,6.524634808694545,NA
50,0.8,0.2,0,line,pcglasso_fortran,C,3.5111917342151263e-8,1,ok,0.01099999999999568,42.142366166961985,NA
50,0.8,0.2,0,line,pcglasso_fortran,C,3.5111917342151263e-8,2,ok,0.012000000000000455,42.142366166961985,NA
10,0.9,0.2,0,line,pcglasso_fortran,C,3.5111917342151263e-8,1,ok,0.015000000000000568,5.546771131263018,NA
10,0.9,0.2,0,line,pcglasso_fortran,C,3.5111917342151263e-8,2,ok,0.013999999999999346,5.546771131263018,NA
50,0.9,0.2,0,line,pcglasso_fortran,C,3.5111917342151263e-8,1,ok,0.02200000000000024,32.35927777265612,NA
50,0.9,0.2,0,line,pcglasso_fortran,C,3.5111917342151263e-8,2,ok,0.021999999999998465,32.35927777265612,NA
10,0.8,0.1,0.5,line,pcglasso_fortran,C,3.5111917342151263e-8,1,ok,0.006000000000000227,7.6671010785258,NA
10,0.8,0.1,0.5,line,pcglasso_fortran,C,3.5111917342151263e-8,2,ok,0.0039999999999995595,7.6671010785258,NA
50,0.8,0.1,0.5,line,pcglasso_fortran,C,3.5111917342151263e-8,1,ok,0.009000000000000341,40.65763135107949,NA
50,0.8,0.1,0.5,line,pcglasso_fortran,C,3.5111917342151263e-8,2,ok,0.007999999999999119,40.65763135107949,NA
10,0.9,0.1,0.5,line,pcglasso_fortran,C,3.5111917342151263e-8,1,ok,0.009000000000000341,7.393007549156576,NA
10,0.9,0.1,0.5,line,pcglasso_fortran,C,3.5111917342151263e-8,2,ok,0.008999999999998565,7.393007549156576,NA
50,0.9,0.1,0.5,line,pcglasso_fortran,C,3.5111917342151263e-8,1,ok,0.0129999999999999,38.182601237080654,NA
50,0.9,0.1,0.5,line,pcglasso_fortran,C,3.5111917342151263e-8,2,ok,0.012000000000000455,38.182601237080654,NA
10,0.8,0.2,0.5,line,pcglasso_fortran,C,3.5111917342151263e-8,1,ok,0.0039999999999995595,8.184351415371589,NA
10,0.8,0.2,0.5,line,pcglasso_fortran,C,3.5111917342151263e-8,2,ok,0.006000000000000227,8.184351415371589,NA
50,0.8,0.2,0.5,line,pcglasso_fortran,C,3.5111917342151263e-8,1,ok,0.007999999999999119,42.10700526283724,NA
50,0.8,0.2,0.5,line,pcglasso_fortran,C,3.5111917342151263e-8,2,ok,0.008000000000002672,42.10700526283724,NA
10,0.9,0.2,0.5,line,pcglasso_fortran,C,3.5111917342151263e-8,1,ok,0.017999999999998906,8.077848152899186,NA
10,0.9,0.2,0.5,line,pcglasso_fortran,C,3.5111917342151263e-8,2,ok,0.038000000000000256,8.077848152899186,NA
50,0.9,0.2,0.5,line,pcglasso_fortran,C,3.5111917342151263e-8,1,ok,0.014000000000001123,41.05022485219335,NA
50,0.9,0.2,0.5,line,pcglasso_fortran,C,3.5111917342151263e-8,2,ok,0.013999999999999346,41.05022485219335,NA
10,0.8,0.1,0,line,pcglasso,C,3.5111917342151263e-8,1,ok,0.03200000000000003,5.521837048875964,NA
10,0.8,0.1,0,line,pcglasso,C,3.5111917342151263e-8,2,ok,0.026999999999999247,5.521837048875964,NA
50,0.8,0.1,0,line,pcglasso,C,3.5111917342151263e-8,1,ok,0.22700000000000387,36.08022674741612,NA
50,0.8,0.1,0,line,pcglasso,C,3.5111917342151263e-8,2,ok,0.3500000000000014,36.08022674741612,NA
10,0.9,0.1,0,line,pcglasso,C,3.5111917342151263e-8,1,ok,0.04100000000000037,4.41475986718701,NA
10,0.9,0.1,0,line,pcglasso,C,3.5111917342151263e-8,2,ok,0.036999999999999034,4.41475986718701,NA
50,0.9,0.1,0,line,pcglasso,C,3.5111917342151263e-8,1,ok,0.22500000000000142,25.475030655163238,NA
50,0.9,0.1,0,line,pcglasso,C,3.5111917342151263e-8,2,ok,0.2270000000000003,25.475030655163238,NA
10,0.8,0.2,0,line,pcglasso,C,3.5111917342151263e-8,1,ok,0.016000000000000014,6.524634786774253,NA
10,0.8,0.2,0,line,pcglasso,C,3.5111917342151263e-8,2,ok,0.015000000000000568,6.524634786774253,NA
50,0.8,0.2,0,line,pcglasso,C,3.5111917342151263e-8,1,ok,0.16400000000000148,42.14236616184351,NA
50,0.8,0.2,0,line,pcglasso,C,3.5111917342151263e-8,2,ok,0.1700000000000017,42.14236616184351,NA
10,0.9,0.2,0,line,pcglasso,C,3.5111917342151263e-8,1,ok,0.038000000000000256,5.546771071364118,NA
10,0.9,0.2,0,line,pcglasso,C,3.5111917342151263e-8,2,ok,0.03599999999999959,5.546771071364118,NA
50,0.9,0.2,0,line,pcglasso,C,3.5111917342151263e-8,1,ok,0.23399999999999999,32.3592777477097,NA
50,0.9,0.2,0,line,pcglasso,C,3.5111917342151263e-8,2,ok,0.2350000000000012,32.3592777477097,NA
10,0.8,0.1,0.5,line,pcglasso,C,3.5111917342151263e-8,1,ok,0.0259999999999998,7.667101073688384,NA
10,0.8,0.1,0.5,line,pcglasso,C,3.5111917342151263e-8,2,ok,0.021000000000000796,7.667101073688384,NA
50,0.8,0.1,0.5,line,pcglasso,C,3.5111917342151263e-8,1,ok,0.07000000000000028,40.65763135235464,NA
50,0.8,0.1,0.5,line,pcglasso,C,3.5111917342151263e-8,2,ok,0.07000000000000028,40.65763135235464,NA
10,0.9,0.1,0.5,line,pcglasso,C,3.5111917342151263e-8,1,ok,0.034000000000000696,7.393007539756321,NA
10,0.9,0.1,0.5,line,pcglasso,C,3.5111917342151263e-8,2,ok,0.036000000000001364,7.393007539756321,NA
50,0.9,0.1,0.5,line,pcglasso,C,3.5111917342151263e-8,1,ok,0.11599999999999966,38.18260123384097,NA
50,0.9,0.1,0.5,line,pcglasso,C,3.5111917342151263e-8,2,ok,0.11500000000000021,38.18260123384097,NA
10,0.8,0.2,0.5,line,pcglasso,C,3.5111917342151263e-8,1,ok,0.021000000000000796,8.18435141207217,NA
10,0.8,0.2,0.5,line,pcglasso,C,3.5111917342151263e-8,2,ok,0.030000000000001137,8.18435141207217,NA
50,0.8,0.2,0.5,line,pcglasso,C,3.5111917342151263e-8,1,ok,0.054000000000002046,42.107005261893995,NA
50,0.8,0.2,0.5,line,pcglasso,C,3.5111917342151263e-8,2,ok,0.0519999999999996,42.107005261893995,NA
10,0.9,0.2,0.5,line,pcglasso,C,3.5111917342151263e-8,1,ok,0.032999999999999474,8.07784814685898,NA
10,0.9,0.2,0.5,line,pcglasso,C,3.5111917342151263e-8,2,ok,0.02800000000000047,8.07784814685898,NA
50,0.9,0.2,0.5,line,pcglasso,C,3.5111917342151263e-8,1,ok,0.10099999999999909,41.050224856123876,NA
50,0.9,0.2,0.5,line,pcglasso,C,3.5111917342151263e-8,2,ok,0.09800000000000075,41.050224856123876,NA
10,0.8,0.1,0,line,pcglasso_cpp,I,3.5111917342151263e-8,1,ok,0.007999999999999119,5.521837092627198,NA
10,0.8,0.1,0,line,pcglasso_cpp,I,3.5111917342151263e-8,2,ok,0.006999999999999673,5.521837092627198,NA
50,0.8,0.1,0,line,pcglasso_cpp,I,3.5111917342151263e-8,1,ok,0.0309999999999917,36.08022678371568,NA
50,0.8,0.1,0,line,pcglasso_cpp,I,3.5111917342151263e-8,2,ok,0.0519999999999996,36.08022678371568,NA
10,0.9,0.1,0,line,pcglasso_cpp,I,3.5111917342151263e-8,1,ok,0.018000000000000682,4.414760018432349,NA
10,0.9,0.1,0,line,pcglasso_cpp,I,3.5111917342151263e-8,2,ok,0.018000000000000682,4.414760018432349,NA
50,0.9,0.1,0,line,pcglasso_cpp,I,3.5111917342151263e-8,1,ok,0.06599999999999895,25.475030767471075,NA
50,0.9,0.1,0,line,pcglasso_cpp,I,3.5111917342151263e-8,2,ok,0.06800000000000139,25.475030767471075,NA
10,0.8,0.2,0,line,pcglasso_cpp,I,3.5111917342151263e-8,1,ok,0.006999999999999673,6.524634836645078,NA
10,0.8,0.2,0,line,pcglasso_cpp,I,3.5111917342151263e-8,2,ok,0.006999999999999673,6.524634836645078,NA
50,0.8,0.2,0,line,pcglasso_cpp,I,3.5111917342151263e-8,1,ok,0.015999999999998238,42.14236616790961,NA
50,0.8,0.2,0,line,pcglasso_cpp,I,3.5111917342151263e-8,2,ok,0.016999999999995907,42.14236616790961,NA
10,0.9,0.2,0,line,pcglasso_cpp,I,3.5111917342151263e-8,1,ok,0.014000000000001123,5.546771155298174,NA
10,0.9,0.2,0,line,pcglasso_cpp,I,3.5111917342151263e-8,2,ok,0.011000000000001009,5.546771155298174,NA
50,0.9,0.2,0,line,pcglasso_cpp,I,3.5111917342151263e-8,1,ok,0.03500000000000014,32.35927778267016,NA
50,0.9,0.2,0,line,pcglasso_cpp,I,3.5111917342151263e-8,2,ok,0.03500000000000014,32.35927778267016,NA
10,0.8,0.1,0.5,line,pcglasso_cpp,I,3.5111917342151263e-8,1,ok,0.005000000000000782,7.667101084346211,NA
10,0.8,0.1,0.5,line,pcglasso_cpp,I,3.5111917342151263e-8,2,ok,0.0039999999999995595,7.667101084346211,NA
50,0.8,0.1,0.5,line,pcglasso_cpp,I,3.5111917342151263e-8,1,ok,0.013999999999999346,40.65763135308151,NA
50,0.8,0.1,0.5,line,pcglasso_cpp,I,3.5111917342151263e-8,2,ok,0.013000000000001677,40.65763135308151,NA
10,0.9,0.1,0.5,line,pcglasso_cpp,I,3.5111917342151263e-8,1,ok,0.006000000000000227,7.3930075516891165,NA
10,0.9,0.1,0.5,line,pcglasso_cpp,I,3.5111917342151263e-8,2,ok,0.006999999999999673,7.3930075516891165,NA
50,0.9,0.1,0.5,line,pcglasso_cpp,I,3.5111917342151263e-8,1,ok,0.016000000000000014,38.182601233971205,NA
50,0.9,0.1,0.5,line,pcglasso_cpp,I,3.5111917342151263e-8,2,ok,0.016000000000000014,38.182601233971205,NA
10,0.8,0.2,0.5,line,pcglasso_cpp,I,3.5111917342151263e-8,1,ok,0.004999999999999005,8.184351425044449,NA
10,0.8,0.2,0.5,line,pcglasso_cpp,I,3.5111917342151263e-8,2,ok,0.006000000000000227,8.184351425044449,NA
50,0.8,0.2,0.5,line,pcglasso_cpp,I,3.5111917342151263e-8,1,ok,0.012999999999998124,42.1070052632843,NA
50,0.8,0.2,0.5,line,pcglasso_cpp,I,3.5111917342151263e-8,2,ok,0.012000000000000455,42.1070052632843,NA
10,0.9,0.2,0.5,line,pcglasso_cpp,I,3.5111917342151263e-8,1,ok,0.006000000000000227,8.07784815749381,NA
10,0.9,0.2,0.5,line,pcglasso_cpp,I,3.5111917342151263e-8,2,ok,0.006000000000000227,8.07784815749381,NA
50,0.9,0.2,0.5,line,pcglasso_cpp,I,3.5111917342151263e-8,1,ok,0.019000000000000128,41.05022485599499,NA
50,0.9,0.2,0.5,line,pcglasso_cpp,I,3.5111917342151263e-8,2,ok,0.019000000000000128,41.05022485599499,NA
10,0.8,0.1,0,line,pcglasso_fortran,I,3.5111917342151263e-8,1,ok,0.0129999999999999,5.521837085082427,NA
10,0.8,0.1,0,line,pcglasso_fortran,I,3.5111917342151263e-8,2,ok,0.011000000000001009,5.521837085082427,NA
50,0.8,0.1,0,line,pcglasso_fortran,I,3.5111917342151263e-8,1,ok,0.018000000000000682,36.08022677246163,NA
50,0.8,0.1,0,line,pcglasso_fortran,I,3.5111917342151263e-8,2,ok,0.02499999999999858,36.08022677246163,NA
10,0.9,0.1,0,line,pcglasso_fortran,I,3.5111917342151263e-8,1,ok,0.019000000000000128,4.414759986570678,NA
10,0.9,0.1,0,line,pcglasso_fortran,I,3.5111917342151263e-8,2,ok,0.017000000000001236,4.414759986570678,NA
50,0.9,0.1,0,line,pcglasso_fortran,I,3.5111917342151263e-8,1,ok,0.030999999999998806,25.475030713558866,NA
50,0.9,0.1,0,line,pcglasso_fortran,I,3.5111917342151263e-8,2,ok,0.030000000000001137,25.475030713558866,NA
10,0.8,0.2,0,line,pcglasso_fortran,I,3.5111917342151263e-8,1,ok,0.010999999999999233,6.524634827133326,NA
10,0.8,0.2,0,line,pcglasso_fortran,I,3.5111917342151263e-8,2,ok,0.010999999999999233,6.524634827133326,NA
50,0.8,0.2,0,line,pcglasso_fortran,I,3.5111917342151263e-8,1,ok,0.009000000000000341,42.14236616528111,NA
50,0.8,0.2,0,line,pcglasso_fortran,I,3.5111917342151263e-8,2,ok,0.00999999999999801,42.14236616528111,NA
10,0.9,0.2,0,line,pcglasso_fortran,I,3.5111917342151263e-8,1,ok,0.014999999999998792,5.54677114630533,NA
10,0.9,0.2,0,line,pcglasso_fortran,I,3.5111917342151263e-8,2,ok,0.0129999999999999,5.54677114630533,NA
50,0.9,0.2,0,line,pcglasso_fortran,I,3.5111917342151263e-8,1,ok,0.016000000000000014,32.359277778410004,NA
50,0.9,0.2,0,line,pcglasso_fortran,I,3.5111917342151263e-8,2,ok,0.016000000000000014,32.359277778410004,NA
10,0.8,0.1,0.5,line,pcglasso_fortran,I,3.5111917342151263e-8,1,ok,0.006000000000000227,7.667101078844809,NA
10,0.8,0.1,0.5,line,pcglasso_fortran,I,3.5111917342151263e-8,2,ok,0.004000000000001336,7.667101078844809,NA
50,0.8,0.1,0.5,line,pcglasso_fortran,I,3.5111917342151263e-8,1,ok,0.007999999999999119,40.657631352737745,NA
50,0.8,0.1,0.5,line,pcglasso_fortran,I,3.5111917342151263e-8,2,ok,0.007999999999999119,40.657631352737745,NA
10,0.9,0.1,0.5,line,pcglasso_fortran,I,3.5111917342151263e-8,1,ok,0.009000000000000341,7.3930075497518395,NA
10,0.9,0.1,0.5,line,pcglasso_fortran,I,3.5111917342151263e-8,2,ok,0.009000000000000341,7.3930075497518395,NA
50,0.9,0.1,0.5,line,pcglasso_fortran,I,3.5111917342151263e-8,1,ok,0.129999999999999,38.18260122950985,NA
50,0.9,0.1,0.5,line,pcglasso_fortran,I,3.5111917342151263e-8,2,ok,0.125,38.18260122950985,NA
10,0.8,0.2,0.5,line,pcglasso_fortran,I,3.5111917342151263e-8,1,ok,0.004000000000001336,8.184351416823521,NA
10,0.8,0.2,0.5,line,pcglasso_fortran,I,3.5111917342151263e-8,2,ok,0.006000000000000227,8.184351416823521,NA
50,0.8,0.2,0.5,line,pcglasso_fortran,I,3.5111917342151263e-8,1,ok,0.006000000000000227,42.10700526574278,NA
50,0.8,0.2,0.5,line,pcglasso_fortran,I,3.5111917342151263e-8,2,ok,0.006000000000000227,42.10700526574278,NA
10,0.9,0.2,0.5,line,pcglasso_fortran,I,3.5111917342151263e-8,1,ok,0.008999999999998565,8.077848157966121,NA
10,0.9,0.2,0.5,line,pcglasso_fortran,I,3.5111917342151263e-8,2,ok,0.006999999999999673,8.077848157966121,NA
50,0.9,0.2,0.5,line,pcglasso_fortran,I,3.5111917342151263e-8,1,ok,0.009000000000000341,41.05022485026987,NA
50,0.9,0.2,0.5,line,pcglasso_fortran,I,3.5111917342151263e-8,2,ok,0.009000000000000341,41.05022485026987,NA
10,0.8,0.1,0,line,pcglasso,I,3.5111917342151263e-8,1,ok,0.03599999999999959,5.521837049026758,NA
10,0.8,0.1,0,line,pcglasso,I,3.5111917342151263e-8,2,ok,0.026999999999999247,5.521837049026758,NA
50,0.8,0.1,0,line,pcglasso,I,3.5111917342151263e-8,1,ok,0.39400000000000546,36.08022674684586,NA
50,0.8,0.1,0,line,pcglasso,I,3.5111917342151263e-8,2,ok,0.402000000000001,36.08022674684586,NA
10,0.9,0.1,0,line,pcglasso,I,3.5111917342151263e-8,1,ok,0.04899999999999949,4.414759867497196,NA
10,0.9,0.1,0,line,pcglasso,I,3.5111917342151263e-8,2,ok,0.04800000000000004,4.414759867497196,NA
50,0.9,0.1,0,line,pcglasso,I,3.5111917342151263e-8,1,ok,0.23799999999999955,25.47503065611678,NA
50,0.9,0.1,0,line,pcglasso,I,3.5111917342151263e-8,2,ok,0.2359999999999971,25.47503065611678,NA
10,0.8,0.2,0,line,pcglasso,I,3.5111917342151263e-8,1,ok,0.031000000000000583,6.524634785864004,NA
10,0.8,0.2,0,line,pcglasso,I,3.5111917342151263e-8,2,ok,0.027999999999998693,6.524634785864004,NA
50,0.8,0.2,0,line,pcglasso,I,3.5111917342151263e-8,1,ok,0.1490000000000009,42.14236616089252,NA
50,0.8,0.2,0,line,pcglasso,I,3.5111917342151263e-8,2,ok,0.1530000000000058,42.14236616089252,NA
10,0.9,0.2,0,line,pcglasso,I,3.5111917342151263e-8,1,ok,0.04100000000000037,5.546771071563295,NA
10,0.9,0.2,0,line,pcglasso,I,3.5111917342151263e-8,2,ok,0.03500000000000014,5.546771071563295,NA
50,0.9,0.2,0,line,pcglasso,I,3.5111917342151263e-8,1,ok,0.15700000000000003,32.3592777574313,NA
50,0.9,0.2,0,line,pcglasso,I,3.5111917342151263e-8,2,ok,0.1590000000000007,32.3592777574313,NA
10,0.8,0.1,0.5,line,pcglasso,I,3.5111917342151263e-8,1,ok,0.0259999999999998,7.667101073683113,NA
10,0.8,0.1,0.5,line,pcglasso,I,3.5111917342151263e-8,2,ok,0.02099999999999902,7.667101073683113,NA
50,0.8,0.1,0.5,line,pcglasso,I,3.5111917342151263e-8,1,ok,0.04899999999999949,40.657631352033775,NA
50,0.8,0.1,0.5,line,pcglasso,I,3.5111917342151263e-8,2,ok,0.04800000000000182,40.657631352033775,NA
10,0.9,0.1,0.5,line,pcglasso,I,3.5111917342151263e-8,1,ok,0.04399999999999871,7.393007539767393,NA
10,0.9,0.1,0.5,line,pcglasso,I,3.5111917342151263e-8,2,ok,0.04499999999999993,7.393007539767393,NA
50,0.9,0.1,0.5,line,pcglasso,I,3.5111917342151263e-8,1,ok,0.1280000000000001,38.182601227825415,NA
50,0.9,0.1,0.5,line,pcglasso,I,3.5111917342151263e-8,2,ok,0.125,38.182601227825415,NA
10,0.8,0.2,0.5,line,pcglasso,I,3.5111917342151263e-8,1,ok,0.019000000000000128,8.184351412238193,NA
10,0.8,0.2,0.5,line,pcglasso,I,3.5111917342151263e-8,2,ok,0.025000000000000355,8.184351412238193,NA
50,0.8,0.2,0.5,line,pcglasso,I,3.5111917342151263e-8,1,ok,0.0259999999999998,42.1070052618951,NA
50,0.8,0.2,0.5,line,pcglasso,I,3.5111917342151263e-8,2,ok,0.023999999999997357,42.1070052618951,NA
10,0.9,0.2,0.5,line,pcglasso,I,3.5111917342151263e-8,1,ok,0.030000000000001137,8.077848147650196,NA
10,0.9,0.2,0.5,line,pcglasso,I,3.5111917342151263e-8,2,ok,0.028999999999999915,8.077848147650196,NA
50,0.9,0.2,0.5,line,pcglasso,I,3.5111917342151263e-8,1,ok,0.18399999999999928,41.050224851850686,NA
50,0.9,0.2,0.5,line,pcglasso,I,3.5111917342151263e-8,2,ok,0.18200000000000038,41.050224851850686,NA
10,0.8,0.1,0,line,pcglasso_cpp,C,9.999999999999982e-9,1,ok,0.009999999999999787,5.521837064122154,NA
10,0.8,0.1,0,line,pcglasso_cpp,C,9.999999999999982e-9,2,ok,0.009000000000000341,5.521837064122154,NA
50,0.8,0.1,0,line,pcglasso_cpp,C,9.999999999999982e-9,1,ok,0.0379999999999967,36.080226754484116,NA
50,0.8,0.1,0,line,pcglasso_cpp,C,9.999999999999982e-9,2,ok,0.0519999999999996,36.080226754484116,NA
10,0.9,0.1,0,line,pcglasso_cpp,C,9.999999999999982e-9,1,ok,0.019999999999999574,4.414759903117896,NA
10,0.9,0.1,0,line,pcglasso_cpp,C,9.999999999999982e-9,2,ok,0.019000000000000128,4.414759903117896,NA
50,0.9,0.1,0,line,pcglasso_cpp,C,9.999999999999982e-9,1,ok,0.08500000000000085,25.475030677711615,NA
50,0.9,0.1,0,line,pcglasso_cpp,C,9.999999999999982e-9,2,ok,0.08300000000000196,25.475030677711615,NA
10,0.8,0.2,0,line,pcglasso_cpp,C,9.999999999999982e-9,1,ok,0.009999999999999787,6.524634799508095,NA
10,0.8,0.2,0,line,pcglasso_cpp,C,9.999999999999982e-9,2,ok,0.009000000000000341,6.524634799508095,NA
50,0.8,0.2,0,line,pcglasso_cpp,C,9.999999999999982e-9,1,ok,0.021999999999998465,42.14236616186057,NA
50,0.8,0.2,0,line,pcglasso_cpp,C,9.999999999999982e-9,2,ok,0.021999999999998465,42.14236616186057,NA
10,0.9,0.2,0,line,pcglasso_cpp,C,9.999999999999982e-9,1,ok,0.0129999999999999,5.546771086416932,NA
10,0.9,0.2,0,line,pcglasso_cpp,C,9.999999999999982e-9,2,ok,0.012000000000000455,5.546771086416932,NA
50,0.9,0.2,0,line,pcglasso_cpp,C,9.999999999999982e-9,1,ok,0.038000000000000256,32.3592777572769,NA
50,0.9,0.2,0,line,pcglasso_cpp,C,9.999999999999982e-9,2,ok,0.0389999999999997,32.3592777572769,NA
10,0.8,0.1,0.5,line,pcglasso_cpp,C,9.999999999999982e-9,1,ok,0.006000000000000227,7.667101076408484,NA
10,0.8,0.1,0.5,line,pcglasso_cpp,C,9.999999999999982e-9,2,ok,0.0039999999999995595,7.667101076408484,NA
50,0.8,0.1,0.5,line,pcglasso_cpp,C,9.999999999999982e-9,1,ok,0.01600000000000179,40.65763135308815,NA
50,0.8,0.1,0.5,line,pcglasso_cpp,C,9.999999999999982e-9,2,ok,0.014999999999997016,40.65763135308815,NA
10,0.9,0.1,0.5,line,pcglasso_cpp,C,9.999999999999982e-9,1,ok,0.006999999999999673,7.393007545351898,NA
10,0.9,0.1,0.5,line,pcglasso_cpp,C,9.999999999999982e-9,2,ok,0.006000000000000227,7.393007545351898,NA
50,0.9,0.1,0.5,line,pcglasso_cpp,C,9.999999999999982e-9,1,ok,0.021000000000000796,38.18260122845829,NA
50,0.9,0.1,0.5,line,pcglasso_cpp,C,9.999999999999982e-9,2,ok,0.021000000000000796,38.18260122845829,NA
10,0.8,0.2,0.5,line,pcglasso_cpp,C,9.999999999999982e-9,1,ok,0.004999999999999005,8.184351419042235,NA
10,0.8,0.2,0.5,line,pcglasso_cpp,C,9.999999999999982e-9,2,ok,0.006999999999999673,8.184351419042235,NA
50,0.8,0.2,0.5,line,pcglasso_cpp,C,9.999999999999982e-9,1,ok,0.018000000000000682,42.1070052622877,NA
50,0.8,0.2,0.5,line,pcglasso_cpp,C,9.999999999999982e-9,2,ok,0.01699999999999946,42.1070052622877,NA
10,0.9,0.2,0.5,line,pcglasso_cpp,C,9.999999999999982e-9,1,ok,0.006999999999999673,8.077848150780408,NA
10,0.9,0.2,0.5,line,pcglasso_cpp,C,9.999999999999982e-9,2,ok,0.008000000000000895,8.077848150780408,NA
50,0.9,0.2,0.5,line,pcglasso_cpp,C,9.999999999999982e-9,1,ok,0.021999999999998465,41.05022484972703,NA
50,0.9,0.2,0.5,line,pcglasso_cpp,C,9.999999999999982e-9,2,ok,0.02200000000000024,41.05022484972703,NA
10,0.8,0.1,0,line,pcglasso_fortran,C,9.999999999999982e-9,1,ok,0.010999999999999233,5.5218370651059665,NA
10,0.8,0.1,0,line,pcglasso_fortran,C,9.999999999999982e-9,2,ok,0.009999999999999787,5.5218370651059665,NA
50,0.8,0.1,0,line,pcglasso_fortran,C,9.999999999999982e-9,1,ok,0.023000000000010346,36.08022675183237,NA
50,0.8,0.1,0,line,pcglasso_fortran,C,9.999999999999982e-9,2,ok,0.028000000000005798,36.08022675183237,NA
10,0.9,0.1,0,line,pcglasso_fortran,C,9.999999999999982e-9,1,ok,0.021000000000000796,4.414759915328768,NA
10,0.9,0.1,0,line,pcglasso_fortran,C,9.999999999999982e-9,2,ok,0.016000000000000014,4.414759915328768,NA
50,0.9,0.1,0,line,pcglasso_fortran,C,9.999999999999982e-9,1,ok,0.04100000000000037,25.475030672330394,NA
50,0.9,0.1,0,line,pcglasso_fortran,C,9.999999999999982e-9,2,ok,0.03999999999999915,25.475030672330394,NA
10,0.8,0.2,0,line,pcglasso_fortran,C,9.999999999999982e-9,1,ok,0.0129999999999999,6.524634804155357,NA
10,0.8,0.2,0,line,pcglasso_fortran,C,9.999999999999982e-9,2,ok,0.009999999999999787,6.524634804155357,NA
50,0.8,0.2,0,line,pcglasso_fortran,C,9.999999999999982e-9,1,ok,0.014000000000002899,42.14236616220013,NA
50,0.8,0.2,0,line,pcglasso_fortran,C,9.999999999999982e-9,2,ok,0.014999999999993463,42.14236616220013,NA
10,0.9,0.2,0,line,pcglasso_fortran,C,9.999999999999982e-9,1,ok,0.015000000000000568,5.546771091491973,NA
10,0.9,0.2,0,line,pcglasso_fortran,C,9.999999999999982e-9,2,ok,0.013999999999999346,5.546771091491973,NA
50,0.9,0.2,0,line,pcglasso_fortran,C,9.999999999999982e-9,1,ok,0.02400000000000091,32.359277762848855,NA
50,0.9,0.2,0,line,pcglasso_fortran,C,9.999999999999982e-9,2,ok,0.022999999999999687,32.359277762848855,NA
10,0.8,0.1,0.5,line,pcglasso_fortran,C,9.999999999999982e-9,1,ok,0.006000000000000227,7.667101074184334,NA
10,0.8,0.1,0.5,line,pcglasso_fortran,C,9.999999999999982e-9,2,ok,0.004999999999999005,7.667101074184334,NA
50,0.8,0.1,0.5,line,pcglasso_fortran,C,9.999999999999982e-9,1,ok,0.009000000000000341,40.65763135107949,NA
50,0.8,0.1,0.5,line,pcglasso_fortran,C,9.999999999999982e-9,2,ok,0.007999999999999119,40.65763135107949,NA
10,0.9,0.1,0.5,line,pcglasso_fortran,C,9.999999999999982e-9,1,ok,0.010999999999999233,7.393007543459585,NA
10,0.9,0.1,0.5,line,pcglasso_fortran,C,9.999999999999982e-9,2,ok,0.009999999999999787,7.393007543459585,NA
50,0.9,0.1,0.5,line,pcglasso_fortran,C,9.999999999999982e-9,1,ok,0.012000000000000455,38.182601229900826,NA
50,0.9,0.1,0.5,line,pcglasso_fortran,C,9.999999999999982e-9,2,ok,0.011999999999998678,38.182601229900826,NA
10,0.8,0.2,0.5,line,pcglasso_fortran,C,9.999999999999982e-9,1,ok,0.005000000000000782,8.184351412935948,NA
10,0.8,0.2,0.5,line,pcglasso_fortran,C,9.999999999999982e-9,2,ok,0.006999999999999673,8.184351412935948,NA
50,0.8,0.2,0.5,line,pcglasso_fortran,C,9.999999999999982e-9,1,ok,0.007999999999999119,42.10700526283724,NA
50,0.8,0.2,0.5,line,pcglasso_fortran,C,9.999999999999982e-9,2,ok,0.0070000000000014495,42.10700526283724,NA
10,0.9,0.2,0.5,line,pcglasso_fortran,C,9.999999999999982e-9,1,ok,0.008000000000000895,8.077848148508174,NA
10,0.9,0.2,0.5,line,pcglasso_fortran,C,9.999999999999982e-9,2,ok,0.007999999999999119,8.077848148508174,NA
50,0.9,0.2,0.5,line,pcglasso_fortran,C,9.999999999999982e-9,1,ok,0.012000000000000455,41.05022484712224,NA
50,0.9,0.2,0.5,line,pcglasso_fortran,C,9.999999999999982e-9,2,ok,0.011000000000001009,41.05022484712224,NA
10,0.8,0.1,0,line,pcglasso,C,9.999999999999982e-9,1,ok,0.04300000000000104,5.52183704896985,NA
10,0.8,0.1,0,line,pcglasso,C,9.999999999999982e-9,2,ok,0.038000000000000256,5.52183704896985,NA
50,0.8,0.1,0,line,pcglasso,C,9.999999999999982e-9,1,ok,0.2459999999999951,36.08022674637887,NA
50,0.8,0.1,0,line,pcglasso,C,9.999999999999982e-9,2,ok,0.25,36.08022674637887,NA
10,0.9,0.1,0,line,pcglasso,C,9.999999999999982e-9,1,ok,0.054999999999999716,4.4147598669814005,NA
10,0.9,0.1,0,line,pcglasso,C,9.999999999999982e-9,2,ok,0.041999999999999815,4.4147598669814005,NA
50,0.9,0.1,0,line,pcglasso,C,9.999999999999982e-9,1,ok,0.2629999999999981,25.475030653252023,NA
50,0.9,0.1,0,line,pcglasso,C,9.999999999999982e-9,2,ok,0.2710000000000008,25.475030653252023,NA
10,0.8,0.2,0,line,pcglasso,C,9.999999999999982e-9,1,ok,0.04499999999999993,6.524634785789113,NA
10,0.8,0.2,0,line,pcglasso,C,9.999999999999982e-9,2,ok,0.04300000000000104,6.524634785789113,NA
50,0.8,0.2,0,line,pcglasso,C,9.999999999999982e-9,1,ok,0.18200000000000216,42.14236616057974,NA
50,0.8,0.2,0,line,pcglasso,C,9.999999999999982e-9,2,ok,0.18700000000000472,42.14236616057974,NA
10,0.9,0.2,0,line,pcglasso,C,9.999999999999982e-9,1,ok,0.04899999999999949,5.546771071307777,NA
10,0.9,0.2,0,line,pcglasso,C,9.999999999999982e-9,2,ok,0.04399999999999871,5.546771071307777,NA
50,0.9,0.2,0,line,pcglasso,C,9.999999999999982e-9,1,ok,0.2649999999999988,32.35927774645812,NA
50,0.9,0.2,0,line,pcglasso,C,9.999999999999982e-9,2,ok,0.26900000000000013,32.35927774645812,NA
10,0.8,0.1,0.5,line,pcglasso,C,9.999999999999982e-9,1,ok,0.04499999999999993,7.667101073661567,NA
10,0.8,0.1,0.5,line,pcglasso,C,9.999999999999982e-9,2,ok,0.03599999999999959,7.667101073661567,NA
50,0.8,0.1,0.5,line,pcglasso,C,9.999999999999982e-9,1,ok,0.08800000000000097,40.65763135095675,NA
50,0.8,0.1,0.5,line,pcglasso,C,9.999999999999982e-9,2,ok,0.08900000000000219,40.65763135095675,NA
10,0.9,0.1,0.5,line,pcglasso,C,9.999999999999982e-9,1,ok,0.0389999999999997,7.393007539734192,NA
10,0.9,0.1,0.5,line,pcglasso,C,9.999999999999982e-9,2,ok,0.0389999999999997,7.393007539734192,NA
50,0.9,0.1,0.5,line,pcglasso,C,9.999999999999982e-9,1,ok,0.16699999999999982,38.18260122760312,NA
50,0.9,0.1,0.5,line,pcglasso,C,9.999999999999982e-9,2,ok,0.16300000000000026,38.18260122760312,NA
10,0.8,0.2,0.5,line,pcglasso,C,9.999999999999982e-9,1,ok,0.025000000000000355,8.184351412047496,NA
10,0.8,0.2,0.5,line,pcglasso,C,9.999999999999982e-9,2,ok,0.03300000000000125,8.184351412047496,NA
50,0.8,0.2,0.5,line,pcglasso,C,9.999999999999982e-9,1,ok,0.05999999999999872,42.10700526186686,NA
50,0.8,0.2,0.5,line,pcglasso,C,9.999999999999982e-9,2,ok,0.05900000000000105,42.10700526186686,NA
10,0.9,0.2,0.5,line,pcglasso,C,9.999999999999982e-9,1,ok,0.0389999999999997,8.077848146479564,NA
10,0.9,0.2,0.5,line,pcglasso,C,9.999999999999982e-9,2,ok,0.0519999999999996,8.077848146479564,NA
50,0.9,0.2,0.5,line,pcglasso,C,9.999999999999982e-9,1,ok,0.14400000000000013,41.05022484645358,NA
50,0.9,0.2,0.5,line,pcglasso,C,9.999999999999982e-9,2,ok,0.1399999999999988,41.05022484645358,NA
10,0.8,0.1,0,line,pcglasso_cpp,I,9.999999999999982e-9,1,ok,0.007999999999999119,5.52183706018071,NA
10,0.8,0.1,0,line,pcglasso_cpp,I,9.999999999999982e-9,2,ok,0.008000000000000895,5.52183706018071,NA
50,0.8,0.1,0,line,pcglasso_cpp,I,9.999999999999982e-9,1,ok,0.03300000000000125,36.08022675802345,NA
50,0.8,0.1,0,line,pcglasso_cpp,I,9.999999999999982e-9,2,ok,0.03300000000000125,36.08022675802345,NA
10,0.9,0.1,0,line,pcglasso_cpp,I,9.999999999999982e-9,1,ok,0.02400000000000091,4.414759906719104,NA
10,0.9,0.1,0,line,pcglasso_cpp,I,9.999999999999982e-9,2,ok,0.02200000000000024,4.414759906719104,NA
50,0.9,0.1,0,line,pcglasso_cpp,I,9.999999999999982e-9,1,ok,0.07400000000000162,25.475030683988898,NA
50,0.9,0.1,0,line,pcglasso_cpp,I,9.999999999999982e-9,2,ok,0.07699999999999818,25.475030683988898,NA
10,0.8,0.2,0,line,pcglasso_cpp,I,9.999999999999982e-9,1,ok,0.006999999999999673,6.524634797525339,NA
10,0.8,0.2,0,line,pcglasso_cpp,I,9.999999999999982e-9,2,ok,0.006999999999999673,6.524634797525339,NA
50,0.8,0.2,0,line,pcglasso_cpp,I,9.999999999999982e-9,1,ok,0.01899999999999835,42.14236616210956,NA
50,0.8,0.2,0,line,pcglasso_cpp,I,9.999999999999982e-9,2,ok,0.020000000000003126,42.14236616210956,NA
10,0.9,0.2,0,line,pcglasso_cpp,I,9.999999999999982e-9,1,ok,0.023000000000001464,5.5467710924855265,NA
10,0.9,0.2,0,line,pcglasso_cpp,I,9.999999999999982e-9,2,ok,0.025000000000000355,5.5467710924855265,NA
50,0.9,0.2,0,line,pcglasso_cpp,I,9.999999999999982e-9,1,ok,0.03700000000000081,32.35927775946954,NA
50,0.9,0.2,0,line,pcglasso_cpp,I,9.999999999999982e-9,2,ok,0.038000000000000256,32.35927775946954,NA
10,0.8,0.1,0.5,line,pcglasso_cpp,I,9.999999999999982e-9,1,ok,0.004999999999999005,7.667101077699574,NA
10,0.8,0.1,0.5,line,pcglasso_cpp,I,9.999999999999982e-9,2,ok,0.004000000000001336,7.667101077699574,NA
50,0.8,0.1,0.5,line,pcglasso_cpp,I,9.999999999999982e-9,1,ok,0.013000000000001677,40.65763135308151,NA
50,0.8,0.1,0.5,line,pcglasso_cpp,I,9.999999999999982e-9,2,ok,0.012999999999998124,40.65763135308151,NA
10,0.9,0.1,0.5,line,pcglasso_cpp,I,9.999999999999982e-9,1,ok,0.006000000000000227,7.393007544714575,NA
10,0.9,0.1,0.5,line,pcglasso_cpp,I,9.999999999999982e-9,2,ok,0.006999999999999673,7.393007544714575,NA
50,0.9,0.1,0.5,line,pcglasso_cpp,I,9.999999999999982e-9,1,ok,0.018000000000000682,38.18260122925718,NA
50,0.9,0.1,0.5,line,pcglasso_cpp,I,9.999999999999982e-9,2,ok,0.018000000000000682,38.18260122925718,NA
10,0.8,0.2,0.5,line,pcglasso_cpp,I,9.999999999999982e-9,1,ok,0.004999999999999005,8.184351418392605,NA
10,0.8,0.2,0.5,line,pcglasso_cpp,I,9.999999999999982e-9,2,ok,0.006999999999999673,8.184351418392605,NA
50,0.8,0.2,0.5,line,pcglasso_cpp,I,9.999999999999982e-9,1,ok,0.012000000000000455,42.1070052632843,NA
50,0.8,0.2,0.5,line,pcglasso_cpp,I,9.999999999999982e-9,2,ok,0.012000000000000455,42.1070052632843,NA
10,0.9,0.2,0.5,line,pcglasso_cpp,I,9.999999999999982e-9,1,ok,0.006999999999999673,8.077848151590512,NA
10,0.9,0.2,0.5,line,pcglasso_cpp,I,9.999999999999982e-9,2,ok,0.009000000000000341,8.077848151590512,NA
50,0.9,0.2,0.5,line,pcglasso_cpp,I,9.999999999999982e-9,1,ok,0.02400000000000091,41.050224849943184,NA
50,0.9,0.2,0.5,line,pcglasso_cpp,I,9.999999999999982e-9,2,ok,0.02099999999999902,41.050224849943184,NA
10,0.8,0.1,0,line,pcglasso_fortran,I,9.999999999999982e-9,1,ok,0.0129999999999999,5.521837066940659,NA
10,0.8,0.1,0,line,pcglasso_fortran,I,9.999999999999982e-9,2,ok,0.012000000000000455,5.521837066940659,NA
50,0.8,0.1,0,line,pcglasso_fortran,I,9.999999999999982e-9,1,ok,0.02599999999999625,36.080226752962275,NA
50,0.8,0.1,0,line,pcglasso_fortran,I,9.999999999999982e-9,2,ok,0.01999999999999602,36.080226752962275,NA
10,0.9,0.1,0,line,pcglasso_fortran,I,9.999999999999982e-9,1,ok,0.022999999999999687,4.4147599039038825,NA
10,0.9,0.1,0,line,pcglasso_fortran,I,9.999999999999982e-9,2,ok,0.018000000000000682,4.4147599039038825,NA
50,0.9,0.1,0,line,pcglasso_fortran,I,9.999999999999982e-9,1,ok,0.027999999999998693,25.47503066272037,NA
50,0.9,0.1,0,line,pcglasso_fortran,I,9.999999999999982e-9,2,ok,0.030000000000001137,25.47503066272037,NA
10,0.8,0.2,0,line,pcglasso_fortran,I,9.999999999999982e-9,1,ok,0.012000000000000455,6.524634797887287,NA
10,0.8,0.2,0,line,pcglasso_fortran,I,9.999999999999982e-9,2,ok,0.011000000000001009,6.524634797887287,NA
50,0.8,0.2,0,line,pcglasso_fortran,I,9.999999999999982e-9,1,ok,0.009000000000000341,42.14236616124194,NA
50,0.8,0.2,0,line,pcglasso_fortran,I,9.999999999999982e-9,2,ok,0.00999999999999801,42.14236616124194,NA
10,0.9,0.2,0,line,pcglasso_fortran,I,9.999999999999982e-9,1,ok,0.016000000000000014,5.546771089326224,NA
10,0.9,0.2,0,line,pcglasso_fortran,I,9.999999999999982e-9,2,ok,0.014999999999998792,5.546771089326224,NA
50,0.9,0.2,0,line,pcglasso_fortran,I,9.999999999999982e-9,1,ok,0.019000000000000128,32.35927775401274,NA
50,0.9,0.2,0,line,pcglasso_fortran,I,9.999999999999982e-9,2,ok,0.019999999999999574,32.35927775401274,NA
10,0.8,0.1,0.5,line,pcglasso_fortran,I,9.999999999999982e-9,1,ok,0.006000000000000227,7.667101074224088,NA
10,0.8,0.1,0.5,line,pcglasso_fortran,I,9.999999999999982e-9,2,ok,0.004999999999999005,7.667101074224088,NA
50,0.8,0.1,0.5,line,pcglasso_fortran,I,9.999999999999982e-9,1,ok,0.006000000000000227,40.65763135096654,NA
50,0.8,0.1,0.5,line,pcglasso_fortran,I,9.999999999999982e-9,2,ok,0.0070000000000014495,40.65763135096654,NA
10,0.9,0.1,0.5,line,pcglasso_fortran,I,9.999999999999982e-9,1,ok,0.007999999999999119,7.393007543789288,NA
10,0.9,0.1,0.5,line,pcglasso_fortran,I,9.999999999999982e-9,2,ok,0.009000000000000341,7.393007543789288,NA
50,0.9,0.1,0.5,line,pcglasso_fortran,I,9.999999999999982e-9,1,ok,0.009999999999999787,38.18260122950985,NA
50,0.9,0.1,0.5,line,pcglasso_fortran,I,9.999999999999982e-9,2,ok,0.009000000000000341,38.18260122950985,NA
10,0.8,0.2,0.5,line,pcglasso_fortran,I,9.999999999999982e-9,1,ok,0.005000000000000782,8.184351416823521,NA
10,0.8,0.2,0.5,line,pcglasso_fortran,I,9.999999999999982e-9,2,ok,0.004999999999999005,8.184351416823521,NA
50,0.8,0.2,0.5,line,pcglasso_fortran,I,9.999999999999982e-9,1,ok,0.006999999999997897,42.10700526244213,NA
50,0.8,0.2,0.5,line,pcglasso_fortran,I,9.999999999999982e-9,2,ok,0.006000000000000227,42.10700526244213,NA
10,0.9,0.2,0.5,line,pcglasso_fortran,I,9.999999999999982e-9,1,ok,0.009000000000000341,8.077848152575724,NA
10,0.9,0.2,0.5,line,pcglasso_fortran,I,9.999999999999982e-9,2,ok,0.011999999999998678,8.077848152575724,NA
50,0.9,0.2,0.5,line,pcglasso_fortran,I,9.999999999999982e-9,1,ok,0.008999999999998565,41.05022485026987,NA
50,0.9,0.2,0.5,line,pcglasso_fortran,I,9.999999999999982e-9,2,ok,0.009000000000000341,41.05022485026987,NA
10,0.8,0.1,0,line,pcglasso,I,9.999999999999982e-9,1,ok,0.03599999999999959,5.521837049032934,NA
10,0.8,0.1,0,line,pcglasso,I,9.999999999999982e-9,2,ok,0.03599999999999959,5.521837049032934,NA
50,0.8,0.1,0,line,pcglasso,I,9.999999999999982e-9,1,ok,0.24200000000000443,36.08022674632085,NA
50,0.8,0.1,0,line,pcglasso,I,9.999999999999982e-9,2,ok,0.20399999999999352,36.08022674632085,NA
10,0.9,0.1,0,line,pcglasso,I,9.999999999999982e-9,1,ok,0.0519999999999996,4.414759866986167,NA
10,0.9,0.1,0,line,pcglasso,I,9.999999999999982e-9,2,ok,0.0389999999999997,4.414759866986167,NA
50,0.9,0.1,0,line,pcglasso,I,9.999999999999982e-9,1,ok,0.2560000000000002,25.475030653500674,NA
50,0.9,0.1,0,line,pcglasso,I,9.999999999999982e-9,2,ok,0.25900000000000034,25.475030653500674,NA
10,0.8,0.2,0,line,pcglasso,I,9.999999999999982e-9,1,ok,0.03599999999999959,6.524634785797298,NA
10,0.8,0.2,0,line,pcglasso,I,9.999999999999982e-9,2,ok,0.032999999999999474,6.524634785797298,NA
50,0.8,0.2,0,line,pcglasso,I,9.999999999999982e-9,1,ok,0.16499999999999915,42.14236616069185,NA
50,0.8,0.2,0,line,pcglasso,I,9.999999999999982e-9,2,ok,0.16900000000000404,42.14236616069185,NA
10,0.9,0.2,0,line,pcglasso,I,9.999999999999982e-9,1,ok,0.045999999999999375,5.546771071307765,NA
10,0.9,0.2,0,line,pcglasso,I,9.999999999999982e-9,2,ok,0.04300000000000104,5.546771071307765,NA
50,0.9,0.2,0,line,pcglasso,I,9.999999999999982e-9,1,ok,0.23800000000000132,32.35927774656316,NA
50,0.9,0.2,0,line,pcglasso,I,9.999999999999982e-9,2,ok,0.23999999999999844,32.35927774656316,NA
10,0.8,0.1,0.5,line,pcglasso,I,9.999999999999982e-9,1,ok,0.0259999999999998,7.667101073676845,NA
10,0.8,0.1,0.5,line,pcglasso,I,9.999999999999982e-9,2,ok,0.021000000000000796,7.667101073676845,NA
50,0.8,0.1,0.5,line,pcglasso,I,9.999999999999982e-9,1,ok,0.06799999999999784,40.65763135092102,NA
50,0.8,0.1,0.5,line,pcglasso,I,9.999999999999982e-9,2,ok,0.06700000000000017,40.65763135092102,NA
10,0.9,0.1,0.5,line,pcglasso,I,9.999999999999982e-9,1,ok,0.034000000000000696,7.393007539749215,NA
10,0.9,0.1,0.5,line,pcglasso,I,9.999999999999982e-9,2,ok,0.034000000000000696,7.393007539749215,NA
50,0.9,0.1,0.5,line,pcglasso,I,9.999999999999982e-9,1,ok,0.14499999999999957,38.1826012275576,NA
50,0.9,0.1,0.5,line,pcglasso,I,9.999999999999982e-9,2,ok,0.14599999999999902,38.1826012275576,NA
10,0.8,0.2,0.5,line,pcglasso,I,9.999999999999982e-9,1,ok,0.02999999999999936,8.184351412048589,NA
10,0.8,0.2,0.5,line,pcglasso,I,9.999999999999982e-9,2,ok,0.0389999999999997,8.184351412048589,NA
50,0.8,0.2,0.5,line,pcglasso,I,9.999999999999982e-9,1,ok,0.02500000000000213,42.10700526186687,NA
50,0.8,0.2,0.5,line,pcglasso,I,9.999999999999982e-9,2,ok,0.02499999999999858,42.10700526186687,NA
10,0.9,0.2,0.5,line,pcglasso,I,9.999999999999982e-9,1,ok,0.036000000000001364,8.077848146480827,NA
10,0.9,0.2,0.5,line,pcglasso,I,9.999999999999982e-9,2,ok,0.030000000000001137,8.077848146480827,NA
50,0.9,0.2,0.5,line,pcglasso,I,9.999999999999982e-9,1,ok,0.1120000000000001,41.05022484597116,NA
50,0.9,0.2,0.5,line,pcglasso,I,9.999999999999982e-9,2,ok,0.11100000000000065,41.05022484597116,NA
