p,lambda,alpha,K_structure,solver,starting_point,tolerance,time_trimmed_mean,f_end
10,0.1,0,AR2,pcglasso,C,9.999999999999982e-9,0.020774999999980538,7.243017995265727
10,0.1,0,AR2,pcglasso,C,3.5111917342151263e-8,0.018749999999954525,7.243017983382435
10,0.1,0,AR2,pcglasso,C,1.2328467394420646e-7,0.016975000000047657,7.243018025992904
10,0.1,0,AR2,pcglasso,C,4.328761281083054e-7,0.014775000000065574,7.243018787299703
10,0.1,0,AR2,pcglasso,C,1.5199110829529328e-6,0.013525000000026922,7.243024541509983
10,0.1,0,AR2,pcglasso,C,5.336699231206308e-6,0.011049999999983129,7.243109083064619
10,0.1,0,AR2,pcglasso,C,1.873817422860384e-5,0.0083249999999907235,7.243961949273018
10,0.1,0,AR2,pcglasso,C,6.579332246575681e-5,0.005574999999970487,7.256693411307989
10,0.1,0,AR2,pcglasso,C,2.310129700083161e-4,0.0033500000000060482,7.337858827266761
10,0.1,0,AR2,pcglasso,C,8.11130830789687e-4,0.002450000000006014,7.93776216811194
10,0.1,0,AR2,pcglasso,C,0.002848035868435802,0.0019999999999924965,7.883046182264242
10,0.1,0,AR2,pcglasso,C,0.010000000000000004,0.0022250000000006765,7.883046182264242
10,0.1,0,AR2,pcglasso,I,9.999999999999982e-9,0.02852499999985412,7.243017978212006
10,0.1,0,AR2,pcglasso,I,3.5111917342151263e-8,0.020099999999888495,7.243017979934402
10,0.1,0,AR2,pcglasso,I,1.2328467394420646e-7,0.01827500000006239,7.2430180150958225
10,0.1,0,AR2,pcglasso,I,4.328761281083054e-7,0.015625000000034105,7.243019018028551
10,0.1,0,AR2,pcglasso,I,1.5199110829529328e-6,0.014074999999968441,7.24302423945016
10,0.1,0,AR2,pcglasso,I,5.336699231206308e-6,0.011699999999984811,7.243126765203474
10,0.1,0,AR2,pcglasso,I,1.873817422860384e-5,0.00837499999998954,7.244291897177638
10,0.1,0,AR2,pcglasso,I,6.579332246575681e-5,0.005799999999999273,7.255907903611943
10,0.1,0,AR2,pcglasso,I,2.310129700083161e-4,0.004250000000001819,7.275522675378233
10,0.1,0,AR2,pcglasso,I,8.11130830789687e-4,0.0023750000000035245,7.591375744169375
10,0.1,0,AR2,pcglasso,I,0.002848035868435802,0.002474999999994054,7.649492975565243
10,0.1,0,AR2,pcglasso,I,0.010000000000000004,0.002425000000003763,7.587589015819306
10,0.1,0,AR2,pcglassoFast_Dual,C,9.999999999999982e-9,0.009649999999874126,7.243017983003015
10,0.1,0,AR2,pcglassoFast_Dual,C,3.5111917342151263e-8,0.0096000000000231,7.243017992236765
10,0.1,0,AR2,pcglassoFast_Dual,C,1.2328467394420646e-7,0.009075000000007095,7.243018024707366
10,0.1,0,AR2,pcglassoFast_Dual,C,4.328761281083054e-7,0.008750000000020464,7.243018121372387
10,0.1,0,AR2,pcglassoFast_Dual,C,1.5199110829529328e-6,0.00825000000000955,7.243018408259095
10,0.1,0,AR2,pcglassoFast_Dual,C,5.336699231206308e-6,0.007650000000040791,7.243020981376881
10,0.1,0,AR2,pcglassoFast_Dual,C,1.873817422860384e-5,0.006875000000019327,7.243031281624255
10,0.1,0,AR2,pcglassoFast_Dual,C,6.579332246575681e-5,0.006574999999997999,7.243047259593419
10,0.1,0,AR2,pcglassoFast_Dual,C,2.310129700083161e-4,0.006250000000002842,7.243095336572976
10,0.1,0,AR2,pcglassoFast_Dual,C,8.11130830789687e-4,0.005774999999999864,7.243225182522995
10,0.1,0,AR2,pcglassoFast_Dual,C,0.002848035868435802,0.005075000000002205,7.244664914984251
10,0.1,0,AR2,pcglassoFast_Dual,C,0.010000000000000004,0.004850000000000421,7.246249348057965
10,0.1,0,AR2,pcglassoFast_Dual,I,9.999999999999982e-9,0.008374999999978172,7.243017981781065
10,0.1,0,AR2,pcglassoFast_Dual,I,3.5111917342151263e-8,0.00867500000003929,7.243017999671586
10,0.1,0,AR2,pcglassoFast_Dual,I,1.2328467394420646e-7,0.00837500000000091,7.243018032503829
10,0.1,0,AR2,pcglassoFast_Dual,I,4.328761281083054e-7,0.008000000000106412,7.243018117271056
10,0.1,0,AR2,pcglassoFast_Dual,I,1.5199110829529328e-6,0.007475000000056298,7.243018943607441
10,0.1,0,AR2,pcglassoFast_Dual,I,5.336699231206308e-6,0.006725000000028558,7.243020315855906
10,0.1,0,AR2,pcglassoFast_Dual,I,1.873817422860384e-5,0.006050000000010413,7.2430286892990035
10,0.1,0,AR2,pcglassoFast_Dual,I,6.579332246575681e-5,0.005775000000022601,7.24304227951818
10,0.1,0,AR2,pcglassoFast_Dual,I,2.310129700083161e-4,0.0049750000000130966,7.243145870144673
10,0.1,0,AR2,pcglassoFast_Dual,I,8.11130830789687e-4,0.0048750000000069346,7.243096196478078
10,0.1,0,AR2,pcglassoFast_Dual,I,0.002848035868435802,0.004199999999998738,7.2442063061708915
10,0.1,0,AR2,pcglassoFast_Dual,I,0.010000000000000004,0.003649999999998954,7.246885710601845
10,0.1,0,AR2,pcglassoFast_Primal,C,9.999999999999982e-9,0.012649999999985085,7.2430179919581015
10,0.1,0,AR2,pcglassoFast_Primal,C,3.5111917342151263e-8,0.012174999999933789,7.243018014947476
10,0.1,0,AR2,pcglassoFast_Primal,C,1.2328467394420646e-7,0.01152500000002874,7.243018084248974
10,0.1,0,AR2,pcglassoFast_Primal,C,4.328761281083054e-7,0.010974999999984903,7.2430185399520735
10,0.1,0,AR2,pcglassoFast_Primal,C,1.5199110829529328e-6,0.01009999999998854,7.243019613160642
10,0.1,0,AR2,pcglassoFast_Primal,C,5.336699231206308e-6,0.009624999999977036,7.2430227575610235
10,0.1,0,AR2,pcglassoFast_Primal,C,1.873817422860384e-5,0.008625000000000682,7.2430418950490285
10,0.1,0,AR2,pcglassoFast_Primal,C,6.579332246575681e-5,0.008025000000026239,7.2430880850632
10,0.1,0,AR2,pcglassoFast_Primal,C,2.310129700083161e-4,0.007149999999984402,7.243223338457296
10,0.1,0,AR2,pcglassoFast_Primal,C,8.11130830789687e-4,0.00625,7.2440375859930075
10,0.1,0,AR2,pcglassoFast_Primal,C,0.002848035868435802,0.005574999999996777,7.245963608899297
10,0.1,0,AR2,pcglassoFast_Primal,C,0.010000000000000004,0.003949999999999942,7.250662749998524
10,0.1,0,AR2,pcglassoFast_Primal,I,9.999999999999982e-9,0.007874999999989996,7.243017987191287
10,0.1,0,AR2,pcglassoFast_Primal,I,3.5111917342151263e-8,0.007724999999936699,7.243018022312101
10,0.1,0,AR2,pcglassoFast_Primal,I,1.2328467394420646e-7,0.00722499999997126,7.243018109899532
10,0.1,0,AR2,pcglassoFast_Primal,I,4.328761281083054e-7,0.006699999999955253,7.243018399584342
10,0.1,0,AR2,pcglassoFast_Primal,I,1.5199110829529328e-6,0.0061999999999898135,7.243019374912652
10,0.1,0,AR2,pcglassoFast_Primal,I,5.336699231206308e-6,0.005475000000046748,7.243022857508783
10,0.1,0,AR2,pcglassoFast_Primal,I,1.873817422860384e-5,0.004824999999993906,7.243036226788061
10,0.1,0,AR2,pcglassoFast_Primal,I,6.579332246575681e-5,0.00480000000001155,7.243054575362379
10,0.1,0,AR2,pcglassoFast_Primal,I,2.310129700083161e-4,0.003874999999999318,7.243181003262409
10,0.1,0,AR2,pcglassoFast_Primal,I,8.11130830789687e-4,0.003525000000013279,7.24338593086753
10,0.1,0,AR2,pcglassoFast_Primal,I,0.002848035868435802,0.003099999999996328,7.24389507724749
10,0.1,0,AR2,pcglassoFast_Primal,I,0.010000000000000004,0.002850000000000108,7.245234244877188
10,0.1,0,hub_09,pcglasso,C,9.999999999999982e-9,0.01825000000003456,5.834525332586685
10,0.1,0,hub_09,pcglasso,C,3.5111917342151263e-8,0.016475000000014006,5.834525340158221
10,0.1,0,hub_09,pcglasso,C,1.2328467394420646e-7,0.012700000000063483,5.834525787153676
10,0.1,0,hub_09,pcglasso,C,4.328761281083054e-7,0.010174999999935607,5.834528547243725
10,0.1,0,hub_09,pcglasso,C,1.5199110829529328e-6,0.009599999999966257,5.8345316457701335
10,0.1,0,hub_09,pcglasso,C,5.336699231206308e-6,0.0076000000000590266,5.8345979226656866
10,0.1,0,hub_09,pcglasso,C,1.873817422860384e-5,0.0061999999999898135,5.835021869307891
10,0.1,0,hub_09,pcglasso,C,6.579332246575681e-5,0.004149999999987131,5.846458422187529
10,0.1,0,hub_09,pcglasso,C,2.310129700083161e-4,0.0032250000000061617,5.8668827628963385
10,0.1,0,hub_09,pcglasso,C,8.11130830789687e-4,0.002174999999995464,6.202670263246617
10,0.1,0,hub_09,pcglasso,C,0.002848035868435802,0.0023500000000055365,6.202670263246617
10,0.1,0,hub_09,pcglasso,C,0.010000000000000004,0.0026750000000024697,6.202670263246617
10,0.1,0,hub_09,pcglasso,I,9.999999999999982e-9,0.018224999999961255,5.834525334684048
10,0.1,0,hub_09,pcglasso,I,3.5111917342151263e-8,0.018250000000057297,5.834525359285622
10,0.1,0,hub_09,pcglasso,I,1.2328467394420646e-7,0.016400000000112415,5.834525496889819
10,0.1,0,hub_09,pcglasso,I,4.328761281083054e-7,0.014324999999996636,5.834526207761204
10,0.1,0,hub_09,pcglasso,I,1.5199110829529328e-6,0.011300000000028376,5.834563224283598
10,0.1,0,hub_09,pcglasso,I,5.336699231206308e-6,0.010649999999986903,5.834591306626929
10,0.1,0,hub_09,pcglasso,I,1.873817422860384e-5,0.007950000000022328,5.835663498445353
10,0.1,0,hub_09,pcglasso,I,6.579332246575681e-5,0.005474999999989905,5.847951129758276
10,0.1,0,hub_09,pcglasso,I,2.310129700083161e-4,0.003749999999990905,5.942321421752349
10,0.1,0,hub_09,pcglasso,I,8.11130830789687e-4,0.0026250000000004547,6.164448924686043
10,0.1,0,hub_09,pcglasso,I,0.002848035868435802,0.0025250000000042404,6.22802062506335
10,0.1,0,hub_09,pcglasso,I,0.010000000000000004,0.0023749999999999718,6.22802062506335
10,0.1,0,hub_09,pcglassoFast_Dual,C,9.999999999999982e-9,0.015599999999994906,5.8345253628879155
10,0.1,0,hub_09,pcglassoFast_Dual,C,3.5111917342151263e-8,0.014699999999993451,5.834525424873056
10,0.1,0,hub_09,pcglassoFast_Dual,C,1.2328467394420646e-7,0.014625000000023647,5.834525448033469
10,0.1,0,hub_09,pcglassoFast_Dual,C,4.328761281083054e-7,0.011825000000033014,5.834526711689752
10,0.1,0,hub_09,pcglassoFast_Dual,C,1.5199110829529328e-6,0.010199999999940701,5.834530448217695
10,0.1,0,hub_09,pcglassoFast_Dual,C,5.336699231206308e-6,0.00922499999998081,5.834533630999808
10,0.1,0,hub_09,pcglassoFast_Dual,C,1.873817422860384e-5,0.0074500000000114145,5.8345828305746785
10,0.1,0,hub_09,pcglassoFast_Dual,C,6.579332246575681e-5,0.006624999999985448,5.8346578397608635
10,0.1,0,hub_09,pcglassoFast_Dual,C,2.310129700083161e-4,0.005399999999991678,5.834929158152168
10,0.1,0,hub_09,pcglassoFast_Dual,C,8.11130830789687e-4,0.005249999999998067,5.835093056319734
10,0.1,0,hub_09,pcglassoFast_Dual,C,0.002848035868435802,0.004650000000002308,5.835576057821869
10,0.1,0,hub_09,pcglassoFast_Dual,C,0.010000000000000004,0.0038000000000000256,5.839467055701565
10,0.1,0,hub_09,pcglassoFast_Dual,I,9.999999999999982e-9,0.014724999999884858,5.834525348481676
10,0.1,0,hub_09,pcglassoFast_Dual,I,3.5111917342151263e-8,0.015999999999939972,5.834525369109852
10,0.1,0,hub_09,pcglassoFast_Dual,I,1.2328467394420646e-7,0.014049999999997453,5.83452563399625
10,0.1,0,hub_09,pcglassoFast_Dual,I,4.328761281083054e-7,0.013750000000015916,5.834525734692784
10,0.1,0,hub_09,pcglassoFast_Dual,I,1.5199110829529328e-6,0.011925000000007912,5.834528906082078
10,0.1,0,hub_09,pcglassoFast_Dual,I,5.336699231206308e-6,0.01189999999999145,5.834528906082078
10,0.1,0,hub_09,pcglassoFast_Dual,I,1.873817422860384e-5,0.010274999999973033,5.834546877154718
10,0.1,0,hub_09,pcglassoFast_Dual,I,6.579332246575681e-5,0.008750000000014779,5.8346736544037485
10,0.1,0,hub_09,pcglassoFast_Dual,I,2.310129700083161e-4,0.0075000000000216005,5.834931735195261
10,0.1,0,hub_09,pcglassoFast_Dual,I,8.11130830789687e-4,0.00630000000000166,5.835355038287209
10,0.1,0,hub_09,pcglassoFast_Dual,I,0.002848035868435802,0.005599999999998317,5.836416756096439
10,0.1,0,hub_09,pcglassoFast_Dual,I,0.010000000000000004,0.0050250000000005455,5.838044417382286
10,0.1,0,hub_09,pcglassoFast_Primal,C,9.999999999999982e-9,0.013925000000108411,5.834525341678066
10,0.1,0,hub_09,pcglassoFast_Primal,C,3.5111917342151263e-8,0.01312500000012733,5.834525373814839
10,0.1,0,hub_09,pcglassoFast_Primal,C,1.2328467394420646e-7,0.01262500000007094,5.834525499844491
10,0.1,0,hub_09,pcglassoFast_Primal,C,4.328761281083054e-7,0.01152499999994916,5.834525988793695
10,0.1,0,hub_09,pcglassoFast_Primal,C,1.5199110829529328e-6,0.010874999999998636,5.834527728452866
10,0.1,0,hub_09,pcglassoFast_Primal,C,5.336699231206308e-6,0.010075000000023237,5.834533698045114
10,0.1,0,hub_09,pcglassoFast_Primal,C,1.873817422860384e-5,0.009125000000005911,5.834553609404769
10,0.1,0,hub_09,pcglassoFast_Primal,C,6.579332246575681e-5,0.008474999999990018,5.834622435824007
10,0.1,0,hub_09,pcglassoFast_Primal,C,2.310129700083161e-4,0.0066000000000059345,5.835146762415895
10,0.1,0,hub_09,pcglassoFast_Primal,C,8.11130830789687e-4,0.0049250000000029106,5.8368649353014375
10,0.1,0,hub_09,pcglassoFast_Primal,C,0.002848035868435802,0.003925000000000267,5.83990051240387
10,0.1,0,hub_09,pcglassoFast_Primal,C,0.010000000000000004,0.0027000000000003688,5.850034512412694
10,0.1,0,hub_09,pcglassoFast_Primal,I,9.999999999999982e-9,0.010849999999891224,5.834525346647902
10,0.1,0,hub_09,pcglassoFast_Primal,I,3.5111917342151263e-8,0.011600000000066757,5.834525370013987
10,0.1,0,hub_09,pcglassoFast_Primal,I,1.2328467394420646e-7,0.010950000000093496,5.83452548281047
10,0.1,0,hub_09,pcglassoFast_Primal,I,4.328761281083054e-7,0.009999999999990905,5.834525917567611
10,0.1,0,hub_09,pcglassoFast_Primal,I,1.5199110829529328e-6,0.00917499999999336,5.834527482993467
10,0.1,0,hub_09,pcglassoFast_Primal,I,5.336699231206308e-6,0.00852500000000873,5.834533020911717
10,0.1,0,hub_09,pcglassoFast_Primal,I,1.873817422860384e-5,0.007549999999997681,5.834552399906289
10,0.1,0,hub_09,pcglassoFast_Primal,I,6.579332246575681e-5,0.006574999999969577,5.834623119537413
10,0.1,0,hub_09,pcglassoFast_Primal,I,2.310129700083161e-4,0.0055500000000051845,5.835037378166506
10,0.1,0,hub_09,pcglassoFast_Primal,I,8.11130830789687e-4,0.004425000000000523,5.836024575001131
10,0.1,0,hub_09,pcglassoFast_Primal,I,0.002848035868435802,0.003624999999996703,5.837834534258542
10,0.1,0,hub_09,pcglassoFast_Primal,I,0.010000000000000004,0.002925000000001532,5.844020985483517
10,0.1,0,hub_1,pcglasso,C,9.999999999999982e-9,0.023599999999964892,2.7189676704784405
10,0.1,0,hub_1,pcglasso,C,3.5111917342151263e-8,0.018850000000134058,2.718967676036341
10,0.1,0,hub_1,pcglasso,C,1.2328467394420646e-7,0.017225000000030376,2.71896769626105
10,0.1,0,hub_1,pcglasso,C,4.328761281083054e-7,0.014600000000007185,2.718968188264677
10,0.1,0,hub_1,pcglasso,C,1.5199110829529328e-6,0.012174999999990633,2.7189834918848614
10,0.1,0,hub_1,pcglasso,C,5.336699231206308e-6,0.010275000000018509,2.7190831312610113
10,0.1,0,hub_1,pcglasso,C,1.873817422860384e-5,0.00827499999999759,2.7201281626775398
10,0.1,0,hub_1,pcglasso,C,6.579332246575681e-5,0.004950000000002319,2.740952663551684
10,0.1,0,hub_1,pcglasso,C,2.310129700083161e-4,0.0037000000000119828,2.7933829098067298
10,0.1,0,hub_1,pcglasso,C,8.11130830789687e-4,0.0026749999999964302,3.027792260562564
10,0.1,0,hub_1,pcglasso,C,0.002848035868435802,0.0029999999999930083,3.027792260562564
10,0.1,0,hub_1,pcglasso,C,0.010000000000000004,0.015875000000001905,3.027792260562564
10,0.1,0,hub_1,pcglasso,I,9.999999999999982e-9,0.035300000000052026,2.718967666249782
10,0.1,0,hub_1,pcglasso,I,3.5111917342151263e-8,0.03354999999999109,2.7189677198315216
10,0.1,0,hub_1,pcglasso,I,1.2328467394420646e-7,0.030625000000009096,2.7189684567770884
10,0.1,0,hub_1,pcglasso,I,4.328761281083054e-7,0.023549999999954708,2.7189792559680592
10,0.1,0,hub_1,pcglasso,I,1.5199110829529328e-6,0.020275000000003728,2.7190139069023473
10,0.1,0,hub_1,pcglasso,I,5.336699231206308e-6,0.015899999999953708,2.719507505994067
10,0.1,0,hub_1,pcglasso,I,1.873817422860384e-5,0.01029999999999518,2.725133102810961
10,0.1,0,hub_1,pcglasso,I,6.579332246575681e-5,0.006124999999980218,2.764619165333375
10,0.1,0,hub_1,pcglasso,I,2.310129700083161e-4,0.004700000000011073,2.8593879073868473
10,0.1,0,hub_1,pcglasso,I,8.11130830789687e-4,0.0036250000000052295,3.1439533820501744
10,0.1,0,hub_1,pcglasso,I,0.002848035868435802,0.0025250000000028193,3.4753472719902376
10,0.1,0,hub_1,pcglasso,I,0.010000000000000004,0.00282500000000212,3.792516974341531
10,0.1,0,hub_1,pcglassoFast_Dual,C,9.999999999999982e-9,0.04950000000003456,2.7189676974232935
10,0.1,0,hub_1,pcglassoFast_Dual,C,3.5111917342151263e-8,0.04137500000003911,2.7189678982725254
10,0.1,0,hub_1,pcglassoFast_Dual,C,1.2328467394420646e-7,0.033224999999947616,2.7189692735364606
10,0.1,0,hub_1,pcglassoFast_Dual,C,4.328761281083054e-7,0.02830000000003565,2.718971186292209
10,0.1,0,hub_1,pcglassoFast_Dual,C,1.5199110829529328e-6,0.02270000000002028,2.718979060584316
10,0.1,0,hub_1,pcglassoFast_Dual,C,5.336699231206308e-6,0.020650000000000546,2.7189881301651875
10,0.1,0,hub_1,pcglassoFast_Dual,C,1.873817422860384e-5,0.017050000000011778,2.7190155942333005
10,0.1,0,hub_1,pcglassoFast_Dual,C,6.579332246575681e-5,0.013950000000011186,2.719084792739806
10,0.1,0,hub_1,pcglassoFast_Dual,C,2.310129700083161e-4,0.013025000000004639,2.7191434746119123
10,0.1,0,hub_1,pcglassoFast_Dual,C,8.11130830789687e-4,0.010350000000001103,2.7196703916035156
10,0.1,0,hub_1,pcglassoFast_Dual,C,0.002848035868435802,0.007974999999999,2.7215360039428553
10,0.1,0,hub_1,pcglassoFast_Dual,C,0.010000000000000004,0.006049999999999933,2.729027488293725
10,0.1,0,hub_1,pcglassoFast_Dual,I,9.999999999999982e-9,0.05912499999985812,2.718967784222567
10,0.1,0,hub_1,pcglassoFast_Dual,I,3.5111917342151263e-8,0.056599999999957615,2.7189683762016865
10,0.1,0,hub_1,pcglassoFast_Dual,I,1.2328467394420646e-7,0.0578499999999849,2.7189683762016865
10,0.1,0,hub_1,pcglassoFast_Dual,I,4.328761281083054e-7,0.047800000000029284,2.718973554692946
10,0.1,0,hub_1,pcglassoFast_Dual,I,1.5199110829529328e-6,0.03749999999998863,2.719007012865446
10,0.1,0,hub_1,pcglassoFast_Dual,I,5.336699231206308e-6,0.038324999999986176,2.7190052762277297
10,0.1,0,hub_1,pcglassoFast_Dual,I,1.873817422860384e-5,0.025475000000028558,2.719560454219879
10,0.1,0,hub_1,pcglassoFast_Dual,I,6.579332246575681e-5,0.019150000000013278,2.721105799846544
10,0.1,0,hub_1,pcglassoFast_Dual,I,2.310129700083161e-4,0.012249999999988858,2.7247766369399393
10,0.1,0,hub_1,pcglassoFast_Dual,I,8.11130830789687e-4,0.011249999999998294,2.725378036260911
10,0.1,0,hub_1,pcglassoFast_Dual,I,0.002848035868435802,0.010450000000005844,2.725969202677156
10,0.1,0,hub_1,pcglassoFast_Dual,I,0.010000000000000004,0.0088750000000001,2.7312632556960734
10,0.1,0,hub_1,pcglassoFast_Primal,C,9.999999999999982e-9,0.043750000000068213,2.7189677438711097
10,0.1,0,hub_1,pcglassoFast_Primal,C,3.5111917342151263e-8,0.040075000000024376,2.7189679373809907
10,0.1,0,hub_1,pcglassoFast_Primal,C,1.2328467394420646e-7,0.03452499999993961,2.7189685072708474
10,0.1,0,hub_1,pcglassoFast_Primal,C,4.328761281083054e-7,0.030700000000001636,2.7189687020382305
10,0.1,0,hub_1,pcglassoFast_Primal,C,1.5199110829529328e-6,0.02677499999996371,2.7189689880407917
10,0.1,0,hub_1,pcglassoFast_Primal,C,5.336699231206308e-6,0.023775000000000546,2.7189721478106286
10,0.1,0,hub_1,pcglassoFast_Primal,C,1.873817422860384e-5,0.020999999999986585,2.718977550789618
10,0.1,0,hub_1,pcglassoFast_Primal,C,6.579332246575681e-5,0.01869999999999834,2.7190051804317985
10,0.1,0,hub_1,pcglassoFast_Primal,C,2.310129700083161e-4,0.01379999999999768,2.7191364204492103
10,0.1,0,hub_1,pcglassoFast_Primal,C,8.11130830789687e-4,0.009475000000007583,2.719661154139154
10,0.1,0,hub_1,pcglassoFast_Primal,C,0.002848035868435802,0.00792499999999947,2.7212323935796547
10,0.1,0,hub_1,pcglassoFast_Primal,C,0.010000000000000004,0.02407499999999967,2.7271029785024834
10,0.1,0,hub_1,pcglassoFast_Primal,I,9.999999999999982e-9,0.04377499999993688,2.718967757656719
10,0.1,0,hub_1,pcglassoFast_Primal,I,3.5111917342151263e-8,0.03887500000007549,2.7189680175895727
10,0.1,0,hub_1,pcglassoFast_Primal,I,1.2328467394420646e-7,0.03252500000007785,2.718968726416409
10,0.1,0,hub_1,pcglassoFast_Primal,I,4.328761281083054e-7,0.029075000000000274,2.7189692420515708
10,0.1,0,hub_1,pcglassoFast_Primal,I,1.5199110829529328e-6,0.026000000000044564,2.7189695458298004
10,0.1,0,hub_1,pcglassoFast_Primal,I,5.336699231206308e-6,0.022549999999961302,2.7189734312033105
10,0.1,0,hub_1,pcglassoFast_Primal,I,1.873817422860384e-5,0.01910000000001446,2.718987292284374
10,0.1,0,hub_1,pcglassoFast_Primal,I,6.579332246575681e-5,0.016225000000014235,2.719031892115928
10,0.1,0,hub_1,pcglassoFast_Primal,I,2.310129700083161e-4,0.013500000000007617,2.7191919225574157
10,0.1,0,hub_1,pcglassoFast_Primal,I,8.11130830789687e-4,0.011475000000005764,2.7194528537864846
10,0.1,0,hub_1,pcglassoFast_Primal,I,0.002848035868435802,0.008900000000005548,2.7224632933897275
10,0.1,0,hub_1,pcglassoFast_Primal,I,0.010000000000000004,0.005024999999999835,2.766655259030328
10,0.1,0,random,pcglasso,C,9.999999999999982e-9,0.0648249999999507,4.109365268898888
10,0.1,0,random,pcglasso,C,3.5111917342151263e-8,0.050324999999952526,4.109365829804146
10,0.1,0,random,pcglasso,C,1.2328467394420646e-7,0.044475000000056754,4.109366608689553
10,0.1,0,random,pcglasso,C,4.328761281083054e-7,0.031350000000020375,4.109382368074119
10,0.1,0,random,pcglasso,C,1.5199110829529328e-6,0.017800000000045203,4.109610530917285
10,0.1,0,random,pcglasso,C,5.336699231206308e-6,0.01482500000007576,4.109914729224002
10,0.1,0,random,pcglasso,C,1.873817422860384e-5,0.008900000000016917,4.112938186781625
10,0.1,0,random,pcglasso,C,6.579332246575681e-5,0.005650000000019873,4.133117373244367
10,0.1,0,random,pcglasso,C,2.310129700083161e-4,0.0037250000000000226,4.199095477508758
10,0.1,0,random,pcglasso,C,8.11130830789687e-4,0.003074999999991235,4.433519079668989
10,0.1,0,random,pcglasso,C,0.002848035868435802,0.0034499999999972886,4.433519079668989
10,0.1,0,random,pcglasso,C,0.010000000000000004,0.00397499999999944,4.433519079668989
10,0.1,0,random,pcglasso,I,9.999999999999982e-9,0.0548249999999598,4.109365268670472
10,0.1,0,random,pcglasso,I,3.5111917342151263e-8,0.04827499999996689,4.109365793800627
10,0.1,0,random,pcglasso,I,1.2328467394420646e-7,0.044224999999960345,4.109366191893121
10,0.1,0,random,pcglasso,I,4.328761281083054e-7,0.02854999999993879,4.1094031846306
10,0.1,0,random,pcglasso,I,1.5199110829529328e-6,0.02364999999998645,4.10945541414705
10,0.1,0,random,pcglasso,I,5.336699231206308e-6,0.018000000000040473,4.109866008659318
10,0.1,0,random,pcglasso,I,1.873817422860384e-5,0.012800000000021327,4.113081789334354
10,0.1,0,random,pcglasso,I,6.579332246575681e-5,0.007925000000022919,4.144743887721566
10,0.1,0,random,pcglasso,I,2.310129700083161e-4,0.00449999999999875,4.573426400886397
10,0.1,0,random,pcglasso,I,8.11130830789687e-4,0.0027999999999963167,5.490509678071242
10,0.1,0,random,pcglasso,I,0.002848035868435802,0.0024250000000051843,5.279370166631667
10,0.1,0,random,pcglasso,I,0.010000000000000004,0.0026500000000062585,5.595093380842939
10,0.1,0,random,pcglassoFast_Dual,C,9.999999999999982e-9,0.06109999999996489,4.109365283944615
10,0.1,0,random,pcglassoFast_Dual,C,3.5111917342151263e-8,0.05927499999995689,4.109365322068709
10,0.1,0,random,pcglassoFast_Dual,C,1.2328467394420646e-7,0.044100000000003095,4.109365704045677
10,0.1,0,random,pcglassoFast_Dual,C,4.328761281083054e-7,0.04447500000002265,4.109365779254047
10,0.1,0,random,pcglassoFast_Dual,C,1.5199110829529328e-6,0.02355000000002292,4.109561012648797
10,0.1,0,random,pcglassoFast_Dual,C,5.336699231206308e-6,0.02414999999999736,4.109370250648655
10,0.1,0,random,pcglassoFast_Dual,C,1.873817422860384e-5,0.014500000000026603,4.11007120555591
10,0.1,0,random,pcglassoFast_Dual,C,6.579332246575681e-5,0.012674999999995861,4.11016981292757
10,0.1,0,random,pcglassoFast_Dual,C,2.310129700083161e-4,0.009200000000009822,4.112438140102638
10,0.1,0,random,pcglassoFast_Dual,C,8.11130830789687e-4,0.006824999999990667,4.113234712412378
10,0.1,0,random,pcglassoFast_Dual,C,0.002848035868435802,0.006000000000000938,4.115500005650143
10,0.1,0,random,pcglassoFast_Dual,C,0.010000000000000004,0.0048500000000007756,4.121781045576338
10,0.1,0,random,pcglassoFast_Dual,I,9.999999999999982e-9,0.06774999999988722,4.109365282520399
10,0.1,0,random,pcglassoFast_Dual,I,3.5111917342151263e-8,0.06327499999997599,4.109366462825608
10,0.1,0,random,pcglassoFast_Dual,I,1.2328467394420646e-7,0.06202500000006239,4.109365407931303
10,0.1,0,random,pcglassoFast_Dual,I,4.328761281083054e-7,0.051925000000062484,4.109381863631099
10,0.1,0,random,pcglassoFast_Dual,I,1.5199110829529328e-6,0.045150000000001,4.109405836104034
10,0.1,0,random,pcglassoFast_Dual,I,5.336699231206308e-6,0.03579999999996062,4.109482246229516
10,0.1,0,random,pcglassoFast_Dual,I,1.873817422860384e-5,0.020800000000019737,4.110298624793378
10,0.1,0,random,pcglassoFast_Dual,I,6.579332246575681e-5,0.020450000000016642,4.110315868628808
10,0.1,0,random,pcglassoFast_Dual,I,2.310129700083161e-4,0.01917500000000416,4.110440952070716
10,0.1,0,random,pcglassoFast_Dual,I,8.11130830789687e-4,0.016899999999992588,4.110608797935513
10,0.1,0,random,pcglassoFast_Dual,I,0.002848035868435802,0.013374999999997783,4.1122069750742085
10,0.1,0,random,pcglassoFast_Dual,I,0.010000000000000004,0.011450000000001381,4.114911206658552
10,0.1,0,random,pcglassoFast_Primal,C,9.999999999999982e-9,0.0881249999999227,4.109365654006111
10,0.1,0,random,pcglassoFast_Primal,C,3.5111917342151263e-8,0.07692500000002837,4.109366485712682
10,0.1,0,random,pcglassoFast_Primal,C,1.2328467394420646e-7,0.0664749999999458,4.109368497120844
10,0.1,0,random,pcglassoFast_Primal,C,4.328761281083054e-7,0.053799999999989724,4.109371633427735
10,0.1,0,random,pcglassoFast_Primal,C,1.5199110829529328e-6,0.048925000000042476,4.1093723448091035
10,0.1,0,random,pcglassoFast_Primal,C,5.336699231206308e-6,0.04332499999997026,4.109376458535541
10,0.1,0,random,pcglassoFast_Primal,C,1.873817422860384e-5,0.03544999999999732,4.1093963243617875
10,0.1,0,random,pcglassoFast_Primal,C,6.579332246575681e-5,0.026075000000005844,4.109446861622701
10,0.1,0,random,pcglassoFast_Primal,C,2.310129700083161e-4,0.02030000000000314,4.109688981238049
10,0.1,0,random,pcglassoFast_Primal,C,8.11130830789687e-4,0.014575000000003512,4.110751379452579
10,0.1,0,random,pcglassoFast_Primal,C,0.002848035868435802,0.005825000000000103,4.136002813453681
10,0.1,0,random,pcglassoFast_Primal,C,0.010000000000000004,0.004124999999999801,4.146562364010727
10,0.1,0,random,pcglassoFast_Primal,I,9.999999999999982e-9,0.09264999999998054,4.109365687858212
10,0.1,0,random,pcglassoFast_Primal,I,3.5111917342151263e-8,0.08024999999990996,4.109366787770561
10,0.1,0,random,pcglassoFast_Primal,I,1.2328467394420646e-7,0.05987500000003365,4.109370819004604
10,0.1,0,random,pcglassoFast_Primal,I,4.328761281083054e-7,0.04554999999995744,4.109379636623292
10,0.1,0,random,pcglassoFast_Primal,I,1.5199110829529328e-6,0.03864999999996144,4.109381511522142
10,0.1,0,random,pcglassoFast_Primal,I,5.336699231206308e-6,0.03487500000003365,4.109383586284527
10,0.1,0,random,pcglassoFast_Primal,I,1.873817422860384e-5,0.032200000000017326,4.1093904985912495
10,0.1,0,random,pcglassoFast_Primal,I,6.579332246575681e-5,0.026649999999989404,4.109467802754267
10,0.1,0,random,pcglassoFast_Primal,I,2.310129700083161e-4,0.022549999999992566,4.109660942318659
10,0.1,0,random,pcglassoFast_Primal,I,8.11130830789687e-4,0.0174249999999887,4.1107141896305
10,0.1,0,random,pcglassoFast_Primal,I,0.002848035868435802,0.011925000000002229,4.113586687254809
10,0.1,0,random,pcglassoFast_Primal,I,0.010000000000000004,0.009724999999999895,4.120527955805609
10,0.1,0.5,AR2,pcglasso,C,9.999999999999982e-9,0.011674999999922876,8.206312654021803
10,0.1,0.5,AR2,pcglasso,C,3.5111917342151263e-8,0.0116249999999809,8.206312654204531
10,0.1,0.5,AR2,pcglasso,C,1.2328467394420646e-7,0.0104750000000422,8.206312662401928
10,0.1,0.5,AR2,pcglasso,C,4.328761281083054e-7,0.009874999999942702,8.20631266763366
10,0.1,0.5,AR2,pcglasso,C,1.5199110829529328e-6,0.009674999999992906,8.206312746635728
10,0.1,0.5,AR2,pcglasso,C,5.336699231206308e-6,0.009350000000017645,8.206314674350795
10,0.1,0.5,AR2,pcglasso,C,1.873817422860384e-5,0.007675000000017462,8.206328592591511
10,0.1,0.5,AR2,pcglasso,C,6.579332246575681e-5,0.006399999999990769,8.206411738105677
10,0.1,0.5,AR2,pcglasso,C,2.310129700083161e-4,0.00469999999999402,8.211897084648877
10,0.1,0.5,AR2,pcglasso,C,8.11130830789687e-4,0.003000000000011482,8.42215951234386
10,0.1,0.5,AR2,pcglasso,C,0.002848035868435802,0.0020000000000024443,10.932671545495822
10,0.1,0.5,AR2,pcglasso,C,0.010000000000000004,0.002249999999999375,10.932671545495822
10,0.1,0.5,AR2,pcglasso,I,9.999999999999982e-9,0.007999999999947249,8.206312653992896
10,0.1,0.5,AR2,pcglasso,I,3.5111917342151263e-8,0.008250000000043656,8.206312655133283
10,0.1,0.5,AR2,pcglasso,I,1.2328467394420646e-7,0.007924999999954708,8.206312655942892
10,0.1,0.5,AR2,pcglasso,I,4.328761281083054e-7,0.00717499999990423,8.206312719296031
10,0.1,0.5,AR2,pcglasso,I,1.5199110829529328e-6,0.006900000000041473,8.206312719296031
10,0.1,0.5,AR2,pcglasso,I,5.336699231206308e-6,0.006200000000001182,8.206314940282747
10,0.1,0.5,AR2,pcglasso,I,1.873817422860384e-5,0.005149999999986221,8.206330354907697
10,0.1,0.5,AR2,pcglasso,I,6.579332246575681e-5,0.0040750000000059575,8.206431978723376
10,0.1,0.5,AR2,pcglasso,I,2.310129700083161e-4,0.0031999999999783313,8.207623872892823
10,0.1,0.5,AR2,pcglasso,I,8.11130830789687e-4,0.0022750000000030467,8.212449976617815
10,0.1,0.5,AR2,pcglasso,I,0.002848035868435802,0.00232499999999618,8.209781284249436
10,0.1,0.5,AR2,pcglasso,I,0.010000000000000004,0.002000000000004576,8.233291081258256
10,0.1,0.5,AR2,pcglassoFast_Dual,C,9.999999999999982e-9,0.004899999999952343,8.206312655264718
10,0.1,0.5,AR2,pcglassoFast_Dual,C,3.5111917342151263e-8,0.0050000000000636645,8.206312655264718
10,0.1,0.5,AR2,pcglassoFast_Dual,C,1.2328467394420646e-7,0.004649999999901411,8.206312663836247
10,0.1,0.5,AR2,pcglassoFast_Dual,C,4.328761281083054e-7,0.004474999999979445,8.206312663836247
10,0.1,0.5,AR2,pcglassoFast_Dual,C,1.5199110829529328e-6,0.004350000000010823,8.206312754293428
10,0.1,0.5,AR2,pcglassoFast_Dual,C,5.336699231206308e-6,0.004325000000017098,8.206312754293428
10,0.1,0.5,AR2,pcglassoFast_Dual,C,1.873817422860384e-5,0.0038500000000112776,8.206313663770583
10,0.1,0.5,AR2,pcglassoFast_Dual,C,6.579332246575681e-5,0.0039000000000157797,8.206313663770583
10,0.1,0.5,AR2,pcglassoFast_Dual,C,2.310129700083161e-4,0.0035999999999944523,8.206322799531456
10,0.1,0.5,AR2,pcglassoFast_Dual,C,8.11130830789687e-4,0.0034500000000178945,8.206322799531456
10,0.1,0.5,AR2,pcglassoFast_Dual,C,0.002848035868435802,0.0031249999999928947,8.206413544350951
10,0.1,0.5,AR2,pcglassoFast_Dual,C,0.010000000000000004,0.0027999999999998694,8.207341301022932
10,0.1,0.5,AR2,pcglassoFast_Dual,I,9.999999999999982e-9,0.003700000000117143,8.206312654185218
10,0.1,0.5,AR2,pcglassoFast_Dual,I,3.5111917342151263e-8,0.0037999999999101417,8.20631265569954
10,0.1,0.5,AR2,pcglassoFast_Dual,I,1.2328467394420646e-7,0.0039749999999912685,8.20631265569954
10,0.1,0.5,AR2,pcglassoFast_Dual,I,4.328761281083054e-7,0.0034250000000042745,8.20631267247309
10,0.1,0.5,AR2,pcglassoFast_Dual,I,1.5199110829529328e-6,0.0035000000000422913,8.20631267247309
10,0.1,0.5,AR2,pcglassoFast_Dual,I,5.336699231206308e-6,0.0031749999999533427,8.206312850615827
10,0.1,0.5,AR2,pcglassoFast_Dual,I,1.873817422860384e-5,0.00322500000000332,8.206312850615827
10,0.1,0.5,AR2,pcglassoFast_Dual,I,6.579332246575681e-5,0.002849999999978081,8.206314756221225
10,0.1,0.5,AR2,pcglassoFast_Dual,I,2.310129700083161e-4,0.002950000000015507,8.206314756221225
10,0.1,0.5,AR2,pcglassoFast_Dual,I,8.11130830789687e-4,0.002449999999990382,8.206335610140803
10,0.1,0.5,AR2,pcglassoFast_Dual,I,0.002848035868435802,0.002125000000008015,8.206567406357973
10,0.1,0.5,AR2,pcglassoFast_Dual,I,0.010000000000000004,0.0020000000000003127,8.206566000851558
10,0.1,0.5,AR2,pcglassoFast_Primal,C,9.999999999999982e-9,0.004125000000021828,8.206312655559934
10,0.1,0.5,AR2,pcglassoFast_Primal,C,3.5111917342151263e-8,0.0040499999999383364,8.206312655559934
10,0.1,0.5,AR2,pcglassoFast_Primal,C,1.2328467394420646e-7,0.003975000000059481,8.206312663041004
10,0.1,0.5,AR2,pcglassoFast_Primal,C,4.328761281083054e-7,0.003799999999978354,8.206312663041004
10,0.1,0.5,AR2,pcglassoFast_Primal,C,1.5199110829529328e-6,0.0036000000000171893,8.20631272386012
10,0.1,0.5,AR2,pcglassoFast_Primal,C,5.336699231206308e-6,0.0034000000000048657,8.206313191108588
10,0.1,0.5,AR2,pcglassoFast_Primal,C,1.873817422860384e-5,0.0032250000000146883,8.206313191108588
10,0.1,0.5,AR2,pcglassoFast_Primal,C,6.579332246575681e-5,0.0029499999999899273,8.206316907407185
10,0.1,0.5,AR2,pcglassoFast_Primal,C,2.310129700083161e-4,0.00260000000000673,8.206346051275201
10,0.1,0.5,AR2,pcglassoFast_Primal,C,8.11130830789687e-4,0.0026499999999984427,8.206346051275201
10,0.1,0.5,AR2,pcglassoFast_Primal,C,0.002848035868435802,0.0023500000000019837,8.20657193328224
10,0.1,0.5,AR2,pcglassoFast_Primal,C,0.010000000000000004,0.002300000000000679,8.20657193328224
10,0.1,0.5,AR2,pcglassoFast_Primal,I,9.999999999999982e-9,0.0029999999998153726,8.206312655607293
10,0.1,0.5,AR2,pcglassoFast_Primal,I,3.5111917342151263e-8,0.0033250000000407454,8.206312655607293
10,0.1,0.5,AR2,pcglassoFast_Primal,I,1.2328467394420646e-7,0.00305000000007567,8.206312663297808
10,0.1,0.5,AR2,pcglassoFast_Primal,I,4.328761281083054e-7,0.0031499999999482498,8.206312663297808
10,0.1,0.5,AR2,pcglassoFast_Primal,I,1.5199110829529328e-6,0.0027749999999969075,8.206312726478053
10,0.1,0.5,AR2,pcglassoFast_Primal,I,5.336699231206308e-6,0.0027249999999753526,8.206313217970694
10,0.1,0.5,AR2,pcglassoFast_Primal,I,1.873817422860384e-5,0.0025249999999914507,8.206313217970694
10,0.1,0.5,AR2,pcglassoFast_Primal,I,6.579332246575681e-5,0.0021249999999895406,8.206317051362443
10,0.1,0.5,AR2,pcglassoFast_Primal,I,2.310129700083161e-4,0.002125000000009436,8.206317051362443
10,0.1,0.5,AR2,pcglassoFast_Primal,I,8.11130830789687e-4,0.0019250000000084811,8.20634709193256
10,0.1,0.5,AR2,pcglassoFast_Primal,I,0.002848035868435802,0.0017250000000018418,8.20658459164241
10,0.1,0.5,AR2,pcglassoFast_Primal,I,0.010000000000000004,0.0017999999999990025,8.20658459164241
10,0.1,0.5,hub_09,pcglasso,C,9.999999999999982e-9,0.01404999999992924,7.5018654882844285
10,0.1,0.5,hub_09,pcglasso,C,3.5111917342151263e-8,0.012525000000073306,7.501865484107192
10,0.1,0.5,hub_09,pcglasso,C,1.2328467394420646e-7,0.011725000000046748,7.50186549255495
10,0.1,0.5,hub_09,pcglasso,C,4.328761281083054e-7,0.010774999999989631,7.501865543643886
10,0.1,0.5,hub_09,pcglasso,C,1.5199110829529328e-6,0.009425000000032924,7.501867219483353
10,0.1,0.5,hub_09,pcglasso,C,5.336699231206308e-6,0.008475000000015599,7.50188985480074
10,0.1,0.5,hub_09,pcglasso,C,1.873817422860384e-5,0.006400000000041928,7.5022580803547
10,0.1,0.5,hub_09,pcglasso,C,6.579332246575681e-5,0.005099999999998772,7.504082365674833
10,0.1,0.5,hub_09,pcglasso,C,2.310129700083161e-4,0.004000000000002046,7.515089453037084
10,0.1,0.5,hub_09,pcglasso,C,8.11130830789687e-4,0.0029750000000078104,7.504589425580046
10,0.1,0.5,hub_09,pcglasso,C,0.002848035868435802,0.0021000000000043428,9.445606886299728
10,0.1,0.5,hub_09,pcglasso,C,0.010000000000000004,0.002024999999997945,9.005983071426785
10,0.1,0.5,hub_09,pcglasso,I,9.999999999999982e-9,0.011599999999907596,7.5018654900860735
10,0.1,0.5,hub_09,pcglasso,I,3.5111917342151263e-8,0.01192499999986012,7.501865484366476
10,0.1,0.5,hub_09,pcglasso,I,1.2328467394420646e-7,0.01089999999999236,7.50186549497155
10,0.1,0.5,hub_09,pcglasso,I,4.328761281083054e-7,0.010450000000025739,7.501865562619582
10,0.1,0.5,hub_09,pcglasso,I,1.5199110829529328e-6,0.00872500000002674,7.501868291849357
10,0.1,0.5,hub_09,pcglasso,I,5.336699231206308e-6,0.007625000000018645,7.501905594686497
10,0.1,0.5,hub_09,pcglasso,I,1.873817422860384e-5,0.0064499999999895865,7.502030110379547
10,0.1,0.5,hub_09,pcglasso,I,6.579332246575681e-5,0.004349999999976717,7.505088095345477
10,0.1,0.5,hub_09,pcglasso,I,2.310129700083161e-4,0.003274999999990769,7.516068245460303
10,0.1,0.5,hub_09,pcglasso,I,8.11130830789687e-4,0.00260000000000673,7.581946149890329
10,0.1,0.5,hub_09,pcglasso,I,0.002848035868435802,0.0022250000000056504,7.587819463348213
10,0.1,0.5,hub_09,pcglasso,I,0.010000000000000004,0.0023250000000061277,7.653444804124616
10,0.1,0.5,hub_09,pcglassoFast_Dual,C,9.999999999999982e-9,0.006974999999965803,7.501865485774706
10,0.1,0.5,hub_09,pcglassoFast_Dual,C,3.5111917342151263e-8,0.0071000000001049555,7.501865485774706
10,0.1,0.5,hub_09,pcglassoFast_Dual,C,1.2328467394420646e-7,0.007000000000016371,7.501865491193548
10,0.1,0.5,hub_09,pcglassoFast_Dual,C,4.328761281083054e-7,0.0062749999999823555,7.50186562716288
10,0.1,0.5,hub_09,pcglassoFast_Dual,C,1.5199110829529328e-6,0.005849999999986722,7.501865680208711
10,0.1,0.5,hub_09,pcglassoFast_Dual,C,5.336699231206308e-6,0.004775000000017826,7.501868998137583
10,0.1,0.5,hub_09,pcglassoFast_Dual,C,1.873817422860384e-5,0.00454999999998904,7.501872221206054
10,0.1,0.5,hub_09,pcglassoFast_Dual,C,6.579332246575681e-5,0.004099999999965576,7.501886722875398
10,0.1,0.5,hub_09,pcglassoFast_Dual,C,2.310129700083161e-4,0.003775000000010209,7.501927978544872
10,0.1,0.5,hub_09,pcglassoFast_Dual,C,8.11130830789687e-4,0.0032749999999751368,7.502051139529702
10,0.1,0.5,hub_09,pcglassoFast_Dual,C,0.002848035868435802,0.003024999999992417,7.502678470649741
10,0.1,0.5,hub_09,pcglassoFast_Dual,C,0.010000000000000004,0.002650000000003061,7.503986075835266
10,0.1,0.5,hub_09,pcglassoFast_Dual,I,9.999999999999982e-9,0.006350000000065847,7.501865489459442
10,0.1,0.5,hub_09,pcglassoFast_Dual,I,3.5111917342151263e-8,0.006625000000030923,7.501865492903962
10,0.1,0.5,hub_09,pcglassoFast_Dual,I,1.2328467394420646e-7,0.006600000000139517,7.501865492903962
10,0.1,0.5,hub_09,pcglassoFast_Dual,I,4.328761281083054e-7,0.006425000000058389,7.5018655078877075
10,0.1,0.5,hub_09,pcglassoFast_Dual,I,1.5199110829529328e-6,0.005274999999983265,7.501866187754201
10,0.1,0.5,hub_09,pcglassoFast_Dual,I,5.336699231206308e-6,0.004925000000025648,7.501867319354535
10,0.1,0.5,hub_09,pcglassoFast_Dual,I,1.873817422860384e-5,0.0047000000000196,7.50187049893946
10,0.1,0.5,hub_09,pcglassoFast_Dual,I,6.579332246575681e-5,0.004024999999984402,7.501898197620121
10,0.1,0.5,hub_09,pcglassoFast_Dual,I,2.310129700083161e-4,0.0034999999999769217,7.5019616938370195
10,0.1,0.5,hub_09,pcglassoFast_Dual,I,8.11130830789687e-4,0.003525000000013279,7.5019616938370195
10,0.1,0.5,hub_09,pcglassoFast_Dual,I,0.002848035868435802,0.0035999999999987153,7.5019616938370195
10,0.1,0.5,hub_09,pcglassoFast_Dual,I,0.010000000000000004,0.0031500000000015405,7.50218027393122
10,0.1,0.5,hub_09,pcglassoFast_Primal,C,9.999999999999982e-9,0.004575000000090768,7.501865484704817
10,0.1,0.5,hub_09,pcglassoFast_Primal,C,3.5111917342151263e-8,0.004450000000133514,7.501865491036951
10,0.1,0.5,hub_09,pcglassoFast_Primal,C,1.2328467394420646e-7,0.004575000000045293,7.501865491036951
10,0.1,0.5,hub_09,pcglassoFast_Primal,C,4.328761281083054e-7,0.004125000000010459,7.501865523589817
10,0.1,0.5,hub_09,pcglassoFast_Primal,C,1.5199110829529328e-6,0.0038499999999771716,7.501865649993669
10,0.1,0.5,hub_09,pcglassoFast_Primal,C,5.336699231206308e-6,0.0036499999999932697,7.50186615331176
10,0.1,0.5,hub_09,pcglassoFast_Primal,C,1.873817422860384e-5,0.003250000000014097,7.501868206918386
10,0.1,0.5,hub_09,pcglassoFast_Primal,C,6.579332246575681e-5,0.002875000000005912,7.501876110058953
10,0.1,0.5,hub_09,pcglassoFast_Primal,C,2.310129700083161e-4,0.0027500000000117097,7.501904687136593
10,0.1,0.5,hub_09,pcglassoFast_Primal,C,8.11130830789687e-4,0.0024750000000025806,7.502002289650848
10,0.1,0.5,hub_09,pcglassoFast_Primal,C,0.002848035868435802,0.0021249999999980672,7.502327234077868
10,0.1,0.5,hub_09,pcglassoFast_Primal,C,0.010000000000000004,0.001974999999999927,7.503352156035336
10,0.1,0.5,hub_09,pcglassoFast_Primal,I,9.999999999999982e-9,0.004375000000027285,7.501865484479392
10,0.1,0.5,hub_09,pcglassoFast_Primal,I,3.5111917342151263e-8,0.004600000000027649,7.5018654889623315
10,0.1,0.5,hub_09,pcglassoFast_Primal,I,1.2328467394420646e-7,0.004449999999974352,7.501865512261289
10,0.1,0.5,hub_09,pcglassoFast_Primal,I,4.328761281083054e-7,0.004300000000000637,7.501865601715736
10,0.1,0.5,hub_09,pcglassoFast_Primal,I,1.5199110829529328e-6,0.004174999999952434,7.501865601715736
10,0.1,0.5,hub_09,pcglassoFast_Primal,I,5.336699231206308e-6,0.004000000000030468,7.501865965842049
10,0.1,0.5,hub_09,pcglassoFast_Primal,I,1.873817422860384e-5,0.00352500000000191,7.501867540009241
10,0.1,0.5,hub_09,pcglassoFast_Primal,I,6.579332246575681e-5,0.003325000000018008,7.501873948196795
10,0.1,0.5,hub_09,pcglassoFast_Primal,I,2.310129700083161e-4,0.0031000000000091176,7.501899048006388
10,0.1,0.5,hub_09,pcglassoFast_Primal,I,8.11130830789687e-4,0.0027249999999867216,7.501993069169749
10,0.1,0.5,hub_09,pcglassoFast_Primal,I,0.002848035868435802,0.002374999999996419,7.5023361747441015
10,0.1,0.5,hub_09,pcglassoFast_Primal,I,0.010000000000000004,0.002025000000002919,7.503513891925633
10,0.1,0.5,hub_1,pcglasso,C,9.999999999999982e-9,0.0292250000000422,6.371369901254812
10,0.1,0.5,hub_1,pcglasso,C,3.5111917342151263e-8,0.01440000000004602,6.371369909923333
10,0.1,0.5,hub_1,pcglasso,C,1.2328467394420646e-7,0.011675000000036562,6.3713699276384315
10,0.1,0.5,hub_1,pcglasso,C,4.328761281083054e-7,0.011150000000031923,6.371369988644755
10,0.1,0.5,hub_1,pcglasso,C,1.5199110829529328e-6,0.009700000000020737,6.371370844565198
10,0.1,0.5,hub_1,pcglasso,C,5.336699231206308e-6,0.00872500000002674,6.371380271359546
10,0.1,0.5,hub_1,pcglasso,C,1.873817422860384e-5,0.006799999999992678,6.371692637881787
10,0.1,0.5,hub_1,pcglasso,C,6.579332246575681e-5,0.005250000000006594,6.374525550835106
10,0.1,0.5,hub_1,pcglasso,C,2.310129700083161e-4,0.004050000000000864,6.3993137056854295
10,0.1,0.5,hub_1,pcglasso,C,8.11130830789687e-4,0.0022750000000030467,8.219810065489641
10,0.1,0.5,hub_1,pcglasso,C,0.002848035868435802,0.002599999999996783,9.144475374902457
10,0.1,0.5,hub_1,pcglasso,C,0.010000000000000004,0.0030750000000015374,9.144475374902457
10,0.1,0.5,hub_1,pcglasso,I,9.999999999999982e-9,0.026775000000111505,6.371369902235336
10,0.1,0.5,hub_1,pcglasso,I,3.5111917342151263e-8,0.02167500000007294,6.371369910528252
10,0.1,0.5,hub_1,pcglasso,I,1.2328467394420646e-7,0.019275000000038744,6.371369911230171
10,0.1,0.5,hub_1,pcglasso,I,4.328761281083054e-7,0.018075000000101225,6.371369975581307
10,0.1,0.5,hub_1,pcglasso,I,1.5199110829529328e-6,0.015374999999971805,6.371374527656277
10,0.1,0.5,hub_1,pcglasso,I,5.336699231206308e-6,0.012399999999979627,6.3714061429903
10,0.1,0.5,hub_1,pcglasso,I,1.873817422860384e-5,0.00839999999998895,6.372077483145599
10,0.1,0.5,hub_1,pcglasso,I,6.579332246575681e-5,0.005249999999966804,6.378016323071842
10,0.1,0.5,hub_1,pcglasso,I,2.310129700083161e-4,0.0033499999999719423,6.428297333669488
10,0.1,0.5,hub_1,pcglasso,I,8.11130830789687e-4,0.0025500000000079127,6.598319084887786
10,0.1,0.5,hub_1,pcglasso,I,0.002848035868435802,0.0025250000000028193,6.69657843045096
10,0.1,0.5,hub_1,pcglasso,I,0.010000000000000004,0.0023999999999993805,6.576012997867172
10,0.1,0.5,hub_1,pcglassoFast_Dual,C,9.999999999999982e-9,0.022649999999975988,6.371369924862934
10,0.1,0.5,hub_1,pcglassoFast_Dual,C,3.5111917342151263e-8,0.01972500000006221,6.371370095625575
10,0.1,0.5,hub_1,pcglassoFast_Dual,C,1.2328467394420646e-7,0.018674999999939247,6.371370029335997
10,0.1,0.5,hub_1,pcglassoFast_Dual,C,4.328761281083054e-7,0.016249999999979538,6.371371307547784
10,0.1,0.5,hub_1,pcglassoFast_Dual,C,1.5199110829529328e-6,0.013999999999987267,6.371371782324449
10,0.1,0.5,hub_1,pcglassoFast_Dual,C,5.336699231206308e-6,0.01155000000005657,6.37137608417003
10,0.1,0.5,hub_1,pcglassoFast_Dual,C,1.873817422860384e-5,0.008849999999989677,6.371473748355975
10,0.1,0.5,hub_1,pcglassoFast_Dual,C,6.579332246575681e-5,0.007449999999988677,6.371566988950769
10,0.1,0.5,hub_1,pcglassoFast_Dual,C,2.310129700083161e-4,0.006599999999997408,6.3719609378578905
10,0.1,0.5,hub_1,pcglassoFast_Dual,C,8.11130830789687e-4,0.006800000000004048,6.37198937558967
10,0.1,0.5,hub_1,pcglassoFast_Dual,C,0.002848035868435802,0.0064000000000021375,6.372400140518183
10,0.1,0.5,hub_1,pcglassoFast_Dual,C,0.010000000000000004,0.005700000000000571,6.375990435222909
10,0.1,0.5,hub_1,pcglassoFast_Dual,I,9.999999999999982e-9,0.02244999999988977,6.3713699273245465
10,0.1,0.5,hub_1,pcglassoFast_Dual,I,3.5111917342151263e-8,0.02270000000003165,6.371370025726674
10,0.1,0.5,hub_1,pcglassoFast_Dual,I,1.2328467394420646e-7,0.019174999999995633,6.371370589217914
10,0.1,0.5,hub_1,pcglassoFast_Dual,I,4.328761281083054e-7,0.018275000000039655,6.371371725543466
10,0.1,0.5,hub_1,pcglassoFast_Dual,I,1.5199110829529328e-6,0.01749999999993861,6.37137206989224
10,0.1,0.5,hub_1,pcglassoFast_Dual,I,5.336699231206308e-6,0.014974999999981264,6.371385166040717
10,0.1,0.5,hub_1,pcglassoFast_Dual,I,1.873817422860384e-5,0.011950000000030058,6.371404839943624
10,0.1,0.5,hub_1,pcglassoFast_Dual,I,6.579332246575681e-5,0.008949999999998681,6.371726902801757
10,0.1,0.5,hub_1,pcglassoFast_Dual,I,2.310129700083161e-4,0.007600000000010709,6.371663784976103
10,0.1,0.5,hub_1,pcglassoFast_Dual,I,8.11130830789687e-4,0.005249999999998067,6.3741306501761095
10,0.1,0.5,hub_1,pcglassoFast_Dual,I,0.002848035868435802,0.0043500000000065596,6.375931148055609
10,0.1,0.5,hub_1,pcglassoFast_Dual,I,0.010000000000000004,0.0038500000000034618,6.377932433356208
10,0.1,0.5,hub_1,pcglassoFast_Primal,C,9.999999999999982e-9,0.009449999999947067,6.371369908514748
10,0.1,0.5,hub_1,pcglassoFast_Primal,C,3.5111917342151263e-8,0.008900000000016917,6.371369930943172
10,0.1,0.5,hub_1,pcglassoFast_Primal,C,1.2328467394420646e-7,0.00865000000001146,6.371369962011008
10,0.1,0.5,hub_1,pcglassoFast_Primal,C,4.328761281083054e-7,0.008175000000017007,6.371370161552137
10,0.1,0.5,hub_1,pcglassoFast_Primal,C,1.5199110829529328e-6,0.00749999999998181,6.371371025668653
10,0.1,0.5,hub_1,pcglassoFast_Primal,C,5.336699231206308e-6,0.007050000000032241,6.371374643150123
10,0.1,0.5,hub_1,pcglassoFast_Primal,C,1.873817422860384e-5,0.0064749999999719424,6.371388926763192
10,0.1,0.5,hub_1,pcglassoFast_Primal,C,6.579332246575681e-5,0.006125000000002956,6.371407117620685
10,0.1,0.5,hub_1,pcglassoFast_Primal,C,2.310129700083161e-4,0.005349999999998545,6.371508252795836
10,0.1,0.5,hub_1,pcglassoFast_Primal,C,8.11130830789687e-4,0.0047750000000093,6.371890076248908
10,0.1,0.5,hub_1,pcglassoFast_Primal,C,0.002848035868435802,0.004050000000000153,6.373456184291241
10,0.1,0.5,hub_1,pcglassoFast_Primal,C,0.010000000000000004,0.0032250000000000334,6.3803665170577295
10,0.1,0.5,hub_1,pcglassoFast_Primal,I,9.999999999999982e-9,0.008049999999934698,6.371369907611308
10,0.1,0.5,hub_1,pcglassoFast_Primal,I,3.5111917342151263e-8,0.007850000000030378,6.371369929067127
10,0.1,0.5,hub_1,pcglassoFast_Primal,I,1.2328467394420646e-7,0.007650000000103319,6.371369960171202
10,0.1,0.5,hub_1,pcglassoFast_Primal,I,4.328761281083054e-7,0.007074999999974807,6.371370171266842
10,0.1,0.5,hub_1,pcglassoFast_Primal,I,1.5199110829529328e-6,0.006325000000038017,6.371371121020506
10,0.1,0.5,hub_1,pcglassoFast_Primal,I,5.336699231206308e-6,0.006225000000063119,6.371372485139415
10,0.1,0.5,hub_1,pcglassoFast_Primal,I,1.873817422860384e-5,0.005574999999998909,6.371381622481797
10,0.1,0.5,hub_1,pcglassoFast_Primal,I,6.579332246575681e-5,0.004924999999997226,6.371421825336389
10,0.1,0.5,hub_1,pcglassoFast_Primal,I,2.310129700083161e-4,0.00457500000000266,6.371477993457438
10,0.1,0.5,hub_1,pcglassoFast_Primal,I,8.11130830789687e-4,0.003925000000000978,6.371827741085801
10,0.1,0.5,hub_1,pcglassoFast_Primal,I,0.002848035868435802,0.0031999999999953845,6.373259295814686
10,0.1,0.5,hub_1,pcglassoFast_Primal,I,0.010000000000000004,0.002525000000002464,6.378363089765697
10,0.1,0.5,random,pcglasso,C,9.999999999999982e-9,0.024075000000016188,7.298300698752897
10,0.1,0.5,random,pcglasso,C,3.5111917342151263e-8,0.02047500000010132,7.298300710183439
10,0.1,0.5,random,pcglasso,C,1.2328467394420646e-7,0.018350000000100408,7.298300783704869
10,0.1,0.5,random,pcglasso,C,4.328761281083054e-7,0.01685000000002219,7.298301082783147
10,0.1,0.5,random,pcglasso,C,1.5199110829529328e-6,0.014649999999994634,7.2983110762364225
10,0.1,0.5,random,pcglasso,C,5.336699231206308e-6,0.012849999999991724,7.2984031135566685
10,0.1,0.5,random,pcglasso,C,1.873817422860384e-5,0.009800000000001318,7.299356739604362
10,0.1,0.5,random,pcglasso,C,6.579332246575681e-5,0.007375000000013188,7.313758618633249
10,0.1,0.5,random,pcglasso,C,2.310129700083161e-4,0.005475000000001273,7.633006080791333
10,0.1,0.5,random,pcglasso,C,8.11130830789687e-4,0.002500000000006253,9.763517466346459
10,0.1,0.5,random,pcglasso,C,0.002848035868435802,0.0027499999999932357,10.343545708232536
10,0.1,0.5,random,pcglasso,C,0.010000000000000004,0.0032250000000015435,10.343545708232536
10,0.1,0.5,random,pcglasso,I,9.999999999999982e-9,0.01922500000002856,7.298300699046842
10,0.1,0.5,random,pcglasso,I,3.5111917342151263e-8,0.019699999999988903,7.298300711108795
10,0.1,0.5,random,pcglasso,I,1.2328467394420646e-7,0.017349999999987632,7.298300793566398
10,0.1,0.5,random,pcglasso,I,4.328761281083054e-7,0.014350000000024465,7.298302941042188
10,0.1,0.5,random,pcglasso,I,1.5199110829529328e-6,0.012575000000003911,7.298317685467422
10,0.1,0.5,random,pcglasso,I,5.336699231206308e-6,0.010325000000045747,7.298449346893688
10,0.1,0.5,random,pcglasso,I,1.873817422860384e-5,0.007599999999979445,7.299661867675713
10,0.1,0.5,random,pcglasso,I,6.579332246575681e-5,0.005399999999991678,7.309282405214939
10,0.1,0.5,random,pcglasso,I,2.310129700083161e-4,0.003599999999971715,7.369817645274614
10,0.1,0.5,random,pcglasso,I,8.11130830789687e-4,0.0025749999999931106,7.496869777897638
10,0.1,0.5,random,pcglasso,I,0.002848035868435802,0.0024499999999974876,7.41044115371281
10,0.1,0.5,random,pcglasso,I,0.010000000000000004,0.0022250000000020977,7.463890198906094
10,0.1,0.5,random,pcglassoFast_Dual,C,9.999999999999982e-9,0.015700000000128965,7.298300714529518
10,0.1,0.5,random,pcglassoFast_Dual,C,3.5111917342151263e-8,0.015774999999939608,7.298300722545017
10,0.1,0.5,random,pcglassoFast_Dual,C,1.2328467394420646e-7,0.01375000000007276,7.298300956403103
10,0.1,0.5,random,pcglassoFast_Dual,C,4.328761281083054e-7,0.012799999999992906,7.2983014197204765
10,0.1,0.5,random,pcglassoFast_Dual,C,1.5199110829529328e-6,0.012174999999990633,7.298302131175019
10,0.1,0.5,random,pcglassoFast_Dual,C,5.336699231206308e-6,0.010899999999980991,7.298306760208228
10,0.1,0.5,random,pcglassoFast_Dual,C,1.873817422860384e-5,0.008724999999998317,7.298381835511973
10,0.1,0.5,random,pcglassoFast_Dual,C,6.579332246575681e-5,0.007825000000002547,7.298418029761323
10,0.1,0.5,random,pcglassoFast_Dual,C,2.310129700083161e-4,0.0065250000000048654,7.298618732801838
10,0.1,0.5,random,pcglassoFast_Dual,C,8.11130830789687e-4,0.005749999999993349,7.2990871816799014
10,0.1,0.5,random,pcglassoFast_Dual,C,0.002848035868435802,0.004974999999999596,7.300710632725495
10,0.1,0.5,random,pcglassoFast_Dual,C,0.010000000000000004,0.004499999999997328,7.3065555658891945
10,0.1,0.5,random,pcglassoFast_Dual,I,9.999999999999982e-9,0.010250000000155524,7.298300705907728
10,0.1,0.5,random,pcglassoFast_Dual,I,3.5111917342151263e-8,0.010724999999933971,7.298300715089696
10,0.1,0.5,random,pcglassoFast_Dual,I,1.2328467394420646e-7,0.011075000000073488,7.298300715089696
10,0.1,0.5,random,pcglassoFast_Dual,I,4.328761281083054e-7,0.009750000000087767,7.298300916929271
10,0.1,0.5,random,pcglassoFast_Dual,I,1.5199110829529328e-6,0.009225000000014916,7.298301348206165
10,0.1,0.5,random,pcglassoFast_Dual,I,5.336699231206308e-6,0.008400000000006003,7.298303504545787
10,0.1,0.5,random,pcglassoFast_Dual,I,1.873817422860384e-5,0.007950000000028013,7.298309736827355
10,0.1,0.5,random,pcglassoFast_Dual,I,6.579332246575681e-5,0.0075750000000141425,7.298310058496934
10,0.1,0.5,random,pcglassoFast_Dual,I,2.310129700083161e-4,0.006925000000020986,7.29834838790214
10,0.1,0.5,random,pcglassoFast_Dual,I,8.11130830789687e-4,0.004949999999996635,7.299102800247984
10,0.1,0.5,random,pcglassoFast_Dual,I,0.002848035868435802,0.004925000000004331,7.299102800247984
10,0.1,0.5,random,pcglassoFast_Dual,I,0.010000000000000004,0.0036750000000004947,7.303174951172805
10,0.1,0.5,random,pcglassoFast_Primal,C,9.999999999999982e-9,0.009799999999995635,7.298300708908856
10,0.1,0.5,random,pcglassoFast_Primal,C,3.5111917342151263e-8,0.009450000000038017,7.298300733708451
10,0.1,0.5,random,pcglassoFast_Primal,C,1.2328467394420646e-7,0.008975000000054934,7.298300815636183
10,0.1,0.5,random,pcglassoFast_Primal,C,4.328761281083054e-7,0.008500000000015006,7.298301065621317
10,0.1,0.5,random,pcglassoFast_Primal,C,1.5199110829529328e-6,0.0077250000000390175,7.298301881844156
10,0.1,0.5,random,pcglassoFast_Primal,C,5.336699231206308e-6,0.007274999999975762,7.298304680920976
10,0.1,0.5,random,pcglassoFast_Primal,C,1.873817422860384e-5,0.006574999999992314,7.298314549305973
10,0.1,0.5,random,pcglassoFast_Primal,C,6.579332246575681e-5,0.005975000000026398,7.298352104079986
10,0.1,0.5,random,pcglassoFast_Primal,C,2.310129700083161e-4,0.005524999999997249,7.298404470221084
10,0.1,0.5,random,pcglassoFast_Primal,C,8.11130830789687e-4,0.004750000000001364,7.298785353983509
10,0.1,0.5,random,pcglassoFast_Primal,C,0.002848035868435802,0.004474999999999341,7.2994513999662844
10,0.1,0.5,random,pcglassoFast_Primal,C,0.010000000000000004,0.003974999999999973,7.301304732704396
10,0.1,0.5,random,pcglassoFast_Primal,I,9.999999999999982e-9,0.008549999999922875,7.298300704398359
10,0.1,0.5,random,pcglassoFast_Primal,I,3.5111917342151263e-8,0.008874999999989086,7.298300722831869
10,0.1,0.5,random,pcglassoFast_Primal,I,1.2328467394420646e-7,0.008175000000028377,7.298300792397833
10,0.1,0.5,random,pcglassoFast_Primal,I,4.328761281083054e-7,0.007475000000090404,7.298301256599902
10,0.1,0.5,random,pcglassoFast_Primal,I,1.5199110829529328e-6,0.0073249999999461576,7.298301688849774
10,0.1,0.5,random,pcglassoFast_Primal,I,5.336699231206308e-6,0.006675000000075215,7.298304146462661
10,0.1,0.5,random,pcglassoFast_Primal,I,1.873817422860384e-5,0.005700000000001637,7.298322636619812
10,0.1,0.5,random,pcglassoFast_Primal,I,6.579332246575681e-5,0.005099999999964666,7.298375556222819
10,0.1,0.5,random,pcglassoFast_Primal,I,2.310129700083161e-4,0.004900000000023397,7.2984400722044445
10,0.1,0.5,random,pcglassoFast_Primal,I,8.11130830789687e-4,0.004074999999994588,7.298793130757081
10,0.1,0.5,random,pcglassoFast_Primal,I,0.002848035868435802,0.0031249999999957367,7.300154779986977
10,0.1,0.5,random,pcglassoFast_Primal,I,0.010000000000000004,0.002500000000002345,7.305736493853152
10,0.2,0,AR2,pcglasso,C,9.999999999999982e-9,0.02859999999993761,8.59687977476813
10,0.2,0,AR2,pcglasso,C,3.5111917342151263e-8,0.02057499999996253,8.59687977685938
10,0.2,0,AR2,pcglasso,C,1.2328467394420646e-7,0.01897499999993215,8.596879791578905
10,0.2,0,AR2,pcglasso,C,4.328761281083054e-7,0.016350000000045384,8.59688032689785
10,0.2,0,AR2,pcglasso,C,1.5199110829529328e-6,0.0153500000000804,8.596884103198018
10,0.2,0,AR2,pcglasso,C,5.336699231206308e-6,0.01272499999999468,8.596940613116878
10,0.2,0,AR2,pcglasso,C,1.873817422860384e-5,0.009224999999997863,8.59792646342552
10,0.2,0,AR2,pcglasso,C,6.579332246575681e-5,0.006349999999991951,8.610046782922238
10,0.2,0,AR2,pcglasso,C,2.310129700083161e-4,0.0034749999999888815,8.800624493161438
10,0.2,0,AR2,pcglasso,C,8.11130830789687e-4,0.0022500000000064803,9.650584597764471
10,0.2,0,AR2,pcglasso,C,0.002848035868435802,0.002050000000004104,9.606074666310414
10,0.2,0,AR2,pcglasso,C,0.010000000000000004,0.0021749999999990167,9.606074666310414
10,0.2,0,AR2,pcglasso,I,9.999999999999982e-9,0.020099999999956708,8.596879782726354
10,0.2,0,AR2,pcglasso,I,3.5111917342151263e-8,0.019125000000099136,8.596879777118122
10,0.2,0,AR2,pcglasso,I,1.2328467394420646e-7,0.018225000000029468,8.596879788641601
10,0.2,0,AR2,pcglasso,I,4.328761281083054e-7,0.015824999999904322,8.596880261800546
10,0.2,0,AR2,pcglasso,I,1.5199110829529328e-6,0.015024999999980082,8.596884873775998
10,0.2,0,AR2,pcglasso,I,5.336699231206308e-6,0.012299999999981992,8.596955753924073
10,0.2,0,AR2,pcglasso,I,1.873817422860384e-5,0.008624999999983628,8.597923724511837
10,0.2,0,AR2,pcglasso,I,6.579332246575681e-5,0.006349999999997635,8.602091705455216
10,0.2,0,AR2,pcglasso,I,2.310129700083161e-4,0.0035749999999637795,8.672277711958257
10,0.2,0,AR2,pcglasso,I,8.11130830789687e-4,0.0026000000000124144,8.826297776338318
10,0.2,0,AR2,pcglasso,I,0.002848035868435802,0.002300000000010982,8.775333121722056
10,0.2,0,AR2,pcglasso,I,0.010000000000000004,0.0022000000000041097,8.775333121722056
10,0.2,0,AR2,pcglassoFast_Dual,C,9.999999999999982e-9,0.008050000000025648,8.596879776064998
10,0.2,0,AR2,pcglassoFast_Dual,C,3.5111917342151263e-8,0.008000000000038199,8.596879782583523
10,0.2,0,AR2,pcglassoFast_Dual,C,1.2328467394420646e-7,0.00760000000011587,8.596879806445587
10,0.2,0,AR2,pcglassoFast_Dual,C,4.328761281083054e-7,0.007300000000043383,8.596879892902303
10,0.2,0,AR2,pcglassoFast_Dual,C,1.5199110829529328e-6,0.006875000000013643,8.596880187423537
10,0.2,0,AR2,pcglassoFast_Dual,C,5.336699231206308e-6,0.006299999999998818,8.59688107870598
10,0.2,0,AR2,pcglassoFast_Dual,C,1.873817422860384e-5,0.006000000000000227,8.596883437587293
10,0.2,0,AR2,pcglassoFast_Dual,C,6.579332246575681e-5,0.005700000000001637,8.596889540064932
10,0.2,0,AR2,pcglassoFast_Dual,C,2.310129700083161e-4,0.005375000000003638,8.596911484022172
10,0.2,0,AR2,pcglassoFast_Dual,C,8.11130830789687e-4,0.004900000000006344,8.597020601749255
10,0.2,0,AR2,pcglassoFast_Dual,C,0.002848035868435802,0.004625000000001478,8.597529056698594
10,0.2,0,AR2,pcglassoFast_Dual,C,0.010000000000000004,0.004349999999998744,8.599488301762612
10,0.2,0,AR2,pcglassoFast_Dual,I,9.999999999999982e-9,0.006525000000033287,8.596879776620401
10,0.2,0,AR2,pcglassoFast_Dual,I,3.5111917342151263e-8,0.0072000000000571164,8.596879784356608
10,0.2,0,AR2,pcglassoFast_Dual,I,1.2328467394420646e-7,0.006949999999983447,8.596879811866636
10,0.2,0,AR2,pcglassoFast_Dual,I,4.328761281083054e-7,0.006374999999809461,8.596879905074
10,0.2,0,AR2,pcglassoFast_Dual,I,1.5199110829529328e-6,0.00612500000000864,8.596880198061674
10,0.2,0,AR2,pcglassoFast_Dual,I,5.336699231206308e-6,0.005700000000013005,8.596881030764079
10,0.2,0,AR2,pcglassoFast_Dual,I,1.873817422860384e-5,0.005499999999989314,8.596883231183595
10,0.2,0,AR2,pcglassoFast_Dual,I,6.579332246575681e-5,0.0050999999999703505,8.59688962519924
10,0.2,0,AR2,pcglassoFast_Dual,I,2.310129700083161e-4,0.004700000000008231,8.596915583402946
10,0.2,0,AR2,pcglassoFast_Dual,I,8.11130830789687e-4,0.004125000000001933,8.597038086925387
10,0.2,0,AR2,pcglassoFast_Dual,I,0.002848035868435802,0.0039250000000080835,8.597552671364294
10,0.2,0,AR2,pcglassoFast_Dual,I,0.010000000000000004,0.0029499999999977435,8.604214450264783
10,0.2,0,AR2,pcglassoFast_Primal,C,9.999999999999982e-9,0.00805000000000291,8.596879784278855
10,0.2,0,AR2,pcglassoFast_Primal,C,3.5111917342151263e-8,0.008025000000043293,8.596879792276262
10,0.2,0,AR2,pcglassoFast_Primal,C,1.2328467394420646e-7,0.007450000000108048,8.596879841758597
10,0.2,0,AR2,pcglassoFast_Primal,C,4.328761281083054e-7,0.006725000000051296,8.596880070490348
10,0.2,0,AR2,pcglassoFast_Primal,C,1.5199110829529328e-6,0.006474999999932151,8.596880433044355
10,0.2,0,AR2,pcglassoFast_Primal,C,5.336699231206308e-6,0.005900000000002592,8.596883069076666
10,0.2,0,AR2,pcglassoFast_Primal,C,1.873817422860384e-5,0.005474999999989905,8.596887339055723
10,0.2,0,AR2,pcglassoFast_Primal,C,6.579332246575681e-5,0.005150000000014643,8.59692065250497
10,0.2,0,AR2,pcglassoFast_Primal,C,2.310129700083161e-4,0.0045500000000060934,8.596976147453336
10,0.2,0,AR2,pcglassoFast_Primal,C,8.11130830789687e-4,0.0039000000000044112,8.597431444695804
10,0.2,0,AR2,pcglassoFast_Primal,C,0.002848035868435802,0.003575000000004991,8.59822447811327
10,0.2,0,AR2,pcglassoFast_Primal,C,0.010000000000000004,0.0031249999999998224,8.600215968861338
10,0.2,0,AR2,pcglassoFast_Primal,I,9.999999999999982e-9,0.0069250000002512024,8.59687978315322
10,0.2,0,AR2,pcglassoFast_Primal,I,3.5111917342151263e-8,0.007050000000049295,8.596879802805672
10,0.2,0,AR2,pcglassoFast_Primal,I,1.2328467394420646e-7,0.006975000000056753,8.596879834315597
10,0.2,0,AR2,pcglassoFast_Primal,I,4.328761281083054e-7,0.006100000000003547,8.59688003639369
10,0.2,0,AR2,pcglassoFast_Primal,I,1.5199110829529328e-6,0.00602499999996553,8.596880354846345
10,0.2,0,AR2,pcglassoFast_Primal,I,5.336699231206308e-6,0.005249999999989541,8.59688265028455
10,0.2,0,AR2,pcglassoFast_Primal,I,1.873817422860384e-5,0.004950000000002319,8.596886340625801
10,0.2,0,AR2,pcglassoFast_Primal,I,6.579332246575681e-5,0.004250000000018872,8.596914569469853
10,0.2,0,AR2,pcglassoFast_Primal,I,2.310129700083161e-4,0.003975000000011164,8.596961082764855
10,0.2,0,AR2,pcglassoFast_Primal,I,8.11130830789687e-4,0.0034999999999939745,8.597332461522676
10,0.2,0,AR2,pcglassoFast_Primal,I,0.002848035868435802,0.0030500000000017735,8.597957333546248
10,0.2,0,AR2,pcglassoFast_Primal,I,0.010000000000000004,0.0024000000000022224,8.603028293727405
10,0.2,0,hub_09,pcglasso,C,9.999999999999982e-9,0.01692500000012842,6.653272282180758
10,0.2,0,hub_09,pcglasso,C,3.5111917342151263e-8,0.013175000000001092,6.653272294018769
10,0.2,0,hub_09,pcglasso,C,1.2328467394420646e-7,0.010849999999891224,6.653272476781431
10,0.2,0,hub_09,pcglasso,C,4.328761281083054e-7,0.00882500000005848,6.653273318391724
10,0.2,0,hub_09,pcglasso,C,1.5199110829529328e-6,0.008125000000029558,6.6532747039131115
10,0.2,0,hub_09,pcglasso,C,5.336699231206308e-6,0.007699999999982765,6.653280719827491
10,0.2,0,hub_09,pcglasso,C,1.873817422860384e-5,0.006525000000033287,6.653353009469724
10,0.2,0,hub_09,pcglasso,C,6.579332246575681e-5,0.004500000000001591,6.660186772931283
10,0.2,0,hub_09,pcglasso,C,2.310129700083161e-4,0.0033750000000026146,6.693335606072322
10,0.2,0,hub_09,pcglasso,C,8.11130830789687e-4,0.0024000000000086175,6.829448665913126
10,0.2,0,hub_09,pcglasso,C,0.002848035868435802,0.0022000000000033993,7.892003741101301
10,0.2,0,hub_09,pcglasso,C,0.010000000000000004,0.00199999999999676,7.3256682153868375
10,0.2,0,hub_09,pcglasso,I,9.999999999999982e-9,0.02562500000012733,6.653272279725147
10,0.2,0,hub_09,pcglasso,I,3.5111917342151263e-8,0.016949999999974354,6.653272310911138
10,0.2,0,hub_09,pcglasso,I,1.2328467394420646e-7,0.014949999999907959,6.65327263113563
10,0.2,0,hub_09,pcglasso,I,4.328761281083054e-7,0.012750000000005457,6.653275644173219
10,0.2,0,hub_09,pcglasso,I,1.5199110829529328e-6,0.011900000000014187,6.6532885702962306
10,0.2,0,hub_09,pcglasso,I,5.336699231206308e-6,0.009700000000020737,6.653392584917939
10,0.2,0,hub_09,pcglasso,I,1.873817422860384e-5,0.008400000000017371,6.6536794471002025
10,0.2,0,hub_09,pcglasso,I,6.579332246575681e-5,0.00544999999999618,6.661882598640922
10,0.2,0,hub_09,pcglasso,I,2.310129700083161e-4,0.003774999999976103,6.7521516302207205
10,0.2,0,hub_09,pcglasso,I,8.11130830789687e-4,0.0027500000000088677,6.992195514416182
10,0.2,0,hub_09,pcglasso,I,0.002848035868435802,0.0024250000000051843,7.06271628212793
10,0.2,0,hub_09,pcglasso,I,0.010000000000000004,0.002649999999999153,7.06271628212793
10,0.2,0,hub_09,pcglassoFast_Dual,C,9.999999999999982e-9,0.013299999999958345,6.653272307665744
10,0.2,0,hub_09,pcglassoFast_Dual,C,3.5111917342151263e-8,0.012374999999974535,6.653272407396465
10,0.2,0,hub_09,pcglassoFast_Dual,C,1.2328467394420646e-7,0.010924999999974715,6.65327272429586
10,0.2,0,hub_09,pcglassoFast_Dual,C,4.328761281083054e-7,0.009825000000034834,6.653273002283997
10,0.2,0,hub_09,pcglassoFast_Dual,C,1.5199110829529328e-6,0.00912500000001728,6.653273788766556
10,0.2,0,hub_09,pcglassoFast_Dual,C,5.336699231206308e-6,0.008275000000020327,6.653274778287929
10,0.2,0,hub_09,pcglassoFast_Dual,C,1.873817422860384e-5,0.006650000000018963,6.6532939756913585
10,0.2,0,hub_09,pcglassoFast_Dual,C,6.579332246575681e-5,0.004599999999993542,6.6534517358216085
10,0.2,0,hub_09,pcglassoFast_Dual,C,2.310129700083161e-4,0.00462500000000432,6.6534517358216085
10,0.2,0,hub_09,pcglassoFast_Dual,C,8.11130830789687e-4,0.0037250000000156546,6.653754119967392
10,0.2,0,hub_09,pcglassoFast_Dual,C,0.002848035868435802,0.003424999999997169,6.654415952128591
10,0.2,0,hub_09,pcglassoFast_Dual,C,0.010000000000000004,0.0033500000000000084,6.655436749677062
10,0.2,0,hub_09,pcglassoFast_Dual,I,9.999999999999982e-9,0.012550000000078398,6.6532722867860485
10,0.2,0,hub_09,pcglassoFast_Dual,I,3.5111917342151263e-8,0.013000000000033651,6.653272321476793
10,0.2,0,hub_09,pcglassoFast_Dual,I,1.2328467394420646e-7,0.01277500000001055,6.653272391759552
10,0.2,0,hub_09,pcglassoFast_Dual,I,4.328761281083054e-7,0.012075000000140789,6.653272444117473
10,0.2,0,hub_09,pcglassoFast_Dual,I,1.5199110829529328e-6,0.011400000000060117,6.653272950640779
10,0.2,0,hub_09,pcglassoFast_Dual,I,5.336699231206308e-6,0.008449999999982083,6.653297634600992
10,0.2,0,hub_09,pcglassoFast_Dual,I,1.873817422860384e-5,0.007949999999999591,6.653301714191143
10,0.2,0,hub_09,pcglassoFast_Dual,I,6.579332246575681e-5,0.00662500000001387,6.653355460758586
10,0.2,0,hub_09,pcglassoFast_Dual,I,2.310129700083161e-4,0.005975000000012188,6.653466746743591
10,0.2,0,hub_09,pcglassoFast_Dual,I,8.11130830789687e-4,0.004675000000003138,6.654289687883217
10,0.2,0,hub_09,pcglassoFast_Dual,I,0.002848035868435802,0.004625000000001478,6.654289687883217
10,0.2,0,hub_09,pcglassoFast_Dual,I,0.010000000000000004,0.0034999999999996588,6.65876826713359
10,0.2,0,hub_09,pcglassoFast_Primal,C,9.999999999999982e-9,0.0072749999999814465,6.653272277507917
10,0.2,0,hub_09,pcglassoFast_Primal,C,3.5111917342151263e-8,0.006850000000076762,6.6532722939392634
10,0.2,0,hub_09,pcglassoFast_Primal,C,1.2328467394420646e-7,0.006675000000041109,6.653272319975005
10,0.2,0,hub_09,pcglassoFast_Primal,C,4.328761281083054e-7,0.005975000000034925,6.653272517085647
10,0.2,0,hub_09,pcglassoFast_Primal,C,1.5199110829529328e-6,0.0055500000000279215,6.653273448308736
10,0.2,0,hub_09,pcglassoFast_Primal,C,5.336699231206308e-6,0.005349999999958754,6.653274782801664
10,0.2,0,hub_09,pcglassoFast_Primal,C,1.873817422860384e-5,0.004650000000009413,6.653283429916126
10,0.2,0,hub_09,pcglassoFast_Primal,C,6.579332246575681e-5,0.004425000000020418,6.653296357664731
10,0.2,0,hub_09,pcglassoFast_Primal,C,2.310129700083161e-4,0.003799999999981196,6.653398533331869
10,0.2,0,hub_09,pcglassoFast_Primal,C,8.11130830789687e-4,0.003350000000003206,6.653596851682967
10,0.2,0,hub_09,pcglassoFast_Primal,C,0.002848035868435802,0.0030000000000043768,6.654227706394875
10,0.2,0,hub_09,pcglassoFast_Primal,C,0.010000000000000004,0.002400000000000624,6.658495642552884
10,0.2,0,hub_09,pcglassoFast_Primal,I,9.999999999999982e-9,0.007400000000188811,6.653272278152693
10,0.2,0,hub_09,pcglassoFast_Primal,I,3.5111917342151263e-8,0.008275000000026012,6.653272297992877
10,0.2,0,hub_09,pcglassoFast_Primal,I,1.2328467394420646e-7,0.007799999999997453,6.653272332454087
10,0.2,0,hub_09,pcglassoFast_Primal,I,4.328761281083054e-7,0.0071750000000520234,6.6532725928404695
10,0.2,0,hub_09,pcglassoFast_Primal,I,1.5199110829529328e-6,0.006824999999980719,6.653273000833759
10,0.2,0,hub_09,pcglassoFast_Primal,I,5.336699231206308e-6,0.00644999999999527,6.653275924238745
10,0.2,0,hub_09,pcglassoFast_Primal,I,1.873817422860384e-5,0.006124999999991587,6.653280329061254
10,0.2,0,hub_09,pcglassoFast_Primal,I,6.579332246575681e-5,0.005474999999995589,6.653309317423057
10,0.2,0,hub_09,pcglassoFast_Primal,I,2.310129700083161e-4,0.005000000000006821,6.653429540613843
10,0.2,0,hub_09,pcglassoFast_Primal,I,8.11130830789687e-4,0.004374999999998863,6.6538833858524375
10,0.2,0,hub_09,pcglassoFast_Primal,I,0.002848035868435802,0.00352500000000191,6.6554578970549265
10,0.2,0,hub_09,pcglassoFast_Primal,I,0.010000000000000004,0.002824999999997502,6.660889872521414
10,0.2,0,hub_1,pcglasso,C,9.999999999999982e-9,0.039375000000063665,3.791473799695434
10,0.2,0,hub_1,pcglasso,C,3.5111917342151263e-8,0.024400000000036927,3.791473813301094
10,0.2,0,hub_1,pcglasso,C,1.2328467394420646e-7,0.020475000000055844,3.791473935108532
10,0.2,0,hub_1,pcglasso,C,4.328761281083054e-7,0.017649999999980535,3.7914748441682886
10,0.2,0,hub_1,pcglasso,C,1.5199110829529328e-6,0.014675000000011096,3.791495649608314
10,0.2,0,hub_1,pcglasso,C,5.336699231206308e-6,0.013025000000044428,3.791551507005313
10,0.2,0,hub_1,pcglasso,C,1.873817422860384e-5,0.008750000000014779,3.7925215577995885
10,0.2,0,hub_1,pcglasso,C,6.579332246575681e-5,0.006000000000000227,3.8027409133219336
10,0.2,0,hub_1,pcglasso,C,2.310129700083161e-4,0.0037250000000057073,3.942099003132551
10,0.2,0,hub_1,pcglasso,C,8.11130830789687e-4,0.0026000000000124144,4.317613797205567
10,0.2,0,hub_1,pcglasso,C,0.002848035868435802,0.0025500000000008073,5.16884293740997
10,0.2,0,hub_1,pcglasso,C,0.010000000000000004,0.0030249999999991672,5.16884293740997
10,0.2,0,hub_1,pcglasso,I,9.999999999999982e-9,0.03972499999986212,3.791473798441846
10,0.2,0,hub_1,pcglasso,I,3.5111917342151263e-8,0.03454999999989923,3.7914738101459085
10,0.2,0,hub_1,pcglasso,I,1.2328467394420646e-7,0.02767500000002201,3.791474038528517
10,0.2,0,hub_1,pcglasso,I,4.328761281083054e-7,0.024275000000125148,3.791478030552291
10,0.2,0,hub_1,pcglasso,I,1.5199110829529328e-6,0.01995000000000573,3.79149226949134
10,0.2,0,hub_1,pcglasso,I,5.336699231206308e-6,0.016824999999994362,3.791599960190582
10,0.2,0,hub_1,pcglasso,I,1.873817422860384e-5,0.011174999999991542,3.7935600789703834
10,0.2,0,hub_1,pcglasso,I,6.579332246575681e-5,0.006374999999985675,3.820813662866236
10,0.2,0,hub_1,pcglasso,I,2.310129700083161e-4,0.004425000000020418,3.895859401316459
10,0.2,0,hub_1,pcglasso,I,8.11130830789687e-4,0.0026500000000112323,4.5435631336868045
10,0.2,0,hub_1,pcglasso,I,0.002848035868435802,0.0022750000000030467,4.472184278513212
10,0.2,0,hub_1,pcglasso,I,0.010000000000000004,0.0024250000000009208,4.713294170374064
10,0.2,0,hub_1,pcglassoFast_Dual,C,9.999999999999982e-9,0.03197500000001128,3.7914738369625995
10,0.2,0,hub_1,pcglassoFast_Dual,C,3.5111917342151263e-8,0.030050000000051112,3.79147389835045
10,0.2,0,hub_1,pcglassoFast_Dual,C,1.2328467394420646e-7,0.027374999999938154,3.7914740740939257
10,0.2,0,hub_1,pcglassoFast_Dual,C,4.328761281083054e-7,0.023725000000024466,3.7914745008110504
10,0.2,0,hub_1,pcglassoFast_Dual,C,1.5199110829529328e-6,0.022775000000024193,3.7914750771059254
10,0.2,0,hub_1,pcglassoFast_Dual,C,5.336699231206308e-6,0.020475000000004684,3.791477881331012
10,0.2,0,hub_1,pcglassoFast_Dual,C,1.873817422860384e-5,0.016425000000015188,3.791489379415126
10,0.2,0,hub_1,pcglassoFast_Dual,C,6.579332246575681e-5,0.013049999999975626,3.791616037104176
10,0.2,0,hub_1,pcglassoFast_Dual,C,2.310129700083161e-4,0.012325000000004138,3.791725693504559
10,0.2,0,hub_1,pcglassoFast_Dual,C,8.11130830789687e-4,0.011075000000001011,3.7920935872792656
10,0.2,0,hub_1,pcglassoFast_Dual,C,0.002848035868435802,0.008449999999999847,3.7970759696537506
10,0.2,0,hub_1,pcglassoFast_Dual,C,0.010000000000000004,0.007274999999999388,3.797612058017511
10,0.2,0,hub_1,pcglassoFast_Dual,I,9.999999999999982e-9,0.04710000000011405,3.791473834522295
10,0.2,0,hub_1,pcglassoFast_Dual,I,3.5111917342151263e-8,0.04482500000010532,3.7914740277849033
10,0.2,0,hub_1,pcglassoFast_Dual,I,1.2328467394420646e-7,0.04309999999993579,3.791473951692651
10,0.2,0,hub_1,pcglassoFast_Dual,I,4.328761281083054e-7,0.03495000000004893,3.791475663974161
10,0.2,0,hub_1,pcglassoFast_Dual,I,1.5199110829529328e-6,0.028724999999951706,3.79147723953339
10,0.2,0,hub_1,pcglassoFast_Dual,I,5.336699231206308e-6,0.024624999999991813,3.7915257200982007
10,0.2,0,hub_1,pcglassoFast_Dual,I,1.873817422860384e-5,0.021124999999995,3.7915887688772605
10,0.2,0,hub_1,pcglassoFast_Dual,I,6.579332246575681e-5,0.01634999999998854,3.7920033964989415
10,0.2,0,hub_1,pcglassoFast_Dual,I,2.310129700083161e-4,0.015224999999961141,3.7920490913246025
10,0.2,0,hub_1,pcglassoFast_Dual,I,8.11130830789687e-4,0.008150000000011915,3.7998253173102925
10,0.2,0,hub_1,pcglassoFast_Dual,I,0.002848035868435802,0.008000000000001251,3.7980696279440966
10,0.2,0,hub_1,pcglassoFast_Dual,I,0.010000000000000004,0.005750000000001166,3.809897562743684
10,0.2,0,hub_1,pcglassoFast_Primal,C,9.999999999999982e-9,0.02855000000010932,3.7914738515290844
10,0.2,0,hub_1,pcglassoFast_Primal,C,3.5111917342151263e-8,0.026475000000073124,3.7914739750038065
10,0.2,0,hub_1,pcglassoFast_Primal,C,1.2328467394420646e-7,0.025225000000102683,3.791474409975571
10,0.2,0,hub_1,pcglassoFast_Primal,C,4.328761281083054e-7,0.024025000000062847,3.7914743779431053
10,0.2,0,hub_1,pcglassoFast_Primal,C,1.5199110829529328e-6,0.0221000000000231,3.791475127868206
10,0.2,0,hub_1,pcglassoFast_Primal,C,5.336699231206308e-6,0.020325000000002546,3.791479428454018
10,0.2,0,hub_1,pcglassoFast_Primal,C,1.873817422860384e-5,0.018699999999978446,3.7914845961223733
10,0.2,0,hub_1,pcglassoFast_Primal,C,6.579332246575681e-5,0.015075000000001637,3.7915176366875905
10,0.2,0,hub_1,pcglassoFast_Primal,C,2.310129700083161e-4,0.013325000000011755,3.791689238431984
10,0.2,0,hub_1,pcglassoFast_Primal,C,8.11130830789687e-4,0.01182499999999891,3.7918242212121154
10,0.2,0,hub_1,pcglassoFast_Primal,C,0.002848035868435802,0.008450000000001267,3.7934234150727706
10,0.2,0,hub_1,pcglassoFast_Primal,C,0.010000000000000004,0.00569999999999995,3.7993317686798385
10,0.2,0,hub_1,pcglassoFast_Primal,I,9.999999999999982e-9,0.023400000000106048,3.791473839714257
10,0.2,0,hub_1,pcglassoFast_Primal,I,3.5111917342151263e-8,0.021200000000044385,3.7914739514566933
10,0.2,0,hub_1,pcglassoFast_Primal,I,1.2328467394420646e-7,0.02019999999999982,3.7914743446562955
10,0.2,0,hub_1,pcglassoFast_Primal,I,4.328761281083054e-7,0.017650000000003274,3.791475733842978
10,0.2,0,hub_1,pcglassoFast_Primal,I,1.5199110829529328e-6,0.015600000000006276,3.791480722541558
10,0.2,0,hub_1,pcglassoFast_Primal,I,5.336699231206308e-6,0.014374999999995452,3.791495451090445
10,0.2,0,hub_1,pcglassoFast_Primal,I,1.873817422860384e-5,0.0126499999999794,3.791546671888013
10,0.2,0,hub_1,pcglassoFast_Primal,I,6.579332246575681e-5,0.010674999999997681,3.791738282757165
10,0.2,0,hub_1,pcglassoFast_Primal,I,2.310129700083161e-4,0.009175000000001887,3.792292158509755
10,0.2,0,hub_1,pcglassoFast_Primal,I,8.11130830789687e-4,0.007874999999994258,3.7935954900486353
10,0.2,0,hub_1,pcglassoFast_Primal,I,0.002848035868435802,0.005799999999990035,3.7991712993030213
10,0.2,0,hub_1,pcglassoFast_Primal,I,0.010000000000000004,0.004174999999999329,3.813415676198738
10,0.2,0,random,pcglasso,C,9.999999999999982e-9,0.05857499999997344,5.2843841147790585
10,0.2,0,random,pcglasso,C,3.5111917342151263e-8,0.0495000000000573,5.284384166644603
10,0.2,0,random,pcglasso,C,1.2328467394420646e-7,0.04027500000001964,5.284384623820576
10,0.2,0,random,pcglasso,C,4.328761281083054e-7,0.032300000000043384,5.284390042037743
10,0.2,0,random,pcglasso,C,1.5199110829529328e-6,0.023474999999984904,5.284466385913883
10,0.2,0,random,pcglasso,C,5.336699231206308e-6,0.018549999999987677,5.284984338927323
10,0.2,0,random,pcglasso,C,1.873817422860384e-5,0.012249999999994543,5.2909963226497645
10,0.2,0,random,pcglasso,C,6.579332246575681e-5,0.00772500000001628,5.3404044034601466
10,0.2,0,random,pcglasso,C,2.310129700083161e-4,0.0037250000000113915,5.6153292098733
10,0.2,0,random,pcglasso,C,8.11130830789687e-4,0.0030500000000003523,6.194326903334177
10,0.2,0,random,pcglasso,C,0.002848035868435802,0.0026500000000012846,6.232039676096142
10,0.2,0,random,pcglasso,C,0.010000000000000004,0.0032250000000015435,6.232039676096142
10,0.2,0,random,pcglasso,I,9.999999999999982e-9,0.04397499999993215,5.284384141845711
10,0.2,0,random,pcglasso,I,3.5111917342151263e-8,0.03952500000000327,5.28438443435762
10,0.2,0,random,pcglasso,I,1.2328467394420646e-7,0.02930000000012569,5.284387565198575
10,0.2,0,random,pcglasso,I,4.328761281083054e-7,0.022050000000092496,5.284400314726512
10,0.2,0,random,pcglasso,I,1.5199110829529328e-6,0.019824999999980265,5.28442404437741
10,0.2,0,random,pcglasso,I,5.336699231206308e-6,0.01690000000003238,5.284577733066484
10,0.2,0,random,pcglasso,I,1.873817422860384e-5,0.011575000000021873,5.286037636781317
10,0.2,0,random,pcglasso,I,6.579332246575681e-5,0.008149999999989176,5.296767540617362
10,0.2,0,random,pcglasso,I,2.310129700083161e-4,0.004525000000009527,5.632108297137503
10,0.2,0,random,pcglasso,I,8.11130830789687e-4,0.0026999999999986813,6.46655305929594
10,0.2,0,random,pcglasso,I,0.002848035868435802,0.00244999999998754,6.523806795235207
10,0.2,0,random,pcglasso,I,0.010000000000000004,0.002524999999998556,6.523806795235207
10,0.2,0,random,pcglassoFast_Dual,C,9.999999999999982e-9,0.06510000000007495,5.284384191438422
10,0.2,0,random,pcglassoFast_Dual,C,3.5111917342151263e-8,0.06440000000006876,5.284384428264053
10,0.2,0,random,pcglassoFast_Dual,C,1.2328467394420646e-7,0.05835000000013224,5.284385160223079
10,0.2,0,random,pcglassoFast_Dual,C,4.328761281083054e-7,0.053474999999923514,5.284389070343267
10,0.2,0,random,pcglassoFast_Dual,C,1.5199110829529328e-6,0.048500000000058205,5.284393871362259
10,0.2,0,random,pcglassoFast_Dual,C,5.336699231206308e-6,0.039849999999978535,5.284486838431427
10,0.2,0,random,pcglassoFast_Dual,C,1.873817422860384e-5,0.04202500000000668,5.28439246494426
10,0.2,0,random,pcglassoFast_Dual,C,6.579332246575681e-5,0.028550000000007004,5.286188080797199
10,0.2,0,random,pcglassoFast_Dual,C,2.310129700083161e-4,0.02337500000000432,5.287642068103681
10,0.2,0,random,pcglassoFast_Dual,C,8.11130830789687e-4,0.015825000000000956,5.285526048886912
10,0.2,0,random,pcglassoFast_Dual,C,0.002848035868435802,0.010025000000000261,5.322047621593954
10,0.2,0,random,pcglassoFast_Dual,C,0.010000000000000004,0.009275000000000944,5.294496905045606
10,0.2,0,random,pcglassoFast_Dual,I,9.999999999999982e-9,0.042300000000000185,5.284384184647079
10,0.2,0,random,pcglassoFast_Dual,I,3.5111917342151263e-8,0.04119999999995798,5.284384405953415
10,0.2,0,random,pcglassoFast_Dual,I,1.2328467394420646e-7,0.03717499999995653,5.2843857527748606
10,0.2,0,random,pcglassoFast_Dual,I,4.328761281083054e-7,0.03607500000001664,5.284386140942478
10,0.2,0,random,pcglassoFast_Dual,I,1.5199110829529328e-6,0.030349999999998545,5.284396780293314
10,0.2,0,random,pcglassoFast_Dual,I,5.336699231206308e-6,0.023000000000024556,5.284438909113057
10,0.2,0,random,pcglassoFast_Dual,I,1.873817422860384e-5,0.021000000000026376,5.284469150854601
10,0.2,0,random,pcglassoFast_Dual,I,6.579332246575681e-5,0.015799999999990176,5.285357678476668
10,0.2,0,random,pcglassoFast_Dual,I,2.310129700083161e-4,0.012125000000028762,5.286118028932873
10,0.2,0,random,pcglassoFast_Dual,I,8.11130830789687e-4,0.009800000000001318,5.286813174603379
10,0.2,0,random,pcglassoFast_Dual,I,0.002848035868435802,0.0077749999999994655,5.289751431501963
10,0.2,0,random,pcglassoFast_Dual,I,0.010000000000000004,0.00694999999999979,5.290515143265425
10,0.2,0,random,pcglassoFast_Primal,C,9.999999999999982e-9,0.08199999999992542,5.284384417780386
10,0.2,0,random,pcglassoFast_Primal,C,3.5111917342151263e-8,0.07227499999996781,5.284385156084102
10,0.2,0,random,pcglassoFast_Primal,C,1.2328467394420646e-7,0.058975000000054935,5.284387388341312
10,0.2,0,random,pcglassoFast_Primal,C,4.328761281083054e-7,0.05352500000000191,5.284390361709011
10,0.2,0,random,pcglassoFast_Primal,C,1.5199110829529328e-6,0.04777500000001282,5.284390933688425
10,0.2,0,random,pcglassoFast_Primal,C,5.336699231206308e-6,0.043725000000017646,5.28439362555126
10,0.2,0,random,pcglassoFast_Primal,C,1.873817422860384e-5,0.038850000000013554,5.284408810272267
10,0.2,0,random,pcglassoFast_Primal,C,6.579332246575681e-5,0.033925000000013486,5.284463502655656
10,0.2,0,random,pcglassoFast_Primal,C,2.310129700083161e-4,0.025625000000007957,5.284655545741519
10,0.2,0,random,pcglassoFast_Primal,C,8.11130830789687e-4,0.018874999999999885,5.285725261909446
10,0.2,0,random,pcglassoFast_Primal,C,0.002848035868435802,0.015899999999999893,5.287256496326129
10,0.2,0,random,pcglassoFast_Primal,C,0.010000000000000004,0.011425000000000018,5.29765255291727
10,0.2,0,random,pcglassoFast_Primal,I,9.999999999999982e-9,0.05670000000006894,5.284384415143652
10,0.2,0,random,pcglassoFast_Primal,I,3.5111917342151263e-8,0.051375000000030015,5.284385173541937
10,0.2,0,random,pcglassoFast_Primal,I,1.2328467394420646e-7,0.037950000000000726,5.28438755143066
10,0.2,0,random,pcglassoFast_Primal,I,4.328761281083054e-7,0.03182500000003756,5.284390644252522
10,0.2,0,random,pcglassoFast_Primal,I,1.5199110829529328e-6,0.028600000000005822,5.284390874421213
10,0.2,0,random,pcglassoFast_Primal,I,5.336699231206308e-6,0.025674999999955615,5.28439631294518
10,0.2,0,random,pcglassoFast_Primal,I,1.873817422860384e-5,0.022649999999987357,5.284420146004024
10,0.2,0,random,pcglassoFast_Primal,I,6.579332246575681e-5,0.020024999999986904,5.2844881979999165
10,0.2,0,random,pcglassoFast_Primal,I,2.310129700083161e-4,0.016524999999992927,5.284666485630812
10,0.2,0,random,pcglassoFast_Primal,I,8.11130830789687e-4,0.01365000000000407,5.285252715470153
10,0.2,0,random,pcglassoFast_Primal,I,0.002848035868435802,0.010175000000009505,5.2876611242203015
10,0.2,0,random,pcglassoFast_Primal,I,0.010000000000000004,0.008175000000001376,5.296356620486365
10,0.2,0.5,AR2,pcglasso,C,9.999999999999982e-9,0.010374999999953616,8.454674051447684
10,0.2,0.5,AR2,pcglasso,C,3.5111917342151263e-8,0.009699999999952524,8.454674051453702
10,0.2,0.5,AR2,pcglasso,C,1.2328467394420646e-7,0.009124999999971805,8.45467405185609
10,0.2,0.5,AR2,pcglasso,C,4.328761281083054e-7,0.008774999999991451,8.454674052470242
10,0.2,0.5,AR2,pcglasso,C,1.5199110829529328e-6,0.008775000000002819,8.454674052470242
10,0.2,0.5,AR2,pcglasso,C,5.336699231206308e-6,0.00887500000003456,8.454674052470242
10,0.2,0.5,AR2,pcglasso,C,1.873817422860384e-5,0.007650000000018054,8.454674075692116
10,0.2,0.5,AR2,pcglasso,C,6.579332246575681e-5,0.006425000000012915,8.454674178186176
10,0.2,0.5,AR2,pcglasso,C,2.310129700083161e-4,0.005174999999991314,8.454675850078722
10,0.2,0.5,AR2,pcglasso,C,8.11130830789687e-4,0.003450000000015052,8.511413292430804
10,0.2,0.5,AR2,pcglasso,C,0.002848035868435802,0.001999999999999602,14.058239366572721
10,0.2,0.5,AR2,pcglasso,C,0.010000000000000004,0.0020500000000033937,14.058239366572721
10,0.2,0.5,AR2,pcglasso,I,9.999999999999982e-9,0.005875000000082764,8.454674051447899
10,0.2,0.5,AR2,pcglasso,I,3.5111917342151263e-8,0.005975000000012188,8.454674051458337
10,0.2,0.5,AR2,pcglasso,I,1.2328467394420646e-7,0.0049250000000483855,8.45467405355279
10,0.2,0.5,AR2,pcglasso,I,4.328761281083054e-7,0.005075000000044838,8.45467405355279
10,0.2,0.5,AR2,pcglasso,I,1.5199110829529328e-6,0.004925000000014279,8.45467405355279
10,0.2,0.5,AR2,pcglasso,I,5.336699231206308e-6,0.004725000000030377,8.45467405604063
10,0.2,0.5,AR2,pcglasso,I,1.873817422860384e-5,0.003899999999970305,8.45467410188076
10,0.2,0.5,AR2,pcglasso,I,6.579332246575681e-5,0.003524999999984857,8.454674233912513
10,0.2,0.5,AR2,pcglasso,I,2.310129700083161e-4,0.003075000000012551,8.454674855489326
10,0.2,0.5,AR2,pcglasso,I,8.11130830789687e-4,0.0022000000000076624,8.454738464621034
10,0.2,0.5,AR2,pcglasso,I,0.002848035868435802,0.0020000000000052866,8.45545431436113
10,0.2,0.5,AR2,pcglasso,I,0.010000000000000004,0.002225000000002808,8.45485605557982
10,0.2,0.5,AR2,pcglassoFast_Dual,C,9.999999999999982e-9,0.004399999999986903,8.454674051529528
10,0.2,0.5,AR2,pcglassoFast_Dual,C,3.5111917342151263e-8,0.004000000000041836,8.454674052813639
10,0.2,0.5,AR2,pcglassoFast_Dual,C,1.2328467394420646e-7,0.004299999999989268,8.454674052813639
10,0.2,0.5,AR2,pcglassoFast_Dual,C,4.328761281083054e-7,0.0039999999999736245,8.454674052813639
10,0.2,0.5,AR2,pcglassoFast_Dual,C,1.5199110829529328e-6,0.003725000000019918,8.454674078339584
10,0.2,0.5,AR2,pcglassoFast_Dual,C,5.336699231206308e-6,0.003774999999990314,8.454674078339584
10,0.2,0.5,AR2,pcglassoFast_Dual,C,1.873817422860384e-5,0.003349999999988995,8.454674593948234
10,0.2,0.5,AR2,pcglassoFast_Dual,C,6.579332246575681e-5,0.003274999999985084,8.454674593948234
10,0.2,0.5,AR2,pcglassoFast_Dual,C,2.310129700083161e-4,0.003199999999986858,8.454674593948234
10,0.2,0.5,AR2,pcglassoFast_Dual,C,8.11130830789687e-4,0.002950000000004138,8.45468534991184
10,0.2,0.5,AR2,pcglassoFast_Dual,C,0.002848035868435802,0.0029999999999958506,8.45468534991184
10,0.2,0.5,AR2,pcglassoFast_Dual,C,0.010000000000000004,0.0024750000000018702,8.454919627221612
10,0.2,0.5,AR2,pcglassoFast_Dual,I,9.999999999999982e-9,0.00277500000006512,8.454674051669132
10,0.2,0.5,AR2,pcglassoFast_Dual,I,3.5111917342151263e-8,0.003100000000017644,8.454674051669132
10,0.2,0.5,AR2,pcglassoFast_Dual,I,1.2328467394420646e-7,0.0028249999999843565,8.454674054881398
10,0.2,0.5,AR2,pcglassoFast_Dual,I,4.328761281083054e-7,0.002850000000023556,8.454674054881398
10,0.2,0.5,AR2,pcglassoFast_Dual,I,1.5199110829529328e-6,0.0024500000000102773,8.454674104700324
10,0.2,0.5,AR2,pcglassoFast_Dual,I,5.336699231206308e-6,0.0023000000000479304,8.454674104700324
10,0.2,0.5,AR2,pcglassoFast_Dual,I,1.873817422860384e-5,0.0019999999999868122,8.454674877607527
10,0.2,0.5,AR2,pcglassoFast_Dual,I,6.579332246575681e-5,0.0019999999999924965,8.454674877607527
10,0.2,0.5,AR2,pcglassoFast_Dual,I,2.310129700083161e-4,0.0018249999999852661,8.454686770287237
10,0.2,0.5,AR2,pcglassoFast_Dual,I,8.11130830789687e-4,0.0017499999999813554,8.454686770287237
10,0.2,0.5,AR2,pcglassoFast_Dual,I,0.002848035868435802,0.0014000000000038426,8.454856122739864
10,0.2,0.5,AR2,pcglassoFast_Dual,I,0.010000000000000004,0.0013500000000000512,8.454856122739864
10,0.2,0.5,AR2,pcglassoFast_Primal,C,9.999999999999982e-9,0.003500000000030923,8.454674051583117
10,0.2,0.5,AR2,pcglassoFast_Primal,C,3.5111917342151263e-8,0.0031500000000278306,8.454674053342574
10,0.2,0.5,AR2,pcglassoFast_Primal,C,1.2328467394420646e-7,0.0032750000000532965,8.454674053342574
10,0.2,0.5,AR2,pcglassoFast_Primal,C,4.328761281083054e-7,0.0031499999999823557,8.454674053342574
10,0.2,0.5,AR2,pcglassoFast_Primal,C,1.5199110829529328e-6,0.00295000000003256,8.454674082607072
10,0.2,0.5,AR2,pcglassoFast_Primal,C,5.336699231206308e-6,0.002899999999982583,8.454674082607072
10,0.2,0.5,AR2,pcglassoFast_Primal,C,1.873817422860384e-5,0.0025999999999783085,8.454674585750885
10,0.2,0.5,AR2,pcglassoFast_Primal,C,6.579332246575681e-5,0.002675000000004957,8.454674585750885
10,0.2,0.5,AR2,pcglassoFast_Primal,C,2.310129700083161e-4,0.0024999999999977263,8.454683793534782
10,0.2,0.5,AR2,pcglassoFast_Primal,C,8.11130830789687e-4,0.0023500000000041153,8.454683793534782
10,0.2,0.5,AR2,pcglassoFast_Primal,C,0.002848035868435802,0.002425000000002342,8.454683793534782
10,0.2,0.5,AR2,pcglassoFast_Primal,C,0.010000000000000004,0.002100000000000968,8.454867514060377
10,0.2,0.5,AR2,pcglassoFast_Primal,I,9.999999999999982e-9,0.0021500000001196894,8.454674051861272
10,0.2,0.5,AR2,pcglassoFast_Primal,I,3.5111917342151263e-8,0.0024250000000392903,8.454674051861272
10,0.2,0.5,AR2,pcglassoFast_Primal,I,1.2328467394420646e-7,0.0021250000000691215,8.454674056984512
10,0.2,0.5,AR2,pcglassoFast_Primal,I,4.328761281083054e-7,0.0021500000000173715,8.454674056984512
10,0.2,0.5,AR2,pcglassoFast_Primal,I,1.5199110829529328e-6,0.0018749999999840838,8.45467412569286
10,0.2,0.5,AR2,pcglassoFast_Primal,I,5.336699231206308e-6,0.001999999999964075,8.45467412569286
10,0.2,0.5,AR2,pcglassoFast_Primal,I,1.873817422860384e-5,0.001749999999992724,8.454675051232755
10,0.2,0.5,AR2,pcglassoFast_Primal,I,6.579332246575681e-5,0.001724999999987631,8.454675051232755
10,0.2,0.5,AR2,pcglassoFast_Primal,I,2.310129700083161e-4,0.0013999999999896318,8.454687621863858
10,0.2,0.5,AR2,pcglassoFast_Primal,I,8.11130830789687e-4,0.0014499999999941337,8.454687621863858
10,0.2,0.5,AR2,pcglassoFast_Primal,I,0.002848035868435802,0.0011999999999986245,8.454861024834088
10,0.2,0.5,AR2,pcglassoFast_Primal,I,0.010000000000000004,0.0011249999999982663,8.454861024834088
10,0.2,0.5,hub_09,pcglasso,C,9.999999999999982e-9,0.022825000000079854,8.086828525690889
10,0.2,0.5,hub_09,pcglasso,C,3.5111917342151263e-8,0.014849999999978537,8.086828535283288
10,0.2,0.5,hub_09,pcglasso,C,1.2328467394420646e-7,0.013400000000069667,8.086828530182816
10,0.2,0.5,hub_09,pcglasso,C,4.328761281083054e-7,0.012499999999977262,8.086828661461528
10,0.2,0.5,hub_09,pcglasso,C,1.5199110829529328e-6,0.011025000000017826,8.086830175151487
10,0.2,0.5,hub_09,pcglasso,C,5.336699231206308e-6,0.009350000000040382,8.0868656452551555
10,0.2,0.5,hub_09,pcglasso,C,1.873817422860384e-5,0.007250000000010459,8.087211681785707
10,0.2,0.5,hub_09,pcglasso,C,6.579332246575681e-5,0.005149999999974853,8.091550111458115
10,0.2,0.5,hub_09,pcglasso,C,2.310129700083161e-4,0.003900000000007253,8.10659117603167
10,0.2,0.5,hub_09,pcglasso,C,8.11130830789687e-4,0.0030499999999975104,8.09850468821853
10,0.2,0.5,hub_09,pcglasso,C,0.002848035868435802,0.001999999999999602,10.760381119391754
10,0.2,0.5,hub_09,pcglasso,C,0.010000000000000004,0.002099999999999369,9.550961703761542
10,0.2,0.5,hub_09,pcglasso,I,9.999999999999982e-9,0.020499999999969987,8.086828525531049
10,0.2,0.5,hub_09,pcglasso,I,3.5111917342151263e-8,0.014375000000040928,8.086828534857055
10,0.2,0.5,hub_09,pcglasso,I,1.2328467394420646e-7,0.013225000000011278,8.086828536060144
10,0.2,0.5,hub_09,pcglasso,I,4.328761281083054e-7,0.012000000000023192,8.086828844714638
10,0.2,0.5,hub_09,pcglasso,I,1.5199110829529328e-6,0.010575000000017099,8.08683132765114
10,0.2,0.5,hub_09,pcglasso,I,5.336699231206308e-6,0.009050000000070214,8.086857461370482
10,0.2,0.5,hub_09,pcglasso,I,1.873817422860384e-5,0.007199999999977535,8.087136212966636
10,0.2,0.5,hub_09,pcglasso,I,6.579332246575681e-5,0.005250000000000909,8.090138850012035
10,0.2,0.5,hub_09,pcglasso,I,2.310129700083161e-4,0.004099999999985471,8.09628156100682
10,0.2,0.5,hub_09,pcglasso,I,8.11130830789687e-4,0.0025249999999800822,8.187455224549034
10,0.2,0.5,hub_09,pcglasso,I,0.002848035868435802,0.0023500000000041153,8.111214599578899
10,0.2,0.5,hub_09,pcglasso,I,0.010000000000000004,0.0019499999999993633,8.3033251879278
10,0.2,0.5,hub_09,pcglassoFast_Dual,C,9.999999999999982e-9,0.0071500000000014555,8.086828530081322
10,0.2,0.5,hub_09,pcglassoFast_Dual,C,3.5111917342151263e-8,0.006850000000076762,8.086828534922713
10,0.2,0.5,hub_09,pcglassoFast_Dual,C,1.2328467394420646e-7,0.0061500000000023645,8.08682859135567
10,0.2,0.5,hub_09,pcglassoFast_Dual,C,4.328761281083054e-7,0.0055750000000102775,8.08682869391581
10,0.2,0.5,hub_09,pcglassoFast_Dual,C,1.5199110829529328e-6,0.005224999999973079,8.086828973019209
10,0.2,0.5,hub_09,pcglassoFast_Dual,C,5.336699231206308e-6,0.004999999999932924,8.086829865010586
10,0.2,0.5,hub_09,pcglassoFast_Dual,C,1.873817422860384e-5,0.004724999999973533,8.086832798363009
10,0.2,0.5,hub_09,pcglassoFast_Dual,C,6.579332246575681e-5,0.004199999999991632,8.086845042708891
10,0.2,0.5,hub_09,pcglassoFast_Dual,C,2.310129700083161e-4,0.0038999999999987265,8.086899818972103
10,0.2,0.5,hub_09,pcglassoFast_Dual,C,8.11130830789687e-4,0.0036000000000171893,8.08696230454902
10,0.2,0.5,hub_09,pcglassoFast_Dual,C,0.002848035868435802,0.002649999999994179,8.088882256558286
10,0.2,0.5,hub_09,pcglassoFast_Dual,C,0.010000000000000004,0.0024749999999997387,8.091492560096945
10,0.2,0.5,hub_09,pcglassoFast_Dual,I,9.999999999999982e-9,0.006575000000066211,8.08682852629267
10,0.2,0.5,hub_09,pcglassoFast_Dual,I,3.5111917342151263e-8,0.006975000000034015,8.086828531376794
10,0.2,0.5,hub_09,pcglassoFast_Dual,I,1.2328467394420646e-7,0.006274999999845932,8.086828583285133
10,0.2,0.5,hub_09,pcglassoFast_Dual,I,4.328761281083054e-7,0.005924999999911052,8.086828670424852
10,0.2,0.5,hub_09,pcglassoFast_Dual,I,1.5199110829529328e-6,0.005474999999978536,8.0868289368628
10,0.2,0.5,hub_09,pcglassoFast_Dual,I,5.336699231206308e-6,0.005124999999964075,8.086829869414078
10,0.2,0.5,hub_09,pcglassoFast_Dual,I,1.873817422860384e-5,0.00512500000000955,8.086829869414078
10,0.2,0.5,hub_09,pcglassoFast_Dual,I,6.579332246575681e-5,0.004200000000003002,8.08685745769426
10,0.2,0.5,hub_09,pcglassoFast_Dual,I,2.310129700083161e-4,0.004275000000012597,8.08685745769426
10,0.2,0.5,hub_09,pcglassoFast_Dual,I,8.11130830789687e-4,0.003574999999986517,8.087026428735339
10,0.2,0.5,hub_09,pcglassoFast_Dual,I,0.002848035868435802,0.0031249999999928947,8.08743018444567
10,0.2,0.5,hub_09,pcglassoFast_Dual,I,0.010000000000000004,0.002999999999997982,8.08857067339365
10,0.2,0.5,hub_09,pcglassoFast_Primal,C,9.999999999999982e-9,0.005324999999902502,8.086828528355552
10,0.2,0.5,hub_09,pcglassoFast_Primal,C,3.5111917342151263e-8,0.005025000000091495,8.086828532861933
10,0.2,0.5,hub_09,pcglassoFast_Primal,C,1.2328467394420646e-7,0.0049250000000029106,8.086828546872379
10,0.2,0.5,hub_09,pcglassoFast_Primal,C,4.328761281083054e-7,0.004674999999974716,8.086828594082377
10,0.2,0.5,hub_09,pcglassoFast_Primal,C,1.5199110829529328e-6,0.004224999999939883,8.08682874543669
10,0.2,0.5,hub_09,pcglassoFast_Primal,C,5.336699231206308e-6,0.004049999999978127,8.086829290030431
10,0.2,0.5,hub_09,pcglassoFast_Primal,C,1.873817422860384e-5,0.0035750000000007278,8.086831160320587
10,0.2,0.5,hub_09,pcglassoFast_Primal,C,6.579332246575681e-5,0.0032999999999759667,8.086837626665691
10,0.2,0.5,hub_09,pcglassoFast_Primal,C,2.310129700083161e-4,0.0030500000000017735,8.086859650691368
10,0.2,0.5,hub_09,pcglassoFast_Primal,C,8.11130830789687e-4,0.0023750000000063664,8.087181269032655
10,0.2,0.5,hub_09,pcglassoFast_Primal,C,0.002848035868435802,0.0021749999999990167,8.08797582318629
10,0.2,0.5,hub_09,pcglassoFast_Primal,C,0.010000000000000004,0.0019000000000005458,8.09059817959293
10,0.2,0.5,hub_09,pcglassoFast_Primal,I,9.999999999999982e-9,0.00517499999998563,8.086828528517072
10,0.2,0.5,hub_09,pcglassoFast_Primal,I,3.5111917342151263e-8,0.0054249999998774,8.086828533473174
10,0.2,0.5,hub_09,pcglassoFast_Primal,I,1.2328467394420646e-7,0.004974999999967622,8.086828548839268
10,0.2,0.5,hub_09,pcglassoFast_Primal,I,4.328761281083054e-7,0.004800000000000182,8.086828598294058
10,0.2,0.5,hub_09,pcglassoFast_Primal,I,1.5199110829529328e-6,0.0043250000000284675,8.086828753719049
10,0.2,0.5,hub_09,pcglassoFast_Primal,I,5.336699231206308e-6,0.004224999999996726,8.086829317357648
10,0.2,0.5,hub_09,pcglassoFast_Primal,I,1.873817422860384e-5,0.0038499999999885405,8.086831277669772
10,0.2,0.5,hub_09,pcglassoFast_Primal,I,6.579332246575681e-5,0.003425000000032696,8.086838201085794
10,0.2,0.5,hub_09,pcglassoFast_Primal,I,2.310129700083161e-4,0.0031999999999982264,8.086862413751879
10,0.2,0.5,hub_09,pcglassoFast_Primal,I,8.11130830789687e-4,0.0030750000000068665,8.086946615716322
10,0.2,0.5,hub_09,pcglassoFast_Primal,I,0.002848035868435802,0.0026749999999978514,8.08723747334493
10,0.2,0.5,hub_09,pcglassoFast_Primal,I,0.010000000000000004,0.0020250000000007875,8.091434046043483
10,0.2,0.5,hub_1,pcglasso,C,9.999999999999982e-9,0.029674999999974715,7.1124010715948565
10,0.2,0.5,hub_1,pcglasso,C,3.5111917342151263e-8,0.026749999999969985,7.112401074534937
10,0.2,0.5,hub_1,pcglasso,C,1.2328467394420646e-7,0.025699999999983448,7.112401077030492
10,0.2,0.5,hub_1,pcglasso,C,4.328761281083054e-7,0.021800000000030195,7.112401635488249
10,0.2,0.5,hub_1,pcglasso,C,1.5199110829529328e-6,0.019325000000003457,7.112404981870595
10,0.2,0.5,hub_1,pcglasso,C,5.336699231206308e-6,0.016224999999940336,7.11242312257189
10,0.2,0.5,hub_1,pcglasso,C,1.873817422860384e-5,0.011574999999993452,7.112672268421088
10,0.2,0.5,hub_1,pcglasso,C,6.579332246575681e-5,0.0073249999999916325,7.115149867548589
10,0.2,0.5,hub_1,pcglasso,C,2.310129700083161e-4,0.004275000000015438,7.152526245874232
10,0.2,0.5,hub_1,pcglasso,C,8.11130830789687e-4,0.0023000000000166663,9.131363492273337
10,0.2,0.5,hub_1,pcglasso,C,0.002848035868435802,0.002549999999999386,11.009327099403835
10,0.2,0.5,hub_1,pcglasso,C,0.010000000000000004,0.0027999999999984483,11.009327099403835
10,0.2,0.5,hub_1,pcglasso,I,9.999999999999982e-9,0.026625000000058206,7.112401071853927
10,0.2,0.5,hub_1,pcglasso,I,3.5111917342151263e-8,0.028899999999907777,7.112401073736403
10,0.2,0.5,hub_1,pcglasso,I,1.2328467394420646e-7,0.028175000000055662,7.112401082209608
10,0.2,0.5,hub_1,pcglasso,I,4.328761281083054e-7,0.02445000000006985,7.112401478415552
10,0.2,0.5,hub_1,pcglasso,I,1.5199110829529328e-6,0.02299999999999045,7.112403845230646
10,0.2,0.5,hub_1,pcglasso,I,5.336699231206308e-6,0.01830000000002201,7.112422083514338
10,0.2,0.5,hub_1,pcglasso,I,1.873817422860384e-5,0.012299999999999044,7.112776490710457
10,0.2,0.5,hub_1,pcglasso,I,6.579332246575681e-5,0.007225000000011051,7.119156778149345
10,0.2,0.5,hub_1,pcglasso,I,2.310129700083161e-4,0.004174999999997908,7.174966654654108
10,0.2,0.5,hub_1,pcglasso,I,8.11130830789687e-4,0.0026250000000089813,7.482271630273434
10,0.2,0.5,hub_1,pcglasso,I,0.002848035868435802,0.00232500000000897,7.512334172152718
10,0.2,0.5,hub_1,pcglasso,I,0.010000000000000004,0.0021250000000023308,7.768578859600602
10,0.2,0.5,hub_1,pcglassoFast_Dual,C,9.999999999999982e-9,0.02290000000004966,7.112401139733965
10,0.2,0.5,hub_1,pcglassoFast_Dual,C,3.5111917342151263e-8,0.022125000000005456,7.112401224557388
10,0.2,0.5,hub_1,pcglassoFast_Dual,C,1.2328467394420646e-7,0.020049999999901046,7.112401256802252
10,0.2,0.5,hub_1,pcglassoFast_Dual,C,4.328761281083054e-7,0.016974999999990813,7.112401532543601
10,0.2,0.5,hub_1,pcglassoFast_Dual,C,1.5199110829529328e-6,0.01427499999997508,7.112402077629895
10,0.2,0.5,hub_1,pcglassoFast_Dual,C,5.336699231206308e-6,0.011675000000002456,7.112407306578197
10,0.2,0.5,hub_1,pcglassoFast_Dual,C,1.873817422860384e-5,0.00917500000000473,7.112414486262752
10,0.2,0.5,hub_1,pcglassoFast_Dual,C,6.579332246575681e-5,0.00587500000002592,7.11265995558342
10,0.2,0.5,hub_1,pcglassoFast_Dual,C,2.310129700083161e-4,0.005249999999992383,7.112788625888963
10,0.2,0.5,hub_1,pcglassoFast_Dual,C,8.11130830789687e-4,0.00472500000000764,7.1136291460878205
10,0.2,0.5,hub_1,pcglassoFast_Dual,C,0.002848035868435802,0.004175000000005013,7.114348005090944
10,0.2,0.5,hub_1,pcglassoFast_Dual,C,0.010000000000000004,0.0038500000000013302,7.115407841126354
10,0.2,0.5,hub_1,pcglassoFast_Dual,I,9.999999999999982e-9,0.02912500000009004,7.112401114985748
10,0.2,0.5,hub_1,pcglassoFast_Dual,I,3.5111917342151263e-8,0.03134999999995216,7.112401096407837
10,0.2,0.5,hub_1,pcglassoFast_Dual,I,1.2328467394420646e-7,0.027999999999974535,7.112401229240146
10,0.2,0.5,hub_1,pcglassoFast_Dual,I,4.328761281083054e-7,0.02579999999999245,7.11240143139688
10,0.2,0.5,hub_1,pcglassoFast_Dual,I,1.5199110829529328e-6,0.02377500000003465,7.112402014233
10,0.2,0.5,hub_1,pcglassoFast_Dual,I,5.336699231206308e-6,0.019750000000044565,7.112407560201985
10,0.2,0.5,hub_1,pcglassoFast_Dual,I,1.873817422860384e-5,0.016474999999968532,7.112421720668545
10,0.2,0.5,hub_1,pcglassoFast_Dual,I,6.579332246575681e-5,0.01387500000001296,7.112449573819525
10,0.2,0.5,hub_1,pcglassoFast_Dual,I,2.310129700083161e-4,0.010475000000008094,7.112706729134478
10,0.2,0.5,hub_1,pcglassoFast_Dual,I,8.11130830789687e-4,0.00824999999999818,7.1132705578792725
10,0.2,0.5,hub_1,pcglassoFast_Dual,I,0.002848035868435802,0.004650000000002308,7.126139539806546
10,0.2,0.5,hub_1,pcglassoFast_Dual,I,0.010000000000000004,0.0038000000000010916,7.1321858610984155
10,0.2,0.5,hub_1,pcglassoFast_Primal,C,9.999999999999982e-9,0.010474999999996727,7.112401080430528
10,0.2,0.5,hub_1,pcglassoFast_Primal,C,3.5111917342151263e-8,0.010299999999983812,7.112401102532673
10,0.2,0.5,hub_1,pcglassoFast_Primal,C,1.2328467394420646e-7,0.009525000000064666,7.112401221826027
10,0.2,0.5,hub_1,pcglassoFast_Primal,C,4.328761281083054e-7,0.008500000000015006,7.112401674721362
10,0.2,0.5,hub_1,pcglassoFast_Primal,C,1.5199110829529328e-6,0.007974999999987631,7.112402742552391
10,0.2,0.5,hub_1,pcglassoFast_Primal,C,5.336699231206308e-6,0.006975000000016962,7.112408489682773
10,0.2,0.5,hub_1,pcglassoFast_Primal,C,1.873817422860384e-5,0.006500000000005457,7.112420643855304
10,0.2,0.5,hub_1,pcglassoFast_Primal,C,6.579332246575681e-5,0.00542500000000814,7.112487808894092
10,0.2,0.5,hub_1,pcglassoFast_Primal,C,2.310129700083161e-4,0.00462500000000432,7.112646427695452
10,0.2,0.5,hub_1,pcglassoFast_Primal,C,8.11130830789687e-4,0.003975000000004059,7.113134002596762
10,0.2,0.5,hub_1,pcglassoFast_Primal,C,0.002848035868435802,0.003224999999998346,7.114889110033388
10,0.2,0.5,hub_1,pcglassoFast_Primal,C,0.010000000000000004,0.002875000000000227,7.117249427897605
10,0.2,0.5,hub_1,pcglassoFast_Primal,I,9.999999999999982e-9,0.010724999999888496,7.112401081349583
10,0.2,0.5,hub_1,pcglassoFast_Primal,I,3.5111917342151263e-8,0.010674999999991996,7.112401105245869
10,0.2,0.5,hub_1,pcglassoFast_Primal,I,1.2328467394420646e-7,0.010000000000013642,7.112401235568376
10,0.2,0.5,hub_1,pcglassoFast_Primal,I,4.328761281083054e-7,0.009449999999947067,7.1124014868780785
10,0.2,0.5,hub_1,pcglassoFast_Primal,I,1.5199110829529328e-6,0.008625000000006367,7.11240301053356
10,0.2,0.5,hub_1,pcglassoFast_Primal,I,5.336699231206308e-6,0.007799999999997453,7.112406410688526
10,0.2,0.5,hub_1,pcglassoFast_Primal,I,1.873817422860384e-5,0.006875000000013643,7.112424762706645
10,0.2,0.5,hub_1,pcglassoFast_Primal,I,6.579332246575681e-5,0.006325000000020964,7.112465904394563
10,0.2,0.5,hub_1,pcglassoFast_Primal,I,2.310129700083161e-4,0.005250000000000909,7.112697565659604
10,0.2,0.5,hub_1,pcglassoFast_Primal,I,8.11130830789687e-4,0.004425000000000523,7.1132106598374545
10,0.2,0.5,hub_1,pcglassoFast_Primal,I,0.002848035868435802,0.0034250000000007217,7.116184059836736
10,0.2,0.5,hub_1,pcglassoFast_Primal,I,0.010000000000000004,0.002799999999999514,7.123553433255985
10,0.2,0.5,random,pcglasso,C,9.999999999999982e-9,0.028525000000058753,7.848846856241154
10,0.2,0.5,random,pcglasso,C,3.5111917342151263e-8,0.022725000000059482,7.848846856145519
10,0.2,0.5,random,pcglasso,C,1.2328467394420646e-7,0.020649999999955072,7.848846889941868
10,0.2,0.5,random,pcglasso,C,4.328761281083054e-7,0.018849999999963528,7.84884724212257
10,0.2,0.5,random,pcglasso,C,1.5199110829529328e-6,0.01754999999999427,7.848850590838972
10,0.2,0.5,random,pcglasso,C,5.336699231206308e-6,0.014025000000015098,7.848949857753237
10,0.2,0.5,random,pcglasso,C,1.873817422860384e-5,0.009900000000004638,7.850305009359847
10,0.2,0.5,random,pcglasso,C,6.579332246575681e-5,0.007249999999987722,7.863767712669678
10,0.2,0.5,random,pcglasso,C,2.310129700083161e-4,0.005699999999998795,8.030382795313312
10,0.2,0.5,random,pcglasso,C,8.11130830789687e-4,0.002499999999994884,11.17911541083638
10,0.2,0.5,random,pcglasso,C,0.002848035868435802,0.002600000000002467,12.101215056955274
10,0.2,0.5,random,pcglasso,C,0.010000000000000004,0.003100000000000591,12.101215056955274
10,0.2,0.5,random,pcglasso,I,9.999999999999982e-9,0.020825000000058935,7.848846856290437
10,0.2,0.5,random,pcglasso,I,3.5111917342151263e-8,0.022900000000140606,7.848846857354877
10,0.2,0.5,random,pcglasso,I,1.2328467394420646e-7,0.0210999999999558,7.848846928917542
10,0.2,0.5,random,pcglasso,I,4.328761281083054e-7,0.018250000000057297,7.8488478777935935
10,0.2,0.5,random,pcglasso,I,1.5199110829529328e-6,0.014924999999993815,7.848860452365297
10,0.2,0.5,random,pcglasso,I,5.336699231206308e-6,0.012200000000018463,7.849006250243296
10,0.2,0.5,random,pcglasso,I,1.873817422860384e-5,0.008975000000003775,7.849893216683823
10,0.2,0.5,random,pcglasso,I,6.579332246575681e-5,0.006075000000004138,7.8588062713612405
10,0.2,0.5,random,pcglasso,I,2.310129700083161e-4,0.004299999999975057,7.892267817514636
10,0.2,0.5,random,pcglasso,I,8.11130830789687e-4,0.0024500000000159615,8.050237216014375
10,0.2,0.5,random,pcglasso,I,0.002848035868435802,0.002199999999999136,7.949466558377405
10,0.2,0.5,random,pcglasso,I,0.010000000000000004,0.002199999999999136,8.11504546318474
10,0.2,0.5,random,pcglassoFast_Dual,C,9.999999999999982e-9,0.014249999999992723,7.848846874837163
10,0.2,0.5,random,pcglassoFast_Dual,C,3.5111917342151263e-8,0.014024999999969623,7.848846913107413
10,0.2,0.5,random,pcglassoFast_Dual,C,1.2328467394420646e-7,0.01252500000011878,7.848847116331458
10,0.2,0.5,random,pcglassoFast_Dual,C,4.328761281083054e-7,0.011075000000050749,7.848847585388324
10,0.2,0.5,random,pcglassoFast_Dual,C,1.5199110829529328e-6,0.009825000000012097,7.848849917313696
10,0.2,0.5,random,pcglassoFast_Dual,C,5.336699231206308e-6,0.008724999999998317,7.848855971431924
10,0.2,0.5,random,pcglassoFast_Dual,C,1.873817422860384e-5,0.007575000000025511,7.848865435564769
10,0.2,0.5,random,pcglassoFast_Dual,C,6.579332246575681e-5,0.0064999999999997725,7.848927256207267
10,0.2,0.5,random,pcglassoFast_Dual,C,2.310129700083161e-4,0.005974999999997977,7.8490249918597295
10,0.2,0.5,random,pcglassoFast_Dual,C,8.11130830789687e-4,0.004874999999998408,7.849945708689414
10,0.2,0.5,random,pcglassoFast_Dual,C,0.002848035868435802,0.0043500000000022965,7.850574954751866
10,0.2,0.5,random,pcglassoFast_Dual,C,0.010000000000000004,0.0034000000000006026,7.857834884229525
10,0.2,0.5,random,pcglassoFast_Dual,I,9.999999999999982e-9,0.012500000000045475,7.8488468670454985
10,0.2,0.5,random,pcglassoFast_Dual,I,3.5111917342151263e-8,0.013025000000016006,7.8488469360083215
10,0.2,0.5,random,pcglassoFast_Dual,I,1.2328467394420646e-7,0.01174999999998363,7.848847187177144
10,0.2,0.5,random,pcglassoFast_Dual,I,4.328761281083054e-7,0.01024999999993952,7.848847713541928
10,0.2,0.5,random,pcglassoFast_Dual,I,1.5199110829529328e-6,0.00962499999998272,7.84884827560858
10,0.2,0.5,random,pcglassoFast_Dual,I,5.336699231206308e-6,0.00847500000003265,7.848853528441648
10,0.2,0.5,random,pcglassoFast_Dual,I,1.873817422860384e-5,0.007199999999971851,7.848877196541576
10,0.2,0.5,random,pcglassoFast_Dual,I,6.579332246575681e-5,0.006225000000000591,7.848925158511275
10,0.2,0.5,random,pcglassoFast_Dual,I,2.310129700083161e-4,0.006300000000004502,7.848925158511275
10,0.2,0.5,random,pcglassoFast_Dual,I,8.11130830789687e-4,0.0048999999999978176,7.849521476287863
10,0.2,0.5,random,pcglassoFast_Dual,I,0.002848035868435802,0.004850000000003263,7.849521476287863
10,0.2,0.5,random,pcglassoFast_Dual,I,0.010000000000000004,0.003975000000003348,7.8536349749019685
10,0.2,0.5,random,pcglassoFast_Primal,C,9.999999999999982e-9,0.010425000000009278,7.848846869978925
10,0.2,0.5,random,pcglassoFast_Primal,C,3.5111917342151263e-8,0.01027499999995598,7.848846893674864
10,0.2,0.5,random,pcglassoFast_Primal,C,1.2328467394420646e-7,0.009375000000022737,7.848847020541344
10,0.2,0.5,random,pcglassoFast_Primal,C,4.328761281083054e-7,0.008600000000046747,7.848847523086288
10,0.2,0.5,random,pcglassoFast_Primal,C,1.5199110829529328e-6,0.007750000000055479,7.848848647185261
10,0.2,0.5,random,pcglassoFast_Primal,C,5.336699231206308e-6,0.007000000000010687,7.848854867827404
10,0.2,0.5,random,pcglassoFast_Primal,C,1.873817422860384e-5,0.006274999999999409,7.848868871486936
10,0.2,0.5,random,pcglassoFast_Primal,C,6.579332246575681e-5,0.0059249999999934745,7.848910276979342
10,0.2,0.5,random,pcglassoFast_Primal,C,2.310129700083161e-4,0.005075000000005048,7.849046875213904
10,0.2,0.5,random,pcglassoFast_Primal,C,8.11130830789687e-4,0.004275000000002649,7.849575093537513
10,0.2,0.5,random,pcglassoFast_Primal,C,0.002848035868435802,0.0038750000000028705,7.850329165385035
10,0.2,0.5,random,pcglassoFast_Primal,C,0.010000000000000004,0.0034000000000000696,7.852007166730395
10,0.2,0.5,random,pcglassoFast_Primal,I,9.999999999999982e-9,0.008199999999987995,7.84884686663449
10,0.2,0.5,random,pcglassoFast_Primal,I,3.5111917342151263e-8,0.008749999999940883,7.848846891492863
10,0.2,0.5,random,pcglassoFast_Primal,I,1.2328467394420646e-7,0.008449999999970714,7.848846974591218
10,0.2,0.5,random,pcglassoFast_Primal,I,4.328761281083054e-7,0.007725000000084492,7.848847211780273
10,0.2,0.5,random,pcglassoFast_Primal,I,1.5199110829529328e-6,0.006749999999999545,7.8488487458669995
10,0.2,0.5,random,pcglassoFast_Primal,I,5.336699231206308e-6,0.00644999999999527,7.848853003139486
10,0.2,0.5,random,pcglassoFast_Primal,I,1.873817422860384e-5,0.005699999999995953,7.848866869003333
10,0.2,0.5,random,pcglassoFast_Primal,I,6.579332246575681e-5,0.00494999999999095,7.8489150015834195
10,0.2,0.5,random,pcglassoFast_Primal,I,2.310129700083161e-4,0.004674999999988927,7.848975402072294
10,0.2,0.5,random,pcglassoFast_Primal,I,8.11130830789687e-4,0.0038250000000005003,7.849339560783417
10,0.2,0.5,random,pcglassoFast_Primal,I,0.002848035868435802,0.0030999999999949067,7.850972974357591
10,0.2,0.5,random,pcglassoFast_Primal,I,0.010000000000000004,0.0028500000000015293,7.853479376354901
50,0.1,0,AR2,pcglasso,C,9.999999999999982e-9,0.17637500000012096,36.80366868810688
50,0.1,0,AR2,pcglasso,C,3.5111917342151263e-8,0.15690000000001875,36.803668704321105
50,0.1,0,AR2,pcglasso,C,1.2328467394420646e-7,0.1461750000000393,36.803668853305815
50,0.1,0,AR2,pcglasso,C,4.328761281083054e-7,0.13050000000004047,36.80367157527891
50,0.1,0,AR2,pcglasso,C,1.5199110829529328e-6,0.11492500000005065,36.80370424987129
50,0.1,0,AR2,pcglasso,C,5.336699231206308e-6,0.1024749999999699,36.80417509345535
50,0.1,0,AR2,pcglasso,C,1.873817422860384e-5,0.07330000000001746,36.80872147755781
50,0.1,0,AR2,pcglasso,C,6.579332246575681e-5,0.048349999999993544,36.86474383338425
50,0.1,0,AR2,pcglasso,C,2.310129700083161e-4,0.02165000000000248,38.909585526853085
50,0.1,0,AR2,pcglasso,C,8.11130830789687e-4,0.012574999999996806,40.68277460794697
50,0.1,0,AR2,pcglasso,C,0.002848035868435802,0.010824999999994134,52.168542523937596
50,0.1,0,AR2,pcglasso,C,0.010000000000000004,0.010350000000000392,47.12938074416758
50,0.1,0,AR2,pcglasso,I,9.999999999999982e-9,0.14117499999997563,36.80366868340448
50,0.1,0,AR2,pcglasso,I,3.5111917342151263e-8,0.14777499999997873,36.80366871379023
50,0.1,0,AR2,pcglasso,I,1.2328467394420646e-7,0.13269999999995435,36.80366903501904
50,0.1,0,AR2,pcglasso,I,4.328761281083054e-7,0.1206749999999488,36.803671010797956
50,0.1,0,AR2,pcglasso,I,1.5199110829529328e-6,0.10549999999997225,36.803697119982985
50,0.1,0,AR2,pcglasso,I,5.336699231206308e-6,0.09370000000002392,36.804075843604
50,0.1,0,AR2,pcglasso,I,1.873817422860384e-5,0.06440000000002329,36.807670625430674
50,0.1,0,AR2,pcglasso,I,6.579332246575681e-5,0.04099999999998545,36.83799276405216
50,0.1,0,AR2,pcglasso,I,2.310129700083161e-4,0.025775000000018623,37.03992900887456
50,0.1,0,AR2,pcglasso,I,8.11130830789687e-4,0.01164999999999452,38.700230686880985
50,0.1,0,AR2,pcglasso,I,0.002848035868435802,0.009600000000001784,39.65489401198177
50,0.1,0,AR2,pcglasso,I,0.010000000000000004,0.009525000000002138,38.94218233543665
50,0.1,0,AR2,pcglassoFast_Dual,C,9.999999999999982e-9,0.03800000000005639,36.8036686872179
50,0.1,0,AR2,pcglassoFast_Dual,C,3.5111917342151263e-8,0.03674999999996089,36.803668711766086
50,0.1,0,AR2,pcglassoFast_Dual,C,1.2328467394420646e-7,0.03455000000001292,36.80366879615876
50,0.1,0,AR2,pcglassoFast_Dual,C,4.328761281083054e-7,0.032474999999919874,36.80366905479514
50,0.1,0,AR2,pcglassoFast_Dual,C,1.5199110829529328e-6,0.030924999999990634,36.80367001234231
50,0.1,0,AR2,pcglassoFast_Dual,C,5.336699231206308e-6,0.030700000000024374,36.80367144667744
50,0.1,0,AR2,pcglassoFast_Dual,C,1.873817422860384e-5,0.028599999999988766,36.80368151424598
50,0.1,0,AR2,pcglassoFast_Dual,C,6.579332246575681e-5,0.026800000000037016,36.8036974476828
50,0.1,0,AR2,pcglassoFast_Dual,C,2.310129700083161e-4,0.025675000000003934,36.803806378763966
50,0.1,0,AR2,pcglassoFast_Dual,C,8.11130830789687e-4,0.025750000000003583,36.80397211955633
50,0.1,0,AR2,pcglassoFast_Dual,C,0.002848035868435802,0.0238749999999996,36.8044242573545
50,0.1,0,AR2,pcglassoFast_Dual,C,0.010000000000000004,0.02190000000000012,36.80881363777479
50,0.1,0,AR2,pcglassoFast_Dual,I,9.999999999999982e-9,0.024700000000098043,36.803668687623656
50,0.1,0,AR2,pcglassoFast_Dual,I,3.5111917342151263e-8,0.026375000000052752,36.80366871082383
50,0.1,0,AR2,pcglassoFast_Dual,I,1.2328467394420646e-7,0.025274999999874127,36.80366878643381
50,0.1,0,AR2,pcglassoFast_Dual,I,4.328761281083054e-7,0.02297499999995125,36.803669062130965
50,0.1,0,AR2,pcglassoFast_Dual,I,1.5199110829529328e-6,0.022024999999996454,36.8036694310626
50,0.1,0,AR2,pcglassoFast_Dual,I,5.336699231206308e-6,0.020624999999972714,36.80367178633357
50,0.1,0,AR2,pcglassoFast_Dual,I,1.873817422860384e-5,0.01870000000001255,36.80368267436035
50,0.1,0,AR2,pcglassoFast_Dual,I,6.579332246575681e-5,0.017750000000006594,36.80369912868542
50,0.1,0,AR2,pcglassoFast_Dual,I,2.310129700083161e-4,0.01604999999998995,36.80380901871091
50,0.1,0,AR2,pcglassoFast_Dual,I,8.11130830789687e-4,0.014825000000004706,36.803947703972725
50,0.1,0,AR2,pcglassoFast_Dual,I,0.002848035868435802,0.012449999999998341,36.80552366231869
50,0.1,0,AR2,pcglassoFast_Dual,I,0.010000000000000004,0.012625000000000598,36.80552366231869
50,0.1,0,AR2,pcglassoFast_Primal,C,9.999999999999982e-9,0.07192499999994198,36.80366869104985
50,0.1,0,AR2,pcglassoFast_Primal,C,3.5111917342151263e-8,0.06642500000002656,36.803668745962
50,0.1,0,AR2,pcglassoFast_Primal,C,1.2328467394420646e-7,0.06402499999992414,36.803668834211564
50,0.1,0,AR2,pcglassoFast_Primal,C,4.328761281083054e-7,0.05559999999998126,36.80366929151162
50,0.1,0,AR2,pcglassoFast_Primal,C,1.5199110829529328e-6,0.05344999999998663,36.803670228956506
50,0.1,0,AR2,pcglassoFast_Primal,C,5.336699231206308e-6,0.048575000000005274,36.803675398340346
50,0.1,0,AR2,pcglassoFast_Primal,C,1.873817422860384e-5,0.04439999999997894,36.80368754067957
50,0.1,0,AR2,pcglassoFast_Primal,C,6.579332246575681e-5,0.04105000000000132,36.80372537502066
50,0.1,0,AR2,pcglassoFast_Primal,C,2.310129700083161e-4,0.038249999999996474,36.80385292153622
50,0.1,0,AR2,pcglassoFast_Primal,C,8.11130830789687e-4,0.034775000000000486,36.80429184482027
50,0.1,0,AR2,pcglassoFast_Primal,C,0.002848035868435802,0.03144999999999598,36.805863363548916
50,0.1,0,AR2,pcglassoFast_Primal,C,0.010000000000000004,0.027250000000000264,36.812467078664746
50,0.1,0,AR2,pcglassoFast_Primal,I,9.999999999999982e-9,0.05930000000000746,36.80366869195868
50,0.1,0,AR2,pcglassoFast_Primal,I,3.5111917342151263e-8,0.05849999999995816,36.80366874837017
50,0.1,0,AR2,pcglassoFast_Primal,I,1.2328467394420646e-7,0.05565000000003693,36.8036688359489
50,0.1,0,AR2,pcglassoFast_Primal,I,4.328761281083054e-7,0.05014999999998508,36.80366927399642
50,0.1,0,AR2,pcglassoFast_Primal,I,1.5199110829529328e-6,0.04347500000002356,36.8036709622502
50,0.1,0,AR2,pcglassoFast_Primal,I,5.336699231206308e-6,0.041424999999992454,36.80367439647892
50,0.1,0,AR2,pcglassoFast_Primal,I,1.873817422860384e-5,0.035875000000021376,36.80369184202823
50,0.1,0,AR2,pcglassoFast_Primal,I,6.579332246575681e-5,0.030450000000007547,36.803766966897236
50,0.1,0,AR2,pcglassoFast_Primal,I,2.310129700083161e-4,0.026950000000010733,36.80393559949122
50,0.1,0,AR2,pcglassoFast_Primal,I,8.11130830789687e-4,0.023475000000004798,36.80442726790599
50,0.1,0,AR2,pcglassoFast_Primal,I,0.002848035868435802,0.01970000000001022,36.805966641497236
50,0.1,0,AR2,pcglassoFast_Primal,I,0.010000000000000004,0.016149999999999665,36.81152389802722
50,0.1,0,hub_09,pcglasso,C,9.999999999999982e-9,0.11452500000004875,44.06865904536118
50,0.1,0,hub_09,pcglasso,C,3.5111917342151263e-8,0.10672500000002856,44.06865904583953
50,0.1,0,hub_09,pcglasso,C,1.2328467394420646e-7,0.09927500000005693,44.068659066333865
50,0.1,0,hub_09,pcglasso,C,4.328761281083054e-7,0.09257500000003346,44.06865979448429
50,0.1,0,hub_09,pcglasso,C,1.5199110829529328e-6,0.08317500000002838,44.06867374546096
50,0.1,0,hub_09,pcglasso,C,5.336699231206308e-6,0.074474999999984,44.06881177922031
50,0.1,0,hub_09,pcglasso,C,1.873817422860384e-5,0.05552499999998872,44.07050971646144
50,0.1,0,hub_09,pcglasso,C,6.579332246575681e-5,0.04064999999998804,44.07842672235997
50,0.1,0,hub_09,pcglasso,C,2.310129700083161e-4,0.025200000000009482,44.24142879321986
50,0.1,0,hub_09,pcglasso,C,8.11130830789687e-4,0.009325000000008288,50.232790381277056
50,0.1,0,hub_09,pcglasso,C,0.002848035868435802,0.008399999999996055,53.72431173836314
50,0.1,0,hub_09,pcglasso,C,0.010000000000000004,0.0089000000000002185,52.2343152041078
50,0.1,0,hub_09,pcglasso,I,9.999999999999982e-9,0.10299999999988359,44.06865906376125
50,0.1,0,hub_09,pcglasso,I,3.5111917342151263e-8,0.11232500000000982,44.06865906376125
50,0.1,0,hub_09,pcglasso,I,1.2328467394420646e-7,0.10282500000000709,44.068659079388745
50,0.1,0,hub_09,pcglasso,I,4.328761281083054e-7,0.088049999999987,44.06866005604076
50,0.1,0,hub_09,pcglasso,I,1.5199110829529328e-6,0.07765000000000555,44.068667526092185
50,0.1,0,hub_09,pcglasso,I,5.336699231206308e-6,0.064224999999999,44.06901888156519
50,0.1,0,hub_09,pcglasso,I,1.873817422860384e-5,0.04325000000001751,44.072678901145565
50,0.1,0,hub_09,pcglasso,I,6.579332246575681e-5,0.031075000000009824,44.083387150059586
50,0.1,0,hub_09,pcglasso,I,2.310129700083161e-4,0.016674999999983696,44.21146851050234
50,0.1,0,hub_09,pcglasso,I,8.11130830789687e-4,0.010824999999994134,44.534141003360375
50,0.1,0,hub_09,pcglasso,I,0.002848035868435802,0.00917500000000473,44.463028189939344
50,0.1,0,hub_09,pcglasso,I,0.010000000000000004,0.009825000000000727,44.463028189939344
50,0.1,0,hub_09,pcglassoFast_Dual,C,9.999999999999982e-9,0.08287499999999,44.06865904904245
50,0.1,0,hub_09,pcglassoFast_Dual,C,3.5111917342151263e-8,0.08219999999996616,44.06865905455483
50,0.1,0,hub_09,pcglassoFast_Dual,C,1.2328467394420646e-7,0.06909999999984393,44.068659098888475
50,0.1,0,hub_09,pcglassoFast_Dual,C,4.328761281083054e-7,0.06187500000005457,44.06865937024493
50,0.1,0,hub_09,pcglassoFast_Dual,C,1.5199110829529328e-6,0.055999999999983174,44.068660361504605
50,0.1,0,hub_09,pcglassoFast_Dual,C,5.336699231206308e-6,0.051650000000012145,44.068662122270254
50,0.1,0,hub_09,pcglassoFast_Dual,C,1.873817422860384e-5,0.044450000000023235,44.06866948635705
50,0.1,0,hub_09,pcglassoFast_Dual,C,6.579332246575681e-5,0.035400000000004185,44.06870303389674
50,0.1,0,hub_09,pcglassoFast_Dual,C,2.310129700083161e-4,0.02912499999999909,44.068831973270576
50,0.1,0,hub_09,pcglassoFast_Dual,C,8.11130830789687e-4,0.025125000000009834,44.069099459870436
50,0.1,0,hub_09,pcglassoFast_Dual,C,0.002848035868435802,0.022750000000004888,44.06967332002386
50,0.1,0,hub_09,pcglassoFast_Dual,C,0.010000000000000004,0.01890000000000036,44.0763905327086
50,0.1,0,hub_09,pcglassoFast_Dual,I,9.999999999999982e-9,0.058925000000090225,44.06865904475646
50,0.1,0,hub_09,pcglassoFast_Dual,I,3.5111917342151263e-8,0.058575000000041656,44.06865905506364
50,0.1,0,hub_09,pcglassoFast_Dual,I,1.2328467394420646e-7,0.05279999999995653,44.068659102413754
50,0.1,0,hub_09,pcglassoFast_Dual,I,4.328761281083054e-7,0.04840000000007194,44.068659375092636
50,0.1,0,hub_09,pcglassoFast_Dual,I,1.5199110829529328e-6,0.042350000000010365,44.06866038259105
50,0.1,0,hub_09,pcglassoFast_Dual,I,5.336699231206308e-6,0.03455000000003565,44.068662224892954
50,0.1,0,hub_09,pcglassoFast_Dual,I,1.873817422860384e-5,0.0310500000000161,44.0686684025249
50,0.1,0,hub_09,pcglassoFast_Dual,I,6.579332246575681e-5,0.02230000000002974,44.06874007557141
50,0.1,0,hub_09,pcglassoFast_Dual,I,2.310129700083161e-4,0.020774999999991904,44.06877749637983
50,0.1,0,hub_09,pcglassoFast_Dual,I,8.11130830789687e-4,0.017625000000003867,44.06906724203541
50,0.1,0,hub_09,pcglassoFast_Dual,I,0.002848035868435802,0.012299999999997624,44.07302108121374
50,0.1,0,hub_09,pcglassoFast_Dual,I,0.010000000000000004,0.010974999999997691,44.07548367919581
50,0.1,0,hub_09,pcglassoFast_Primal,C,9.999999999999982e-9,0.04295000000001892,44.06865904840187
50,0.1,0,hub_09,pcglassoFast_Primal,C,3.5111917342151263e-8,0.04049999999990632,44.068659057363575
50,0.1,0,hub_09,pcglassoFast_Primal,C,1.2328467394420646e-7,0.038750000000004545,44.06865912586613
50,0.1,0,hub_09,pcglassoFast_Primal,C,4.328761281083054e-7,0.034550000000024284,44.068659238491016
50,0.1,0,hub_09,pcglassoFast_Primal,C,1.5199110829529328e-6,0.03382500000002438,44.06865950483101
50,0.1,0,hub_09,pcglassoFast_Primal,C,5.336699231206308e-6,0.02980000000003997,44.068661665594625
50,0.1,0,hub_09,pcglassoFast_Primal,C,1.873817422860384e-5,0.02872499999999718,44.06866536578674
50,0.1,0,hub_09,pcglassoFast_Primal,C,6.579332246575681e-5,0.024874999999988746,44.0686970948537
50,0.1,0,hub_09,pcglassoFast_Primal,C,2.310129700083161e-4,0.023324999999999818,44.068754225574224
50,0.1,0,hub_09,pcglassoFast_Primal,C,8.11130830789687e-4,0.021349999999995362,44.06890128514054
50,0.1,0,hub_09,pcglassoFast_Primal,C,0.002848035868435802,0.019700000000000273,44.06928667058653
50,0.1,0,hub_09,pcglassoFast_Primal,C,0.010000000000000004,0.016075000000000728,44.07326482789499
50,0.1,0,hub_09,pcglassoFast_Primal,I,9.999999999999982e-9,0.03850000000002183,44.06865904614965
50,0.1,0,hub_09,pcglassoFast_Primal,I,3.5111917342151263e-8,0.03837500000006457,44.068659062515835
50,0.1,0,hub_09,pcglassoFast_Primal,I,1.2328467394420646e-7,0.034575000000063486,44.068659137022316
50,0.1,0,hub_09,pcglassoFast_Primal,I,4.328761281083054e-7,0.03327500000004875,44.068659248720124
50,0.1,0,hub_09,pcglassoFast_Primal,I,1.5199110829529328e-6,0.02862499999996544,44.068660028080735
50,0.1,0,hub_09,pcglassoFast_Primal,I,5.336699231206308e-6,0.02815000000002783,44.06866120943004
50,0.1,0,hub_09,pcglassoFast_Primal,I,1.873817422860384e-5,0.02455000000002201,44.068669763627426
50,0.1,0,hub_09,pcglassoFast_Primal,I,6.579332246575681e-5,0.02312500000001023,44.06868334878285
50,0.1,0,hub_09,pcglassoFast_Primal,I,2.310129700083161e-4,0.019199999999992202,44.06879185305118
50,0.1,0,hub_09,pcglassoFast_Primal,I,8.11130830789687e-4,0.017975000000001275,44.06898224194087
50,0.1,0,hub_09,pcglassoFast_Primal,I,0.002848035868435802,0.015349999999997976,44.06945375270688
50,0.1,0,hub_09,pcglassoFast_Primal,I,0.010000000000000004,0.012150000000000105,44.073882903237205
50,0.1,0,hub_1,pcglasso,C,9.999999999999982e-9,1.3491250000000263,15.366526194309667
50,0.1,0,hub_1,pcglasso,C,3.5111917342151263e-8,1.163675000000012,15.36652632549587
50,0.1,0,hub_1,pcglasso,C,1.2328467394420646e-7,0.9592750000000023,15.366527993401338
50,0.1,0,hub_1,pcglasso,C,4.328761281083054e-7,0.7271999999999821,15.36655862149171
50,0.1,0,hub_1,pcglasso,C,1.5199110829529328e-6,0.5258000000000038,15.366926408167782
50,0.1,0,hub_1,pcglasso,C,5.336699231206308e-6,0.34307500000001595,15.37061869778928
50,0.1,0,hub_1,pcglasso,C,1.873817422860384e-5,0.20702499999998736,15.38146102973645
50,0.1,0,hub_1,pcglasso,C,6.579332246575681e-5,0.11994999999998868,15.445213900820615
50,0.1,0,hub_1,pcglasso,C,2.310129700083161e-4,0.09892499999999131,16.100225746914298
50,0.1,0,hub_1,pcglasso,C,8.11130830789687e-4,0.045949999999997715,27.367157219632443
50,0.1,0,hub_1,pcglasso,C,0.002848035868435802,0.046049999999996774,27.367157219632443
50,0.1,0,hub_1,pcglasso,C,0.010000000000000004,0.06047499999999957,27.367157219632443
50,0.1,0,hub_1,pcglasso,I,9.999999999999982e-9,1.7286499999999934,15.366526188867498
50,0.1,0,hub_1,pcglasso,I,3.5111917342151263e-8,1.5536249999998517,15.366526388013131
50,0.1,0,hub_1,pcglasso,I,1.2328467394420646e-7,1.2606999999999744,15.366528027137296
50,0.1,0,hub_1,pcglasso,I,4.328761281083054e-7,0.9621499999999855,15.366547618098496
50,0.1,0,hub_1,pcglasso,I,1.5199110829529328e-6,0.6853750000000332,15.36683216264963
50,0.1,0,hub_1,pcglasso,I,5.336699231206308e-6,0.40867499999998247,15.370088681674691
50,0.1,0,hub_1,pcglasso,I,1.873817422860384e-5,0.1603499999999997,15.487993509996777
50,0.1,0,hub_1,pcglasso,I,6.579332246575681e-5,0.04209999999999923,16.416299783531166
50,0.1,0,hub_1,pcglasso,I,2.310129700083161e-4,0.028974999999996955,16.96904604731853
50,0.1,0,hub_1,pcglasso,I,8.11130830789687e-4,0.02449999999999477,17.585549138738095
50,0.1,0,hub_1,pcglasso,I,0.002848035868435802,0.014724999999997124,19.205969135126214
50,0.1,0,hub_1,pcglasso,I,0.010000000000000004,0.015775000000003557,19.213759497727604
50,0.1,0,hub_1,pcglassoFast_Dual,C,9.999999999999982e-9,2.1171499999999015,15.366526234412513
50,0.1,0,hub_1,pcglassoFast_Dual,C,3.5111917342151263e-8,1.8424499999999397,15.366526915899394
50,0.1,0,hub_1,pcglassoFast_Dual,C,1.2328467394420646e-7,1.7134499999999662,15.366528478283275
50,0.1,0,hub_1,pcglassoFast_Dual,C,4.328761281083054e-7,1.6904750000000035,15.366529198597568
50,0.1,0,hub_1,pcglassoFast_Dual,C,1.5199110829529328e-6,1.5189500000000293,15.366534824072403
50,0.1,0,hub_1,pcglassoFast_Dual,C,5.336699231206308e-6,1.4006749999999841,15.366563737817508
50,0.1,0,hub_1,pcglassoFast_Dual,C,1.873817422860384e-5,1.0645000000000095,15.366927787355792
50,0.1,0,hub_1,pcglassoFast_Dual,C,6.579332246575681e-5,1.0090249999999799,15.366920080275086
50,0.1,0,hub_1,pcglassoFast_Dual,C,2.310129700083161e-4,0.5098500000000001,15.383190085385674
50,0.1,0,hub_1,pcglassoFast_Dual,C,8.11130830789687e-4,0.24902499999999889,15.438027560955419
50,0.1,0,hub_1,pcglassoFast_Dual,C,0.002848035868435802,0.18302500000000066,15.464157708429337
50,0.1,0,hub_1,pcglassoFast_Dual,C,0.010000000000000004,0.16717499999999977,15.471405651219612
50,0.1,0,hub_1,pcglassoFast_Dual,I,9.999999999999982e-9,1.9493750000001,15.366526228479952
50,0.1,0,hub_1,pcglassoFast_Dual,I,3.5111917342151263e-8,1.8947999999999638,15.366526480725135
50,0.1,0,hub_1,pcglassoFast_Dual,I,1.2328467394420646e-7,1.576124999999911,15.366529900297218
50,0.1,0,hub_1,pcglassoFast_Dual,I,4.328761281083054e-7,1.4870500000000901,15.366535931806137
50,0.1,0,hub_1,pcglassoFast_Dual,I,1.5199110829529328e-6,1.4926249999999412,15.366533996838195
50,0.1,0,hub_1,pcglassoFast_Dual,I,5.336699231206308e-6,1.3568250000000148,15.366557377625252
50,0.1,0,hub_1,pcglassoFast_Dual,I,1.873817422860384e-5,1.0526749999999994,15.366848433878525
50,0.1,0,hub_1,pcglassoFast_Dual,I,6.579332246575681e-5,0.9539500000000146,15.366911982966009
50,0.1,0,hub_1,pcglassoFast_Dual,I,2.310129700083161e-4,0.8247000000000128,15.367775462378962
50,0.1,0,hub_1,pcglassoFast_Dual,I,8.11130830789687e-4,0.6734749999999963,15.371136776328832
50,0.1,0,hub_1,pcglassoFast_Dual,I,0.002848035868435802,0.5152249999999995,15.383903236489767
50,0.1,0,hub_1,pcglassoFast_Dual,I,0.010000000000000004,0.40405000000000013,15.425888364273298
50,0.1,0,hub_1,pcglassoFast_Primal,C,9.999999999999982e-9,0.7410499999999729,15.366526442687771
50,0.1,0,hub_1,pcglassoFast_Primal,C,3.5111917342151263e-8,0.6553999999999632,15.366527080246673
50,0.1,0,hub_1,pcglassoFast_Primal,C,1.2328467394420646e-7,0.5749250000000188,15.366529119760916
50,0.1,0,hub_1,pcglassoFast_Primal,C,4.328761281083054e-7,0.49067500000002157,15.36653381564188
50,0.1,0,hub_1,pcglassoFast_Primal,C,1.5199110829529328e-6,0.40900000000006004,15.366543908427667
50,0.1,0,hub_1,pcglassoFast_Primal,C,5.336699231206308e-6,0.35697499999998855,15.366548836476774
50,0.1,0,hub_1,pcglassoFast_Primal,C,1.873817422860384e-5,0.32529999999997583,15.36659779777888
50,0.1,0,hub_1,pcglassoFast_Primal,C,6.579332246575681e-5,0.272549999999984,15.366638861333733
50,0.1,0,hub_1,pcglassoFast_Primal,C,2.310129700083161e-4,0.22509999999998626,15.366701565482746
50,0.1,0,hub_1,pcglassoFast_Primal,C,8.11130830789687e-4,0.17429999999999807,15.367276584012437
50,0.1,0,hub_1,pcglassoFast_Primal,C,0.002848035868435802,0.1401999999999987,15.370720046040208
50,0.1,0,hub_1,pcglassoFast_Primal,C,0.010000000000000004,0.20562499999999986,15.384098120966158
50,0.1,0,hub_1,pcglassoFast_Primal,I,9.999999999999982e-9,0.7276250000000346,15.36652653375915
50,0.1,0,hub_1,pcglassoFast_Primal,I,3.5111917342151263e-8,0.6240250000000515,15.366527436406606
50,0.1,0,hub_1,pcglassoFast_Primal,I,1.2328467394420646e-7,0.5060749999999871,15.366530227235337
50,0.1,0,hub_1,pcglassoFast_Primal,I,4.328761281083054e-7,0.397500000000025,15.366537692452653
50,0.1,0,hub_1,pcglassoFast_Primal,I,1.5199110829529328e-6,0.34652499999998554,15.366549752879154
50,0.1,0,hub_1,pcglassoFast_Primal,I,5.336699231206308e-6,0.29949999999997773,15.366550669354016
50,0.1,0,hub_1,pcglassoFast_Primal,I,1.873817422860384e-5,0.27160000000000084,15.366582841371397
50,0.1,0,hub_1,pcglassoFast_Primal,I,6.579332246575681e-5,0.25322499999999193,15.366699467923077
50,0.1,0,hub_1,pcglassoFast_Primal,I,2.310129700083161e-4,0.22694999999999937,15.367171207354431
50,0.1,0,hub_1,pcglassoFast_Primal,I,8.11130830789687e-4,0.1922749999999951,15.368854286999532
50,0.1,0,hub_1,pcglassoFast_Primal,I,0.002848035868435802,0.14882499999999937,15.377850918142855
50,0.1,0,hub_1,pcglassoFast_Primal,I,0.010000000000000004,0.13259999999999827,15.407196846179696
50,0.1,0,random,pcglasso,C,9.999999999999982e-9,0.15939999999998236,41.0275936373497
50,0.1,0,random,pcglasso,C,3.5111917342151263e-8,0.1350499999999329,41.0275938160456
50,0.1,0,random,pcglasso,C,1.2328467394420646e-7,0.11545000000000982,41.02759551482866
50,0.1,0,random,pcglasso,C,4.328761281083054e-7,0.09480000000000928,41.027612539157644
50,0.1,0,random,pcglasso,C,1.5199110829529328e-6,0.08147500000001173,41.02770364017408
50,0.1,0,random,pcglasso,C,5.336699231206308e-6,0.074675000000002,41.0279927008596
50,0.1,0,random,pcglasso,C,1.873817422860384e-5,0.05289999999999395,41.03104115270492
50,0.1,0,random,pcglasso,C,6.579332246575681e-5,0.03989999999998872,41.06468678644669
50,0.1,0,random,pcglasso,C,2.310129700083161e-4,0.023699999999996633,41.447883352552836
50,0.1,0,random,pcglasso,C,8.11130830789687e-4,0.009450000000006753,49.45913239807732
50,0.1,0,random,pcglasso,C,0.002848035868435802,0.0098500000000044,53.18428964530138
50,0.1,0,random,pcglasso,C,0.010000000000000004,0.008475000000001032,55.61593554048598
50,0.1,0,random,pcglasso,I,9.999999999999982e-9,0.13380000000004202,41.02759363790466
50,0.1,0,random,pcglasso,I,3.5111917342151263e-8,0.12882500000005165,41.02759382120021
50,0.1,0,random,pcglasso,I,1.2328467394420646e-7,0.11184999999989031,41.02759554623413
50,0.1,0,random,pcglasso,I,4.328761281083054e-7,0.08869999999999437,41.02761203982626
50,0.1,0,random,pcglasso,I,1.5199110829529328e-6,0.07549999999998817,41.02791070107527
50,0.1,0,random,pcglasso,I,5.336699231206308e-6,0.06550000000002001,41.0283496181533
50,0.1,0,random,pcglasso,I,1.873817422860384e-5,0.04602500000002578,41.03595455368473
50,0.1,0,random,pcglasso,I,6.579332246575681e-5,0.031225000000006276,41.06546480945531
50,0.1,0,random,pcglasso,I,2.310129700083161e-4,0.018025000000017145,41.27013594241966
50,0.1,0,random,pcglasso,I,8.11130830789687e-4,0.01117500000000291,41.823006866504606
50,0.1,0,random,pcglasso,I,0.002848035868435802,0.010275000000000034,41.954242935701366
50,0.1,0,random,pcglasso,I,0.010000000000000004,0.01007499999999908,41.954242935701366
50,0.1,0,random,pcglassoFast_Dual,C,9.999999999999982e-9,0.04932499999999891,41.02759363003847
50,0.1,0,random,pcglassoFast_Dual,C,3.5111917342151263e-8,0.051799999999980174,41.02759366279333
50,0.1,0,random,pcglassoFast_Dual,C,1.2328467394420646e-7,0.04540000000010878,41.02759374597518
50,0.1,0,random,pcglassoFast_Dual,C,4.328761281083054e-7,0.042724999999995815,41.02759393385783
50,0.1,0,random,pcglassoFast_Dual,C,1.5199110829529328e-6,0.037950000000000726,41.027595516454554
50,0.1,0,random,pcglassoFast_Dual,C,5.336699231206308e-6,0.03677500000001146,41.027596991535695
50,0.1,0,random,pcglassoFast_Dual,C,1.873817422860384e-5,0.034274999999973944,41.0276050224737
50,0.1,0,random,pcglassoFast_Dual,C,6.579332246575681e-5,0.03239999999998418,41.027694710499674
50,0.1,0,random,pcglassoFast_Dual,C,2.310129700083161e-4,0.027725000000009457,41.027710796290975
50,0.1,0,random,pcglassoFast_Dual,C,8.11130830789687e-4,0.024149999999998784,41.02861727685341
50,0.1,0,random,pcglassoFast_Dual,C,0.002848035868435802,0.021024999999998784,41.03151958629806
50,0.1,0,random,pcglassoFast_Dual,C,0.010000000000000004,0.019700000000000627,41.03366937949243
50,0.1,0,random,pcglassoFast_Dual,I,9.999999999999982e-9,0.044025000000056026,41.027593627507414
50,0.1,0,random,pcglassoFast_Dual,I,3.5111917342151263e-8,0.048149999999986905,41.02759363420559
50,0.1,0,random,pcglassoFast_Dual,I,1.2328467394420646e-7,0.04412499999996271,41.02759385808113
50,0.1,0,random,pcglassoFast_Dual,I,4.328761281083054e-7,0.038974999999948065,41.02759468831066
50,0.1,0,random,pcglassoFast_Dual,I,1.5199110829529328e-6,0.042899999999997364,41.02759591319748
50,0.1,0,random,pcglassoFast_Dual,I,5.336699231206308e-6,0.033649999999943246,41.0275959150918
50,0.1,0,random,pcglassoFast_Dual,I,1.873817422860384e-5,0.028999999999996362,41.02760436010495
50,0.1,0,random,pcglassoFast_Dual,I,6.579332246575681e-5,0.02642499999998904,41.02761358735833
50,0.1,0,random,pcglassoFast_Dual,I,2.310129700083161e-4,0.020275000000015097,41.028683508086814
50,0.1,0,random,pcglassoFast_Dual,I,8.11130830789687e-4,0.017900000000003045,41.02917026031213
50,0.1,0,random,pcglassoFast_Dual,I,0.002848035868435802,0.016250000000006537,41.02960315464712
50,0.1,0,random,pcglassoFast_Dual,I,0.010000000000000004,0.014775000000001625,41.03092191838189
50,0.1,0,random,pcglassoFast_Primal,C,9.999999999999982e-9,0.0724999999999227,41.027593635504324
50,0.1,0,random,pcglassoFast_Primal,C,3.5111917342151263e-8,0.06769999999999073,41.02759367586938
50,0.1,0,random,pcglassoFast_Primal,C,1.2328467394420646e-7,0.06182500000002165,41.02759380226345
50,0.1,0,random,pcglassoFast_Primal,C,4.328761281083054e-7,0.05712500000003047,41.02759422391525
50,0.1,0,random,pcglassoFast_Primal,C,1.5199110829529328e-6,0.0514999999999759,41.02759563009482
50,0.1,0,random,pcglassoFast_Primal,C,5.336699231206308e-6,0.04680000000000177,41.027600549014366
50,0.1,0,random,pcglassoFast_Primal,C,1.873817422860384e-5,0.041475000000002635,41.027618254953715
50,0.1,0,random,pcglassoFast_Primal,C,6.579332246575681e-5,0.035725000000002186,41.027686275573544
50,0.1,0,random,pcglassoFast_Primal,C,2.310129700083161e-4,0.03175000000000239,41.02782935230364
50,0.1,0,random,pcglassoFast_Primal,C,8.11130830789687e-4,0.02637500000000159,41.02865818077434
50,0.1,0,random,pcglassoFast_Primal,C,0.002848035868435802,0.025524999999998955,41.02944188989565
50,0.1,0,random,pcglassoFast_Primal,C,0.010000000000000004,0.020774999999999544,41.03405943168133
50,0.1,0,random,pcglassoFast_Primal,I,9.999999999999982e-9,0.06392500000001747,41.02759363150375
50,0.1,0,random,pcglassoFast_Primal,I,3.5111917342151263e-8,0.06240000000000236,41.02759368773989
50,0.1,0,random,pcglassoFast_Primal,I,1.2328467394420646e-7,0.057600000000047655,41.02759385131995
50,0.1,0,random,pcglassoFast_Primal,I,4.328761281083054e-7,0.05282500000006394,41.027594155379305
50,0.1,0,random,pcglassoFast_Primal,I,1.5199110829529328e-6,0.04887500000003229,41.02759553578242
50,0.1,0,random,pcglassoFast_Primal,I,5.336699231206308e-6,0.04339999999997417,41.027600720083306
50,0.1,0,random,pcglassoFast_Primal,I,1.873817422860384e-5,0.03815000000000168,41.027620520686426
50,0.1,0,random,pcglassoFast_Primal,I,6.579332246575681e-5,0.03242499999999495,41.02769927285978
50,0.1,0,random,pcglassoFast_Primal,I,2.310129700083161e-4,0.029075000000005957,41.027862987358944
50,0.1,0,random,pcglassoFast_Primal,I,8.11130830789687e-4,0.02349999999999568,41.028749862627116
50,0.1,0,random,pcglassoFast_Primal,I,0.002848035868435802,0.01977499999999992,41.0307974686503
50,0.1,0,random,pcglassoFast_Primal,I,0.010000000000000004,0.015674999999999883,41.037165914298264
50,0.1,0.5,AR2,pcglasso,C,9.999999999999982e-9,0.08189999999990505,41.389794860485516
50,0.1,0.5,AR2,pcglasso,C,3.5111917342151263e-8,0.08022499999997308,41.38979486111378
50,0.1,0.5,AR2,pcglasso,C,1.2328467394420646e-7,0.0755500000000211,41.389794925246974
50,0.1,0.5,AR2,pcglasso,C,4.328761281083054e-7,0.07604999999995243,41.38979498353183
50,0.1,0.5,AR2,pcglasso,C,1.5199110829529328e-6,0.07197499999999764,41.38979527822193
50,0.1,0.5,AR2,pcglasso,C,5.336699231206308e-6,0.0690249999999594,41.38979827593616
50,0.1,0.5,AR2,pcglasso,C,1.873817422860384e-5,0.059050000000024735,41.3898182993607
50,0.1,0.5,AR2,pcglasso,C,6.579332246575681e-5,0.04387500000001978,41.39138098263193
50,0.1,0.5,AR2,pcglasso,C,2.310129700083161e-4,0.03247500000000514,41.40233043143252
50,0.1,0.5,AR2,pcglasso,C,8.11130830789687e-4,0.02137499999998198,41.84528248998743
50,0.1,0.5,AR2,pcglasso,C,0.002848035868435802,0.009174999999998334,71.01431835332542
50,0.1,0.5,AR2,pcglasso,C,0.010000000000000004,0.010225000000001571,66.88936651023675
50,0.1,0.5,AR2,pcglasso,I,9.999999999999982e-9,0.04794999999996889,41.38979485906443
50,0.1,0.5,AR2,pcglasso,I,3.5111917342151263e-8,0.04905000000005657,41.38979486263299
50,0.1,0.5,AR2,pcglasso,I,1.2328467394420646e-7,0.045225000000050385,41.38979486519319
50,0.1,0.5,AR2,pcglasso,I,4.328761281083054e-7,0.04039999999990869,41.38979502167983
50,0.1,0.5,AR2,pcglasso,I,1.5199110829529328e-6,0.0406249999999659,41.38979502167983
50,0.1,0.5,AR2,pcglasso,I,5.336699231206308e-6,0.03425000000002001,41.38980437862191
50,0.1,0.5,AR2,pcglasso,I,1.873817422860384e-5,0.027574999999995953,41.389863660403634
50,0.1,0.5,AR2,pcglasso,I,6.579332246575681e-5,0.02005000000000905,41.39034854019949
50,0.1,0.5,AR2,pcglasso,I,2.310129700083161e-4,0.013374999999970782,41.393760933543234
50,0.1,0.5,AR2,pcglasso,I,8.11130830789687e-4,0.007049999999998136,41.42074164492539
50,0.1,0.5,AR2,pcglasso,I,0.002848035868435802,0.007550000000000523,41.407542014718445
50,0.1,0.5,AR2,pcglasso,I,0.010000000000000004,0.006824999999999903,41.441267028101684
50,0.1,0.5,AR2,pcglassoFast_Dual,C,9.999999999999982e-9,0.014500000000020918,41.38979485975812
50,0.1,0.5,AR2,pcglassoFast_Dual,C,3.5111917342151263e-8,0.014850000000046748,41.38979485975812
50,0.1,0.5,AR2,pcglassoFast_Dual,C,1.2328467394420646e-7,0.013825000000019827,41.389794865205715
50,0.1,0.5,AR2,pcglassoFast_Dual,C,4.328761281083054e-7,0.01367500000005748,41.389794865205715
50,0.1,0.5,AR2,pcglassoFast_Dual,C,1.5199110829529328e-6,0.012725000000011732,41.38979492812033
50,0.1,0.5,AR2,pcglassoFast_Dual,C,5.336699231206308e-6,0.013175000000001092,41.38979492812033
50,0.1,0.5,AR2,pcglassoFast_Dual,C,1.873817422860384e-5,0.012475000000000592,41.38979565375838
50,0.1,0.5,AR2,pcglassoFast_Dual,C,6.579332246575681e-5,0.012374999999985902,41.38979565375838
50,0.1,0.5,AR2,pcglassoFast_Dual,C,2.310129700083161e-4,0.011225000000001728,41.38980450910168
50,0.1,0.5,AR2,pcglassoFast_Dual,C,8.11130830789687e-4,0.01122500000001736,41.38980450910168
50,0.1,0.5,AR2,pcglassoFast_Dual,C,0.002848035868435802,0.01052500000000407,41.389912158575385
50,0.1,0.5,AR2,pcglassoFast_Dual,C,0.010000000000000004,0.011400000000000077,41.389912158575385
50,0.1,0.5,AR2,pcglassoFast_Dual,I,9.999999999999982e-9,0.009424999999851025,41.38979485928144
50,0.1,0.5,AR2,pcglassoFast_Dual,I,3.5111917342151263e-8,0.00937500000009095,41.38979486135676
50,0.1,0.5,AR2,pcglassoFast_Dual,I,1.2328467394420646e-7,0.009499999999957254,41.38979486135676
50,0.1,0.5,AR2,pcglassoFast_Dual,I,4.328761281083054e-7,0.008774999999980082,41.389794885802196
50,0.1,0.5,AR2,pcglassoFast_Dual,I,1.5199110829529328e-6,0.009074999999995725,41.389794885802196
50,0.1,0.5,AR2,pcglassoFast_Dual,I,5.336699231206308e-6,0.007575000000053933,41.389795167645346
50,0.1,0.5,AR2,pcglassoFast_Dual,I,1.873817422860384e-5,0.007650000000029422,41.389795167645346
50,0.1,0.5,AR2,pcglassoFast_Dual,I,6.579332246575681e-5,0.006875000000007958,41.389798465400546
50,0.1,0.5,AR2,pcglassoFast_Dual,I,2.310129700083161e-4,0.007174999999983811,41.389798465400546
50,0.1,0.5,AR2,pcglassoFast_Dual,I,8.11130830789687e-4,0.00647500000000889,41.38983675014479
50,0.1,0.5,AR2,pcglassoFast_Dual,I,0.002848035868435802,0.005850000000002353,41.38983675014479
50,0.1,0.5,AR2,pcglassoFast_Dual,I,0.010000000000000004,0.0054499999999968905,41.39023481395469
50,0.1,0.5,AR2,pcglassoFast_Primal,C,9.999999999999982e-9,0.02395000000010441,41.38979486000128
50,0.1,0.5,AR2,pcglassoFast_Primal,C,3.5111917342151263e-8,0.022850000000107683,41.38979486000128
50,0.1,0.5,AR2,pcglassoFast_Primal,C,1.2328467394420646e-7,0.021875,41.38979486495079
50,0.1,0.5,AR2,pcglassoFast_Primal,C,4.328761281083054e-7,0.020449999999993907,41.38979490664827
50,0.1,0.5,AR2,pcglassoFast_Primal,C,1.5199110829529328e-6,0.020100000000002182,41.38979490664827
50,0.1,0.5,AR2,pcglassoFast_Primal,C,5.336699231206308e-6,0.019000000000005457,41.38979524306623
50,0.1,0.5,AR2,pcglassoFast_Primal,C,1.873817422860384e-5,0.019075000000003683,41.38979524306623
50,0.1,0.5,AR2,pcglassoFast_Primal,C,6.579332246575681e-5,0.01742500000002849,41.38979806969978
50,0.1,0.5,AR2,pcglassoFast_Primal,C,2.310129700083161e-4,0.015900000000007707,41.389821827898324
50,0.1,0.5,AR2,pcglassoFast_Primal,C,8.11130830789687e-4,0.015850000000000364,41.389821827898324
50,0.1,0.5,AR2,pcglassoFast_Primal,C,0.002848035868435802,0.014024999999998044,41.39002331296503
50,0.1,0.5,AR2,pcglassoFast_Primal,C,0.010000000000000004,0.01454999999999913,41.39002331296503
50,0.1,0.5,AR2,pcglassoFast_Primal,I,9.999999999999982e-9,0.01802500000001146,41.38979485940156
50,0.1,0.5,AR2,pcglassoFast_Primal,I,3.5111917342151263e-8,0.018000000000029104,41.3897948612989
50,0.1,0.5,AR2,pcglassoFast_Primal,I,1.2328467394420646e-7,0.016224999999985813,41.389794872544904
50,0.1,0.5,AR2,pcglassoFast_Primal,I,4.328761281083054e-7,0.01627499999991642,41.389794872544904
50,0.1,0.5,AR2,pcglassoFast_Primal,I,1.5199110829529328e-6,0.014224999999987631,41.38979496655705
50,0.1,0.5,AR2,pcglassoFast_Primal,I,5.336699231206308e-6,0.014324999999973897,41.38979496655705
50,0.1,0.5,AR2,pcglassoFast_Primal,I,1.873817422860384e-5,0.012999999999982493,41.38979571290337
50,0.1,0.5,AR2,pcglassoFast_Primal,I,6.579332246575681e-5,0.011200000000008004,41.38980163953808
50,0.1,0.5,AR2,pcglassoFast_Primal,I,2.310129700083161e-4,0.011375000000003865,41.38980163953808
50,0.1,0.5,AR2,pcglassoFast_Primal,I,8.11130830789687e-4,0.009599999999994679,41.38984873758063
50,0.1,0.5,AR2,pcglassoFast_Primal,I,0.002848035868435802,0.009775000000007594,41.38984873758063
50,0.1,0.5,AR2,pcglassoFast_Primal,I,0.010000000000000004,0.008325000000001026,41.39022441488613
50,0.1,0.5,hub_09,pcglasso,C,9.999999999999982e-9,0.11165000000000873,41.7818983454121
50,0.1,0.5,hub_09,pcglasso,C,3.5111917342151263e-8,0.07152499999999691,41.78189834093767
50,0.1,0.5,hub_09,pcglasso,C,1.2328467394420646e-7,0.06967500000007476,41.78189834214779
50,0.1,0.5,hub_09,pcglasso,C,4.328761281083054e-7,0.06602499999997917,41.78189835463644
50,0.1,0.5,hub_09,pcglasso,C,1.5199110829529328e-6,0.06425000000002683,41.78189850611873
50,0.1,0.5,hub_09,pcglasso,C,5.336699231206308e-6,0.05837499999999522,41.78190148124904
50,0.1,0.5,hub_09,pcglasso,C,1.873817422860384e-5,0.043950000000012326,41.78211612979969
50,0.1,0.5,hub_09,pcglasso,C,6.579332246575681e-5,0.03675000000002342,41.78220526743857
50,0.1,0.5,hub_09,pcglasso,C,2.310129700083161e-4,0.02710000000001287,41.78391117066376
50,0.1,0.5,hub_09,pcglasso,C,8.11130830789687e-4,0.018675000000018826,41.81002792166889
50,0.1,0.5,hub_09,pcglasso,C,0.002848035868435802,0.008450000000009084,56.60326776937575
50,0.1,0.5,hub_09,pcglasso,C,0.010000000000000004,0.008050000000000068,56.27620439933151
50,0.1,0.5,hub_09,pcglasso,I,9.999999999999982e-9,0.07695000000005621,41.78189834756923
50,0.1,0.5,hub_09,pcglasso,I,3.5111917342151263e-8,0.07305000000003474,41.78189835166343
50,0.1,0.5,hub_09,pcglasso,I,1.2328467394420646e-7,0.07452500000006239,41.78189835166343
50,0.1,0.5,hub_09,pcglasso,I,4.328761281083054e-7,0.06915000000010423,41.78189837669318
50,0.1,0.5,hub_09,pcglasso,I,1.5199110829529328e-6,0.06299999999999954,41.781899528635705
50,0.1,0.5,hub_09,pcglasso,I,5.336699231206308e-6,0.060850000000004914,41.78189976553807
50,0.1,0.5,hub_09,pcglasso,I,1.873817422860384e-5,0.04427500000002169,41.78193278583014
50,0.1,0.5,hub_09,pcglasso,I,6.579332246575681e-5,0.029625000000010004,41.78273834846038
50,0.1,0.5,hub_09,pcglasso,I,2.310129700083161e-4,0.02174999999999159,41.78427082179285
50,0.1,0.5,hub_09,pcglasso,I,8.11130830789687e-4,0.009774999999999067,41.8647776265844
50,0.1,0.5,hub_09,pcglasso,I,0.002848035868435802,0.007575000000002774,41.86956334580588
50,0.1,0.5,hub_09,pcglasso,I,0.010000000000000004,0.007200000000000273,42.12577628652406
50,0.1,0.5,hub_09,pcglassoFast_Dual,C,9.999999999999982e-9,0.012849999999957618,41.78189834120345
50,0.1,0.5,hub_09,pcglassoFast_Dual,C,3.5111917342151263e-8,0.013100000000099499,41.78189834120345
50,0.1,0.5,hub_09,pcglassoFast_Dual,C,1.2328467394420646e-7,0.01212499999994634,41.781898346207896
50,0.1,0.5,hub_09,pcglassoFast_Dual,C,4.328761281083054e-7,0.011300000000039745,41.78189838489808
50,0.1,0.5,hub_09,pcglassoFast_Dual,C,1.5199110829529328e-6,0.01037500000001046,41.781898620616744
50,0.1,0.5,hub_09,pcglassoFast_Dual,C,5.336699231206308e-6,0.010375000000038881,41.781898620616744
50,0.1,0.5,hub_09,pcglassoFast_Dual,C,1.873817422860384e-5,0.00979999999998995,41.78189968309059
50,0.1,0.5,hub_09,pcglassoFast_Dual,C,6.579332246575681e-5,0.008750000000003411,41.78190507988719
50,0.1,0.5,hub_09,pcglassoFast_Dual,C,2.310129700083161e-4,0.007999999999998408,41.781937080915014
50,0.1,0.5,hub_09,pcglassoFast_Dual,C,8.11130830789687e-4,0.008374999999996646,41.781937080915014
50,0.1,0.5,hub_09,pcglassoFast_Dual,C,0.002848035868435802,0.007174999999999443,41.78208798707219
50,0.1,0.5,hub_09,pcglassoFast_Dual,C,0.010000000000000004,0.00747499999999981,41.78208798707219
50,0.1,0.5,hub_09,pcglassoFast_Dual,I,9.999999999999982e-9,0.01154999999996562,41.78189834133104
50,0.1,0.5,hub_09,pcglassoFast_Dual,I,3.5111917342151263e-8,0.013150000000064211,41.78189834133104
50,0.1,0.5,hub_09,pcglassoFast_Dual,I,1.2328467394420646e-7,0.012175000000161163,41.781898348208486
50,0.1,0.5,hub_09,pcglassoFast_Dual,I,4.328761281083054e-7,0.011350000000038562,41.78189840039085
50,0.1,0.5,hub_09,pcglassoFast_Dual,I,1.5199110829529328e-6,0.010724999999990815,41.781898690141425
50,0.1,0.5,hub_09,pcglassoFast_Dual,I,5.336699231206308e-6,0.010424999999975171,41.781898690141425
50,0.1,0.5,hub_09,pcglassoFast_Dual,I,1.873817422860384e-5,0.009725000000014462,41.781899947110205
50,0.1,0.5,hub_09,pcglassoFast_Dual,I,6.579332246575681e-5,0.008799999999985176,41.781906619798946
50,0.1,0.5,hub_09,pcglassoFast_Dual,I,2.310129700083161e-4,0.007725000000021964,41.78194343380689
50,0.1,0.5,hub_09,pcglassoFast_Dual,I,8.11130830789687e-4,0.0076500000000152115,41.78194343380689
50,0.1,0.5,hub_09,pcglassoFast_Dual,I,0.002848035868435802,0.00740000000000407,41.78211740803927
50,0.1,0.5,hub_09,pcglassoFast_Dual,I,0.010000000000000004,0.006074999999999875,41.78329477193466
50,0.1,0.5,hub_09,pcglassoFast_Primal,C,9.999999999999982e-9,0.021274999999900502,41.781898341850834
50,0.1,0.5,hub_09,pcglassoFast_Primal,C,3.5111917342151263e-8,0.021024999999917783,41.781898341850834
50,0.1,0.5,hub_09,pcglassoFast_Primal,C,1.2328467394420646e-7,0.019450000000074397,41.78189834925783
50,0.1,0.5,hub_09,pcglassoFast_Primal,C,4.328761281083054e-7,0.018099999999981263,41.78189839017543
50,0.1,0.5,hub_09,pcglassoFast_Primal,C,1.5199110829529328e-6,0.016100000000074034,41.78189861617739
50,0.1,0.5,hub_09,pcglassoFast_Primal,C,5.336699231206308e-6,0.016224999999963075,41.78189861617739
50,0.1,0.5,hub_09,pcglassoFast_Primal,C,1.873817422860384e-5,0.01467500000001678,41.78189990610955
50,0.1,0.5,hub_09,pcglassoFast_Primal,C,6.579332246575681e-5,0.014750000000015006,41.78189990610955
50,0.1,0.5,hub_09,pcglassoFast_Primal,C,2.310129700083161e-4,0.012825000000006526,41.78190808686439
50,0.1,0.5,hub_09,pcglassoFast_Primal,C,8.11130830789687e-4,0.013424999999993758,41.78190808686439
50,0.1,0.5,hub_09,pcglassoFast_Primal,C,0.002848035868435802,0.011425000000000551,41.78197494433956
50,0.1,0.5,hub_09,pcglassoFast_Primal,C,0.010000000000000004,0.01125000000000016,41.78197494433956
50,0.1,0.5,hub_09,pcglassoFast_Primal,I,9.999999999999982e-9,0.02102500000000873,41.78189834184457
50,0.1,0.5,hub_09,pcglassoFast_Primal,I,3.5111917342151263e-8,0.02309999999995398,41.78189834184457
50,0.1,0.5,hub_09,pcglassoFast_Primal,I,1.2328467394420646e-7,0.02122500000002674,41.7818983492593
50,0.1,0.5,hub_09,pcglassoFast_Primal,I,4.328761281083054e-7,0.019875000000024557,41.78189838976005
50,0.1,0.5,hub_09,pcglassoFast_Primal,I,1.5199110829529328e-6,0.01797500000004675,41.78189860922836
50,0.1,0.5,hub_09,pcglassoFast_Primal,I,5.336699231206308e-6,0.01782500000001619,41.78189860922836
50,0.1,0.5,hub_09,pcglassoFast_Primal,I,1.873817422860384e-5,0.016524999999990086,41.78189987439574
50,0.1,0.5,hub_09,pcglassoFast_Primal,I,6.579332246575681e-5,0.015075000000001637,41.78190707844879
50,0.1,0.5,hub_09,pcglassoFast_Primal,I,2.310129700083161e-4,0.01347499999999684,41.781947922602484
50,0.1,0.5,hub_09,pcglassoFast_Primal,I,8.11130830789687e-4,0.012899999999984858,41.781947922602484
50,0.1,0.5,hub_09,pcglassoFast_Primal,I,0.002848035868435802,0.0117999999999995,41.7821772329383
50,0.1,0.5,hub_09,pcglassoFast_Primal,I,0.010000000000000004,0.009949999999999548,41.783427104023865
50,0.1,0.5,hub_1,pcglasso,C,9.999999999999982e-9,0.32152500000013334,28.684027551326707
50,0.1,0.5,hub_1,pcglasso,C,3.5111917342151263e-8,0.28505000000002384,28.684027550449702
50,0.1,0.5,hub_1,pcglasso,C,1.2328467394420646e-7,0.27270000000000894,28.68402756445037
50,0.1,0.5,hub_1,pcglasso,C,4.328761281083054e-7,0.2288500000000795,28.68402845166783
50,0.1,0.5,hub_1,pcglasso,C,1.5199110829529328e-6,0.22854999999997289,28.684028535559804
50,0.1,0.5,hub_1,pcglasso,C,5.336699231206308e-6,0.20145000000003394,28.684067101546102
50,0.1,0.5,hub_1,pcglasso,C,1.873817422860384e-5,0.1462500000000091,28.684507272138784
50,0.1,0.5,hub_1,pcglasso,C,6.579332246575681e-5,0.11374999999999318,28.68970750588401
50,0.1,0.5,hub_1,pcglasso,C,2.310129700083161e-4,0.11052499999999839,28.757400950255665
50,0.1,0.5,hub_1,pcglasso,C,8.11130830789687e-4,0.044700000000000274,63.17734365823361
50,0.1,0.5,hub_1,pcglasso,C,0.002848035868435802,0.045749999999995336,63.17734365823361
50,0.1,0.5,hub_1,pcglasso,C,0.010000000000000004,0.04665000000000106,63.17734365823361
50,0.1,0.5,hub_1,pcglasso,I,9.999999999999982e-9,0.39247499999989943,28.684027541646138
50,0.1,0.5,hub_1,pcglasso,I,3.5111917342151263e-8,0.40917499999995927,28.68402758587831
50,0.1,0.5,hub_1,pcglasso,I,1.2328467394420646e-7,0.4197500000001583,28.68402758587831
50,0.1,0.5,hub_1,pcglasso,I,4.328761281083054e-7,0.3965749999999503,28.684028461248957
50,0.1,0.5,hub_1,pcglasso,I,1.5199110829529328e-6,0.3869750000000408,28.68403036827767
50,0.1,0.5,hub_1,pcglasso,I,5.336699231206308e-6,0.3138749999999959,28.684037592649403
50,0.1,0.5,hub_1,pcglasso,I,1.873817422860384e-5,0.2220249999999851,28.684560863141428
50,0.1,0.5,hub_1,pcglasso,I,6.579332246575681e-5,0.1486500000000092,28.686833868005962
50,0.1,0.5,hub_1,pcglasso,I,2.310129700083161e-4,0.017975000000006958,30.405768362120956
50,0.1,0.5,hub_1,pcglasso,I,8.11130830789687e-4,0.010050000000009617,30.83368789206576
50,0.1,0.5,hub_1,pcglasso,I,0.002848035868435802,0.009524999999996453,30.818311189560188
50,0.1,0.5,hub_1,pcglasso,I,0.010000000000000004,0.008499999999994401,31.244341465270843
50,0.1,0.5,hub_1,pcglassoFast_Dual,C,9.999999999999982e-9,0.3436500000000251,28.684027606890837
50,0.1,0.5,hub_1,pcglassoFast_Dual,C,3.5111917342151263e-8,0.3396750000001248,28.68402782655704
50,0.1,0.5,hub_1,pcglassoFast_Dual,C,1.2328467394420646e-7,0.2917750000000069,28.684029103939302
50,0.1,0.5,hub_1,pcglassoFast_Dual,C,4.328761281083054e-7,0.2744499999999562,28.6840324895175
50,0.1,0.5,hub_1,pcglassoFast_Dual,C,1.5199110829529328e-6,0.2483249999999771,28.684040361500962
50,0.1,0.5,hub_1,pcglassoFast_Dual,C,5.336699231206308e-6,0.216824999999983,28.684088270462496
50,0.1,0.5,hub_1,pcglassoFast_Dual,C,1.873817422860384e-5,0.23155000000000997,28.684084637845405
50,0.1,0.5,hub_1,pcglassoFast_Dual,C,6.579332246575681e-5,0.21102499999998656,28.684204312937027
50,0.1,0.5,hub_1,pcglassoFast_Dual,C,2.310129700083161e-4,0.16422499999999615,28.685549352003818
50,0.1,0.5,hub_1,pcglassoFast_Dual,C,8.11130830789687e-4,0.14919999999999192,28.690288612213234
50,0.1,0.5,hub_1,pcglassoFast_Dual,C,0.002848035868435802,0.1426750000000027,28.690107039082168
50,0.1,0.5,hub_1,pcglassoFast_Dual,C,0.010000000000000004,0.13569999999999957,28.69514307364246
50,0.1,0.5,hub_1,pcglassoFast_Dual,I,9.999999999999982e-9,0.326450000000159,28.68402758216351
50,0.1,0.5,hub_1,pcglassoFast_Dual,I,3.5111917342151263e-8,0.3957500000000209,28.684027602071254
50,0.1,0.5,hub_1,pcglassoFast_Dual,I,1.2328467394420646e-7,0.3467500000000655,28.684028232344083
50,0.1,0.5,hub_1,pcglassoFast_Dual,I,4.328761281083054e-7,0.32484999999993536,28.68403117279377
50,0.1,0.5,hub_1,pcglassoFast_Dual,I,1.5199110829529328e-6,0.3005249999999705,28.684043518644984
50,0.1,0.5,hub_1,pcglassoFast_Dual,I,5.336699231206308e-6,0.2539750000000026,28.68407933373058
50,0.1,0.5,hub_1,pcglassoFast_Dual,I,1.873817422860384e-5,0.27234999999998877,28.684087829478777
50,0.1,0.5,hub_1,pcglassoFast_Dual,I,6.579332246575681e-5,0.24010000000000672,28.684240041046447
50,0.1,0.5,hub_1,pcglassoFast_Dual,I,2.310129700083161e-4,0.20430000000000348,28.685898896092322
50,0.1,0.5,hub_1,pcglassoFast_Dual,I,8.11130830789687e-4,0.1681250000000034,28.69581370699899
50,0.1,0.5,hub_1,pcglassoFast_Dual,I,0.002848035868435802,0.11362499999999898,28.684906853165195
50,0.1,0.5,hub_1,pcglassoFast_Dual,I,0.010000000000000004,0.09830000000000325,28.69120638944798
50,0.1,0.5,hub_1,pcglassoFast_Primal,C,9.999999999999982e-9,0.10445000000011077,28.68402755810359
50,0.1,0.5,hub_1,pcglassoFast_Primal,C,3.5111917342151263e-8,0.09717499999997017,28.684027614059907
50,0.1,0.5,hub_1,pcglassoFast_Primal,C,1.2328467394420646e-7,0.09544999999993706,28.68402775711044
50,0.1,0.5,hub_1,pcglassoFast_Primal,C,4.328761281083054e-7,0.08494999999998072,28.684028465830714
50,0.1,0.5,hub_1,pcglassoFast_Primal,C,1.5199110829529328e-6,0.08172500000002855,28.684030360647522
50,0.1,0.5,hub_1,pcglassoFast_Primal,C,5.336699231206308e-6,0.07482499999999845,28.684036633837117
50,0.1,0.5,hub_1,pcglassoFast_Primal,C,1.873817422860384e-5,0.0695500000000436,28.684048536337674
50,0.1,0.5,hub_1,pcglassoFast_Primal,C,6.579332246575681e-5,0.06862499999999727,28.68411026837729
50,0.1,0.5,hub_1,pcglassoFast_Primal,C,2.310129700083161e-4,0.06242499999999609,28.684251166508247
50,0.1,0.5,hub_1,pcglassoFast_Primal,C,8.11130830789687e-4,0.05779999999999177,28.685114460496877
50,0.1,0.5,hub_1,pcglassoFast_Primal,C,0.002848035868435802,0.05282499999999359,28.688733914186116
50,0.1,0.5,hub_1,pcglassoFast_Primal,C,0.010000000000000004,0.04592499999999981,28.691245927980095
50,0.1,0.5,hub_1,pcglassoFast_Primal,I,9.999999999999982e-9,0.10467499999999745,28.68402755741943
50,0.1,0.5,hub_1,pcglassoFast_Primal,I,3.5111917342151263e-8,0.10672500000007404,28.68402759325297
50,0.1,0.5,hub_1,pcglassoFast_Primal,I,1.2328467394420646e-7,0.10162500000001273,28.684027782501637
50,0.1,0.5,hub_1,pcglassoFast_Primal,I,4.328761281083054e-7,0.09302499999993188,28.684028291471236
50,0.1,0.5,hub_1,pcglassoFast_Primal,I,1.5199110829529328e-6,0.08770000000004075,28.68403077237972
50,0.1,0.5,hub_1,pcglassoFast_Primal,I,5.336699231206308e-6,0.08199999999998227,28.68403697779625
50,0.1,0.5,hub_1,pcglassoFast_Primal,I,1.873817422860384e-5,0.07492500000000746,28.684066091275124
50,0.1,0.5,hub_1,pcglassoFast_Primal,I,6.579332246575681e-5,0.07057499999999664,28.684137716979677
50,0.1,0.5,hub_1,pcglassoFast_Primal,I,2.310129700083161e-4,0.06470000000000767,28.684481897539573
50,0.1,0.5,hub_1,pcglassoFast_Primal,I,8.11130830789687e-4,0.059750000000003925,28.68538902245354
50,0.1,0.5,hub_1,pcglassoFast_Primal,I,0.002848035868435802,0.052950000000001295,28.689974645841048
50,0.1,0.5,hub_1,pcglassoFast_Primal,I,0.010000000000000004,0.04822500000000289,28.703128724304634
50,0.1,0.5,random,pcglasso,C,9.999999999999982e-9,0.09422499999980119,41.54216291973206
50,0.1,0.5,random,pcglasso,C,3.5111917342151263e-8,0.08709999999994125,41.54216290904385
50,0.1,0.5,random,pcglasso,C,1.2328467394420646e-7,0.08182500000013988,41.54216298846554
50,0.1,0.5,random,pcglasso,C,4.328761281083054e-7,0.07892499999994698,41.5421633544055
50,0.1,0.5,random,pcglasso,C,1.5199110829529328e-6,0.07145000000000437,41.54217240428343
50,0.1,0.5,random,pcglasso,C,5.336699231206308e-6,0.06507500000004711,41.54226419850863
50,0.1,0.5,random,pcglasso,C,1.873817422860384e-5,0.053450000000009365,41.54270439160417
50,0.1,0.5,random,pcglasso,C,6.579332246575681e-5,0.039425000000005636,41.54498807862544
50,0.1,0.5,random,pcglasso,C,2.310129700083161e-4,0.027925000000016097,41.59956095198776
50,0.1,0.5,random,pcglasso,C,8.11130830789687e-4,0.018349999999992407,41.61447703468727
50,0.1,0.5,random,pcglasso,C,0.002848035868435802,0.007499999999997442,64.9581750525847
50,0.1,0.5,random,pcglasso,C,0.010000000000000004,0.00820000000000043,64.9581750525847
50,0.1,0.5,random,pcglasso,I,9.999999999999982e-9,0.0628750000000764,41.54216291006059
50,0.1,0.5,random,pcglasso,I,3.5111917342151263e-8,0.06627499999990505,41.54216290566356
50,0.1,0.5,random,pcglasso,I,1.2328467394420646e-7,0.05987499999996544,41.54216293847139
50,0.1,0.5,random,pcglasso,I,4.328761281083054e-7,0.05329999999996744,41.542163908484106
50,0.1,0.5,random,pcglasso,I,1.5199110829529328e-6,0.048550000000045654,41.54216790250273
50,0.1,0.5,random,pcglasso,I,5.336699231206308e-6,0.0429749999999899,41.54223045653671
50,0.1,0.5,random,pcglasso,I,1.873817422860384e-5,0.03042500000000814,41.54288800642142
50,0.1,0.5,random,pcglasso,I,6.579332246575681e-5,0.02147499999998672,41.544845291462494
50,0.1,0.5,random,pcglasso,I,2.310129700083161e-4,0.01395000000000266,41.550440084137115
50,0.1,0.5,random,pcglasso,I,8.11130830789687e-4,0.008699999999998908,41.61503783863423
50,0.1,0.5,random,pcglasso,I,0.002848035868435802,0.008149999999996282,41.55660299758643
50,0.1,0.5,random,pcglasso,I,0.010000000000000004,0.0066499999999997785,41.74085272302869
50,0.1,0.5,random,pcglassoFast_Dual,C,9.999999999999982e-9,0.01617499999993015,41.54216290724643
50,0.1,0.5,random,pcglassoFast_Dual,C,3.5111917342151263e-8,0.015599999999926695,41.542162917144076
50,0.1,0.5,random,pcglassoFast_Dual,C,1.2328467394420646e-7,0.015150000000016917,41.54216293836075
50,0.1,0.5,random,pcglassoFast_Dual,C,4.328761281083054e-7,0.014775000000031468,41.54216293836075
50,0.1,0.5,random,pcglassoFast_Dual,C,1.5199110829529328e-6,0.013899999999989632,41.54216304723045
50,0.1,0.5,random,pcglassoFast_Dual,C,5.336699231206308e-6,0.013299999999998136,41.54216368785525
50,0.1,0.5,random,pcglassoFast_Dual,C,1.873817422860384e-5,0.011599999999987176,41.542175381135294
50,0.1,0.5,random,pcglassoFast_Dual,C,6.579332246575681e-5,0.01137500000000955,41.5421748412714
50,0.1,0.5,random,pcglassoFast_Dual,C,2.310129700083161e-4,0.010824999999999817,41.54219071987116
50,0.1,0.5,random,pcglassoFast_Dual,C,8.11130830789687e-4,0.011299999999995692,41.54219071987116
50,0.1,0.5,random,pcglassoFast_Dual,C,0.002848035868435802,0.009949999999997771,41.54227976317549
50,0.1,0.5,random,pcglassoFast_Dual,C,0.010000000000000004,0.009324999999999407,41.54311829445924
50,0.1,0.5,random,pcglassoFast_Dual,I,9.999999999999982e-9,0.012200000000098044,41.54216290559987
50,0.1,0.5,random,pcglassoFast_Dual,I,3.5111917342151263e-8,0.012200000000120781,41.542162912313366
50,0.1,0.5,random,pcglassoFast_Dual,I,1.2328467394420646e-7,0.011650000000054206,41.54216293711644
50,0.1,0.5,random,pcglassoFast_Dual,I,4.328761281083054e-7,0.010950000000002546,41.54216304400587
50,0.1,0.5,random,pcglassoFast_Dual,I,1.5199110829529328e-6,0.009850000000005821,41.542163373411555
50,0.1,0.5,random,pcglassoFast_Dual,I,5.336699231206308e-6,0.00905000000009295,41.542164611479706
50,0.1,0.5,random,pcglassoFast_Dual,I,1.873817422860384e-5,0.008400000000011686,41.542168306866486
50,0.1,0.5,random,pcglassoFast_Dual,I,6.579332246575681e-5,0.008650000000017144,41.542168306866486
50,0.1,0.5,random,pcglassoFast_Dual,I,2.310129700083161e-4,0.007975000000010368,41.54217187090249
50,0.1,0.5,random,pcglassoFast_Dual,I,8.11130830789687e-4,0.0071000000000054795,41.54225904572357
50,0.1,0.5,random,pcglassoFast_Dual,I,0.002848035868435802,0.007574999999998511,41.54225904572357
50,0.1,0.5,random,pcglassoFast_Dual,I,0.010000000000000004,0.005299999999997596,41.54593291456828
50,0.1,0.5,random,pcglassoFast_Primal,C,9.999999999999982e-9,0.0319250000000693,41.542162906353056
50,0.1,0.5,random,pcglassoFast_Primal,C,3.5111917342151263e-8,0.029699999999957073,41.54216291120857
50,0.1,0.5,random,pcglassoFast_Primal,C,1.2328467394420646e-7,0.028900000000044203,41.54216292642169
50,0.1,0.5,random,pcglassoFast_Primal,C,4.328761281083054e-7,0.0263749999999618,41.54216298059944
50,0.1,0.5,random,pcglassoFast_Primal,C,1.5199110829529328e-6,0.025000000000011367,41.54216316148356
50,0.1,0.5,random,pcglassoFast_Primal,C,5.336699231206308e-6,0.02355000000002292,41.5421638383573
50,0.1,0.5,random,pcglassoFast_Primal,C,1.873817422860384e-5,0.02179999999998472,41.54216629106947
50,0.1,0.5,random,pcglassoFast_Primal,C,6.579332246575681e-5,0.02034999999999627,41.542175209107285
50,0.1,0.5,random,pcglassoFast_Primal,C,2.310129700083161e-4,0.01900000000001114,41.54220725672261
50,0.1,0.5,random,pcglassoFast_Primal,C,8.11130830789687e-4,0.017074999999998397,41.54232212812247
50,0.1,0.5,random,pcglassoFast_Primal,C,0.002848035868435802,0.01554999999999609,41.542724874109155
50,0.1,0.5,random,pcglassoFast_Primal,C,0.010000000000000004,0.01369999999999969,41.54411952051825
50,0.1,0.5,random,pcglassoFast_Primal,I,9.999999999999982e-9,0.0238999999999578,41.54216290786068
50,0.1,0.5,random,pcglassoFast_Primal,I,3.5111917342151263e-8,0.024225000000024012,41.54216291653514
50,0.1,0.5,random,pcglassoFast_Primal,I,1.2328467394420646e-7,0.02290000000002692,41.54216294737078
50,0.1,0.5,random,pcglassoFast_Primal,I,4.328761281083054e-7,0.0213750000000573,41.542163049778104
50,0.1,0.5,random,pcglassoFast_Primal,I,1.5199110829529328e-6,0.01922500000001719,41.54216342953822
50,0.1,0.5,random,pcglassoFast_Primal,I,5.336699231206308e-6,0.018125000000009096,41.5421647902722
50,0.1,0.5,random,pcglassoFast_Primal,I,1.873817422860384e-5,0.0165000000000191,41.54216968480339
50,0.1,0.5,random,pcglassoFast_Primal,I,6.579332246575681e-5,0.014550000000002682,41.542187023426756
50,0.1,0.5,random,pcglassoFast_Primal,I,2.310129700083161e-4,0.012949999999986517,41.54224790466324
50,0.1,0.5,random,pcglassoFast_Primal,I,8.11130830789687e-4,0.01167500000000814,41.54245694363727
50,0.1,0.5,random,pcglassoFast_Primal,I,0.002848035868435802,0.009800000000004161,41.543183268446754
50,0.1,0.5,random,pcglassoFast_Primal,I,0.010000000000000004,0.008125000000000427,41.54551862542022
50,0.2,0,AR2,pcglasso,C,9.999999999999982e-9,0.24244999999996253,44.812896076920936
50,0.2,0,AR2,pcglasso,C,3.5111917342151263e-8,0.16147500000008677,44.812896085751184
50,0.2,0,AR2,pcglasso,C,1.2328467394420646e-7,0.15939999999998236,44.81289611047021
50,0.2,0,AR2,pcglasso,C,4.328761281083054e-7,0.14782500000001164,44.81289651600632
50,0.2,0,AR2,pcglasso,C,1.5199110829529328e-6,0.133624999999995,44.81290792025064
50,0.2,0,AR2,pcglasso,C,5.336699231206308e-6,0.11924999999999955,44.81308768054126
50,0.2,0,AR2,pcglasso,C,1.873817422860384e-5,0.0849499999999864,44.81571199181852
50,0.2,0,AR2,pcglasso,C,6.579332246575681e-5,0.059650000000027605,44.83139921057259
50,0.2,0,AR2,pcglasso,C,2.310129700083161e-4,0.03397499999999809,45.465755752629256
50,0.2,0,AR2,pcglasso,C,8.11130830789687e-4,0.012449999999979866,53.910106106999756
50,0.2,0,AR2,pcglasso,C,0.002848035868435802,0.00910000000000224,67.44849187957206
50,0.2,0,AR2,pcglasso,C,0.010000000000000004,0.009900000000000376,59.2264588152092
50,0.2,0,AR2,pcglasso,I,9.999999999999982e-9,0.1799499999998261,44.81289607751965
50,0.2,0,AR2,pcglasso,I,3.5111917342151263e-8,0.12547500000000583,44.812896086564415
50,0.2,0,AR2,pcglasso,I,1.2328467394420646e-7,0.11472499999988486,44.81289611237516
50,0.2,0,AR2,pcglasso,I,4.328761281083054e-7,0.10467499999999745,44.812896521599214
50,0.2,0,AR2,pcglasso,I,1.5199110829529328e-6,0.0920500000000061,44.81290817479412
50,0.2,0,AR2,pcglasso,I,5.336699231206308e-6,0.07779999999997926,44.813090832933355
50,0.2,0,AR2,pcglasso,I,1.873817422860384e-5,0.0529499999999814,44.81577506036568
50,0.2,0,AR2,pcglasso,I,6.579332246575681e-5,0.03632500000001073,44.82881383119883
50,0.2,0,AR2,pcglasso,I,2.310129700083161e-4,0.02139999999998281,44.91151127565622
50,0.2,0,AR2,pcglasso,I,8.11130830789687e-4,0.010300000000003705,45.583474815465365
50,0.2,0,AR2,pcglasso,I,0.002848035868435802,0.00857499999999618,45.44736551299057
50,0.2,0,AR2,pcglasso,I,0.010000000000000004,0.008425000000000437,45.44736551299057
50,0.2,0,AR2,pcglassoFast_Dual,C,9.999999999999982e-9,0.024900000000002365,44.81289607991428
50,0.2,0,AR2,pcglassoFast_Dual,C,3.5111917342151263e-8,0.024599999999963984,44.81289608524317
50,0.2,0,AR2,pcglassoFast_Dual,C,1.2328467394420646e-7,0.023650000000066028,44.81289613436326
50,0.2,0,AR2,pcglassoFast_Dual,C,4.328761281083054e-7,0.021750000000054115,44.812896227151455
50,0.2,0,AR2,pcglassoFast_Dual,C,1.5199110829529328e-6,0.02044999999997117,44.81289647748088
50,0.2,0,AR2,pcglassoFast_Dual,C,5.336699231206308e-6,0.019200000000023466,44.81289897749006
50,0.2,0,AR2,pcglassoFast_Dual,C,1.873817422860384e-5,0.01840000000000259,44.81290373849195
50,0.2,0,AR2,pcglassoFast_Dual,C,6.579332246575681e-5,0.01740000000001487,44.81291697542868
50,0.2,0,AR2,pcglassoFast_Dual,C,2.310129700083161e-4,0.01617499999999552,44.81295541801439
50,0.2,0,AR2,pcglassoFast_Dual,C,8.11130830789687e-4,0.016024999999999068,44.81307302691999
50,0.2,0,AR2,pcglassoFast_Dual,C,0.002848035868435802,0.01519999999999655,44.813502650572396
50,0.2,0,AR2,pcglassoFast_Dual,C,0.010000000000000004,0.014499999999999246,44.81532417162642
50,0.2,0,AR2,pcglassoFast_Dual,I,9.999999999999982e-9,0.01820000000013806,44.812896081804766
50,0.2,0,AR2,pcglassoFast_Dual,I,3.5111917342151263e-8,0.019250000000101863,44.812896090555185
50,0.2,0,AR2,pcglassoFast_Dual,I,1.2328467394420646e-7,0.017900000000054206,44.81289611365504
50,0.2,0,AR2,pcglassoFast_Dual,I,4.328761281083054e-7,0.016674999999918328,44.812896329559365
50,0.2,0,AR2,pcglassoFast_Dual,I,1.5199110829529328e-6,0.01577500000003056,44.81289675238435
50,0.2,0,AR2,pcglassoFast_Dual,I,5.336699231206308e-6,0.014725000000021282,44.812897893652966
50,0.2,0,AR2,pcglassoFast_Dual,I,1.873817422860384e-5,0.014049999999980401,44.81290091249371
50,0.2,0,AR2,pcglassoFast_Dual,I,6.579332246575681e-5,0.012949999999995044,44.812909135519035
50,0.2,0,AR2,pcglassoFast_Dual,I,2.310129700083161e-4,0.012624999999997045,44.81293287996255
50,0.2,0,AR2,pcglassoFast_Dual,I,8.11130830789687e-4,0.011349999999984562,44.81300461358623
50,0.2,0,AR2,pcglassoFast_Dual,I,0.002848035868435802,0.0102999999999966,44.813224998851624
50,0.2,0,AR2,pcglassoFast_Dual,I,0.010000000000000004,0.009399999999997988,44.814087235781514
50,0.2,0,AR2,pcglassoFast_Primal,C,9.999999999999982e-9,0.0461500000000342,44.81289608480966
50,0.2,0,AR2,pcglassoFast_Primal,C,3.5111917342151263e-8,0.04347500000005766,44.81289609341029
50,0.2,0,AR2,pcglassoFast_Primal,C,1.2328467394420646e-7,0.041299999999955615,44.81289616838505
50,0.2,0,AR2,pcglassoFast_Primal,C,4.328761281083054e-7,0.038349999999991266,44.8128962871899
50,0.2,0,AR2,pcglassoFast_Primal,C,1.5199110829529328e-6,0.03720000000001846,44.8128965608198
50,0.2,0,AR2,pcglassoFast_Primal,C,5.336699231206308e-6,0.03390000000001692,44.81289887485526
50,0.2,0,AR2,pcglassoFast_Primal,C,1.873817422860384e-5,0.03184999999999718,44.81290281993614
50,0.2,0,AR2,pcglassoFast_Primal,C,6.579332246575681e-5,0.02892500000001803,44.81293629767674
50,0.2,0,AR2,pcglassoFast_Primal,C,2.310129700083161e-4,0.026750000000001252,44.8129946444751
50,0.2,0,AR2,pcglassoFast_Primal,C,8.11130830789687e-4,0.025050000000013027,44.81313873248861
50,0.2,0,AR2,pcglassoFast_Primal,C,0.002848035868435802,0.02155000000000342,44.814341147943395
50,0.2,0,AR2,pcglassoFast_Primal,C,0.010000000000000004,0.02012500000000097,44.816416588480386
50,0.2,0,AR2,pcglassoFast_Primal,I,9.999999999999982e-9,0.03684999999995853,44.81289608204956
50,0.2,0,AR2,pcglassoFast_Primal,I,3.5111917342151263e-8,0.036775000000056936,44.81289609919758
50,0.2,0,AR2,pcglassoFast_Primal,I,1.2328467394420646e-7,0.035599999999885765,44.81289612931195
50,0.2,0,AR2,pcglassoFast_Primal,I,4.328761281083054e-7,0.032699999999965715,44.812896354719044
50,0.2,0,AR2,pcglassoFast_Primal,I,1.5199110829529328e-6,0.029850000000033107,44.81289674322408
50,0.2,0,AR2,pcglassoFast_Primal,I,5.336699231206308e-6,0.02867500000000973,44.81289767393359
50,0.2,0,AR2,pcglassoFast_Primal,I,1.873817422860384e-5,0.02580000000001519,44.81290540466448
50,0.2,0,AR2,pcglassoFast_Primal,I,6.579332246575681e-5,0.023875000000003865,44.812918794508946
50,0.2,0,AR2,pcglassoFast_Primal,I,2.310129700083161e-4,0.020524999999977922,44.81303205957056
50,0.2,0,AR2,pcglassoFast_Primal,I,8.11130830789687e-4,0.019100000000003094,44.813230229937716
50,0.2,0,AR2,pcglassoFast_Primal,I,0.002848035868435802,0.016975000000005024,44.81371990840197
50,0.2,0,AR2,pcglassoFast_Primal,I,0.010000000000000004,0.014050000000002782,44.81799832783942
50,0.2,0,hub_09,pcglasso,C,9.999999999999982e-9,0.12917500000000928,47.7810250667317
50,0.2,0,hub_09,pcglasso,C,3.5111917342151263e-8,0.09920000000001891,47.781025068405334
50,0.2,0,hub_09,pcglasso,C,1.2328467394420646e-7,0.09212499999991905,47.78102507272857
50,0.2,0,hub_09,pcglasso,C,4.328761281083054e-7,0.0848250000000121,47.78102512001887
50,0.2,0,hub_09,pcglasso,C,1.5199110829529328e-6,0.07952500000004648,47.781025387777774
50,0.2,0,hub_09,pcglasso,C,5.336699231206308e-6,0.07100000000004911,47.78105270218259
50,0.2,0,hub_09,pcglasso,C,1.873817422860384e-5,0.06107499999999959,47.7812648050535
50,0.2,0,hub_09,pcglasso,C,6.579332246575681e-5,0.043150000000019874,47.78339406834007
50,0.2,0,hub_09,pcglasso,C,2.310129700083161e-4,0.03082499999999868,47.808016609900506
50,0.2,0,hub_09,pcglasso,C,8.11130830789687e-4,0.018499999999984595,48.73216221983617
50,0.2,0,hub_09,pcglasso,C,0.002848035868435802,0.008250000000005286,63.97372516365231
50,0.2,0,hub_09,pcglasso,C,0.010000000000000004,0.006900000000002038,60.08081854727191
50,0.2,0,hub_09,pcglasso,I,9.999999999999982e-9,0.08994999999995343,47.781025068946825
50,0.2,0,hub_09,pcglasso,I,3.5111917342151263e-8,0.08579999999994925,47.781025065345176
50,0.2,0,hub_09,pcglasso,I,1.2328467394420646e-7,0.07964999999994689,47.78102507834776
50,0.2,0,hub_09,pcglasso,I,4.328761281083054e-7,0.07632500000011078,47.78102514136671
50,0.2,0,hub_09,pcglasso,I,1.5199110829529328e-6,0.06767499999995152,47.78102819943282
50,0.2,0,hub_09,pcglasso,I,5.336699231206308e-6,0.06449999999999818,47.78104127034827
50,0.2,0,hub_09,pcglasso,I,1.873817422860384e-5,0.04852499999994393,47.78117915279929
50,0.2,0,hub_09,pcglasso,I,6.579332246575681e-5,0.029025000000001456,47.79542300283001
50,0.2,0,hub_09,pcglasso,I,2.310129700083161e-4,0.018174999999996545,47.867279169064034
50,0.2,0,hub_09,pcglasso,I,8.11130830789687e-4,0.011799999999990974,48.062134604958544
50,0.2,0,hub_09,pcglasso,I,0.002848035868435802,0.011475000000002922,48.06462384079959
50,0.2,0,hub_09,pcglasso,I,0.010000000000000004,0.011899999999999977,48.06462384079959
50,0.2,0,hub_09,pcglassoFast_Dual,C,9.999999999999982e-9,0.020900000000142426,47.781025065838655
50,0.2,0,hub_09,pcglassoFast_Dual,C,3.5111917342151263e-8,0.020875000000046384,47.78102507222069
50,0.2,0,hub_09,pcglassoFast_Dual,C,1.2328467394420646e-7,0.01887499999991178,47.78102514130841
50,0.2,0,hub_09,pcglassoFast_Dual,C,4.328761281083054e-7,0.01730000000002292,47.781025370982285
50,0.2,0,hub_09,pcglassoFast_Dual,C,1.5199110829529328e-6,0.016100000000028557,47.78102564406261
50,0.2,0,hub_09,pcglassoFast_Dual,C,5.336699231206308e-6,0.015199999999987312,47.78102642660993
50,0.2,0,hub_09,pcglassoFast_Dual,C,1.873817422860384e-5,0.015075000000041427,47.78102901453398
50,0.2,0,hub_09,pcglassoFast_Dual,C,6.579332246575681e-5,0.01404999999995198,47.78103917680596
50,0.2,0,hub_09,pcglassoFast_Dual,C,2.310129700083161e-4,0.01222500000000366,47.781172786012384
50,0.2,0,hub_09,pcglassoFast_Dual,C,8.11130830789687e-4,0.01112500000000125,47.78165759722423
50,0.2,0,hub_09,pcglassoFast_Dual,C,0.002848035868435802,0.010150000000003701,47.782273237780224
50,0.2,0,hub_09,pcglassoFast_Dual,C,0.010000000000000004,0.010750000000000171,47.78173531519928
50,0.2,0,hub_09,pcglassoFast_Dual,I,9.999999999999982e-9,0.017349999999942155,47.78102506759032
50,0.2,0,hub_09,pcglassoFast_Dual,I,3.5111917342151263e-8,0.018200000000115325,47.78102507555936
50,0.2,0,hub_09,pcglassoFast_Dual,I,1.2328467394420646e-7,0.016299999999978353,47.78102514368366
50,0.2,0,hub_09,pcglassoFast_Dual,I,4.328761281083054e-7,0.015675000000112505,47.78102524235733
50,0.2,0,hub_09,pcglassoFast_Dual,I,1.5199110829529328e-6,0.013924999999994725,47.78102593854572
50,0.2,0,hub_09,pcglassoFast_Dual,I,5.336699231206308e-6,0.01285000000002583,47.78102721429733
50,0.2,0,hub_09,pcglassoFast_Dual,I,1.873817422860384e-5,0.012749999999999772,47.78103105629723
50,0.2,0,hub_09,pcglassoFast_Dual,I,6.579332246575681e-5,0.011299999999982902,47.7810428701041
50,0.2,0,hub_09,pcglassoFast_Dual,I,2.310129700083161e-4,0.009700000000000842,47.78114907889614
50,0.2,0,hub_09,pcglassoFast_Dual,I,8.11130830789687e-4,0.008224999999993089,47.781553702376655
50,0.2,0,hub_09,pcglassoFast_Dual,I,0.002848035868435802,0.007175000000009391,47.78213419719151
50,0.2,0,hub_09,pcglassoFast_Dual,I,0.010000000000000004,0.006174999999998931,47.78363961848798
50,0.2,0,hub_09,pcglassoFast_Primal,C,9.999999999999982e-9,0.026600000000053116,47.781025063160584
50,0.2,0,hub_09,pcglassoFast_Primal,C,3.5111917342151263e-8,0.024474999999938518,47.78102506559075
50,0.2,0,hub_09,pcglassoFast_Primal,C,1.2328467394420646e-7,0.023875000000020918,47.78102507840629
50,0.2,0,hub_09,pcglassoFast_Primal,C,4.328761281083054e-7,0.02167499999999336,47.78102513851507
50,0.2,0,hub_09,pcglassoFast_Primal,C,1.5199110829529328e-6,0.020299999999986086,47.78102543012394
50,0.2,0,hub_09,pcglassoFast_Primal,C,5.336699231206308e-6,0.01989999999998986,47.78102543012394
50,0.2,0,hub_09,pcglassoFast_Primal,C,1.873817422860384e-5,0.01844999999997867,47.78102687588697
50,0.2,0,hub_09,pcglassoFast_Primal,C,6.579332246575681e-5,0.016799999999986426,47.78103467704757
50,0.2,0,hub_09,pcglassoFast_Primal,C,2.310129700083161e-4,0.016275000000007367,47.78103467704757
50,0.2,0,hub_09,pcglassoFast_Primal,C,8.11130830789687e-4,0.014974999999998318,47.78108330186057
50,0.2,0,hub_09,pcglassoFast_Primal,C,0.002848035868435802,0.013249999999999318,47.781420345960335
50,0.2,0,hub_09,pcglassoFast_Primal,C,0.010000000000000004,0.013024999999999487,47.781420345960335
50,0.2,0,hub_09,pcglassoFast_Primal,I,9.999999999999982e-9,0.021425000000158435,47.78102506316572
50,0.2,0,hub_09,pcglassoFast_Primal,I,3.5111917342151263e-8,0.021625000000062754,47.781025065855836
50,0.2,0,hub_09,pcglassoFast_Primal,I,1.2328467394420646e-7,0.02019999999999982,47.781025082917274
50,0.2,0,hub_09,pcglassoFast_Primal,I,4.328761281083054e-7,0.020399999999835928,47.781025082917274
50,0.2,0,hub_09,pcglassoFast_Primal,I,1.5199110829529328e-6,0.0181250000000432,47.78102517621032
50,0.2,0,hub_09,pcglassoFast_Primal,I,5.336699231206308e-6,0.016024999999967805,47.78102567428961
50,0.2,0,hub_09,pcglassoFast_Primal,I,1.873817422860384e-5,0.014924999999988132,47.781028529030635
50,0.2,0,hub_09,pcglassoFast_Primal,I,6.579332246575681e-5,0.014900000000017144,47.781028529030635
50,0.2,0,hub_09,pcglassoFast_Primal,I,2.310129700083161e-4,0.013199999999994817,47.7810464492403
50,0.2,0,hub_09,pcglassoFast_Primal,I,8.11130830789687e-4,0.013150000000001683,47.7810464492403
50,0.2,0,hub_09,pcglassoFast_Primal,I,0.002848035868435802,0.011450000000006354,47.7811728742529
50,0.2,0,hub_09,pcglassoFast_Primal,I,0.010000000000000004,0.009824999999999307,47.782111028633516
50,0.2,0,hub_1,pcglasso,C,9.999999999999982e-9,0.6242750000000115,19.125465419351855
50,0.2,0,hub_1,pcglasso,C,3.5111917342151263e-8,0.5947750000000497,19.125465440128767
50,0.2,0,hub_1,pcglasso,C,1.2328467394420646e-7,0.5176750000000083,19.125465787444334
50,0.2,0,hub_1,pcglasso,C,4.328761281083054e-7,0.4302249999999958,19.125469146958412
50,0.2,0,hub_1,pcglasso,C,1.5199110829529328e-6,0.3759499999999889,19.125512967704204
50,0.2,0,hub_1,pcglasso,C,5.336699231206308e-6,0.3511000000000024,19.125577711087498
50,0.2,0,hub_1,pcglasso,C,1.873817422860384e-5,0.24014999999999986,19.127211284279205
50,0.2,0,hub_1,pcglasso,C,6.579332246575681e-5,0.15845000000003323,19.1539812905965
50,0.2,0,hub_1,pcglasso,C,2.310129700083161e-4,0.13462499999999125,19.440176502982737
50,0.2,0,hub_1,pcglasso,C,8.11130830789687e-4,0.036425000000002684,53.18903520633266
50,0.2,0,hub_1,pcglasso,C,0.002848035868435802,0.03720000000000283,53.18903520633266
50,0.2,0,hub_1,pcglasso,C,0.010000000000000004,0.0388749999999984,53.18903520633266
50,0.2,0,hub_1,pcglasso,I,9.999999999999982e-9,0.8149500000000671,19.125465410556597
50,0.2,0,hub_1,pcglasso,I,3.5111917342151263e-8,0.9205500000000029,19.125465431349895
50,0.2,0,hub_1,pcglasso,I,1.2328467394420646e-7,0.8694249999999556,19.125465430702732
50,0.2,0,hub_1,pcglasso,I,4.328761281083054e-7,0.8184750000001031,19.12546602024346
50,0.2,0,hub_1,pcglasso,I,1.5199110829529328e-6,0.7759249999999838,19.12546986629299
50,0.2,0,hub_1,pcglasso,I,5.336699231206308e-6,0.5657750000000306,19.12557028432519
50,0.2,0,hub_1,pcglasso,I,1.873817422860384e-5,0.34617500000002793,19.12693743362711
50,0.2,0,hub_1,pcglasso,I,6.579332246575681e-5,0.23017500000000268,19.15217895758483
50,0.2,0,hub_1,pcglasso,I,2.310129700083161e-4,0.03222499999998263,22.609249755431463
50,0.2,0,hub_1,pcglasso,I,8.11130830789687e-4,0.030774999999991337,22.79113772080207
50,0.2,0,hub_1,pcglasso,I,0.002848035868435802,0.018325000000004366,23.660705603555225
50,0.2,0,hub_1,pcglasso,I,0.010000000000000004,0.01807500000000104,23.897722040919003
50,0.2,0,hub_1,pcglassoFast_Dual,C,9.999999999999982e-9,0.5786750000000211,19.12546553189421
50,0.2,0,hub_1,pcglassoFast_Dual,C,3.5111917342151263e-8,0.5605500000000347,19.125465697524803
50,0.2,0,hub_1,pcglassoFast_Dual,C,1.2328467394420646e-7,0.48247500000004495,19.12546783522723
50,0.2,0,hub_1,pcglassoFast_Dual,C,4.328761281083054e-7,0.41272499999997764,19.125469256804642
50,0.2,0,hub_1,pcglassoFast_Dual,C,1.5199110829529328e-6,0.3342250000000149,19.12549586277638
50,0.2,0,hub_1,pcglassoFast_Dual,C,5.336699231206308e-6,0.32757500000003004,19.125473511622214
50,0.2,0,hub_1,pcglassoFast_Dual,C,1.873817422860384e-5,0.24332500000000437,19.125496615538943
50,0.2,0,hub_1,pcglassoFast_Dual,C,6.579332246575681e-5,0.1598500000000172,19.12609793375946
50,0.2,0,hub_1,pcglassoFast_Dual,C,2.310129700083161e-4,0.109050000000002,19.12672363412601
50,0.2,0,hub_1,pcglassoFast_Dual,C,8.11130830789687e-4,0.10475000000000848,19.12742238757657
50,0.2,0,hub_1,pcglassoFast_Dual,C,0.002848035868435802,0.07620000000000005,19.130041945520812
50,0.2,0,hub_1,pcglassoFast_Dual,C,0.010000000000000004,0.07077500000000007,19.13220167082284
50,0.2,0,hub_1,pcglassoFast_Dual,I,9.999999999999982e-9,0.6796250000000328,19.1254657406145
50,0.2,0,hub_1,pcglassoFast_Dual,I,3.5111917342151263e-8,0.6740000000000691,19.125467061266612
50,0.2,0,hub_1,pcglassoFast_Dual,I,1.2328467394420646e-7,0.6524500000000216,19.12546815104793
50,0.2,0,hub_1,pcglassoFast_Dual,I,4.328761281083054e-7,0.599999999999909,19.125471869034595
50,0.2,0,hub_1,pcglassoFast_Dual,I,1.5199110829529328e-6,0.5118250000000785,19.125510689685854
50,0.2,0,hub_1,pcglassoFast_Dual,I,5.336699231206308e-6,0.4620750000000157,19.125600806619225
50,0.2,0,hub_1,pcglassoFast_Dual,I,1.873817422860384e-5,0.3939499999999668,19.125696964798813
50,0.2,0,hub_1,pcglassoFast_Dual,I,6.579332246575681e-5,0.3208750000000123,19.127193250849107
50,0.2,0,hub_1,pcglassoFast_Dual,I,2.310129700083161e-4,0.2943999999999846,19.126005377202933
50,0.2,0,hub_1,pcglassoFast_Dual,I,8.11130830789687e-4,0.28267499999999757,19.12792845035401
50,0.2,0,hub_1,pcglassoFast_Dual,I,0.002848035868435802,0.23950000000000388,19.132107384168595
50,0.2,0,hub_1,pcglassoFast_Dual,I,0.010000000000000004,0.19069999999999682,19.209177229067556
50,0.2,0,hub_1,pcglassoFast_Primal,C,9.999999999999982e-9,0.2357250000000704,19.1254654370411
50,0.2,0,hub_1,pcglassoFast_Primal,C,3.5111917342151263e-8,0.22607499999999164,19.1254655767108
50,0.2,0,hub_1,pcglassoFast_Primal,C,1.2328467394420646e-7,0.21397499999998218,19.12546585650498
50,0.2,0,hub_1,pcglassoFast_Primal,C,4.328761281083054e-7,0.20519999999997934,19.125466628266462
50,0.2,0,hub_1,pcglassoFast_Primal,C,1.5199110829529328e-6,0.1866500000000201,19.125468362782104
50,0.2,0,hub_1,pcglassoFast_Primal,C,5.336699231206308e-6,0.17314999999996986,19.12547393041135
50,0.2,0,hub_1,pcglassoFast_Primal,C,1.873817422860384e-5,0.16260000000000333,19.125481774157592
50,0.2,0,hub_1,pcglassoFast_Primal,C,6.579332246575681e-5,0.1545500000000004,19.125521569310443
50,0.2,0,hub_1,pcglassoFast_Primal,C,2.310129700083161e-4,0.13862500000000466,19.125599882282884
50,0.2,0,hub_1,pcglassoFast_Primal,C,8.11130830789687e-4,0.12475000000000591,19.126001591164012
50,0.2,0,hub_1,pcglassoFast_Primal,C,0.002848035868435802,0.09462500000000632,19.128175283306263
50,0.2,0,hub_1,pcglassoFast_Primal,C,0.010000000000000004,0.07140000000000013,19.146384672789505
50,0.2,0,hub_1,pcglassoFast_Primal,I,9.999999999999982e-9,0.23389999999999417,19.12546546755383
50,0.2,0,hub_1,pcglassoFast_Primal,I,3.5111917342151263e-8,0.2162499999999909,19.12546564871041
50,0.2,0,hub_1,pcglassoFast_Primal,I,1.2328467394420646e-7,0.19777500000002418,19.125466095583718
50,0.2,0,hub_1,pcglassoFast_Primal,I,4.328761281083054e-7,0.18790000000002466,19.125467211399886
50,0.2,0,hub_1,pcglassoFast_Primal,I,1.5199110829529328e-6,0.17322500000000218,19.125468647957717
50,0.2,0,hub_1,pcglassoFast_Primal,I,5.336699231206308e-6,0.1572499999999309,19.125470834688766
50,0.2,0,hub_1,pcglassoFast_Primal,I,1.873817422860384e-5,0.14162499999998204,19.125486123597167
50,0.2,0,hub_1,pcglassoFast_Primal,I,6.579332246575681e-5,0.1355000000000018,19.125513547209657
50,0.2,0,hub_1,pcglassoFast_Primal,I,2.310129700083161e-4,0.12022499999999639,19.125632125085403
50,0.2,0,hub_1,pcglassoFast_Primal,I,8.11130830789687e-4,0.10717499999998381,19.126043203350243
50,0.2,0,hub_1,pcglassoFast_Primal,I,0.002848035868435802,0.09432500000000914,19.128376059434316
50,0.2,0,hub_1,pcglassoFast_Primal,I,0.010000000000000004,0.0765500000000003,19.15267525667148
50,0.2,0,random,pcglasso,C,9.999999999999982e-9,0.141350000000034,46.21783700147421
50,0.2,0,random,pcglasso,C,3.5111917342151263e-8,0.13034999999999855,46.217837065195845
50,0.2,0,random,pcglasso,C,1.2328467394420646e-7,0.1136749999999438,46.21783822421561
50,0.2,0,random,pcglasso,C,4.328761281083054e-7,0.09512500000003002,46.21784757950151
50,0.2,0,random,pcglasso,C,1.5199110829529328e-6,0.09579999999997427,46.21785925017984
50,0.2,0,random,pcglasso,C,5.336699231206308e-6,0.08752499999999372,46.21794908549549
50,0.2,0,random,pcglasso,C,1.873817422860384e-5,0.06619999999999777,46.218717621310816
50,0.2,0,random,pcglasso,C,6.579332246575681e-5,0.041274999999967574,46.23614988778175
50,0.2,0,random,pcglasso,C,2.310129700083161e-4,0.030624999999986358,46.38310990069809
50,0.2,0,random,pcglasso,C,8.11130830789687e-4,0.00999999999999659,55.72621461638022
50,0.2,0,random,pcglasso,C,0.002848035868435802,0.00847500000000423,66.97232593195646
50,0.2,0,random,pcglasso,C,0.010000000000000004,0.008775000000001754,67.93962238559183
50,0.2,0,random,pcglasso,I,9.999999999999982e-9,0.11069999999986066,46.21783699249065
50,0.2,0,random,pcglasso,I,3.5111917342151263e-8,0.10747500000006767,46.2178371063045
50,0.2,0,random,pcglasso,I,1.2328467394420646e-7,0.08929999999998017,46.21783882970129
50,0.2,0,random,pcglasso,I,4.328761281083054e-7,0.07517500000008112,46.21785164106515
50,0.2,0,random,pcglasso,I,1.5199110829529328e-6,0.062074999999993,46.217962603755346
50,0.2,0,random,pcglasso,I,5.336699231206308e-6,0.05532500000000482,46.21838185470011
50,0.2,0,random,pcglasso,I,1.873817422860384e-5,0.04195000000001414,46.22204401756911
50,0.2,0,random,pcglasso,I,6.579332246575681e-5,0.029625000000021374,46.238693168775725
50,0.2,0,random,pcglasso,I,2.310129700083161e-4,0.01682500000000573,46.3581241656646
50,0.2,0,random,pcglasso,I,8.11130830789687e-4,0.010050000000001091,46.71117002921006
50,0.2,0,random,pcglasso,I,0.002848035868435802,0.009000000000006026,46.61227187427391
50,0.2,0,random,pcglasso,I,0.010000000000000004,0.008625000000000682,46.61227187427391
50,0.2,0,random,pcglassoFast_Dual,C,9.999999999999982e-9,0.026950000000078946,46.2178369914723
50,0.2,0,random,pcglassoFast_Dual,C,3.5111917342151263e-8,0.02424999999998363,46.21783703317496
50,0.2,0,random,pcglassoFast_Dual,C,1.2328467394420646e-7,0.028174999999896498,46.21783700541962
50,0.2,0,random,pcglassoFast_Dual,C,4.328761281083054e-7,0.027150000000006003,46.21783700541962
50,0.2,0,random,pcglassoFast_Dual,C,1.5199110829529328e-6,0.023275000000001,46.21783818218651
50,0.2,0,random,pcglassoFast_Dual,C,5.336699231206308e-6,0.023500000000012733,46.217837733179834
50,0.2,0,random,pcglassoFast_Dual,C,1.873817422860384e-5,0.01895000000000664,46.217857768573325
50,0.2,0,random,pcglassoFast_Dual,C,6.579332246575681e-5,0.017875000000015007,46.21787556399071
50,0.2,0,random,pcglassoFast_Dual,C,2.310129700083161e-4,0.018475000000006504,46.2178771973534
50,0.2,0,random,pcglassoFast_Dual,C,8.11130830789687e-4,0.0168749999999946,46.217890577135826
50,0.2,0,random,pcglassoFast_Dual,C,0.002848035868435802,0.013824999999999931,46.21892961839617
50,0.2,0,random,pcglassoFast_Dual,C,0.010000000000000004,0.012275000000000702,46.224896559239305
50,0.2,0,random,pcglassoFast_Dual,I,9.999999999999982e-9,0.020275000000128784,46.21783699274879
50,0.2,0,random,pcglassoFast_Dual,I,3.5111917342151263e-8,0.01955000000007203,46.21783703238816
50,0.2,0,random,pcglassoFast_Dual,I,1.2328467394420646e-7,0.01805000000003929,46.217837126825515
50,0.2,0,random,pcglassoFast_Dual,I,4.328761281083054e-7,0.01689999999999827,46.217837222136744
50,0.2,0,random,pcglassoFast_Dual,I,1.5199110829529328e-6,0.01722500000001901,46.217837222136744
50,0.2,0,random,pcglassoFast_Dual,I,5.336699231206308e-6,0.016675000000020646,46.217837496557365
50,0.2,0,random,pcglassoFast_Dual,I,1.873817422860384e-5,0.013349999999985585,46.217848421093585
50,0.2,0,random,pcglassoFast_Dual,I,6.579332246575681e-5,0.01370000000000573,46.217848421093585
50,0.2,0,random,pcglassoFast_Dual,I,2.310129700083161e-4,0.012225000000020714,46.217906389615514
50,0.2,0,random,pcglassoFast_Dual,I,8.11130830789687e-4,0.011225000000001728,46.217989886830075
50,0.2,0,random,pcglassoFast_Dual,I,0.002848035868435802,0.010375000000004775,46.21858049266997
50,0.2,0,random,pcglassoFast_Dual,I,0.010000000000000004,0.007875000000000654,46.22377791074453
50,0.2,0,random,pcglassoFast_Primal,C,9.999999999999982e-9,0.04084999999993215,46.21783699544427
50,0.2,0,random,pcglassoFast_Primal,C,3.5111917342151263e-8,0.0385749999999689,46.21783701300217
50,0.2,0,random,pcglassoFast_Primal,C,1.2328467394420646e-7,0.03585000000000491,46.217837094695525
50,0.2,0,random,pcglassoFast_Primal,C,4.328761281083054e-7,0.031100000000037653,46.217837392849326
50,0.2,0,random,pcglassoFast_Primal,C,1.5199110829529328e-6,0.030200000000047567,46.21783781262991
50,0.2,0,random,pcglassoFast_Primal,C,5.336699231206308e-6,0.02852500000001328,46.217838867833194
50,0.2,0,random,pcglassoFast_Primal,C,1.873817422860384e-5,0.026950000000005046,46.21784143030318
50,0.2,0,random,pcglassoFast_Primal,C,6.579332246575681e-5,0.0257749999999902,46.21784867975697
50,0.2,0,random,pcglassoFast_Primal,C,2.310129700083161e-4,0.022049999999998703,46.217940629082285
50,0.2,0,random,pcglassoFast_Primal,C,8.11130830789687e-4,0.01985000000000241,46.218129628823164
50,0.2,0,random,pcglassoFast_Primal,C,0.002848035868435802,0.018924999999997284,46.21867553152819
50,0.2,0,random,pcglassoFast_Primal,C,0.010000000000000004,0.01587500000000084,46.22049587144466
50,0.2,0,random,pcglassoFast_Primal,I,9.999999999999982e-9,0.040775000000053296,46.21783699517201
50,0.2,0,random,pcglassoFast_Primal,I,3.5111917342151263e-8,0.04252500000004602,46.21783701057843
50,0.2,0,random,pcglassoFast_Primal,I,1.2328467394420646e-7,0.037624999999957255,46.21783714595018
50,0.2,0,random,pcglassoFast_Primal,I,4.328761281083054e-7,0.03305000000002565,46.21783746746812
50,0.2,0,random,pcglassoFast_Primal,I,1.5199110829529328e-6,0.030575000000021647,46.21783873786872
50,0.2,0,random,pcglassoFast_Primal,I,5.336699231206308e-6,0.02764999999999418,46.217842997711536
50,0.2,0,random,pcglassoFast_Primal,I,1.873817422860384e-5,0.02605000000001496,46.217848123792265
50,0.2,0,random,pcglassoFast_Primal,I,6.579332246575681e-5,0.022249999999996817,46.21787856008723
50,0.2,0,random,pcglassoFast_Primal,I,2.310129700083161e-4,0.01877499999999941,46.218009832960966
50,0.2,0,random,pcglassoFast_Primal,I,8.11130830789687e-4,0.01707499999998845,46.21822200914623
50,0.2,0,random,pcglassoFast_Primal,I,0.002848035868435802,0.01545000000000556,46.21875886032617
50,0.2,0,random,pcglassoFast_Primal,I,0.010000000000000004,0.013774999999997917,46.22021197524835
50,0.2,0.5,AR2,pcglasso,C,9.999999999999982e-9,0.06557500000003529,42.28472821028922
50,0.2,0.5,AR2,pcglasso,C,3.5111917342151263e-8,0.06349999999999908,42.28472821036823
50,0.2,0.5,AR2,pcglasso,C,1.2328467394420646e-7,0.06030000000007476,42.284728211171775
50,0.2,0.5,AR2,pcglasso,C,4.328761281083054e-7,0.05887499999998909,42.2847282128523
50,0.2,0.5,AR2,pcglasso,C,1.5199110829529328e-6,0.0587249999999699,42.2847282128523
50,0.2,0.5,AR2,pcglasso,C,5.336699231206308e-6,0.05737499999999045,42.28472821819358
50,0.2,0.5,AR2,pcglasso,C,1.873817422860384e-5,0.047649999999987355,42.284728394356414
50,0.2,0.5,AR2,pcglasso,C,6.579332246575681e-5,0.039250000000032516,42.284728693821535
50,0.2,0.5,AR2,pcglasso,C,2.310129700083161e-4,0.03157499999999232,42.2847383556099
50,0.2,0.5,AR2,pcglasso,C,8.11130830789687e-4,0.022674999999995293,42.28698103338632
50,0.2,0.5,AR2,pcglasso,C,0.002848035868435802,0.00942500000000237,79.89949872816254
50,0.2,0.5,AR2,pcglasso,C,0.010000000000000004,0.010124999999999672,77.13742822826089
50,0.2,0.5,AR2,pcglasso,I,9.999999999999982e-9,0.019000000000005457,42.28472821028584
50,0.2,0.5,AR2,pcglasso,I,3.5111917342151263e-8,0.01992499999989832,42.2847282103328
50,0.2,0.5,AR2,pcglasso,I,1.2328467394420646e-7,0.01597500000002583,42.28472821223112
50,0.2,0.5,AR2,pcglasso,I,4.328761281083054e-7,0.014100000000121326,42.28472822673566
50,0.2,0.5,AR2,pcglasso,I,1.5199110829529328e-6,0.014599999999995816,42.28472822673566
50,0.2,0.5,AR2,pcglasso,I,5.336699231206308e-6,0.013949999999977081,42.28472822673566
50,0.2,0.5,AR2,pcglasso,I,1.873817422860384e-5,0.012349999999975126,42.284728299133356
50,0.2,0.5,AR2,pcglasso,I,6.579332246575681e-5,0.00989999999999327,42.284729248463634
50,0.2,0.5,AR2,pcglasso,I,2.310129700083161e-4,0.007324999999983106,42.2847561093909
50,0.2,0.5,AR2,pcglasso,I,8.11130830789687e-4,0.005799999999987903,42.2851337916249
50,0.2,0.5,AR2,pcglasso,I,0.002848035868435802,0.005249999999993804,42.28741407428483
50,0.2,0.5,AR2,pcglasso,I,0.010000000000000004,0.006975000000004883,42.28551899290455
50,0.2,0.5,AR2,pcglassoFast_Dual,C,9.999999999999982e-9,0.01055000000005748,42.28472821046265
50,0.2,0.5,AR2,pcglassoFast_Dual,C,3.5111917342151263e-8,0.010924999999974715,42.28472821046265
50,0.2,0.5,AR2,pcglassoFast_Dual,C,1.2328467394420646e-7,0.009875000000010913,42.28472821364198
50,0.2,0.5,AR2,pcglassoFast_Dual,C,4.328761281083054e-7,0.01009999999999991,42.28472821364198
50,0.2,0.5,AR2,pcglassoFast_Dual,C,1.5199110829529328e-6,0.009774999999990541,42.28472821364198
50,0.2,0.5,AR2,pcglassoFast_Dual,C,5.336699231206308e-6,0.009125000000022965,42.28472828347319
50,0.2,0.5,AR2,pcglassoFast_Dual,C,1.873817422860384e-5,0.009250000000002956,42.28472828347319
50,0.2,0.5,AR2,pcglassoFast_Dual,C,6.579332246575681e-5,0.00887499999999477,42.28472987840147
50,0.2,0.5,AR2,pcglassoFast_Dual,C,2.310129700083161e-4,0.008300000000008367,42.28472987840147
50,0.2,0.5,AR2,pcglassoFast_Dual,C,8.11130830789687e-4,0.008399999999991793,42.28472987840147
50,0.2,0.5,AR2,pcglassoFast_Dual,C,0.002848035868435802,0.007699999999998397,42.28476850940452
50,0.2,0.5,AR2,pcglassoFast_Dual,C,0.010000000000000004,0.008274999999997945,42.28476850940452
50,0.2,0.5,AR2,pcglassoFast_Dual,I,9.999999999999982e-9,0.0063749999998208295,42.284728210385154
50,0.2,0.5,AR2,pcglassoFast_Dual,I,3.5111917342151263e-8,0.0060500000000274666,42.28472821220338
50,0.2,0.5,AR2,pcglassoFast_Dual,I,1.2328467394420646e-7,0.0060500000000274666,42.28472821220338
50,0.2,0.5,AR2,pcglassoFast_Dual,I,4.328761281083054e-7,0.006199999999955708,42.28472821220338
50,0.2,0.5,AR2,pcglassoFast_Dual,I,1.5199110829529328e-6,0.0056500000000255565,42.28472824694415
50,0.2,0.5,AR2,pcglassoFast_Dual,I,5.336699231206308e-6,0.005325000000027558,42.28472824694415
50,0.2,0.5,AR2,pcglassoFast_Dual,I,1.873817422860384e-5,0.004574999999994134,42.28472893117009
50,0.2,0.5,AR2,pcglassoFast_Dual,I,6.579332246575681e-5,0.004824999999988222,42.28472893117009
50,0.2,0.5,AR2,pcglassoFast_Dual,I,2.310129700083161e-4,0.004624999999995794,42.28472893117009
50,0.2,0.5,AR2,pcglassoFast_Dual,I,8.11130830789687e-4,0.003775000000007367,42.28474295595896
50,0.2,0.5,AR2,pcglassoFast_Dual,I,0.002848035868435802,0.003875000000000739,42.28474295595896
50,0.2,0.5,AR2,pcglassoFast_Dual,I,0.010000000000000004,0.0030000000000001137,42.285046640660745
50,0.2,0.5,AR2,pcglassoFast_Primal,C,9.999999999999982e-9,0.02027500000010605,42.28472821038927
50,0.2,0.5,AR2,pcglassoFast_Primal,C,3.5111917342151263e-8,0.020074999999997088,42.28472821038927
50,0.2,0.5,AR2,pcglassoFast_Primal,C,1.2328467394420646e-7,0.01825000000003456,42.28472821223486
50,0.2,0.5,AR2,pcglassoFast_Primal,C,4.328761281083054e-7,0.018499999999983176,42.28472821223486
50,0.2,0.5,AR2,pcglassoFast_Primal,C,1.5199110829529328e-6,0.016475000000025376,42.28472825198494
50,0.2,0.5,AR2,pcglassoFast_Primal,C,5.336699231206308e-6,0.016624999999976353,42.28472825198494
50,0.2,0.5,AR2,pcglassoFast_Primal,C,1.873817422860384e-5,0.016300000000018144,42.28472825198494
50,0.2,0.5,AR2,pcglassoFast_Primal,C,6.579332246575681e-5,0.014975000000004002,42.28472914308974
50,0.2,0.5,AR2,pcglassoFast_Primal,C,2.310129700083161e-4,0.014674999999996885,42.28472914308974
50,0.2,0.5,AR2,pcglassoFast_Primal,C,8.11130830789687e-4,0.013274999999985937,42.28475035081888
50,0.2,0.5,AR2,pcglassoFast_Primal,C,0.002848035868435802,0.013274999999995884,42.28475035081888
50,0.2,0.5,AR2,pcglassoFast_Primal,C,0.010000000000000004,0.01322500000000062,42.28475035081888
50,0.2,0.5,AR2,pcglassoFast_Primal,I,9.999999999999982e-9,0.011675000000104773,42.28472821040112
50,0.2,0.5,AR2,pcglassoFast_Primal,I,3.5111917342151263e-8,0.012649999999871398,42.28472821040112
50,0.2,0.5,AR2,pcglassoFast_Primal,I,1.2328467394420646e-7,0.011025000000290674,42.28472821244358
50,0.2,0.5,AR2,pcglassoFast_Primal,I,4.328761281083054e-7,0.011075000000028012,42.28472821244358
50,0.2,0.5,AR2,pcglassoFast_Primal,I,1.5199110829529328e-6,0.009474999999997635,42.284728250408214
50,0.2,0.5,AR2,pcglassoFast_Primal,I,5.336699231206308e-6,0.00932500000001255,42.284728250408214
50,0.2,0.5,AR2,pcglassoFast_Primal,I,1.873817422860384e-5,0.007924999999988813,42.28472897711459
50,0.2,0.5,AR2,pcglassoFast_Primal,I,6.579332246575681e-5,0.007800000000003138,42.28472897711459
50,0.2,0.5,AR2,pcglassoFast_Primal,I,2.310129700083161e-4,0.007825000000025284,42.28472897711459
50,0.2,0.5,AR2,pcglassoFast_Primal,I,8.11130830789687e-4,0.00630000000000166,42.28474347496248
50,0.2,0.5,AR2,pcglassoFast_Primal,I,0.002848035868435802,0.006475000000001785,42.28474347496248
50,0.2,0.5,AR2,pcglassoFast_Primal,I,0.010000000000000004,0.0049250000000022,42.28505068689192
50,0.2,0.5,hub_09,pcglasso,C,9.999999999999982e-9,0.11605000000006385,42.32766981761366
50,0.2,0.5,hub_09,pcglasso,C,3.5111917342151263e-8,0.1123500000001286,42.32766981761691
50,0.2,0.5,hub_09,pcglasso,C,1.2328467394420646e-7,0.11079999999994924,42.32766981796656
50,0.2,0.5,hub_09,pcglasso,C,4.328761281083054e-7,0.11005000000004657,42.32766981796656
50,0.2,0.5,hub_09,pcglasso,C,1.5199110829529328e-6,0.10959999999997763,42.32766982187202
50,0.2,0.5,hub_09,pcglasso,C,5.336699231206308e-6,0.10610000000000355,42.32766983147406
50,0.2,0.5,hub_09,pcglasso,C,1.873817422860384e-5,0.08725000000005138,42.327669834800886
50,0.2,0.5,hub_09,pcglasso,C,6.579332246575681e-5,0.07254999999999541,42.32767023265837
50,0.2,0.5,hub_09,pcglasso,C,2.310129700083161e-4,0.050000000000014214,42.32767005766605
50,0.2,0.5,hub_09,pcglasso,C,8.11130830789687e-4,0.024300000000006605,42.50074070749039
50,0.2,0.5,hub_09,pcglasso,C,0.002848035868435802,0.008224999999998771,62.14957822612865
50,0.2,0.5,hub_09,pcglasso,C,0.010000000000000004,0.008050000000001134,62.76644502890605
50,0.2,0.5,hub_09,pcglasso,I,9.999999999999982e-9,0.01805000000013024,42.3276698176137
50,0.2,0.5,hub_09,pcglasso,I,3.5111917342151263e-8,0.018900000000144246,42.32766981761566
50,0.2,0.5,hub_09,pcglasso,I,1.2328467394420646e-7,0.017874999999958164,42.32766981762621
50,0.2,0.5,hub_09,pcglasso,I,4.328761281083054e-7,0.016624999999999092,42.32766981772823
50,0.2,0.5,hub_09,pcglasso,I,1.5199110829529328e-6,0.015500000000020008,42.32766981912021
50,0.2,0.5,hub_09,pcglasso,I,5.336699231206308e-6,0.015399999999988267,42.32766981912021
50,0.2,0.5,hub_09,pcglasso,I,1.873817422860384e-5,0.013125000000030695,42.32766983921706
50,0.2,0.5,hub_09,pcglasso,I,6.579332246575681e-5,0.011275000000000545,42.32766998113853
50,0.2,0.5,hub_09,pcglasso,I,2.310129700083161e-4,0.007850000000004798,42.327695331417516
50,0.2,0.5,hub_09,pcglasso,I,8.11130830789687e-4,0.006224999999997749,42.327982739002465
50,0.2,0.5,hub_09,pcglasso,I,0.002848035868435802,0.005775000000002706,42.331178966857365
50,0.2,0.5,hub_09,pcglasso,I,0.010000000000000004,0.0033000000000058096,42.95394587019234
50,0.2,0.5,hub_09,pcglassoFast_Dual,C,9.999999999999982e-9,0.012025000000016916,42.327669817817196
50,0.2,0.5,hub_09,pcglassoFast_Dual,C,3.5111917342151263e-8,0.012200000000029831,42.327669817817196
50,0.2,0.5,hub_09,pcglassoFast_Dual,C,1.2328467394420646e-7,0.01255000000005566,42.327669817817196
50,0.2,0.5,hub_09,pcglassoFast_Dual,C,4.328761281083054e-7,0.011599999999998546,42.32766982294712
50,0.2,0.5,hub_09,pcglassoFast_Dual,C,1.5199110829529328e-6,0.011300000000051113,42.32766982294712
50,0.2,0.5,hub_09,pcglassoFast_Dual,C,5.336699231206308e-6,0.0105499999999779,42.32766996511669
50,0.2,0.5,hub_09,pcglassoFast_Dual,C,1.873817422860384e-5,0.010849999999993542,42.32766996511669
50,0.2,0.5,hub_09,pcglassoFast_Dual,C,6.579332246575681e-5,0.01069999999999709,42.32766996511669
50,0.2,0.5,hub_09,pcglassoFast_Dual,C,2.310129700083161e-4,0.009949999999997771,42.327674075595326
50,0.2,0.5,hub_09,pcglassoFast_Dual,C,8.11130830789687e-4,0.009975000000005707,42.327674075595326
50,0.2,0.5,hub_09,pcglassoFast_Dual,C,0.002848035868435802,0.009150000000001057,42.32774583435142
50,0.2,0.5,hub_09,pcglassoFast_Dual,C,0.010000000000000004,0.00907500000000212,42.328591940607645
50,0.2,0.5,hub_09,pcglassoFast_Dual,I,9.999999999999982e-9,0.004625000000123692,42.32766981799501
50,0.2,0.5,hub_09,pcglassoFast_Dual,I,3.5111917342151263e-8,0.005324999999993451,42.32766981799501
50,0.2,0.5,hub_09,pcglassoFast_Dual,I,1.2328467394420646e-7,0.005274999999960528,42.32766981799501
50,0.2,0.5,hub_09,pcglassoFast_Dual,I,4.328761281083054e-7,0.004599999999959437,42.327669827594
50,0.2,0.5,hub_09,pcglassoFast_Dual,I,1.5199110829529328e-6,0.004500000000007276,42.327669827594
50,0.2,0.5,hub_09,pcglassoFast_Dual,I,5.336699231206308e-6,0.004599999999993542,42.327669827594
50,0.2,0.5,hub_09,pcglassoFast_Dual,I,1.873817422860384e-5,0.0038250000000346063,42.32767007859496
50,0.2,0.5,hub_09,pcglassoFast_Dual,I,6.579332246575681e-5,0.0037750000000016824,42.32767007859496
50,0.2,0.5,hub_09,pcglassoFast_Dual,I,2.310129700083161e-4,0.0031249999999801046,42.32767662300169
50,0.2,0.5,hub_09,pcglassoFast_Dual,I,8.11130830789687e-4,0.0030250000000251022,42.32767662300169
50,0.2,0.5,hub_09,pcglassoFast_Dual,I,0.002848035868435802,0.0030499999999918257,42.32767662300169
50,0.2,0.5,hub_09,pcglassoFast_Dual,I,0.010000000000000004,0.0029999999999972713,42.32767662300169
50,0.2,0.5,hub_09,pcglassoFast_Primal,C,9.999999999999982e-9,0.022249999999985448,42.32766981789783
50,0.2,0.5,hub_09,pcglassoFast_Primal,C,3.5111917342151263e-8,0.022424999999975624,42.32766981789783
50,0.2,0.5,hub_09,pcglassoFast_Primal,C,1.2328467394420646e-7,0.022525000000086948,42.32766981789783
50,0.2,0.5,hub_09,pcglassoFast_Primal,C,4.328761281083054e-7,0.02100000000004911,42.327669824975345
50,0.2,0.5,hub_09,pcglassoFast_Primal,C,1.5199110829529328e-6,0.020900000000051478,42.327669824975345
50,0.2,0.5,hub_09,pcglassoFast_Primal,C,5.336699231206308e-6,0.02107499999998481,42.327669824975345
50,0.2,0.5,hub_09,pcglassoFast_Primal,C,1.873817422860384e-5,0.019050000000004275,42.32767001878453
50,0.2,0.5,hub_09,pcglassoFast_Primal,C,6.579332246575681e-5,0.01957500000000323,42.32767001878453
50,0.2,0.5,hub_09,pcglassoFast_Primal,C,2.310129700083161e-4,0.01777500000000316,42.327675598237505
50,0.2,0.5,hub_09,pcglassoFast_Primal,C,8.11130830789687e-4,0.01757500000000505,42.327675598237505
50,0.2,0.5,hub_09,pcglassoFast_Primal,C,0.002848035868435802,0.01659999999999968,42.327768029015914
50,0.2,0.5,hub_09,pcglassoFast_Primal,C,0.010000000000000004,0.01487500000000006,42.32881777661524
50,0.2,0.5,hub_09,pcglassoFast_Primal,I,9.999999999999982e-9,0.008674999999902866,42.32766981800766
50,0.2,0.5,hub_09,pcglassoFast_Primal,I,3.5111917342151263e-8,0.009249999999974534,42.32766981800766
50,0.2,0.5,hub_09,pcglassoFast_Primal,I,1.2328467394420646e-7,0.009349999999994908,42.32766981800766
50,0.2,0.5,hub_09,pcglassoFast_Primal,I,4.328761281083054e-7,0.0076500000001146875,42.3276698278143
50,0.2,0.5,hub_09,pcglassoFast_Primal,I,1.5199110829529328e-6,0.007825000000013915,42.3276698278143
50,0.2,0.5,hub_09,pcglassoFast_Primal,I,5.336699231206308e-6,0.007700000000011187,42.3276698278143
50,0.2,0.5,hub_09,pcglassoFast_Primal,I,1.873817422860384e-5,0.006249999999971579,42.32767008158319
50,0.2,0.5,hub_09,pcglassoFast_Primal,I,6.579332246575681e-5,0.006024999999982583,42.32767008158319
50,0.2,0.5,hub_09,pcglassoFast_Primal,I,2.310129700083161e-4,0.00457500000000266,42.327676646036245
50,0.2,0.5,hub_09,pcglassoFast_Primal,I,8.11130830789687e-4,0.004650000000003729,42.327676646036245
50,0.2,0.5,hub_09,pcglassoFast_Primal,I,0.002848035868435802,0.004574999999996976,42.327676646036245
50,0.2,0.5,hub_09,pcglassoFast_Primal,I,0.010000000000000004,0.004675000000000295,42.327676646036245
50,0.2,0.5,hub_1,pcglasso,C,9.999999999999982e-9,0.2007749999999305,30.116152855658896
50,0.2,0.5,hub_1,pcglasso,C,3.5111917342151263e-8,0.18717500000002474,30.11615291781408
50,0.2,0.5,hub_1,pcglasso,C,1.2328467394420646e-7,0.1761999999999034,30.116153340608935
50,0.2,0.5,hub_1,pcglasso,C,4.328761281083054e-7,0.1625249999999369,30.116157345263638
50,0.2,0.5,hub_1,pcglasso,C,1.5199110829529328e-6,0.1627749999999537,30.116162412785357
50,0.2,0.5,hub_1,pcglasso,C,5.336699231206308e-6,0.15187499999999546,30.116300643749256
50,0.2,0.5,hub_1,pcglasso,C,1.873817422860384e-5,0.12854999999998995,30.119274293933266
50,0.2,0.5,hub_1,pcglasso,C,6.579332246575681e-5,0.10522500000000719,30.131777119496178
50,0.2,0.5,hub_1,pcglasso,C,2.310129700083161e-4,0.0920999999999907,30.27658875595753
50,0.2,0.5,hub_1,pcglasso,C,8.11130830789687e-4,0.13462499999999836,35.33649819199849
50,0.2,0.5,hub_1,pcglasso,C,0.002848035868435802,0.033249999999993916,88.06014691467468
50,0.2,0.5,hub_1,pcglasso,C,0.010000000000000004,0.034874999999997415,88.06014691467468
50,0.2,0.5,hub_1,pcglasso,I,9.999999999999982e-9,0.16742499999982102,30.11615285534311
50,0.2,0.5,hub_1,pcglasso,I,3.5111917342151263e-8,0.18385000000007495,30.116152911223992
50,0.2,0.5,hub_1,pcglasso,I,1.2328467394420646e-7,0.1691500000000133,30.116153782060223
50,0.2,0.5,hub_1,pcglasso,I,4.328761281083054e-7,0.1520250000001056,30.11618826424432
50,0.2,0.5,hub_1,pcglasso,I,1.5199110829529328e-6,0.14362500000006548,30.116285718167994
50,0.2,0.5,hub_1,pcglasso,I,5.336699231206308e-6,0.14110000000003992,30.11639463359858
50,0.2,0.5,hub_1,pcglasso,I,1.873817422860384e-5,0.1217000000000212,30.11669210002779
50,0.2,0.5,hub_1,pcglasso,I,6.579332246575681e-5,0.08104999999999336,30.124079100510258
50,0.2,0.5,hub_1,pcglasso,I,2.310129700083161e-4,0.05214999999999463,30.193386996373754
50,0.2,0.5,hub_1,pcglasso,I,8.11130830789687e-4,0.010149999999998726,35.36222261507354
50,0.2,0.5,hub_1,pcglasso,I,0.002848035868435802,0.008849999999996782,35.13689512182124
50,0.2,0.5,hub_1,pcglasso,I,0.010000000000000004,0.01122500000000386,36.93594634568177
50,0.2,0.5,hub_1,pcglassoFast_Dual,C,9.999999999999982e-9,0.11195000000009259,30.11615285757351
50,0.2,0.5,hub_1,pcglassoFast_Dual,C,3.5111917342151263e-8,0.1219250000000784,30.11615285757351
50,0.2,0.5,hub_1,pcglassoFast_Dual,C,1.2328467394420646e-7,0.113474999999994,30.11615285757351
50,0.2,0.5,hub_1,pcglassoFast_Dual,C,4.328761281083054e-7,0.09800000000003592,30.116153108601385
50,0.2,0.5,hub_1,pcglassoFast_Dual,C,1.5199110829529328e-6,0.09242500000001427,30.116153353103098
50,0.2,0.5,hub_1,pcglassoFast_Dual,C,5.336699231206308e-6,0.091700000000003,30.11615411797212
50,0.2,0.5,hub_1,pcglassoFast_Dual,C,1.873817422860384e-5,0.08867500000000632,30.116154420863932
50,0.2,0.5,hub_1,pcglassoFast_Dual,C,6.579332246575681e-5,0.08627500000001191,30.11615888687535
50,0.2,0.5,hub_1,pcglassoFast_Dual,C,2.310129700083161e-4,0.08582499999999413,30.11617446739127
50,0.2,0.5,hub_1,pcglassoFast_Dual,C,8.11130830789687e-4,0.08487499999999812,30.116197246549177
50,0.2,0.5,hub_1,pcglassoFast_Dual,C,0.002848035868435802,0.08070000000000022,30.116489593850254
50,0.2,0.5,hub_1,pcglassoFast_Dual,C,0.010000000000000004,0.0774000000000008,30.12068851832615
50,0.2,0.5,hub_1,pcglassoFast_Dual,I,9.999999999999982e-9,0.07547500000000582,30.116152856060445
50,0.2,0.5,hub_1,pcglassoFast_Dual,I,3.5111917342151263e-8,0.08009999999994762,30.116152856060445
50,0.2,0.5,hub_1,pcglassoFast_Dual,I,1.2328467394420646e-7,0.08237500000002455,30.11615286291569
50,0.2,0.5,hub_1,pcglassoFast_Dual,I,4.328761281083054e-7,0.08100000000002865,30.11615290718343
50,0.2,0.5,hub_1,pcglassoFast_Dual,I,1.5199110829529328e-6,0.08132500000004939,30.116153255972083
50,0.2,0.5,hub_1,pcglassoFast_Dual,I,5.336699231206308e-6,0.07145000000001574,30.116155026465076
50,0.2,0.5,hub_1,pcglassoFast_Dual,I,1.873817422860384e-5,0.05697499999998286,30.11617360921008
50,0.2,0.5,hub_1,pcglassoFast_Dual,I,6.579332246575681e-5,0.05617500000000177,30.11617360921008
50,0.2,0.5,hub_1,pcglassoFast_Dual,I,2.310129700083161e-4,0.054075000000003114,30.116247112041496
50,0.2,0.5,hub_1,pcglassoFast_Dual,I,8.11130830789687e-4,0.058425000000008255,30.11631275029429
50,0.2,0.5,hub_1,pcglassoFast_Dual,I,0.002848035868435802,0.03407500000000283,30.130594560640752
50,0.2,0.5,hub_1,pcglassoFast_Dual,I,0.010000000000000004,0.03217500000000158,30.132411511156327
50,0.2,0.5,hub_1,pcglassoFast_Primal,C,9.999999999999982e-9,0.26489999999994324,30.116152985436916
50,0.2,0.5,hub_1,pcglassoFast_Primal,C,3.5111917342151263e-8,0.2281249999999318,30.116153326643307
50,0.2,0.5,hub_1,pcglassoFast_Primal,C,1.2328467394420646e-7,0.2007749999998964,30.116154486962184
50,0.2,0.5,hub_1,pcglassoFast_Primal,C,4.328761281083054e-7,0.16452500000000328,30.116158827003186
50,0.2,0.5,hub_1,pcglassoFast_Primal,C,1.5199110829529328e-6,0.140949999999998,30.116158878738673
50,0.2,0.5,hub_1,pcglassoFast_Primal,C,5.336699231206308e-6,0.11084999999999354,30.116159476860783
50,0.2,0.5,hub_1,pcglassoFast_Primal,C,1.873817422860384e-5,0.07505000000001019,30.116379526692903
50,0.2,0.5,hub_1,pcglassoFast_Primal,C,6.579332246575681e-5,0.056925000000006776,30.11676166305623
50,0.2,0.5,hub_1,pcglassoFast_Primal,C,2.310129700083161e-4,0.04712499999999977,30.11740095225274
50,0.2,0.5,hub_1,pcglassoFast_Primal,C,8.11130830789687e-4,0.03860000000000099,30.11899535922351
50,0.2,0.5,hub_1,pcglassoFast_Primal,C,0.002848035868435802,0.03217500000000086,30.12295050683102
50,0.2,0.5,hub_1,pcglassoFast_Primal,C,0.010000000000000004,0.029049999999999975,30.12805270190114
50,0.2,0.5,hub_1,pcglassoFast_Primal,I,9.999999999999982e-9,0.3344750000000204,30.116152972316588
50,0.2,0.5,hub_1,pcglassoFast_Primal,I,3.5111917342151263e-8,0.333725000000004,30.11615331456264
50,0.2,0.5,hub_1,pcglassoFast_Primal,I,1.2328467394420646e-7,0.31262500000007093,30.11615444887179
50,0.2,0.5,hub_1,pcglassoFast_Primal,I,4.328761281083054e-7,0.26482500000006437,30.116158714492155
50,0.2,0.5,hub_1,pcglassoFast_Primal,I,1.5199110829529328e-6,0.2442999999999529,30.116153811198274
50,0.2,0.5,hub_1,pcglassoFast_Primal,I,5.336699231206308e-6,0.20797499999996488,30.116156973286014
50,0.2,0.5,hub_1,pcglassoFast_Primal,I,1.873817422860384e-5,0.17432499999997048,30.116173619851924
50,0.2,0.5,hub_1,pcglassoFast_Primal,I,6.579332246575681e-5,0.13867499999999494,30.116244716664745
50,0.2,0.5,hub_1,pcglassoFast_Primal,I,2.310129700083161e-4,0.10877500000000566,30.11641946542376
50,0.2,0.5,hub_1,pcglassoFast_Primal,I,8.11130830789687e-4,0.07532500000000368,30.11974732438119
50,0.2,0.5,hub_1,pcglassoFast_Primal,I,0.002848035868435802,0.05047500000000014,30.1250950797296
50,0.2,0.5,hub_1,pcglassoFast_Primal,I,0.010000000000000004,0.040100000000001045,30.133046218849827
50,0.2,0.5,random,pcglasso,C,9.999999999999982e-9,0.135674999999992,42.206506440492014
50,0.2,0.5,random,pcglasso,C,3.5111917342151263e-8,0.12552499999997052,42.20650644541423
50,0.2,0.5,random,pcglasso,C,1.2328467394420646e-7,0.12364999999992961,42.206506445619716
50,0.2,0.5,random,pcglasso,C,4.328761281083054e-7,0.12417500000000245,42.20650645757993
50,0.2,0.5,random,pcglasso,C,1.5199110829529328e-6,0.11589999999999918,42.20650689647264
50,0.2,0.5,random,pcglasso,C,5.336699231206308e-6,0.10390000000001579,42.20651296032094
50,0.2,0.5,random,pcglasso,C,1.873817422860384e-5,0.08119999999998981,42.20659571222172
50,0.2,0.5,random,pcglasso,C,6.579332246575681e-5,0.05742500000001769,42.20820079840375
50,0.2,0.5,random,pcglasso,C,2.310129700083161e-4,0.03929999999999438,42.23931882919973
50,0.2,0.5,random,pcglasso,C,8.11130830789687e-4,0.020150000000008106,42.24173057771631
50,0.2,0.5,random,pcglasso,C,0.002848035868435802,0.007449999999995782,73.17538831227125
50,0.2,0.5,random,pcglasso,C,0.010000000000000004,0.008500000000000795,73.17538831227125
50,0.2,0.5,random,pcglasso,I,9.999999999999982e-9,0.061175000000116594,42.20650644392006
50,0.2,0.5,random,pcglasso,I,3.5111917342151263e-8,0.06814999999999145,42.20650644392006
50,0.2,0.5,random,pcglasso,I,1.2328467394420646e-7,0.06662500000002183,42.20650644404502
50,0.2,0.5,random,pcglasso,I,4.328761281083054e-7,0.06412500000000136,42.20650645882326
50,0.2,0.5,random,pcglasso,I,1.5199110829529328e-6,0.059700000000066214,42.20650661954278
50,0.2,0.5,random,pcglasso,I,5.336699231206308e-6,0.05397500000002538,42.20651078954244
50,0.2,0.5,random,pcglasso,I,1.873817422860384e-5,0.03882500000000846,42.20655430604395
50,0.2,0.5,random,pcglasso,I,6.579332246575681e-5,0.023374999999975898,42.20700828192805
50,0.2,0.5,random,pcglasso,I,2.310129700083161e-4,0.013549999999997907,42.207640051424654
50,0.2,0.5,random,pcglasso,I,8.11130830789687e-4,0.006525000000002024,42.213813426168315
50,0.2,0.5,random,pcglasso,I,0.002848035868435802,0.006825000000002035,42.21159288816824
50,0.2,0.5,random,pcglasso,I,0.010000000000000004,0.0057249999999996245,42.246164615772166
50,0.2,0.5,random,pcglassoFast_Dual,C,9.999999999999982e-9,0.014999999999986358,42.20650644180198
50,0.2,0.5,random,pcglassoFast_Dual,C,3.5111917342151263e-8,0.01410000000000764,42.20650644685214
50,0.2,0.5,random,pcglassoFast_Dual,C,1.2328467394420646e-7,0.013399999999978717,42.20650646911727
50,0.2,0.5,random,pcglassoFast_Dual,C,4.328761281083054e-7,0.012249999999994543,42.20650654087612
50,0.2,0.5,random,pcglassoFast_Dual,C,1.5199110829529328e-6,0.011624999999924057,42.206506862548814
50,0.2,0.5,random,pcglassoFast_Dual,C,5.336699231206308e-6,0.011349999999958981,42.206506862548814
50,0.2,0.5,random,pcglassoFast_Dual,C,1.873817422860384e-5,0.011149999999986449,42.20650796597336
50,0.2,0.5,random,pcglassoFast_Dual,C,6.579332246575681e-5,0.009949999999997771,42.206513813632725
50,0.2,0.5,random,pcglassoFast_Dual,C,2.310129700083161e-4,0.009375000000011369,42.206541363781724
50,0.2,0.5,random,pcglassoFast_Dual,C,8.11130830789687e-4,0.009325000000001183,42.206541363781724
50,0.2,0.5,random,pcglassoFast_Dual,C,0.002848035868435802,0.008350000000003632,42.206688293467266
50,0.2,0.5,random,pcglassoFast_Dual,C,0.010000000000000004,0.008349999999999368,42.20758094366714
50,0.2,0.5,random,pcglassoFast_Dual,I,9.999999999999982e-9,0.012549999999941974,42.206506441466786
50,0.2,0.5,random,pcglassoFast_Dual,I,3.5111917342151263e-8,0.012525000000096043,42.20650644515777
50,0.2,0.5,random,pcglassoFast_Dual,I,1.2328467394420646e-7,0.010875000000123692,42.20650649262049
50,0.2,0.5,random,pcglassoFast_Dual,I,4.328761281083054e-7,0.010350000000039472,42.206506604872644
50,0.2,0.5,random,pcglassoFast_Dual,I,1.5199110829529328e-6,0.009350000000063119,42.20650695727969
50,0.2,0.5,random,pcglassoFast_Dual,I,5.336699231206308e-6,0.008450000000061663,42.20650808856093
50,0.2,0.5,random,pcglassoFast_Dual,I,1.873817422860384e-5,0.007775000000003729,42.206512051097526
50,0.2,0.5,random,pcglassoFast_Dual,I,6.579332246575681e-5,0.007150000000035561,42.20652853196975
50,0.2,0.5,random,pcglassoFast_Dual,I,2.310129700083161e-4,0.006150000000005207,42.20657826024979
50,0.2,0.5,random,pcglassoFast_Dual,I,8.11130830789687e-4,0.005474999999992747,42.20678788371115
50,0.2,0.5,random,pcglassoFast_Dual,I,0.002848035868435802,0.004750000000007049,42.207407496281036
50,0.2,0.5,random,pcglassoFast_Dual,I,0.010000000000000004,0.003975000000005479,42.21007435606474
50,0.2,0.5,random,pcglassoFast_Primal,C,9.999999999999982e-9,0.03325000000006639,42.206506442690284
50,0.2,0.5,random,pcglassoFast_Primal,C,3.5111917342151263e-8,0.030875000000082763,42.20650644742324
50,0.2,0.5,random,pcglassoFast_Primal,C,1.2328467394420646e-7,0.03005000000009659,42.20650645990717
50,0.2,0.5,random,pcglassoFast_Primal,C,4.328761281083054e-7,0.028250000000002728,42.2065065048381
50,0.2,0.5,random,pcglassoFast_Primal,C,1.5199110829529328e-6,0.026075000000037107,42.206506649836264
50,0.2,0.5,random,pcglassoFast_Primal,C,5.336699231206308e-6,0.02477499999995416,42.2065071184353
50,0.2,0.5,random,pcglassoFast_Primal,C,1.873817422860384e-5,0.021575000000007095,42.20651408065431
50,0.2,0.5,random,pcglassoFast_Primal,C,6.579332246575681e-5,0.020349999999999112,42.20653206308243
50,0.2,0.5,random,pcglassoFast_Primal,C,2.310129700083161e-4,0.018275000000005547,42.206592822964126
50,0.2,0.5,random,pcglassoFast_Primal,C,8.11130830789687e-4,0.01657499999999601,42.206797087056486
50,0.2,0.5,random,pcglassoFast_Primal,C,0.002848035868435802,0.015174999999999272,42.20748108522266
50,0.2,0.5,random,pcglassoFast_Primal,C,0.010000000000000004,0.013425000000001398,42.209756912129144
50,0.2,0.5,random,pcglassoFast_Primal,I,9.999999999999982e-9,0.02397499999997308,42.20650644252494
50,0.2,0.5,random,pcglassoFast_Primal,I,3.5111917342151263e-8,0.024000000000046384,42.20650644706459
50,0.2,0.5,random,pcglassoFast_Primal,I,1.2328467394420646e-7,0.022250000000008187,42.20650646340539
50,0.2,0.5,random,pcglassoFast_Primal,I,4.328761281083054e-7,0.020925000000033833,42.20650651614536
50,0.2,0.5,random,pcglassoFast_Primal,I,1.5199110829529328e-6,0.018875000000036835,42.20650668643984
50,0.2,0.5,random,pcglassoFast_Primal,I,5.336699231206308e-6,0.017125000000021373,42.206507237327166
50,0.2,0.5,random,pcglassoFast_Primal,I,1.873817422860384e-5,0.016175000000015417,42.20650911901962
50,0.2,0.5,random,pcglassoFast_Primal,I,6.579332246575681e-5,0.01442499999999427,42.20651544345143
50,0.2,0.5,random,pcglassoFast_Primal,I,2.310129700083161e-4,0.012525000000007936,42.20653671516361
50,0.2,0.5,random,pcglassoFast_Primal,I,8.11130830789687e-4,0.009449999999998227,42.20683973857362
50,0.2,0.5,random,pcglassoFast_Primal,I,0.002848035868435802,0.008049999999994385,42.207631757553706
50,0.2,0.5,random,pcglassoFast_Primal,I,0.010000000000000004,0.0064000000000000055,42.210442314357444
100,0.1,0,AR2,pcglasso,C,9.999999999999982e-9,0.6725499999999783,78.9308657504757
100,0.1,0,AR2,pcglasso,C,3.5111917342151263e-8,0.6480999999999085,78.93086579264836
100,0.1,0,AR2,pcglasso,C,1.2328467394420646e-7,0.5890750000000707,78.93086607441862
100,0.1,0,AR2,pcglasso,C,4.328761281083054e-7,0.5581500000000232,78.93087012749842
100,0.1,0,AR2,pcglasso,C,1.5199110829529328e-6,0.4943000000000666,78.93089839757819
100,0.1,0,AR2,pcglasso,C,5.336699231206308e-6,0.45800000000002117,78.93120228169724
100,0.1,0,AR2,pcglasso,C,1.873817422860384e-5,0.33850000000002184,78.93516125176407
100,0.1,0,AR2,pcglasso,C,6.579332246575681e-5,0.21715000000002077,78.98879211616466
100,0.1,0,AR2,pcglasso,C,2.310129700083161e-4,0.12007499999999141,80.38946999021428
100,0.1,0,AR2,pcglasso,C,8.11130830789687e-4,0.05239999999998588,88.41810065177629
100,0.1,0,AR2,pcglasso,C,0.002848035868435802,0.03939999999999912,109.18462326918568
100,0.1,0,AR2,pcglasso,C,0.010000000000000004,0.03540000000000028,96.68217281672082
100,0.1,0,AR2,pcglasso,I,9.999999999999982e-9,0.5682249999998703,78.93086573645577
100,0.1,0,AR2,pcglasso,I,3.5111917342151263e-8,0.5556999999999561,78.93086582172555
100,0.1,0,AR2,pcglasso,I,1.2328467394420646e-7,0.520700000000079,78.93086602688959
100,0.1,0,AR2,pcglasso,I,4.328761281083054e-7,0.48002500000000053,78.93086776874254
100,0.1,0,AR2,pcglasso,I,1.5199110829529328e-6,0.43537500000002183,78.93089306976097
100,0.1,0,AR2,pcglasso,I,5.336699231206308e-6,0.36155000000002246,78.93152826731719
100,0.1,0,AR2,pcglasso,I,1.873817422860384e-5,0.26554999999997336,78.93386443306542
100,0.1,0,AR2,pcglasso,I,6.579332246575681e-5,0.17820000000003233,78.96524718976096
100,0.1,0,AR2,pcglasso,I,2.310129700083161e-4,0.10520000000000777,79.21311042279513
100,0.1,0,AR2,pcglasso,I,8.11130830789687e-4,0.047450000000003455,81.91586405185917
100,0.1,0,AR2,pcglasso,I,0.002848035868435802,0.03690000000000282,81.81076428309012
100,0.1,0,AR2,pcglasso,I,0.010000000000000004,0.03632500000000007,81.81076428309012
100,0.1,0,AR2,pcglassoFast_Dual,C,9.999999999999982e-9,0.09165000000000419,78.93086573201582
100,0.1,0,AR2,pcglassoFast_Dual,C,3.5111917342151263e-8,0.09002500000001419,78.93086573936559
100,0.1,0,AR2,pcglassoFast_Dual,C,1.2328467394420646e-7,0.08777499999998781,78.93086575882162
100,0.1,0,AR2,pcglassoFast_Dual,C,4.328761281083054e-7,0.08514999999998736,78.93086581106284
100,0.1,0,AR2,pcglassoFast_Dual,C,1.5199110829529328e-6,0.08075000000002319,78.93086595451973
100,0.1,0,AR2,pcglassoFast_Dual,C,5.336699231206308e-6,0.08002499999999486,78.93086641370074
100,0.1,0,AR2,pcglassoFast_Dual,C,1.873817422860384e-5,0.0733000000000004,78.9308734226122
100,0.1,0,AR2,pcglassoFast_Dual,C,6.579332246575681e-5,0.07212500000003388,78.93089000799748
100,0.1,0,AR2,pcglassoFast_Dual,C,2.310129700083161e-4,0.06982499999999447,78.93089000799748
100,0.1,0,AR2,pcglassoFast_Dual,C,8.11130830789687e-4,0.06827499999999702,78.93095026985424
100,0.1,0,AR2,pcglassoFast_Dual,C,0.002848035868435802,0.06509999999999963,78.9311880104973
100,0.1,0,AR2,pcglassoFast_Dual,C,0.010000000000000004,0.0673250000000003,78.93581222296667
100,0.1,0,AR2,pcglassoFast_Dual,I,9.999999999999982e-9,0.07309999999997671,78.93086573141687
100,0.1,0,AR2,pcglassoFast_Dual,I,3.5111917342151263e-8,0.0753500000000031,78.93086574961987
100,0.1,0,AR2,pcglassoFast_Dual,I,1.2328467394420646e-7,0.06837499999999182,78.93086578058387
100,0.1,0,AR2,pcglassoFast_Dual,I,4.328761281083054e-7,0.0682250000000522,78.93086586124376
100,0.1,0,AR2,pcglassoFast_Dual,I,1.5199110829529328e-6,0.0648499999999558,78.93086609253822
100,0.1,0,AR2,pcglassoFast_Dual,I,5.336699231206308e-6,0.060274999999990087,78.93086683210741
100,0.1,0,AR2,pcglassoFast_Dual,I,1.873817422860384e-5,0.058924999999987904,78.93086909309636
100,0.1,0,AR2,pcglassoFast_Dual,I,6.579332246575681e-5,0.055824999999987315,78.93087557919388
100,0.1,0,AR2,pcglassoFast_Dual,I,2.310129700083161e-4,0.05327500000000782,78.93089711205204
100,0.1,0,AR2,pcglassoFast_Dual,I,8.11130830789687e-4,0.05030000000000427,78.93097883231789
100,0.1,0,AR2,pcglassoFast_Dual,I,0.002848035868435802,0.043199999999998795,78.93237383000707
100,0.1,0,AR2,pcglassoFast_Dual,I,0.010000000000000004,0.044224999999999424,78.93237383000707
100,0.1,0,AR2,pcglassoFast_Primal,C,9.999999999999982e-9,0.25119999999999437,78.93086573338603
100,0.1,0,AR2,pcglassoFast_Primal,C,3.5111917342151263e-8,0.23862500000007003,78.93086574107392
100,0.1,0,AR2,pcglassoFast_Primal,C,1.2328467394420646e-7,0.21489999999996598,78.93086580302688
100,0.1,0,AR2,pcglassoFast_Primal,C,4.328761281083054e-7,0.20929999999998472,78.93086591334227
100,0.1,0,AR2,pcglassoFast_Primal,C,1.5199110829529328e-6,0.19519999999999982,78.93086618888628
100,0.1,0,AR2,pcglassoFast_Primal,C,5.336699231206308e-6,0.17845000000000938,78.93086881807741
100,0.1,0,AR2,pcglassoFast_Primal,C,1.873817422860384e-5,0.16957500000002595,78.93087392303052
100,0.1,0,AR2,pcglassoFast_Primal,C,6.579332246575681e-5,0.15792500000000587,78.9308877092954
100,0.1,0,AR2,pcglassoFast_Primal,C,2.310129700083161e-4,0.14662500000000306,78.93092570820258
100,0.1,0,AR2,pcglassoFast_Primal,C,8.11130830789687e-4,0.14047499999998364,78.93103229670191
100,0.1,0,AR2,pcglassoFast_Primal,C,0.002848035868435802,0.1327750000000016,78.93133978399388
100,0.1,0,AR2,pcglassoFast_Primal,C,0.010000000000000004,0.10334999999999975,78.935141013404
100,0.1,0,AR2,pcglassoFast_Primal,I,9.999999999999982e-9,0.22649999999996454,78.93086573530732
100,0.1,0,AR2,pcglassoFast_Primal,I,3.5111917342151263e-8,0.23657500000006165,78.93086574394886
100,0.1,0,AR2,pcglassoFast_Primal,I,1.2328467394420646e-7,0.21282500000011167,78.9308657963866
100,0.1,0,AR2,pcglassoFast_Primal,I,4.328761281083054e-7,0.19520000000005666,78.93086606613207
100,0.1,0,AR2,pcglassoFast_Primal,I,1.5199110829529328e-6,0.1799000000000092,78.93086648335812
100,0.1,0,AR2,pcglassoFast_Primal,I,5.336699231206308e-6,0.16892500000003566,78.9308674801488
100,0.1,0,AR2,pcglassoFast_Primal,I,1.873817422860384e-5,0.15102500000000418,78.93087562503682
100,0.1,0,AR2,pcglassoFast_Primal,I,6.579332246575681e-5,0.14087500000000547,78.9308899404455
100,0.1,0,AR2,pcglassoFast_Primal,I,2.310129700083161e-4,0.1296750000000003,78.93092639993452
100,0.1,0,AR2,pcglassoFast_Primal,I,8.11130830789687e-4,0.11172500000001265,78.93127025771336
100,0.1,0,AR2,pcglassoFast_Primal,I,0.002848035868435802,0.100324999999998,78.93195034446252
100,0.1,0,AR2,pcglassoFast_Primal,I,0.010000000000000004,0.09050000000000188,78.93386255564519
100,0.1,0,hub_09,pcglasso,C,9.999999999999982e-9,0.4290250000000242,95.11594411421292
100,0.1,0,hub_09,pcglasso,C,3.5111917342151263e-8,0.3984499999999116,95.11594410717024
100,0.1,0,hub_09,pcglasso,C,1.2328467394420646e-7,0.3763249999999516,95.11594411585418
100,0.1,0,hub_09,pcglasso,C,4.328761281083054e-7,0.341475000000014,95.11594441232523
100,0.1,0,hub_09,pcglasso,C,1.5199110829529328e-6,0.3247000000000071,95.1159461194528
100,0.1,0,hub_09,pcglasso,C,5.336699231206308e-6,0.31012500000001636,95.11594992042197
100,0.1,0,hub_09,pcglasso,C,1.873817422860384e-5,0.23200000000002205,95.11647912628982
100,0.1,0,hub_09,pcglasso,C,6.579332246575681e-5,0.17384999999999878,95.12197622607309
100,0.1,0,hub_09,pcglasso,C,2.310129700083161e-4,0.1189750000000089,95.16052378960873
100,0.1,0,hub_09,pcglasso,C,8.11130830789687e-4,0.03482500000002346,111.65770237210072
100,0.1,0,hub_09,pcglasso,C,0.002848035868435802,0.030424999999999612,115.14887834618693
100,0.1,0,hub_09,pcglasso,C,0.010000000000000004,0.030449999999999734,115.14887834618693
100,0.1,0,hub_09,pcglasso,I,9.999999999999982e-9,0.39052500000000234,95.11594411023157
100,0.1,0,hub_09,pcglasso,I,3.5111917342151263e-8,0.36544999999985067,95.11594414832719
100,0.1,0,hub_09,pcglasso,I,1.2328467394420646e-7,0.3413250000000289,95.11594423845395
100,0.1,0,hub_09,pcglasso,I,4.328761281083054e-7,0.3392999999999574,95.11594423845395
100,0.1,0,hub_09,pcglasso,I,1.5199110829529328e-6,0.27680000000000293,95.11604097709342
100,0.1,0,hub_09,pcglasso,I,5.336699231206308e-6,0.2730999999999881,95.11604097709342
100,0.1,0,hub_09,pcglasso,I,1.873817422860384e-5,0.21070000000005393,95.11637986562285
100,0.1,0,hub_09,pcglasso,I,6.579332246575681e-5,0.13559999999999378,95.12024784666538
100,0.1,0,hub_09,pcglasso,I,2.310129700083161e-4,0.07452500000001691,95.21917257631826
100,0.1,0,hub_09,pcglasso,I,8.11130830789687e-4,0.045624999999995454,95.35719194155082
100,0.1,0,hub_09,pcglasso,I,0.002848035868435802,0.04102499999999907,95.55188813835049
100,0.1,0,hub_09,pcglasso,I,0.010000000000000004,0.04215000000000089,95.55188813835049
100,0.1,0,hub_09,pcglassoFast_Dual,C,9.999999999999982e-9,0.13592500000006566,95.11594411978595
100,0.1,0,hub_09,pcglassoFast_Dual,C,3.5111917342151263e-8,0.13370000000002163,95.11594415782668
100,0.1,0,hub_09,pcglassoFast_Dual,C,1.2328467394420646e-7,0.12572499999998854,95.1159442860971
100,0.1,0,hub_09,pcglassoFast_Dual,C,4.328761281083054e-7,0.13115000000004784,95.11594472728736
100,0.1,0,hub_09,pcglassoFast_Dual,C,1.5199110829529328e-6,0.11147500000002993,95.11594620107756
100,0.1,0,hub_09,pcglassoFast_Dual,C,5.336699231206308e-6,0.101199999999983,95.11594796400499
100,0.1,0,hub_09,pcglassoFast_Dual,C,1.873817422860384e-5,0.09390000000000782,95.11595588656476
100,0.1,0,hub_09,pcglassoFast_Dual,C,6.579332246575681e-5,0.07972500000003038,95.11598806755005
100,0.1,0,hub_09,pcglassoFast_Dual,C,2.310129700083161e-4,0.08819999999999766,95.11600527080176
100,0.1,0,hub_09,pcglassoFast_Dual,C,8.11130830789687e-4,0.06615000000000179,95.11639346308371
100,0.1,0,hub_09,pcglassoFast_Dual,C,0.002848035868435802,0.056900000000001685,95.11753799169662
100,0.1,0,hub_09,pcglassoFast_Dual,C,0.010000000000000004,0.05435000000000052,95.12218575116125
100,0.1,0,hub_09,pcglassoFast_Dual,I,9.999999999999982e-9,0.10772500000005039,95.11594412067792
100,0.1,0,hub_09,pcglassoFast_Dual,I,3.5111917342151263e-8,0.11092499999997471,95.11594416092197
100,0.1,0,hub_09,pcglassoFast_Dual,I,1.2328467394420646e-7,0.09959999999996398,95.11594429682717
100,0.1,0,hub_09,pcglassoFast_Dual,I,4.328761281083054e-7,0.09422500000003993,95.11594434628198
100,0.1,0,hub_09,pcglassoFast_Dual,I,1.5199110829529328e-6,0.08260000000008176,95.1159453317491
100,0.1,0,hub_09,pcglassoFast_Dual,I,5.336699231206308e-6,0.08662499999999226,95.11594662536801
100,0.1,0,hub_09,pcglassoFast_Dual,I,1.873817422860384e-5,0.06509999999998968,95.11595449116001
100,0.1,0,hub_09,pcglassoFast_Dual,I,6.579332246575681e-5,0.060024999999990315,95.11596068364243
100,0.1,0,hub_09,pcglassoFast_Dual,I,2.310129700083161e-4,0.058499999999992267,95.1160626546692
100,0.1,0,hub_09,pcglassoFast_Dual,I,8.11130830789687e-4,0.04337500000000318,95.11631997931735
100,0.1,0,hub_09,pcglassoFast_Dual,I,0.002848035868435802,0.03615000000000208,95.11764037164384
100,0.1,0,hub_09,pcglassoFast_Dual,I,0.010000000000000004,0.03444999999999752,95.11872801715013
100,0.1,0,hub_09,pcglassoFast_Primal,C,9.999999999999982e-9,0.16032499999989797,95.11594410461274
100,0.1,0,hub_09,pcglassoFast_Primal,C,3.5111917342151263e-8,0.15030000000003838,95.115944107145907
100,0.1,0,hub_09,pcglassoFast_Primal,C,1.2328467394420646e-7,0.1412499999999227,95.11594411949415
100,0.1,0,hub_09,pcglassoFast_Primal,C,4.328761281083054e-7,0.1329500000000053,95.11594418122453
100,0.1,0,hub_09,pcglassoFast_Primal,C,1.5199110829529328e-6,0.13055000000005065,95.11594418122453
100,0.1,0,hub_09,pcglassoFast_Primal,C,5.336699231206308e-6,0.11989999999998986,95.11594450241388
100,0.1,0,hub_09,pcglassoFast_Primal,C,1.873817422860384e-5,0.1109999999999843,95.11594628491639
100,0.1,0,hub_09,pcglassoFast_Primal,C,6.579332246575681e-5,0.1019999999999925,95.11595659334543
100,0.1,0,hub_09,pcglassoFast_Primal,C,2.310129700083161e-4,0.09890000000000328,95.11595659334543
100,0.1,0,hub_09,pcglassoFast_Primal,C,8.11130830789687e-4,0.08999999999999915,95.11601656551944
100,0.1,0,hub_09,pcglassoFast_Primal,C,0.002848035868435802,0.08032500000000269,95.11636912151249
100,0.1,0,hub_09,pcglassoFast_Primal,C,0.010000000000000004,0.07877500000000026,95.11636912151249
100,0.1,0,hub_09,pcglassoFast_Primal,I,9.999999999999982e-9,0.1457499999999982,95.11594410642797
100,0.1,0,hub_09,pcglassoFast_Primal,I,3.5111917342151263e-8,0.14825000000005276,95.11594411442802
100,0.1,0,hub_09,pcglassoFast_Primal,I,1.2328467394420646e-7,0.14729999999999563,95.11594411442802
100,0.1,0,hub_09,pcglassoFast_Primal,I,4.328761281083054e-7,0.13914999999994962,95.11594414653085
100,0.1,0,hub_09,pcglassoFast_Primal,I,1.5199110829529328e-6,0.1280750000000012,95.11594427561108
100,0.1,0,hub_09,pcglassoFast_Primal,I,5.336699231206308e-6,0.11599999999998545,95.11594479014131
100,0.1,0,hub_09,pcglassoFast_Primal,I,1.873817422860384e-5,0.10517499999997995,95.11594692017496
100,0.1,0,hub_09,pcglassoFast_Primal,I,6.579332246575681e-5,0.09902500000003442,95.11595582895264
100,0.1,0,hub_09,pcglassoFast_Primal,I,2.310129700083161e-4,0.08687500000000056,95.11599370664706
100,0.1,0,hub_09,pcglassoFast_Primal,I,8.11130830789687e-4,0.0765749999999997,95.1161554609963
100,0.1,0,hub_09,pcglassoFast_Primal,I,0.002848035868435802,0.0787750000000031,95.1161554609963
100,0.1,0,hub_09,pcglassoFast_Primal,I,0.010000000000000004,0.06712499999999828,95.11684893696449
100,0.1,0,hub_1,pcglasso,C,9.999999999999982e-9,12.071149999999921,30.778183687582363
100,0.1,0,hub_1,pcglasso,C,3.5111917342151263e-8,10.2817,30.778183772943855
100,0.1,0,hub_1,pcglasso,C,1.2328467394420646e-7,8.345725000000039,30.778184825820752
100,0.1,0,hub_1,pcglasso,C,4.328761281083054e-7,6.559375,30.778195327919185
100,0.1,0,hub_1,pcglasso,C,1.5199110829529328e-6,5.092875000000026,30.77834659363973
100,0.1,0,hub_1,pcglasso,C,5.336699231206308e-6,3.600450000000001,30.779702650851892
100,0.1,0,hub_1,pcglasso,C,1.873817422860384e-5,2.1035500000000296,30.789040539663475
100,0.1,0,hub_1,pcglasso,C,6.579332246575681e-5,1.154375000000016,30.874836163675724
100,0.1,0,hub_1,pcglasso,C,2.310129700083161e-4,0.9863499999999987,33.110944984244924
100,0.1,0,hub_1,pcglasso,C,8.11130830789687e-4,0.34112500000000523,72.29841770266533
100,0.1,0,hub_1,pcglasso,C,0.002848035868435802,0.34325000000000044,72.29841770266533
100,0.1,0,hub_1,pcglasso,C,0.010000000000000004,0.3446750000000005,72.29841770266533
100,0.1,0,hub_1,pcglasso,I,9.999999999999982e-9,18.36065000000001,30.778183687582498
100,0.1,0,hub_1,pcglasso,I,3.5111917342151263e-8,16.933799999999952,30.778183770921526
100,0.1,0,hub_1,pcglasso,I,1.2328467394420646e-7,13.651750000000016,30.77818460766221
100,0.1,0,hub_1,pcglasso,I,4.328761281083054e-7,10.207574999999963,30.778195846651805
100,0.1,0,hub_1,pcglasso,I,1.5199110829529328e-6,7.324775000000011,30.77834949408861
100,0.1,0,hub_1,pcglasso,I,5.336699231206308e-6,4.627175000000011,30.780649912011903
100,0.1,0,hub_1,pcglasso,I,1.873817422860384e-5,1.946624999999989,30.955345069297667
100,0.1,0,hub_1,pcglasso,I,6.579332246575681e-5,0.23835000000002537,34.033489464586864
100,0.1,0,hub_1,pcglasso,I,2.310129700083161e-4,0.18687499999997215,34.587682696039884
100,0.1,0,hub_1,pcglasso,I,8.11130830789687e-4,0.18537499999998772,33.91625227176931
100,0.1,0,hub_1,pcglasso,I,0.002848035868435802,0.10634999999999054,35.14405598272043
100,0.1,0,hub_1,pcglasso,I,0.010000000000000004,0.11007499999999411,35.57834052411457
100,0.1,0,hub_1,pcglassoFast_Dual,C,9.999999999999982e-9,13.898199999999997,30.77818375359636
100,0.1,0,hub_1,pcglassoFast_Dual,C,3.5111917342151263e-8,11.203850000000056,30.778187216412704
100,0.1,0,hub_1,pcglassoFast_Dual,C,1.2328467394420646e-7,9.746324999999956,30.778198212490487
100,0.1,0,hub_1,pcglassoFast_Dual,C,4.328761281083054e-7,9.748224999999968,30.778186834107103
100,0.1,0,hub_1,pcglassoFast_Dual,C,1.5199110829529328e-6,8.931525000000022,30.77819309205598
100,0.1,0,hub_1,pcglassoFast_Dual,C,5.336699231206308e-6,7.188550000000009,30.778256349250732
100,0.1,0,hub_1,pcglassoFast_Dual,C,1.873817422860384e-5,5.693599999999992,30.778372247907882
100,0.1,0,hub_1,pcglassoFast_Dual,C,6.579332246575681e-5,2.528549999999993,30.789952124801644
100,0.1,0,hub_1,pcglassoFast_Dual,C,2.310129700083161e-4,2.2416249999999964,30.794496038270204
100,0.1,0,hub_1,pcglassoFast_Dual,C,8.11130830789687e-4,1.8159750000000017,30.802576068938755
100,0.1,0,hub_1,pcglassoFast_Dual,C,0.002848035868435802,1.7517999999999994,30.805531921070298
100,0.1,0,hub_1,pcglassoFast_Dual,C,0.010000000000000004,1.6303499999999989,30.81073785532598
100,0.1,0,hub_1,pcglassoFast_Dual,I,9.999999999999982e-9,12.69885000000022,30.778183748552447
100,0.1,0,hub_1,pcglassoFast_Dual,I,3.5111917342151263e-8,12.876049999999987,30.778184491195233
100,0.1,0,hub_1,pcglassoFast_Dual,I,1.2328467394420646e-7,12.55504999999996,30.77818518990586
100,0.1,0,hub_1,pcglassoFast_Dual,I,4.328761281083054e-7,10.944600000000014,30.778194671114527
100,0.1,0,hub_1,pcglassoFast_Dual,I,1.5199110829529328e-6,11.157249999999966,30.778193437328582
100,0.1,0,hub_1,pcglassoFast_Dual,I,5.336699231206308e-6,10.43057500000001,30.778217360566913
100,0.1,0,hub_1,pcglassoFast_Dual,I,1.873817422860384e-5,9.041075000000001,30.778613558577483
100,0.1,0,hub_1,pcglassoFast_Dual,I,6.579332246575681e-5,8.38002499999999,30.77865028451871
100,0.1,0,hub_1,pcglassoFast_Dual,I,2.310129700083161e-4,7.605375,30.780671682669322
100,0.1,0,hub_1,pcglassoFast_Dual,I,8.11130830789687e-4,6.540024999999995,30.788062226027733
100,0.1,0,hub_1,pcglassoFast_Dual,I,0.002848035868435802,6.017649999999996,30.795547546878367
100,0.1,0,hub_1,pcglassoFast_Dual,I,0.010000000000000004,4.2886250000000015,30.85191200869101
100,0.1,0,hub_1,pcglassoFast_Primal,C,9.999999999999982e-9,5.554950000000053,30.778184053971295
100,0.1,0,hub_1,pcglassoFast_Primal,C,3.5111917342151263e-8,5.038200000000006,30.778185022808813
100,0.1,0,hub_1,pcglassoFast_Primal,C,1.2328467394420646e-7,4.167325000000039,30.7781882470891
100,0.1,0,hub_1,pcglassoFast_Primal,C,4.328761281083054e-7,3.380849999999987,30.778199189652362
100,0.1,0,hub_1,pcglassoFast_Primal,C,1.5199110829529328e-6,2.7717000000000325,30.77822609699122
100,0.1,0,hub_1,pcglassoFast_Primal,C,5.336699231206308e-6,2.4147250000000327,30.77824217568289
100,0.1,0,hub_1,pcglassoFast_Primal,C,1.873817422860384e-5,2.050625000000008,30.77827042450316
100,0.1,0,hub_1,pcglassoFast_Primal,C,6.579332246575681e-5,1.738075000000012,30.77834554307245
100,0.1,0,hub_1,pcglassoFast_Primal,C,2.310129700083161e-4,1.4385250000000014,30.77847519934108
100,0.1,0,hub_1,pcglassoFast_Primal,C,8.11130830789687e-4,1.232025000000003,30.778807893106332
100,0.1,0,hub_1,pcglassoFast_Primal,C,0.002848035868435802,1.0909499999999965,30.78000419979348
100,0.1,0,hub_1,pcglassoFast_Primal,C,0.010000000000000004,0.9885500000000003,30.791575522358286
100,0.1,0,hub_1,pcglassoFast_Primal,I,9.999999999999982e-9,5.164850000000047,30.778184054352376
100,0.1,0,hub_1,pcglassoFast_Primal,I,3.5111917342151263e-8,4.618474999999899,30.7781849656496
100,0.1,0,hub_1,pcglassoFast_Primal,I,1.2328467394420646e-7,3.9318250000000488,30.778188146762872
100,0.1,0,hub_1,pcglassoFast_Primal,I,4.328761281083054e-7,3.199150000000009,30.778198443363635
100,0.1,0,hub_1,pcglassoFast_Primal,I,1.5199110829529328e-6,2.6549000000000547,30.778223751304694
100,0.1,0,hub_1,pcglassoFast_Primal,I,5.336699231206308e-6,2.4474500000000035,30.778242007746844
100,0.1,0,hub_1,pcglassoFast_Primal,I,1.873817422860384e-5,2.247424999999987,30.77827055171679
100,0.1,0,hub_1,pcglassoFast_Primal,I,6.579332246575681e-5,2.0136000000000083,30.778503300875638
100,0.1,0,hub_1,pcglassoFast_Primal,I,2.310129700083161e-4,1.871025000000006,30.779231330282123
100,0.1,0,hub_1,pcglassoFast_Primal,I,8.11130830789687e-4,1.633425000000011,30.782075738489276
100,0.1,0,hub_1,pcglassoFast_Primal,I,0.002848035868435802,1.4764999999999986,30.79274908250757
100,0.1,0,hub_1,pcglassoFast_Primal,I,0.010000000000000004,1.1141250000000007,30.835718671524937
100,0.1,0,random,pcglasso,C,9.999999999999982e-9,0.5930750000000444,84.3925912118649
100,0.1,0,random,pcglasso,C,3.5111917342151263e-8,0.49157499999989795,84.39259136017748
100,0.1,0,random,pcglasso,C,1.2328467394420646e-7,0.45309999999994943,84.39259228154809
100,0.1,0,random,pcglasso,C,4.328761281083054e-7,0.4122499999999832,84.39259800753862
100,0.1,0,random,pcglasso,C,1.5199110829529328e-6,0.38985000000000125,84.39261552779357
100,0.1,0,random,pcglasso,C,5.336699231206308e-6,0.36479999999996837,84.39266948842035
100,0.1,0,random,pcglasso,C,1.873817422860384e-5,0.27032500000000254,84.39428729239319
100,0.1,0,random,pcglasso,C,6.579332246575681e-5,0.18332500000001914,84.40799581294556
100,0.1,0,random,pcglasso,C,2.310129700083161e-4,0.13015000000000326,84.56003468296785
100,0.1,0,random,pcglasso,C,8.11130830789687e-4,0.04322500000000531,97.18085306404336
100,0.1,0,random,pcglasso,C,0.002848035868435802,0.032750000000008585,114.58889274066256
100,0.1,0,random,pcglasso,C,0.010000000000000004,0.032850000000001954,112.42510035841785
100,0.1,0,random,pcglasso,I,9.999999999999982e-9,0.5337500000001001,84.39259120528399
100,0.1,0,random,pcglasso,I,3.5111917342151263e-8,0.5284500000001117,84.39259125646903
100,0.1,0,random,pcglasso,I,1.2328467394420646e-7,0.40759999999993396,84.39259316853551
100,0.1,0,random,pcglasso,I,4.328761281083054e-7,0.35715000000002417,84.39262227112083
100,0.1,0,random,pcglasso,I,1.5199110829529328e-6,0.3372250000000463,84.39267020061088
100,0.1,0,random,pcglasso,I,5.336699231206308e-6,0.27310000000001083,84.3935498316509
100,0.1,0,random,pcglasso,I,1.873817422860384e-5,0.20507499999997664,84.39689253265372
100,0.1,0,random,pcglasso,I,6.579332246575681e-5,0.1462999999999738,84.41363066426516
100,0.1,0,random,pcglasso,I,2.310129700083161e-4,0.07907500000000596,84.63678527651305
100,0.1,0,random,pcglasso,I,8.11130830789687e-4,0.047199999999995156,85.50987618538926
100,0.1,0,random,pcglasso,I,0.002848035868435802,0.04372499999999775,85.22706282290194
100,0.1,0,random,pcglasso,I,0.010000000000000004,0.04495000000000075,85.22706282290194
100,0.1,0,random,pcglassoFast_Dual,C,9.999999999999982e-9,0.2007750000000442,84.3925912294492
100,0.1,0,random,pcglassoFast_Dual,C,3.5111917342151263e-8,0.20485000000001036,84.39259129434525
100,0.1,0,random,pcglassoFast_Dual,C,1.2328467394420646e-7,0.1800500000000511,84.39259162981926
100,0.1,0,random,pcglassoFast_Dual,C,4.328761281083054e-7,0.1753999999999678,84.39259287001306
100,0.1,0,random,pcglassoFast_Dual,C,1.5199110829529328e-6,0.15087499999999637,84.39259576193807
100,0.1,0,random,pcglassoFast_Dual,C,5.336699231206308e-6,0.1530249999999967,84.39259532133143
100,0.1,0,random,pcglassoFast_Dual,C,1.873817422860384e-5,0.130499999999995,84.39262964623057
100,0.1,0,random,pcglassoFast_Dual,C,6.579332246575681e-5,0.10240000000001145,84.39261379995506
100,0.1,0,random,pcglassoFast_Dual,C,2.310129700083161e-4,0.08927499999999497,84.39316091958283
100,0.1,0,random,pcglassoFast_Dual,C,8.11130830789687e-4,0.07257499999999481,84.39348672283529
100,0.1,0,random,pcglassoFast_Dual,C,0.002848035868435802,0.08222499999999969,84.39384754417983
100,0.1,0,random,pcglassoFast_Dual,C,0.010000000000000004,0.06899999999999942,84.39561888808576
100,0.1,0,random,pcglassoFast_Dual,I,9.999999999999982e-9,0.16955000000002657,84.39259122570058
100,0.1,0,random,pcglassoFast_Dual,I,3.5111917342151263e-8,0.15904999999995653,84.39259134293675
100,0.1,0,random,pcglassoFast_Dual,I,1.2328467394420646e-7,0.17852500000005875,84.39259134293675
100,0.1,0,random,pcglassoFast_Dual,I,4.328761281083054e-7,0.15539999999996326,84.3925929529053
100,0.1,0,random,pcglassoFast_Dual,I,1.5199110829529328e-6,0.11869999999994434,84.3925961998593
100,0.1,0,random,pcglassoFast_Dual,I,5.336699231206308e-6,0.11340000000006967,84.39259708312994
100,0.1,0,random,pcglassoFast_Dual,I,1.873817422860384e-5,0.08590000000002647,84.39260526505736
100,0.1,0,random,pcglassoFast_Dual,I,6.579332246575681e-5,0.05674999999999386,84.39296115203658
100,0.1,0,random,pcglassoFast_Dual,I,2.310129700083161e-4,0.05405000000000655,84.39301622363895
100,0.1,0,random,pcglassoFast_Dual,I,8.11130830789687e-4,0.05247500000000116,84.39319284057645
100,0.1,0,random,pcglassoFast_Dual,I,0.002848035868435802,0.05430000000000348,84.39379214918816
100,0.1,0,random,pcglassoFast_Dual,I,0.010000000000000004,0.03572500000000076,84.39834792837235
100,0.1,0,random,pcglassoFast_Primal,C,9.999999999999982e-9,0.4188000000000329,84.39259120972396
100,0.1,0,random,pcglassoFast_Primal,C,3.5111917342151263e-8,0.3796249999999873,84.39259124637556
100,0.1,0,random,pcglassoFast_Primal,C,1.2328467394420646e-7,0.3488000000000966,84.39259143046965
100,0.1,0,random,pcglassoFast_Primal,C,4.328761281083054e-7,0.3031249999999545,84.3925919031489
100,0.1,0,random,pcglassoFast_Primal,C,1.5199110829529328e-6,0.26932499999996934,84.39259416434233
100,0.1,0,random,pcglassoFast_Primal,C,5.336699231206308e-6,0.23905000000006,84.3925998151592
100,0.1,0,random,pcglassoFast_Primal,C,1.873817422860384e-5,0.2055750000000046,84.39261881289944
100,0.1,0,random,pcglassoFast_Primal,C,6.579332246575681e-5,0.18657500000001903,84.39266479782877
100,0.1,0,random,pcglassoFast_Primal,C,2.310129700083161e-4,0.16822499999998683,84.39282676845855
100,0.1,0,random,pcglassoFast_Primal,C,8.11130830789687e-4,0.14637499999999762,84.39341993495617
100,0.1,0,random,pcglassoFast_Primal,C,0.002848035868435802,0.1324249999999978,84.39555741457264
100,0.1,0,random,pcglassoFast_Primal,C,0.010000000000000004,0.11472499999999979,84.39812646659435
100,0.1,0,random,pcglassoFast_Primal,I,9.999999999999982e-9,0.3366250000000264,84.39259120368678
100,0.1,0,random,pcglassoFast_Primal,I,3.5111917342151263e-8,0.34517500000008566,84.39259124415815
100,0.1,0,random,pcglassoFast_Primal,I,1.2328467394420646e-7,0.32305000000003475,84.39259132777575
100,0.1,0,random,pcglassoFast_Primal,I,4.328761281083054e-7,0.2960750000000303,84.39259175204052
100,0.1,0,random,pcglassoFast_Primal,I,1.5199110829529328e-6,0.25849999999996953,84.3925933907858
100,0.1,0,random,pcglassoFast_Primal,I,5.336699231206308e-6,0.23537499999998773,84.39259981690994
100,0.1,0,random,pcglassoFast_Primal,I,1.873817422860384e-5,0.20787499999999567,84.392623222492
100,0.1,0,random,pcglassoFast_Primal,I,6.579332246575681e-5,0.17390000000000327,84.39270534566869
100,0.1,0,random,pcglassoFast_Primal,I,2.310129700083161e-4,0.14147500000000832,84.39298864533338
100,0.1,0,random,pcglassoFast_Primal,I,8.11130830789687e-4,0.12272500000001116,84.39351703743225
100,0.1,0,random,pcglassoFast_Primal,I,0.002848035868435802,0.08987500000000778,84.39620695756133
100,0.1,0,random,pcglassoFast_Primal,I,0.010000000000000004,0.0796500000000023,84.39863500420282
100,0.1,0.5,AR2,pcglasso,C,9.999999999999982e-9,0.31637499999994817,83.41023541705474
100,0.1,0.5,AR2,pcglasso,C,3.5111917342151263e-8,0.3099750000000313,83.41023541750813
100,0.1,0.5,AR2,pcglasso,C,1.2328467394420646e-7,0.2900500000000875,83.41023554316011
100,0.1,0.5,AR2,pcglasso,C,4.328761281083054e-7,0.2904000000000451,83.41023554316011
100,0.1,0.5,AR2,pcglasso,C,1.5199110829529328e-6,0.2856250000000614,83.41023564967672
100,0.1,0.5,AR2,pcglasso,C,5.336699231206308e-6,0.27325000000001864,83.41023913281289
100,0.1,0.5,AR2,pcglasso,C,1.873817422860384e-5,0.22210000000000035,83.41028086493698
100,0.1,0.5,AR2,pcglasso,C,6.579332246575681e-5,0.1757750000000101,83.41083185445987
100,0.1,0.5,AR2,pcglasso,C,2.310129700083161e-4,0.1371250000000174,83.41751519501335
100,0.1,0.5,AR2,pcglasso,C,8.11130830789687e-4,0.08425000000000296,84.02667019891398
100,0.1,0.5,AR2,pcglasso,C,0.002848035868435802,0.03577499999999532,135.89175345378914
100,0.1,0.5,AR2,pcglasso,C,0.010000000000000004,0.03585000000000029,132.53406175024318
100,0.1,0.5,AR2,pcglasso,I,9.999999999999982e-9,0.1359500000000935,83.4102354171988
100,0.1,0.5,AR2,pcglasso,I,3.5111917342151263e-8,0.15304999999998473,83.41023541738268
100,0.1,0.5,AR2,pcglasso,I,1.2328467394420646e-7,0.1451750000000402,83.41023542317456
100,0.1,0.5,AR2,pcglasso,I,4.328761281083054e-7,0.12827500000003056,83.41023572483968
100,0.1,0.5,AR2,pcglasso,I,1.5199110829529328e-6,0.12442500000000792,83.41023598802114
100,0.1,0.5,AR2,pcglasso,I,5.336699231206308e-6,0.11672499999998535,83.4102433461306
100,0.1,0.5,AR2,pcglasso,I,1.873817422860384e-5,0.09047500000003197,83.41033026871064
100,0.1,0.5,AR2,pcglasso,I,6.579332246575681e-5,0.05949999999999704,83.41145499657547
100,0.1,0.5,AR2,pcglasso,I,2.310129700083161e-4,0.05072500000002265,83.41083445614812
100,0.1,0.5,AR2,pcglasso,I,8.11130830789687e-4,0.02627500000000964,83.42078533475693
100,0.1,0.5,AR2,pcglasso,I,0.002848035868435802,0.0290499999999966,83.42727607256852
100,0.1,0.5,AR2,pcglasso,I,0.010000000000000004,0.024524999999998444,83.4371352421709
100,0.1,0.5,AR2,pcglassoFast_Dual,C,9.999999999999982e-9,0.042500000000154615,83.41023541771656
100,0.1,0.5,AR2,pcglassoFast_Dual,C,3.5111917342151263e-8,0.04459999999996853,83.41023541771656
100,0.1,0.5,AR2,pcglassoFast_Dual,C,1.2328467394420646e-7,0.041999999999939065,83.41023542515097
100,0.1,0.5,AR2,pcglassoFast_Dual,C,4.328761281083054e-7,0.041300000000080675,83.41023542515097
100,0.1,0.5,AR2,pcglassoFast_Dual,C,1.5199110829529328e-6,0.0418250000000171,83.41023542515097
100,0.1,0.5,AR2,pcglassoFast_Dual,C,5.336699231206308e-6,0.038675000000012005,83.41023553554967
100,0.1,0.5,AR2,pcglassoFast_Dual,C,1.873817422860384e-5,0.039274999999986446,83.41023553554967
100,0.1,0.5,AR2,pcglassoFast_Dual,C,6.579332246575681e-5,0.03679999999999382,83.41023717059389
100,0.1,0.5,AR2,pcglassoFast_Dual,C,2.310129700083161e-4,0.03670000000000471,83.41023717059389
100,0.1,0.5,AR2,pcglassoFast_Dual,C,8.11130830789687e-4,0.03477500000000191,83.41026148445636
100,0.1,0.5,AR2,pcglassoFast_Dual,C,0.002848035868435802,0.03469999999999942,83.41026148445636
100,0.1,0.5,AR2,pcglassoFast_Dual,C,0.010000000000000004,0.031449999999997404,83.41064016850656
100,0.1,0.5,AR2,pcglassoFast_Dual,I,9.999999999999982e-9,0.0267000000001417,83.41023541761304
100,0.1,0.5,AR2,pcglassoFast_Dual,I,3.5111917342151263e-8,0.030925000000047477,83.41023541761304
100,0.1,0.5,AR2,pcglassoFast_Dual,I,1.2328467394420646e-7,0.02720000000017535,83.4102354236731
100,0.1,0.5,AR2,pcglassoFast_Dual,I,4.328761281083054e-7,0.027350000000069485,83.4102354236731
100,0.1,0.5,AR2,pcglassoFast_Dual,I,1.5199110829529328e-6,0.025625000000059118,83.41023548651968
100,0.1,0.5,AR2,pcglassoFast_Dual,I,5.336699231206308e-6,0.025250000000050933,83.41023548651968
100,0.1,0.5,AR2,pcglassoFast_Dual,I,1.873817422860384e-5,0.02267499999999245,83.41023614448635
100,0.1,0.5,AR2,pcglassoFast_Dual,I,6.579332246575681e-5,0.022799999999966757,83.41023614448635
100,0.1,0.5,AR2,pcglassoFast_Dual,I,2.310129700083161e-4,0.02087499999998954,83.41024312625038
100,0.1,0.5,AR2,pcglassoFast_Dual,I,8.11130830789687e-4,0.020549999999997227,83.41024312625038
100,0.1,0.5,AR2,pcglassoFast_Dual,I,0.002848035868435802,0.01779999999998978,83.41031571221136
100,0.1,0.5,AR2,pcglassoFast_Dual,I,0.010000000000000004,0.01807500000000175,83.41031571221136
100,0.1,0.5,AR2,pcglassoFast_Primal,C,9.999999999999982e-9,0.1255000000000109,83.41023541798175
100,0.1,0.5,AR2,pcglassoFast_Primal,C,3.5111917342151263e-8,0.12877499999997327,83.41023541798175
100,0.1,0.5,AR2,pcglassoFast_Primal,C,1.2328467394420646e-7,0.11737499999999272,83.41023542685687
100,0.1,0.5,AR2,pcglassoFast_Primal,C,4.328761281083054e-7,0.11707499999994297,83.41023542685687
100,0.1,0.5,AR2,pcglassoFast_Primal,C,1.5199110829529328e-6,0.11822500000002947,83.41023542685687
100,0.1,0.5,AR2,pcglassoFast_Primal,C,5.336699231206308e-6,0.10887499999996067,83.41023554651753
100,0.1,0.5,AR2,pcglassoFast_Primal,C,1.873817422860384e-5,0.10557499999997617,83.41023554651753
100,0.1,0.5,AR2,pcglassoFast_Primal,C,6.579332246575681e-5,0.09857499999998823,83.41023712685536
100,0.1,0.5,AR2,pcglassoFast_Primal,C,2.310129700083161e-4,0.09902499999999463,83.41023712685536
100,0.1,0.5,AR2,pcglassoFast_Primal,C,8.11130830789687e-4,0.08717500000000769,83.41025823152664
100,0.1,0.5,AR2,pcglassoFast_Primal,C,0.002848035868435802,0.09015000000000128,83.41025823152664
100,0.1,0.5,AR2,pcglassoFast_Primal,C,0.010000000000000004,0.07857499999999984,83.41054285458779
100,0.1,0.5,AR2,pcglassoFast_Primal,I,9.999999999999982e-9,0.09315000000012788,83.41023541711637
100,0.1,0.5,AR2,pcglassoFast_Primal,I,3.5111917342151263e-8,0.09282499999999345,83.41023541839438
100,0.1,0.5,AR2,pcglassoFast_Primal,I,1.2328467394420646e-7,0.08479999999985921,83.41023543021272
100,0.1,0.5,AR2,pcglassoFast_Primal,I,4.328761281083054e-7,0.08385000000000672,83.41023543021272
100,0.1,0.5,AR2,pcglassoFast_Primal,I,1.5199110829529328e-6,0.07552499999999326,83.41023554045731
100,0.1,0.5,AR2,pcglassoFast_Primal,I,5.336699231206308e-6,0.07464999999999691,83.41023554045731
100,0.1,0.5,AR2,pcglassoFast_Primal,I,1.873817422860384e-5,0.0636000000000024,83.41023658007845
100,0.1,0.5,AR2,pcglassoFast_Primal,I,6.579332246575681e-5,0.06522499999998672,83.41023658007845
100,0.1,0.5,AR2,pcglassoFast_Primal,I,2.310129700083161e-4,0.055925000000004846,83.41024651316988
100,0.1,0.5,AR2,pcglassoFast_Primal,I,8.11130830789687e-4,0.05544999999999334,83.41024651316988
100,0.1,0.5,AR2,pcglassoFast_Primal,I,0.002848035868435802,0.04634999999999678,83.41034286568065
100,0.1,0.5,AR2,pcglassoFast_Primal,I,0.010000000000000004,0.04605000000000068,83.41034286568065
100,0.1,0.5,hub_09,pcglasso,C,9.999999999999982e-9,1.0014499999999544,84.39545616320592
100,0.1,0.5,hub_09,pcglasso,C,3.5111917342151263e-8,0.5888999999998987,84.3954561692494
100,0.1,0.5,hub_09,pcglasso,C,1.2328467394420646e-7,0.45739999999998415,84.39545617036481
100,0.1,0.5,hub_09,pcglasso,C,4.328761281083054e-7,0.440075000000013,84.39545617714371
100,0.1,0.5,hub_09,pcglasso,C,1.5199110829529328e-6,0.4009750000000281,84.39545659145163
100,0.1,0.5,hub_09,pcglasso,C,5.336699231206308e-6,0.3508749999999964,84.39547043381259
100,0.1,0.5,hub_09,pcglasso,C,1.873817422860384e-5,0.2914250000000038,84.39552531739565
100,0.1,0.5,hub_09,pcglasso,C,6.579332246575681e-5,0.1738250000000164,84.39792333499852
100,0.1,0.5,hub_09,pcglasso,C,2.310129700083161e-4,0.11472499999999855,84.41957220456652
100,0.1,0.5,hub_09,pcglasso,C,8.11130830789687e-4,0.09015000000001124,84.42998991328734
100,0.1,0.5,hub_09,pcglasso,C,0.002848035868435802,0.029024999999992928,112.55993540468145
100,0.1,0.5,hub_09,pcglasso,C,0.010000000000000004,0.0301250000000028,112.55993540468145
100,0.1,0.5,hub_09,pcglasso,I,9.999999999999982e-9,0.8745500000001811,84.39545616319816
100,0.1,0.5,hub_09,pcglasso,I,3.5111917342151263e-8,0.5266250000000128,84.39545616665049
100,0.1,0.5,hub_09,pcglasso,I,1.2328467394420646e-7,0.5394250000000284,84.39545616998939
100,0.1,0.5,hub_09,pcglasso,I,4.328761281083054e-7,0.5228249999999548,84.39545620024664
100,0.1,0.5,hub_09,pcglasso,I,1.5199110829529328e-6,0.4690500000000156,84.3954575591645
100,0.1,0.5,hub_09,pcglasso,I,5.336699231206308e-6,0.4384000000000242,84.39546103050415
100,0.1,0.5,hub_09,pcglasso,I,1.873817422860384e-5,0.3632250000000113,84.39549554570529
100,0.1,0.5,hub_09,pcglasso,I,6.579332246575681e-5,0.21457499999999072,84.39612817828981
100,0.1,0.5,hub_09,pcglasso,I,2.310129700083161e-4,0.1273249999999763,84.40305707338365
100,0.1,0.5,hub_09,pcglasso,I,8.11130830789687e-4,0.06395000000001119,84.40250885464852
100,0.1,0.5,hub_09,pcglasso,I,0.002848035868435802,0.034850000000002976,84.49961685001863
100,0.1,0.5,hub_09,pcglasso,I,0.010000000000000004,0.027074999999993566,84.61003929041505
100,0.1,0.5,hub_09,pcglassoFast_Dual,C,9.999999999999982e-9,0.043725000000040384,84.39545616346558
100,0.1,0.5,hub_09,pcglassoFast_Dual,C,3.5111917342151263e-8,0.04025000000001455,84.39545616946766
100,0.1,0.5,hub_09,pcglassoFast_Dual,C,1.2328467394420646e-7,0.04184999999999946,84.39545616946766
100,0.1,0.5,hub_09,pcglassoFast_Dual,C,4.328761281083054e-7,0.041075000000012095,84.39545616515458
100,0.1,0.5,hub_09,pcglassoFast_Dual,C,1.5199110829529328e-6,0.03745000000001255,84.39545626064535
100,0.1,0.5,hub_09,pcglassoFast_Dual,C,5.336699231206308e-6,0.035024999999990314,84.39545662573312
100,0.1,0.5,hub_09,pcglassoFast_Dual,C,1.873817422860384e-5,0.034425000000010184,84.39545662573312
100,0.1,0.5,hub_09,pcglassoFast_Dual,C,6.579332246575681e-5,0.02994999999999095,84.39546857981988
100,0.1,0.5,hub_09,pcglassoFast_Dual,C,2.310129700083161e-4,0.02992500000000007,84.3955246371981
100,0.1,0.5,hub_09,pcglassoFast_Dual,C,8.11130830789687e-4,0.02772500000001372,84.3955246371981
100,0.1,0.5,hub_09,pcglassoFast_Dual,C,0.002848035868435802,0.024975000000002013,84.39572443043033
100,0.1,0.5,hub_09,pcglassoFast_Dual,C,0.010000000000000004,0.02622499999999981,84.39572418146658
100,0.1,0.5,hub_09,pcglassoFast_Dual,I,9.999999999999982e-9,0.040699999999878854,84.39545616425897
100,0.1,0.5,hub_09,pcglassoFast_Dual,I,3.5111917342151263e-8,0.045349999999962164,84.39545616425897
100,0.1,0.5,hub_09,pcglassoFast_Dual,I,1.2328467394420646e-7,0.045749999999952703,84.39545616425897
100,0.1,0.5,hub_09,pcglassoFast_Dual,I,4.328761281083054e-7,0.04242499999990059,84.39545616808974
100,0.1,0.5,hub_09,pcglassoFast_Dual,I,1.5199110829529328e-6,0.04080000000000154,84.39545622612638
100,0.1,0.5,hub_09,pcglassoFast_Dual,I,5.336699231206308e-6,0.03880000000001473,84.39545651593768
100,0.1,0.5,hub_09,pcglassoFast_Dual,I,1.873817422860384e-5,0.03975000000000932,84.39545651593768
100,0.1,0.5,hub_09,pcglassoFast_Dual,I,6.579332246575681e-5,0.034750000000008184,84.39546445993982
100,0.1,0.5,hub_09,pcglassoFast_Dual,I,2.310129700083161e-4,0.031775000000016006,84.39550072312564
100,0.1,0.5,hub_09,pcglassoFast_Dual,I,8.11130830789687e-4,0.030974999999995135,84.39561916493396
100,0.1,0.5,hub_09,pcglassoFast_Dual,I,0.002848035868435802,0.027025000000003276,84.39619885332681
100,0.1,0.5,hub_09,pcglassoFast_Dual,I,0.010000000000000004,0.02777500000000117,84.39851241192079
100,0.1,0.5,hub_09,pcglassoFast_Primal,C,9.999999999999982e-9,0.14574999999992996,84.39545616650437
100,0.1,0.5,hub_09,pcglassoFast_Primal,C,3.5111917342151263e-8,0.14555000000002566,84.39545616650437
100,0.1,0.5,hub_09,pcglassoFast_Primal,C,1.2328467394420646e-7,0.14022499999994126,84.39545617611701
100,0.1,0.5,hub_09,pcglassoFast_Primal,C,4.328761281083054e-7,0.12414999999997463,84.39545621771744
100,0.1,0.5,hub_09,pcglassoFast_Primal,C,1.5199110829529328e-6,0.11739999999997508,84.3954563930692
100,0.1,0.5,hub_09,pcglassoFast_Primal,C,5.336699231206308e-6,0.10975000000005934,84.39545713401394
100,0.1,0.5,hub_09,pcglassoFast_Primal,C,1.873817422860384e-5,0.09647499999998672,84.39546038648542
100,0.1,0.5,hub_09,pcglassoFast_Primal,C,6.579332246575681e-5,0.0866749999999854,84.39547462939612
100,0.1,0.5,hub_09,pcglassoFast_Primal,C,2.310129700083161e-4,0.08942499999999712,84.39547462939612
100,0.1,0.5,hub_09,pcglassoFast_Primal,C,8.11130830789687e-4,0.07775000000000745,84.39553566723721
100,0.1,0.5,hub_09,pcglassoFast_Primal,C,0.002848035868435802,0.06797499999999772,84.39580721313841
100,0.1,0.5,hub_09,pcglassoFast_Primal,C,0.010000000000000004,0.05884999999999989,84.39708285803049
100,0.1,0.5,hub_09,pcglassoFast_Primal,I,9.999999999999982e-9,0.1493500000000722,84.39545616575381
100,0.1,0.5,hub_09,pcglassoFast_Primal,I,3.5111917342151263e-8,0.15290000000006784,84.39545617319921
100,0.1,0.5,hub_09,pcglassoFast_Primal,I,1.2328467394420646e-7,0.15532499999992525,84.39545617319921
100,0.1,0.5,hub_09,pcglassoFast_Primal,I,4.328761281083054e-7,0.14442499999997835,84.39545620538048
100,0.1,0.5,hub_09,pcglassoFast_Primal,I,1.5199110829529328e-6,0.13332500000004757,84.39545634068007
100,0.1,0.5,hub_09,pcglassoFast_Primal,I,5.336699231206308e-6,0.1257249999999658,84.3954569093586
100,0.1,0.5,hub_09,pcglassoFast_Primal,I,1.873817422860384e-5,0.11375000000001592,84.3954593764158
100,0.1,0.5,hub_09,pcglassoFast_Primal,I,6.579332246575681e-5,0.10419999999998594,84.3954699300887
100,0.1,0.5,hub_09,pcglassoFast_Primal,I,2.310129700083161e-4,0.09557499999999094,84.39551454083163
100,0.1,0.5,hub_09,pcglassoFast_Primal,I,8.11130830789687e-4,0.08505000000000677,84.39569854321907
100,0.1,0.5,hub_09,pcglassoFast_Primal,I,0.002848035868435802,0.07624999999999602,84.39642225742105
100,0.1,0.5,hub_09,pcglassoFast_Primal,I,0.010000000000000004,0.06672500000000028,84.39902290168062
100,0.1,0.5,hub_1,pcglasso,C,9.999999999999982e-9,2.246324999999979,53.99932927420591
100,0.1,0.5,hub_1,pcglasso,C,3.5111917342151263e-8,2.047874999999908,53.999329301879406
100,0.1,0.5,hub_1,pcglasso,C,1.2328467394420646e-7,1.876075000000037,53.99932955934203
100,0.1,0.5,hub_1,pcglasso,C,4.328761281083054e-7,1.6016000000000303,53.99934189650428
100,0.1,0.5,hub_1,pcglasso,C,1.5199110829529328e-6,1.5302750000000174,53.99935726331916
100,0.1,0.5,hub_1,pcglasso,C,5.336699231206308e-6,1.4535499999999844,53.99956541851472
100,0.1,0.5,hub_1,pcglasso,C,1.873817422860384e-5,1.0961500000000115,54.00705165281489
100,0.1,0.5,hub_1,pcglasso,C,6.579332246575681e-5,0.8929249999999911,54.03660806243352
100,0.1,0.5,hub_1,pcglasso,C,2.310129700083161e-4,0.9315500000000043,54.29907238527879
100,0.1,0.5,hub_1,pcglasso,C,8.11130830789687e-4,1.2814749999999933,58.154852299698575
100,0.1,0.5,hub_1,pcglasso,C,0.002848035868435802,0.3478750000000005,139.689821961161
100,0.1,0.5,hub_1,pcglasso,C,0.010000000000000004,0.35944999999999966,139.689821961161
100,0.1,0.5,hub_1,pcglasso,I,9.999999999999982e-9,2.799950000000126,53.99932928422238
100,0.1,0.5,hub_1,pcglasso,I,3.5111917342151263e-8,2.893450000000075,53.999329300420364
100,0.1,0.5,hub_1,pcglasso,I,1.2328467394420646e-7,2.760074999999938,53.999329741866255
100,0.1,0.5,hub_1,pcglasso,I,4.328761281083054e-7,2.5739000000000147,53.99933269448468
100,0.1,0.5,hub_1,pcglasso,I,1.5199110829529328e-6,2.441600000000028,53.999365612568276
100,0.1,0.5,hub_1,pcglasso,I,5.336699231206308e-6,2.072225000000003,53.999408785972925
100,0.1,0.5,hub_1,pcglasso,I,1.873817422860384e-5,1.409399999999988,54.00162094953366
100,0.1,0.5,hub_1,pcglasso,I,6.579332246575681e-5,0.8864000000000261,54.021021895657114
100,0.1,0.5,hub_1,pcglasso,I,2.310129700083161e-4,0.09455000000002087,59.75280424781242
100,0.1,0.5,hub_1,pcglasso,I,8.11130830789687e-4,0.09347499999998661,59.167952925281696
100,0.1,0.5,hub_1,pcglasso,I,0.002848035868435802,0.05785000000000338,59.53366264884782
100,0.1,0.5,hub_1,pcglasso,I,0.010000000000000004,0.048900000000002566,60.279387246532266
100,0.1,0.5,hub_1,pcglassoFast_Dual,C,9.999999999999982e-9,0.5285499999998592,53.99932928111251
100,0.1,0.5,hub_1,pcglassoFast_Dual,C,3.5111917342151263e-8,0.5305749999999989,53.99932928111251
100,0.1,0.5,hub_1,pcglassoFast_Dual,C,1.2328467394420646e-7,0.46247499999994945,53.99932941527633
100,0.1,0.5,hub_1,pcglassoFast_Dual,C,4.328761281083054e-7,0.4555000000000177,53.999330552039474
100,0.1,0.5,hub_1,pcglassoFast_Dual,C,1.5199110829529328e-6,0.40234999999997856,53.99933171745682
100,0.1,0.5,hub_1,pcglassoFast_Dual,C,5.336699231206308e-6,0.44605000000000816,53.9993304829574
100,0.1,0.5,hub_1,pcglassoFast_Dual,C,1.873817422860384e-5,0.34257499999999935,53.99941090775658
100,0.1,0.5,hub_1,pcglassoFast_Dual,C,6.579332246575681e-5,0.3319749999999971,53.99941090775658
100,0.1,0.5,hub_1,pcglassoFast_Dual,C,2.310129700083161e-4,0.3392500000000013,53.99942609479184
100,0.1,0.5,hub_1,pcglassoFast_Dual,C,8.11130830789687e-4,0.3232249999999993,53.999531241761915
100,0.1,0.5,hub_1,pcglassoFast_Dual,C,0.002848035868435802,0.3098250000000043,53.99975028839257
100,0.1,0.5,hub_1,pcglassoFast_Dual,C,0.010000000000000004,0.2945249999999991,54.00314530675474
100,0.1,0.5,hub_1,pcglassoFast_Dual,I,9.999999999999982e-9,1.2469500000000835,53.999329274725866
100,0.1,0.5,hub_1,pcglassoFast_Dual,I,3.5111917342151263e-8,1.2885000000000217,53.99932929271383
100,0.1,0.5,hub_1,pcglassoFast_Dual,I,1.2328467394420646e-7,1.3222499999999173,53.99932929271383
100,0.1,0.5,hub_1,pcglassoFast_Dual,I,4.328761281083054e-7,1.214349999999979,53.99933111710196
100,0.1,0.5,hub_1,pcglassoFast_Dual,I,1.5199110829529328e-6,1.1561250000000314,53.99933111710196
100,0.1,0.5,hub_1,pcglassoFast_Dual,I,5.336699231206308e-6,1.1818000000000097,53.99933137943846
100,0.1,0.5,hub_1,pcglassoFast_Dual,I,1.873817422860384e-5,1.1462250000000211,53.9993409357994
100,0.1,0.5,hub_1,pcglassoFast_Dual,I,6.579332246575681e-5,1.1193499999999972,53.9993589257573
100,0.1,0.5,hub_1,pcglassoFast_Dual,I,2.310129700083161e-4,1.0890250000000008,53.99944018098384
100,0.1,0.5,hub_1,pcglassoFast_Dual,I,8.11130830789687e-4,1.1197749999999957,53.999878327014656
100,0.1,0.5,hub_1,pcglassoFast_Dual,I,0.002848035868435802,1.041849999999998,54.010037372377994
100,0.1,0.5,hub_1,pcglassoFast_Dual,I,0.010000000000000004,1.008449999999997,54.010037372377994
100,0.1,0.5,hub_1,pcglassoFast_Primal,C,9.999999999999982e-9,1.3012999999999693,53.99932934210787
100,0.1,0.5,hub_1,pcglassoFast_Primal,C,3.5111917342151263e-8,1.1952249999999593,53.99932951211053
100,0.1,0.5,hub_1,pcglassoFast_Primal,C,1.2328467394420646e-7,1.1240499999998974,53.999330041553684
100,0.1,0.5,hub_1,pcglassoFast_Primal,C,4.328761281083054e-7,1.0279500000000326,53.99933148946058
100,0.1,0.5,hub_1,pcglassoFast_Primal,C,1.5199110829529328e-6,0.9224250000000211,53.999329344378175
100,0.1,0.5,hub_1,pcglassoFast_Primal,C,5.336699231206308e-6,0.7887749999999812,53.99932966003097
100,0.1,0.5,hub_1,pcglassoFast_Primal,C,1.873817422860384e-5,0.6916999999999973,53.9993316547391
100,0.1,0.5,hub_1,pcglassoFast_Primal,C,6.579332246575681e-5,0.5854250000000206,53.99946576122921
100,0.1,0.5,hub_1,pcglassoFast_Primal,C,2.310129700083161e-4,0.5199499999999972,53.999728153660925
100,0.1,0.5,hub_1,pcglassoFast_Primal,C,8.11130830789687e-4,0.46875000000000144,54.00097522620324
100,0.1,0.5,hub_1,pcglassoFast_Primal,C,0.002848035868435802,0.36932499999999846,54.015297990589126
100,0.1,0.5,hub_1,pcglassoFast_Primal,C,0.010000000000000004,0.3285999999999998,54.037999780146194
100,0.1,0.5,hub_1,pcglassoFast_Primal,I,9.999999999999982e-9,1.3400250000000142,53.999329344984076
100,0.1,0.5,hub_1,pcglassoFast_Primal,I,3.5111917342151263e-8,1.342525000000046,53.99932947908994
100,0.1,0.5,hub_1,pcglassoFast_Primal,I,1.2328467394420646e-7,1.2404499999998735,53.999330008591684
100,0.1,0.5,hub_1,pcglassoFast_Primal,I,4.328761281083054e-7,1.1459250000000338,53.999331798680736
100,0.1,0.5,hub_1,pcglassoFast_Primal,I,1.5199110829529328e-6,1.0134499999999662,53.99933241401687
100,0.1,0.5,hub_1,pcglassoFast_Primal,I,5.336699231206308e-6,0.9351500000000101,53.99934179434737
100,0.1,0.5,hub_1,pcglassoFast_Primal,I,1.873817422860384e-5,0.846250000000009,53.99937856974246
100,0.1,0.5,hub_1,pcglassoFast_Primal,I,6.579332246575681e-5,0.6924500000000023,53.9995233195582
100,0.1,0.5,hub_1,pcglassoFast_Primal,I,2.310129700083161e-4,0.642825000000002,53.99933962185856
100,0.1,0.5,hub_1,pcglassoFast_Primal,I,8.11130830789687e-4,0.5326999999999913,54.00019294290822
100,0.1,0.5,hub_1,pcglassoFast_Primal,I,0.002848035868435802,0.45084999999999553,54.01201041208082
100,0.1,0.5,hub_1,pcglassoFast_Primal,I,0.010000000000000004,0.4071999999999981,54.022908034907424
100,0.1,0.5,random,pcglasso,C,9.999999999999982e-9,0.4471000000000231,82.835412340346707
100,0.1,0.5,random,pcglasso,C,3.5111917342151263e-8,0.4238249999999198,82.83541234954103
100,0.1,0.5,random,pcglasso,C,1.2328467394420646e-7,0.41119999999996254,82.83541238350006
100,0.1,0.5,random,pcglasso,C,4.328761281083054e-7,0.40337499999995996,82.83541266139245
100,0.1,0.5,random,pcglasso,C,1.5199110829529328e-6,0.36232500000000983,82.83542311575333
100,0.1,0.5,random,pcglasso,C,5.336699231206308e-6,0.33839999999999576,82.83545808552647
100,0.1,0.5,random,pcglasso,C,1.873817422860384e-5,0.2758749999999964,82.835601394835
100,0.1,0.5,random,pcglasso,C,6.579332246575681e-5,0.1889750000000106,82.83955280317443
100,0.1,0.5,random,pcglasso,C,2.310129700083161e-4,0.13327500000000328,82.86200547383376
100,0.1,0.5,random,pcglasso,C,8.11130830789687e-4,0.07955000000000326,82.9680378981327
100,0.1,0.5,random,pcglasso,C,0.002848035868435802,0.030800000000004248,129.17534123099952
100,0.1,0.5,random,pcglasso,C,0.010000000000000004,0.028375000000001906,126.79537478073897
100,0.1,0.5,random,pcglasso,I,9.999999999999982e-9,0.26944999999986974,82.83541234525654
100,0.1,0.5,random,pcglasso,I,3.5111917342151263e-8,0.2871999999999616,82.83541236439386
100,0.1,0.5,random,pcglasso,I,1.2328467394420646e-7,0.2712999999999511,82.83541243384222
100,0.1,0.5,random,pcglasso,I,4.328761281083054e-7,0.25762500000000726,82.83541298945575
100,0.1,0.5,random,pcglasso,I,1.5199110829529328e-6,0.2434750000000463,82.83541634551
100,0.1,0.5,random,pcglasso,I,5.336699231206308e-6,0.21392500000001746,82.83548978141386
100,0.1,0.5,random,pcglasso,I,1.873817422860384e-5,0.1464249999999879,82.83653795312297
100,0.1,0.5,random,pcglasso,I,6.579332246575681e-5,0.10004999999999882,82.8395004746568
100,0.1,0.5,random,pcglasso,I,2.310129700083161e-4,0.0743250000000046,82.8530131859619
100,0.1,0.5,random,pcglasso,I,8.11130830789687e-4,0.03820000000000619,82.93258015139904
100,0.1,0.5,random,pcglasso,I,0.002848035868435802,0.02737499999999642,83.09848326269801
100,0.1,0.5,random,pcglasso,I,0.010000000000000004,0.029374999999999575,83.02962179696027
100,0.1,0.5,random,pcglassoFast_Dual,C,9.999999999999982e-9,0.06537499999988086,82.83541234274152
100,0.1,0.5,random,pcglassoFast_Dual,C,3.5111917342151263e-8,0.06645000000007713,82.83541235090756
100,0.1,0.5,random,pcglassoFast_Dual,C,1.2328467394420646e-7,0.06270000000004075,82.83541242622421
100,0.1,0.5,random,pcglassoFast_Dual,C,4.328761281083054e-7,0.05772499999998217,82.83541254098063
100,0.1,0.5,random,pcglassoFast_Dual,C,1.5199110829529328e-6,0.050175000000024284,82.83541336327598
100,0.1,0.5,random,pcglassoFast_Dual,C,5.336699231206308e-6,0.04782500000002301,82.83541474123335
100,0.1,0.5,random,pcglassoFast_Dual,C,1.873817422860384e-5,0.043500000000022965,82.8354257803551
100,0.1,0.5,random,pcglassoFast_Dual,C,6.579332246575681e-5,0.03982499999998481,82.83544339101876
100,0.1,0.5,random,pcglassoFast_Dual,C,2.310129700083161e-4,0.03815000000000453,82.8354907146712
100,0.1,0.5,random,pcglassoFast_Dual,C,8.11130830789687e-4,0.037949999999999304,82.83548159334558
100,0.1,0.5,random,pcglassoFast_Dual,C,0.002848035868435802,0.03520000000000536,82.8356814029492
100,0.1,0.5,random,pcglassoFast_Dual,C,0.010000000000000004,0.03295000000000172,82.83657551640457
100,0.1,0.5,random,pcglassoFast_Dual,I,9.999999999999982e-9,0.0464000000001306,82.8354123405194
100,0.1,0.5,random,pcglassoFast_Dual,I,3.5111917342151263e-8,0.04827500000001237,82.83541234825265
100,0.1,0.5,random,pcglassoFast_Dual,I,1.2328467394420646e-7,0.04472499999990305,82.83541237213679
100,0.1,0.5,random,pcglassoFast_Dual,I,4.328761281083054e-7,0.04122499999989486,82.83541255317157
100,0.1,0.5,random,pcglassoFast_Dual,I,1.5199110829529328e-6,0.03842500000002928,82.83541291948767
100,0.1,0.5,random,pcglassoFast_Dual,I,5.336699231206308e-6,0.035024999999996,82.83541386460975
100,0.1,0.5,random,pcglassoFast_Dual,I,1.873817422860384e-5,0.03222499999995989,82.83541835176317
100,0.1,0.5,random,pcglassoFast_Dual,I,6.579332246575681e-5,0.030550000000022236,82.83543233428333
100,0.1,0.5,random,pcglassoFast_Dual,I,2.310129700083161e-4,0.036874999999994884,82.83543145896037
100,0.1,0.5,random,pcglassoFast_Dual,I,8.11130830789687e-4,0.027875000000011595,82.83549067907775
100,0.1,0.5,random,pcglassoFast_Dual,I,0.002848035868435802,0.024149999999998784,82.83560529027817
100,0.1,0.5,random,pcglassoFast_Dual,I,0.010000000000000004,0.02220000000000013,82.83721949809664
100,0.1,0.5,random,pcglassoFast_Primal,C,9.999999999999982e-9,0.17919999999996888,82.83541233693481
100,0.1,0.5,random,pcglassoFast_Primal,C,3.5111917342151263e-8,0.16824999999996634,82.83541234041535
100,0.1,0.5,random,pcglassoFast_Primal,C,1.2328467394420646e-7,0.15797500000001036,82.83541235580628
100,0.1,0.5,random,pcglassoFast_Primal,C,4.328761281083054e-7,0.15109999999999674,82.83541241622095
100,0.1,0.5,random,pcglassoFast_Primal,C,1.5199110829529328e-6,0.1353999999999928,82.83541264771753
100,0.1,0.5,random,pcglassoFast_Primal,C,5.336699231206308e-6,0.12609999999999105,82.83541352003823
100,0.1,0.5,random,pcglassoFast_Primal,C,1.873817422860384e-5,0.11907500000000937,82.83541670762862
100,0.1,0.5,random,pcglassoFast_Primal,C,6.579332246575681e-5,0.11044999999999447,82.83542812189226
100,0.1,0.5,random,pcglassoFast_Primal,C,2.310129700083161e-4,0.09732499999999504,82.83546855215782
100,0.1,0.5,random,pcglassoFast_Primal,C,8.11130830789687e-4,0.08945000000000221,82.83561452123581
100,0.1,0.5,random,pcglassoFast_Primal,C,0.002848035868435802,0.07739999999999939,82.83617769292611
100,0.1,0.5,random,pcglassoFast_Primal,C,0.010000000000000004,0.07782499999999981,82.83617769292611
100,0.1,0.5,random,pcglassoFast_Primal,I,9.999999999999982e-9,0.14184999999981757,82.83541233681011
100,0.1,0.5,random,pcglassoFast_Primal,I,3.5111917342151263e-8,0.14507500000001983,82.8354123398622
100,0.1,0.5,random,pcglassoFast_Primal,I,1.2328467394420646e-7,0.13342499999998836,82.83541235337236
100,0.1,0.5,random,pcglassoFast_Primal,I,4.328761281083054e-7,0.1256500000000301,82.83541240667323
100,0.1,0.5,random,pcglassoFast_Primal,I,1.5199110829529328e-6,0.11674999999999044,82.83541261149901
100,0.1,0.5,random,pcglassoFast_Primal,I,5.336699231206308e-6,0.10525000000000091,82.83541338538059
100,0.1,0.5,random,pcglassoFast_Primal,I,1.873817422860384e-5,0.09587499999999523,82.83541622025999
100,0.1,0.5,random,pcglassoFast_Primal,I,6.579332246575681e-5,0.08860000000003651,82.83542653197973
100,0.1,0.5,random,pcglassoFast_Primal,I,2.310129700083161e-4,0.07647499999999922,82.83546419282916
100,0.1,0.5,random,pcglassoFast_Primal,I,8.11130830789687e-4,0.06487500000000068,82.8356055323649
100,0.1,0.5,random,pcglassoFast_Primal,I,0.002848035868435802,0.05755000000000336,82.83619752372303
100,0.1,0.5,random,pcglassoFast_Primal,I,0.010000000000000004,0.056500000000000127,82.83619752372303
100,0.2,0,AR2,pcglasso,C,9.999999999999982e-9,0.850650000000087,93.43253008351711
100,0.2,0,AR2,pcglasso,C,3.5111917342151263e-8,0.6714249999999311,93.43253009375279
100,0.2,0,AR2,pcglasso,C,1.2328467394420646e-7,0.6660250000000361,93.43253010639253
100,0.2,0,AR2,pcglasso,C,4.328761281083054e-7,0.640350000000035,93.43253062527108
100,0.2,0,AR2,pcglasso,C,1.5199110829529328e-6,0.6253749999999514,93.43254147808216
100,0.2,0,AR2,pcglasso,C,5.336699231206308e-6,0.5595250000000476,93.43261173404649
100,0.2,0,AR2,pcglasso,C,1.873817422860384e-5,0.40570000000000733,93.43434239876689
100,0.2,0,AR2,pcglasso,C,6.579332246575681e-5,0.27875000000001365,93.46976878871057
100,0.2,0,AR2,pcglasso,C,2.310129700083161e-4,0.1785250000000019,93.83385394249541
100,0.2,0,AR2,pcglasso,C,8.11130830789687e-4,0.048850000000005875,115.18749018440016
100,0.2,0,AR2,pcglasso,C,0.002848035868435802,0.035875000000001475,126.75611774014155
100,0.2,0,AR2,pcglasso,C,0.010000000000000004,0.0359750000000016,120.48880207427587
100,0.2,0,AR2,pcglasso,I,9.999999999999982e-9,0.36105000000004567,93.43253008835322
100,0.2,0,AR2,pcglasso,I,3.5111917342151263e-8,0.39252500000006874,93.43253009415265
100,0.2,0,AR2,pcglasso,I,1.2328467394420646e-7,0.4003249999999753,93.43253010705152
100,0.2,0,AR2,pcglasso,I,4.328761281083054e-7,0.3736250000000155,93.43253019798136
100,0.2,0,AR2,pcglasso,I,1.5199110829529328e-6,0.35349999999998544,93.43254947563287
100,0.2,0,AR2,pcglasso,I,5.336699231206308e-6,0.2983499999999708,93.43268767133827
100,0.2,0,AR2,pcglasso,I,1.873817422860384e-5,0.21257499999996413,93.43350041073424
100,0.2,0,AR2,pcglasso,I,6.579332246575681e-5,0.12889999999999305,93.45608689955705
100,0.2,0,AR2,pcglasso,I,2.310129700083161e-4,0.07779999999998495,93.497828340244
100,0.2,0,AR2,pcglasso,I,8.11130830789687e-4,0.030675000000002228,94.09970845869572
100,0.2,0,AR2,pcglasso,I,0.002848035868435802,0.03207499999999328,93.83594502056813
100,0.2,0,AR2,pcglasso,I,0.010000000000000004,0.033250000000000314,93.83594502056813
100,0.2,0,AR2,pcglassoFast_Dual,C,9.999999999999982e-9,0.07504999999996471,93.43253008359888
100,0.2,0,AR2,pcglassoFast_Dual,C,3.5111917342151263e-8,0.0749500000000353,93.43253009070897
100,0.2,0,AR2,pcglassoFast_Dual,C,1.2328467394420646e-7,0.07050000000006093,93.4325301116007
100,0.2,0,AR2,pcglassoFast_Dual,C,4.328761281083054e-7,0.06549999999997454,93.43253031971327
100,0.2,0,AR2,pcglassoFast_Dual,C,1.5199110829529328e-6,0.06430000000000291,93.43253074188463
100,0.2,0,AR2,pcglassoFast_Dual,C,5.336699231206308e-6,0.0593999999999653,93.4325319629294
100,0.2,0,AR2,pcglassoFast_Dual,C,1.873817422860384e-5,0.05919999999999277,93.4325354864784
100,0.2,0,AR2,pcglassoFast_Dual,C,6.579332246575681e-5,0.061100000000021734,93.43254583077987
100,0.2,0,AR2,pcglassoFast_Dual,C,2.310129700083161e-4,0.0640500000000003,93.43257670881769
100,0.2,0,AR2,pcglassoFast_Dual,C,8.11130830789687e-4,0.05007500000000675,93.43267026294208
100,0.2,0,AR2,pcglassoFast_Dual,C,0.002848035868435802,0.044499999999997895,93.43383830439383
100,0.2,0,AR2,pcglassoFast_Dual,C,0.010000000000000004,0.043774999999999765,93.43382451615022
100,0.2,0,AR2,pcglassoFast_Dual,I,9.999999999999982e-9,0.055599999999890314,93.4325300830498
100,0.2,0,AR2,pcglassoFast_Dual,I,3.5111917342151263e-8,0.058350000000018554,93.4325300893874
100,0.2,0,AR2,pcglassoFast_Dual,I,1.2328467394420646e-7,0.055874999999969074,93.43253010798476
100,0.2,0,AR2,pcglassoFast_Dual,I,4.328761281083054e-7,0.049475000000052206,93.4325302925792
100,0.2,0,AR2,pcglassoFast_Dual,I,1.5199110829529328e-6,0.04900000000002365,93.43253066640635
100,0.2,0,AR2,pcglassoFast_Dual,I,5.336699231206308e-6,0.04412499999998545,93.43253174600939
100,0.2,0,AR2,pcglassoFast_Dual,I,1.873817422860384e-5,0.04242499999996881,93.43253484842164
100,0.2,0,AR2,pcglassoFast_Dual,I,6.579332246575681e-5,0.04107500000001778,93.43254386522972
100,0.2,0,AR2,pcglassoFast_Dual,I,2.310129700083161e-4,0.03827499999997599,93.43257041003704
100,0.2,0,AR2,pcglassoFast_Dual,I,8.11130830789687e-4,0.031600000000008774,93.43289683237845
100,0.2,0,AR2,pcglassoFast_Dual,I,0.002848035868435802,0.032525000000001116,93.43288705319473
100,0.2,0,AR2,pcglassoFast_Dual,I,0.010000000000000004,0.029450000000001354,93.43363690703578
100,0.2,0,AR2,pcglassoFast_Primal,C,9.999999999999982e-9,0.24912499999995816,93.43253008332414
100,0.2,0,AR2,pcglassoFast_Primal,C,3.5111917342151263e-8,0.24170000000005984,93.43253008902128
100,0.2,0,AR2,pcglassoFast_Primal,C,1.2328467394420646e-7,0.21804999999997107,93.43253014714604
100,0.2,0,AR2,pcglassoFast_Primal,C,4.328761281083054e-7,0.21424999999999272,93.43253025334177
100,0.2,0,AR2,pcglassoFast_Primal,C,1.5199110829529328e-6,0.19912499999995817,93.43253052613782
100,0.2,0,AR2,pcglassoFast_Primal,C,5.336699231206308e-6,0.18975000000002068,93.43253126856143
100,0.2,0,AR2,pcglassoFast_Primal,C,1.873817422860384e-5,0.1701499999999953,93.4325386181158
100,0.2,0,AR2,pcglassoFast_Primal,C,6.579332246575681e-5,0.1605249999999785,93.43255332385512
100,0.2,0,AR2,pcglassoFast_Primal,C,2.310129700083161e-4,0.14887499999999818,93.43259382068547
100,0.2,0,AR2,pcglassoFast_Primal,C,8.11130830789687e-4,0.14022499999999952,93.43270633685592
100,0.2,0,AR2,pcglassoFast_Primal,C,0.002848035868435802,0.12197499999999409,93.43390766145421
100,0.2,0,AR2,pcglassoFast_Primal,C,0.010000000000000004,0.10757499999999967,93.43642264883425
100,0.2,0,AR2,pcglassoFast_Primal,I,9.999999999999982e-9,0.1886499999999387,93.43253008686052
100,0.2,0,AR2,pcglassoFast_Primal,I,3.5111917342151263e-8,0.1954499999998916,93.43253009656067
100,0.2,0,AR2,pcglassoFast_Primal,I,1.2328467394420646e-7,0.18714999999995144,93.43253012449964
100,0.2,0,AR2,pcglassoFast_Primal,I,4.328761281083054e-7,0.17714999999998327,93.4325301954786
100,0.2,0,AR2,pcglassoFast_Primal,I,1.5199110829529328e-6,0.15740000000001828,93.43253084100711
100,0.2,0,AR2,pcglassoFast_Primal,I,5.336699231206308e-6,0.14692499999996472,93.43253210692761
100,0.2,0,AR2,pcglassoFast_Primal,I,1.873817422860384e-5,0.13529999999998948,93.43253550192271
100,0.2,0,AR2,pcglassoFast_Primal,I,6.579332246575681e-5,0.12905000000000086,93.43254467518929
100,0.2,0,AR2,pcglassoFast_Primal,I,2.310129700083161e-4,0.10874999999998636,93.43263950733035
100,0.2,0,AR2,pcglassoFast_Primal,I,8.11130830789687e-4,0.09752500000000168,93.43283356845518
100,0.2,0,AR2,pcglassoFast_Primal,I,0.002848035868435802,0.08842500000000228,93.43338161673961
100,0.2,0,AR2,pcglassoFast_Primal,I,0.010000000000000004,0.07769999999999903,93.43494835489051
100,0.2,0,hub_09,pcglasso,C,9.999999999999982e-9,0.5660749999999097,98.5889301079736
100,0.2,0,hub_09,pcglasso,C,3.5111917342151263e-8,0.5454000000000405,98.58893010066248
100,0.2,0,hub_09,pcglasso,C,1.2328467394420646e-7,0.5043750000000727,98.5889301379913
100,0.2,0,hub_09,pcglasso,C,4.328761281083054e-7,0.40702499999998737,98.5889304784591
100,0.2,0,hub_09,pcglasso,C,1.5199110829529328e-6,0.3714749999999981,98.5889324139835
100,0.2,0,hub_09,pcglasso,C,5.336699231206308e-6,0.32130000000000225,98.58893726987792
100,0.2,0,hub_09,pcglasso,C,1.873817422860384e-5,0.3017750000000092,98.5889488783839
100,0.2,0,hub_09,pcglasso,C,6.579332246575681e-5,0.23024999999998386,98.58960785858841
100,0.2,0,hub_09,pcglasso,C,2.310129700083161e-4,0.15602499999999112,98.60182222700888
100,0.2,0,hub_09,pcglasso,C,8.11130830789687e-4,0.11419999999999675,98.66629233414324
100,0.2,0,hub_09,pcglasso,C,0.002848035868435802,0.033024999999999236,132.85944174525457
100,0.2,0,hub_09,pcglasso,C,0.010000000000000004,0.026750000000000895,125.21845509911726
100,0.2,0,hub_09,pcglasso,I,9.999999999999982e-9,0.4911000000000058,98.58893011601525
100,0.2,0,hub_09,pcglasso,I,3.5111917342151263e-8,0.5593749999999773,98.58893010509217
100,0.2,0,hub_09,pcglasso,I,1.2328467394420646e-7,0.48977499999996327,98.58893014436727
100,0.2,0,hub_09,pcglasso,I,4.328761281083054e-7,0.41377500000000966,98.5889303921659
100,0.2,0,hub_09,pcglasso,I,1.5199110829529328e-6,0.3890250000000606,98.5889312041744
100,0.2,0,hub_09,pcglasso,I,5.336699231206308e-6,0.36522500000002084,98.58893473696396
100,0.2,0,hub_09,pcglasso,I,1.873817422860384e-5,0.30712500000003046,98.58904686364461
100,0.2,0,hub_09,pcglasso,I,6.579332246575681e-5,0.24812499999999318,98.58911727345645
100,0.2,0,hub_09,pcglasso,I,2.310129700083161e-4,0.15027500000000488,98.59712763580502
100,0.2,0,hub_09,pcglasso,I,8.11130830789687e-4,0.052350000000004115,98.90407467472737
100,0.2,0,hub_09,pcglasso,I,0.002848035868435802,0.039250000000004094,98.83400278084629
100,0.2,0,hub_09,pcglasso,I,0.010000000000000004,0.04137500000000216,98.83400278084629
100,0.2,0,hub_09,pcglassoFast_Dual,C,9.999999999999982e-9,0.061175000000071124,98.58893009745543
100,0.2,0,hub_09,pcglassoFast_Dual,C,3.5111917342151263e-8,0.056325000000151705,98.58893011704899
100,0.2,0,hub_09,pcglassoFast_Dual,C,1.2328467394420646e-7,0.05429999999992106,98.58893013249033
100,0.2,0,hub_09,pcglassoFast_Dual,C,4.328761281083054e-7,0.04172499999999672,98.5889307227315
100,0.2,0,hub_09,pcglassoFast_Dual,C,1.5199110829529328e-6,0.04272500000005266,98.5889307227315
100,0.2,0,hub_09,pcglassoFast_Dual,C,5.336699231206308e-6,0.038850000000007864,98.58893096444355
100,0.2,0,hub_09,pcglassoFast_Dual,C,1.873817422860384e-5,0.0361500000000035,98.58893094971572
100,0.2,0,hub_09,pcglassoFast_Dual,C,6.579332246575681e-5,0.035049999999995404,98.58893771495435
100,0.2,0,hub_09,pcglassoFast_Dual,C,2.310129700083161e-4,0.03177499999999327,98.58896903748797
100,0.2,0,hub_09,pcglassoFast_Dual,C,8.11130830789687e-4,0.026724999999996158,98.5893717810936
100,0.2,0,hub_09,pcglassoFast_Dual,C,0.002848035868435802,0.026474999999996383,98.5893717810936
100,0.2,0,hub_09,pcglassoFast_Dual,C,0.010000000000000004,0.026249999999999572,98.5893717810936
100,0.2,0,hub_09,pcglassoFast_Dual,I,9.999999999999982e-9,0.049075000000061667,98.58893009799436
100,0.2,0,hub_09,pcglassoFast_Dual,I,3.5111917342151263e-8,0.05057499999995798,98.58893011625662
100,0.2,0,hub_09,pcglassoFast_Dual,I,1.2328467394420646e-7,0.04537500000001273,98.58893013764518
100,0.2,0,hub_09,pcglassoFast_Dual,I,4.328761281083054e-7,0.0355249999999387,98.58893096653684
100,0.2,0,hub_09,pcglassoFast_Dual,I,1.5199110829529328e-6,0.03572499999994534,98.58893096653684
100,0.2,0,hub_09,pcglassoFast_Dual,I,5.336699231206308e-6,0.03397499999997535,98.58893117686635
100,0.2,0,hub_09,pcglassoFast_Dual,I,1.873817422860384e-5,0.032225000000022416,98.58893425249148
100,0.2,0,hub_09,pcglassoFast_Dual,I,6.579332246575681e-5,0.03172500000001151,98.58893178859375
100,0.2,0,hub_09,pcglassoFast_Dual,I,2.310129700083161e-4,0.029624999999992952,98.58894442641021
100,0.2,0,hub_09,pcglassoFast_Dual,I,8.11130830789687e-4,0.03607499999998822,98.58903174644064
100,0.2,0,hub_09,pcglassoFast_Dual,I,0.002848035868435802,0.024475000000001045,98.58941509765293
100,0.2,0,hub_09,pcglassoFast_Dual,I,0.010000000000000004,0.02790000000000319,98.58941509765293
100,0.2,0,hub_09,pcglassoFast_Primal,C,9.999999999999982e-9,0.13400000000006002,98.58893009759304
100,0.2,0,hub_09,pcglassoFast_Primal,C,3.5111917342151263e-8,0.12642500000001747,98.58893010234493
100,0.2,0,hub_09,pcglassoFast_Primal,C,1.2328467394420646e-7,0.11665000000009514,98.588930122729
100,0.2,0,hub_09,pcglassoFast_Primal,C,4.328761281083054e-7,0.11574999999999136,98.588930122729
100,0.2,0,hub_09,pcglassoFast_Primal,C,1.5199110829529328e-6,0.10642500000003566,98.58893024520788
100,0.2,0,hub_09,pcglassoFast_Primal,C,5.336699231206308e-6,0.09694999999998118,98.58893077472452
100,0.2,0,hub_09,pcglassoFast_Primal,C,1.873817422860384e-5,0.08524999999999636,98.5889338008985
100,0.2,0,hub_09,pcglassoFast_Primal,C,6.579332246575681e-5,0.08702499999998281,98.5889338008985
100,0.2,0,hub_09,pcglassoFast_Primal,C,2.310129700083161e-4,0.07617500000000063,98.58894794236869
100,0.2,0,hub_09,pcglassoFast_Primal,C,8.11130830789687e-4,0.06632500000000192,98.58903755165396
100,0.2,0,hub_09,pcglassoFast_Primal,C,0.002848035868435802,0.0676999999999957,98.58903755165396
100,0.2,0,hub_09,pcglassoFast_Primal,C,0.010000000000000004,0.07059999999999941,98.58903755165396
100,0.2,0,hub_09,pcglassoFast_Primal,I,9.999999999999982e-9,0.11154999999996562,98.588930097585
100,0.2,0,hub_09,pcglassoFast_Primal,I,3.5111917342151263e-8,0.11322500000005675,98.58893010236403
100,0.2,0,hub_09,pcglassoFast_Primal,I,1.2328467394420646e-7,0.11442499999991469,98.58893010236403
100,0.2,0,hub_09,pcglassoFast_Primal,I,4.328761281083054e-7,0.10312499999992042,98.58893012343873
100,0.2,0,hub_09,pcglassoFast_Primal,I,1.5199110829529328e-6,0.09399999999998272,98.58893025951936
100,0.2,0,hub_09,pcglassoFast_Primal,I,5.336699231206308e-6,0.08505000000001246,98.58893094598498
100,0.2,0,hub_09,pcglassoFast_Primal,I,1.873817422860384e-5,0.085300000000023607,98.58893094598498
100,0.2,0,hub_09,pcglassoFast_Primal,I,6.579332246575681e-5,0.07545000000000072,98.58893455766847
100,0.2,0,hub_09,pcglassoFast_Primal,I,2.310129700083161e-4,0.07704999999999415,98.58893455766847
100,0.2,0,hub_09,pcglassoFast_Primal,I,8.11130830789687e-4,0.07580000000000098,98.58893455766847
100,0.2,0,hub_09,pcglassoFast_Primal,I,0.002848035868435802,0.06652500000000003,98.58897485996482
100,0.2,0,hub_09,pcglassoFast_Primal,I,0.010000000000000004,0.06702500000000278,98.58897485996482
100,0.2,0,hub_1,pcglasso,C,9.999999999999982e-9,3.550624999999968,34.45383963775487
100,0.2,0,hub_1,pcglasso,C,3.5111917342151263e-8,3.304324999999994,34.45383975433293
100,0.2,0,hub_1,pcglasso,C,1.2328467394420646e-7,3.0774249999999483,34.4538413962333
100,0.2,0,hub_1,pcglasso,C,4.328761281083054e-7,2.7188749999999913,34.45386185101621
100,0.2,0,hub_1,pcglasso,C,1.5199110829529328e-6,2.5165000000000193,34.45407347236646
100,0.2,0,hub_1,pcglasso,C,5.336699231206308e-6,2.4082250000000274,34.4548689826487
100,0.2,0,hub_1,pcglasso,C,1.873817422860384e-5,1.809350000000012,34.48581763059775
100,0.2,0,hub_1,pcglasso,C,6.579332246575681e-5,1.2632000000000119,34.67823223606624
100,0.2,0,hub_1,pcglasso,C,2.310129700083161e-4,1.3526999999999902,34.86772022834968
100,0.2,0,hub_1,pcglasso,C,8.11130830789687e-4,1.2039999999999935,47.44989171190293
100,0.2,0,hub_1,pcglasso,C,0.002848035868435802,0.2374750000000006,159.0390714360142
100,0.2,0,hub_1,pcglasso,C,0.010000000000000004,0.2429249999999996,159.0390714360142
100,0.2,0,hub_1,pcglasso,I,9.999999999999982e-9,4.848875000000044,34.45383963241451
100,0.2,0,hub_1,pcglasso,I,3.5111917342151263e-8,5.1298,34.45383970612063
100,0.2,0,hub_1,pcglasso,I,1.2328467394420646e-7,4.891399999999953,34.453843211062264
100,0.2,0,hub_1,pcglasso,I,4.328761281083054e-7,4.7649999999999295,34.45385562850117
100,0.2,0,hub_1,pcglasso,I,1.5199110829529328e-6,4.272500000000013,34.454093751857044
100,0.2,0,hub_1,pcglasso,I,5.336699231206308e-6,3.5030750000000013,34.454938183832766
100,0.2,0,hub_1,pcglasso,I,1.873817422860384e-5,2.2653750000000175,34.490767030884555
100,0.2,0,hub_1,pcglasso,I,6.579332246575681e-5,1.452224999999976,34.86231974035692
100,0.2,0,hub_1,pcglasso,I,2.310129700083161e-4,0.20982500000001494,43.649780708128745
100,0.2,0,hub_1,pcglasso,I,8.11130830789687e-4,0.21604999999998994,43.8845178835622
100,0.2,0,hub_1,pcglasso,I,0.002848035868435802,0.12229999999999563,44.63457803908845
100,0.2,0,hub_1,pcglasso,I,0.010000000000000004,0.11477500000000163,45.18809224779213
100,0.2,0,hub_1,pcglassoFast_Dual,C,9.999999999999982e-9,0.7816499999999451,34.453839646638265
100,0.2,0,hub_1,pcglassoFast_Dual,C,3.5111917342151263e-8,0.7612999999999829,34.4538396519996
100,0.2,0,hub_1,pcglassoFast_Dual,C,1.2328467394420646e-7,0.7633000000000265,34.4538396862529
100,0.2,0,hub_1,pcglassoFast_Dual,C,4.328761281083054e-7,0.7100250000000301,34.453839906601566
100,0.2,0,hub_1,pcglassoFast_Dual,C,1.5199110829529328e-6,0.7110500000000002,34.453839906601566
100,0.2,0,hub_1,pcglassoFast_Dual,C,5.336699231206308e-6,0.6995999999999981,34.45384114602911
100,0.2,0,hub_1,pcglassoFast_Dual,C,1.873817422860384e-5,0.6970999999999947,34.453843261349085
100,0.2,0,hub_1,pcglassoFast_Dual,C,6.579332246575681e-5,0.6122250000000008,34.453871263959215
100,0.2,0,hub_1,pcglassoFast_Dual,C,2.310129700083161e-4,0.647149999999985,34.45391370164339
100,0.2,0,hub_1,pcglassoFast_Dual,C,8.11130830789687e-4,0.5891750000000059,34.454228703288415
100,0.2,0,hub_1,pcglassoFast_Dual,C,0.002848035868435802,0.5716749999999997,34.45472544435392
100,0.2,0,hub_1,pcglassoFast_Dual,C,0.010000000000000004,0.564450000000001,34.45791245100954
100,0.2,0,hub_1,pcglassoFast_Dual,I,9.999999999999982e-9,2.2808249999999815,34.453839641067596
100,0.2,0,hub_1,pcglassoFast_Dual,I,3.5111917342151263e-8,2.5153999999999312,34.45383965048964
100,0.2,0,hub_1,pcglassoFast_Dual,I,1.2328467394420646e-7,2.5700000000000047,34.45383965105821
100,0.2,0,hub_1,pcglassoFast_Dual,I,4.328761281083054e-7,2.4006250000000136,34.4538406534417
100,0.2,0,hub_1,pcglassoFast_Dual,I,1.5199110829529328e-6,2.3507249999999997,34.45384082890406
100,0.2,0,hub_1,pcglassoFast_Dual,I,5.336699231206308e-6,2.3579499999999824,34.453859414900556
100,0.2,0,hub_1,pcglassoFast_Dual,I,1.873817422860384e-5,2.3785000000000083,34.453859414900556
100,0.2,0,hub_1,pcglassoFast_Dual,I,6.579332246575681e-5,2.3499499999999953,34.45385927244698
100,0.2,0,hub_1,pcglassoFast_Dual,I,2.310129700083161e-4,2.3471750000000013,34.45389355392581
100,0.2,0,hub_1,pcglassoFast_Dual,I,8.11130830789687e-4,2.345225000000005,34.454826052100394
100,0.2,0,hub_1,pcglassoFast_Dual,I,0.002848035868435802,2.2387249999999908,34.45806527776929
100,0.2,0,hub_1,pcglassoFast_Dual,I,0.010000000000000004,2.235374999999999,34.47244076106051
100,0.2,0,hub_1,pcglassoFast_Primal,C,9.999999999999982e-9,2.1679749999999784,34.45383973790597
100,0.2,0,hub_1,pcglassoFast_Primal,C,3.5111917342151263e-8,2.0518500000000133,34.45383996579928
100,0.2,0,hub_1,pcglassoFast_Primal,C,1.2328467394420646e-7,1.902724999999964,34.45384078833965
100,0.2,0,hub_1,pcglassoFast_Primal,C,4.328761281083054e-7,1.6340749999999389,34.45384404573559
100,0.2,0,hub_1,pcglassoFast_Primal,C,1.5199110829529328e-6,1.3820999999999686,34.453849268200386
100,0.2,0,hub_1,pcglassoFast_Primal,C,5.336699231206308e-6,1.269900000000007,34.45385891907088
100,0.2,0,hub_1,pcglassoFast_Primal,C,1.873817422860384e-5,1.0682499999999835,34.453847563131326
100,0.2,0,hub_1,pcglassoFast_Primal,C,6.579332246575681e-5,0.9374250000000017,34.454145419949754
100,0.2,0,hub_1,pcglassoFast_Primal,C,2.310129700083161e-4,0.8717499999999916,34.45580787604469
100,0.2,0,hub_1,pcglassoFast_Primal,C,8.11130830789687e-4,0.7479999999999947,34.45518587967206
100,0.2,0,hub_1,pcglassoFast_Primal,C,0.002848035868435802,0.6536750000000005,34.46167016022237
100,0.2,0,hub_1,pcglassoFast_Primal,C,0.010000000000000004,0.47264999999999946,34.48575658372055
100,0.2,0,hub_1,pcglassoFast_Primal,I,9.999999999999982e-9,2.26924999999992,34.45383972513824
100,0.2,0,hub_1,pcglassoFast_Primal,I,3.5111917342151263e-8,2.126500000000033,34.453840021547165
100,0.2,0,hub_1,pcglassoFast_Primal,I,1.2328467394420646e-7,1.9477750000000242,34.453841150542274
100,0.2,0,hub_1,pcglassoFast_Primal,I,4.328761281083054e-7,1.6487250000000357,34.45384609084863
100,0.2,0,hub_1,pcglassoFast_Primal,I,1.5199110829529328e-6,1.3914999999999622,34.453855147821855
100,0.2,0,hub_1,pcglassoFast_Primal,I,5.336699231206308e-6,1.2254749999999774,34.453868215290456
100,0.2,0,hub_1,pcglassoFast_Primal,I,1.873817422860384e-5,1.1215500000000134,34.453850663083806
100,0.2,0,hub_1,pcglassoFast_Primal,I,6.579332246575681e-5,0.9357250000000079,34.45402642653417
100,0.2,0,hub_1,pcglassoFast_Primal,I,2.310129700083161e-4,0.8252999999999873,34.4538897776074
100,0.2,0,hub_1,pcglassoFast_Primal,I,8.11130830789687e-4,0.7111250000000012,34.4559454474544
100,0.2,0,hub_1,pcglassoFast_Primal,I,0.002848035868435802,0.61815,34.457000189867394
100,0.2,0,hub_1,pcglassoFast_Primal,I,0.010000000000000004,0.5849999999999976,34.4559337415552
100,0.2,0,random,pcglasso,C,9.999999999999982e-9,0.7069250000000465,92.02075816569936
100,0.2,0,random,pcglasso,C,3.5111917342151263e-8,0.5912000000000261,92.02075890118323
100,0.2,0,random,pcglasso,C,1.2328467394420646e-7,0.5603999999999587,92.0207600166855
100,0.2,0,random,pcglasso,C,4.328761281083054e-7,0.5070499999999925,92.02076978744451
100,0.2,0,random,pcglasso,C,1.5199110829529328e-6,0.47405000000003383,92.02078468773065
100,0.2,0,random,pcglasso,C,5.336699231206308e-6,0.436075000000028,92.02090846425759
100,0.2,0,random,pcglasso,C,1.873817422860384e-5,0.32914999999999284,92.02186726876977
100,0.2,0,random,pcglasso,C,6.579332246575681e-5,0.22107500000000185,92.0356644305467
100,0.2,0,random,pcglasso,C,2.310129700083161e-4,0.15294999999999276,92.16205558656885
100,0.2,0,random,pcglasso,C,8.11130830789687e-4,0.07234999999999445,95.73012385599357
100,0.2,0,random,pcglasso,C,0.002848035868435802,0.0331999999999951,132.00850216554466
100,0.2,0,random,pcglasso,C,0.010000000000000004,0.03172500000000049,131.15624740176776
100,0.2,0,random,pcglasso,I,9.999999999999982e-9,0.49439999999995055,92.0207580721031
100,0.2,0,random,pcglasso,I,3.5111917342151263e-8,0.48952499999998056,92.02075813335325
100,0.2,0,random,pcglasso,I,1.2328467394420646e-7,0.39529999999995197,92.02076072661436
100,0.2,0,random,pcglasso,I,4.328761281083054e-7,0.36232499999999845,92.02077312792058
100,0.2,0,random,pcglasso,I,1.5199110829529328e-6,0.3147250000000213,92.02085499137726
100,0.2,0,random,pcglasso,I,5.336699231206308e-6,0.27074999999998683,92.02153882385673
100,0.2,0,random,pcglasso,I,1.873817422860384e-5,0.20539999999999167,92.02580093611292
100,0.2,0,random,pcglasso,I,6.579332246575681e-5,0.12560000000001423,92.07463637327717
100,0.2,0,random,pcglasso,I,2.310129700083161e-4,0.07887499999999648,92.19358361833496
100,0.2,0,random,pcglasso,I,8.11130830789687e-4,0.04499999999999886,92.67024101753009
100,0.2,0,random,pcglasso,I,0.002848035868435802,0.03585000000000775,92.55047592576105
100,0.2,0,random,pcglasso,I,0.010000000000000004,0.03682500000000175,92.55047592576105
100,0.2,0,random,pcglassoFast_Dual,C,9.999999999999982e-9,0.13137500000000274,92.0207580759599
100,0.2,0,random,pcglassoFast_Dual,C,3.5111917342151263e-8,0.12284999999999399,92.02075813486434
100,0.2,0,random,pcglassoFast_Dual,C,1.2328467394420646e-7,0.11047500000011042,92.02075835694485
100,0.2,0,random,pcglassoFast_Dual,C,4.328761281083054e-7,0.10462499999998727,92.0207581949738
100,0.2,0,random,pcglassoFast_Dual,C,1.5199110829529328e-6,0.09292500000000245,92.02075944358694
100,0.2,0,random,pcglassoFast_Dual,C,5.336699231206308e-6,0.07402500000002873,92.02077433870289
100,0.2,0,random,pcglassoFast_Dual,C,1.873817422860384e-5,0.08687499999998068,92.02078419671155
100,0.2,0,random,pcglassoFast_Dual,C,6.579332246575681e-5,0.0584750000000156,92.02088522327665
100,0.2,0,random,pcglassoFast_Dual,C,2.310129700083161e-4,0.05032499999999231,92.02099986087377
100,0.2,0,random,pcglassoFast_Dual,C,8.11130830789687e-4,0.044825000000004424,92.02143525252596
100,0.2,0,random,pcglassoFast_Dual,C,0.002848035868435802,0.03629999999999569,92.02520377207023
100,0.2,0,random,pcglassoFast_Dual,C,0.010000000000000004,0.04152499999999861,92.02520377207023
100,0.2,0,random,pcglassoFast_Dual,I,9.999999999999982e-9,0.08967500000003384,92.0207580747431
100,0.2,0,random,pcglassoFast_Dual,I,3.5111917342151263e-8,0.08974999999995817,92.02075813240742
100,0.2,0,random,pcglassoFast_Dual,I,1.2328467394420646e-7,0.07532499999992978,92.02075838343117
100,0.2,0,random,pcglassoFast_Dual,I,4.328761281083054e-7,0.06890000000000782,92.02075890930664
100,0.2,0,random,pcglassoFast_Dual,I,1.5199110829529328e-6,0.06554999999996199,92.02075985320296
100,0.2,0,random,pcglassoFast_Dual,I,5.336699231206308e-6,0.05395000000003165,92.0207652128823
100,0.2,0,random,pcglassoFast_Dual,I,1.873817422860384e-5,0.060125000000010684,92.0207652128823
100,0.2,0,random,pcglassoFast_Dual,I,6.579332246575681e-5,0.06085000000002196,92.02076219340847
100,0.2,0,random,pcglassoFast_Dual,I,2.310129700083161e-4,0.04174999999999329,92.02111909495763
100,0.2,0,random,pcglassoFast_Dual,I,8.11130830789687e-4,0.03672499999999559,92.0218625174791
100,0.2,0,random,pcglassoFast_Dual,I,0.002848035868435802,0.033850000000001046,92.02168660548081
100,0.2,0,random,pcglassoFast_Dual,I,0.010000000000000004,0.030900000000002592,92.02369303702356
100,0.2,0,random,pcglassoFast_Primal,C,9.999999999999982e-9,0.30132499999999707,92.02075805799257
100,0.2,0,random,pcglassoFast_Primal,C,3.5111917342151263e-8,0.27662499999996726,92.02075807354872
100,0.2,0,random,pcglassoFast_Primal,C,1.2328467394420646e-7,0.25334999999997765,92.02075818715352
100,0.2,0,random,pcglassoFast_Primal,C,4.328761281083054e-7,0.23137499999995725,92.02075844522356
100,0.2,0,random,pcglassoFast_Primal,C,1.5199110829529328e-6,0.2065000000000282,92.02075923281693
100,0.2,0,random,pcglassoFast_Primal,C,5.336699231206308e-6,0.18240000000006376,92.02076477694989
100,0.2,0,random,pcglassoFast_Primal,C,1.873817422860384e-5,0.1640999999999849,92.0207797063297
100,0.2,0,random,pcglassoFast_Primal,C,6.579332246575681e-5,0.1505250000000075,92.02079797510454
100,0.2,0,random,pcglassoFast_Primal,C,2.310129700083161e-4,0.13057499999999606,92.02090437304624
100,0.2,0,random,pcglassoFast_Primal,C,8.11130830789687e-4,0.1120250000000027,92.02133189369094
100,0.2,0,random,pcglassoFast_Primal,C,0.002848035868435802,0.10302500000000023,92.02201481984926
100,0.2,0,random,pcglassoFast_Primal,C,0.010000000000000004,0.07904999999999998,92.02683248541928
100,0.2,0,random,pcglassoFast_Primal,I,9.999999999999982e-9,0.2844749999998385,92.02075806311255
100,0.2,0,random,pcglassoFast_Primal,I,3.5111917342151263e-8,0.2870250000001079,92.02075808759594
100,0.2,0,random,pcglassoFast_Primal,I,1.2328467394420646e-7,0.26612500000003364,92.0207581613748
100,0.2,0,random,pcglassoFast_Primal,I,4.328761281083054e-7,0.24502500000004374,92.02075862337566
100,0.2,0,random,pcglassoFast_Primal,I,1.5199110829529328e-6,0.21292499999996153,92.020759738542
100,0.2,0,random,pcglassoFast_Primal,I,5.336699231206308e-6,0.19592500000003382,92.02076299151376
100,0.2,0,random,pcglassoFast_Primal,I,1.873817422860384e-5,0.1675499999999886,92.02078234525746
100,0.2,0,random,pcglassoFast_Primal,I,6.579332246575681e-5,0.14854999999998314,92.02082778679322
100,0.2,0,random,pcglassoFast_Primal,I,2.310129700083161e-4,0.1294499999999971,92.02095788523951
100,0.2,0,random,pcglassoFast_Primal,I,8.11130830789687e-4,0.10877499999999429,92.02133612110731
100,0.2,0,random,pcglassoFast_Primal,I,0.002848035868435802,0.08677500000000578,92.02301439577278
100,0.2,0,random,pcglassoFast_Primal,I,0.010000000000000004,0.06877499999999977,92.03035372793427
100,0.2,0.5,AR2,pcglasso,C,9.999999999999982e-9,0.23252499999989595,84.62928849836231
100,0.2,0.5,AR2,pcglasso,C,3.5111917342151263e-8,0.2227750000000242,84.62928849851811
100,0.2,0.5,AR2,pcglasso,C,1.2328467394420646e-7,0.2200499999999465,84.62928849893166
100,0.2,0.5,AR2,pcglasso,C,4.328761281083054e-7,0.21547499999999217,84.62928849893166
100,0.2,0.5,AR2,pcglasso,C,1.5199110829529328e-6,0.21297499999999445,84.6292885017292
100,0.2,0.5,AR2,pcglasso,C,5.336699231206308e-6,0.21110000000000467,84.62928853464713
100,0.2,0.5,AR2,pcglasso,C,1.873817422860384e-5,0.18815000000000168,84.6292885580957
100,0.2,0.5,AR2,pcglasso,C,6.579332246575681e-5,0.14482499999999732,84.62929093871566
100,0.2,0.5,AR2,pcglasso,C,2.310129700083161e-4,0.11677500000000691,84.62941143242847
100,0.2,0.5,AR2,pcglasso,C,8.11130830789687e-4,0.08909999999999059,84.63326842096095
100,0.2,0.5,AR2,pcglasso,C,0.002848035868435802,0.032199999999998855,152.29661367879493
100,0.2,0.5,AR2,pcglasso,C,0.010000000000000004,0.03642500000000126,152.29661367879493
100,0.2,0.5,AR2,pcglasso,I,9.999999999999982e-9,0.05879999999995107,84.6292884983569
100,0.2,0.5,AR2,pcglasso,I,3.5111917342151263e-8,0.0591750000000502,84.62928849845099
100,0.2,0.5,AR2,pcglasso,I,1.2328467394420646e-7,0.05487499999994725,84.62928849947909
100,0.2,0.5,AR2,pcglasso,I,4.328761281083054e-7,0.05047500000007403,84.62928850196674
100,0.2,0.5,AR2,pcglasso,I,1.5199110829529328e-6,0.04714999999995371,84.62928851500713
100,0.2,0.5,AR2,pcglasso,I,5.336699231206308e-6,0.04697499999996353,84.62928851500713
100,0.2,0.5,AR2,pcglasso,I,1.873817422860384e-5,0.045849999999990135,84.62928852252412
100,0.2,0.5,AR2,pcglasso,I,6.579332246575681e-5,0.03635000000003856,84.62928901932456
100,0.2,0.5,AR2,pcglasso,I,2.310129700083161e-4,0.02652500000000373,84.62933195893498
100,0.2,0.5,AR2,pcglasso,I,8.11130830789687e-4,0.021449999999998682,84.6299177838345
100,0.2,0.5,AR2,pcglasso,I,0.002848035868435802,0.019599999999999795,84.63188522619888
100,0.2,0.5,AR2,pcglasso,I,0.010000000000000004,0.022524999999996707,84.63168846436739
100,0.2,0.5,AR2,pcglassoFast_Dual,C,9.999999999999982e-9,0.03392500000002201,84.62928849849379
100,0.2,0.5,AR2,pcglassoFast_Dual,C,3.5111917342151263e-8,0.03502500000006421,84.62928849849379
100,0.2,0.5,AR2,pcglassoFast_Dual,C,1.2328467394420646e-7,0.03302499999997508,84.62928850188702
100,0.2,0.5,AR2,pcglassoFast_Dual,C,4.328761281083054e-7,0.03205000000000382,84.62928850188702
100,0.2,0.5,AR2,pcglassoFast_Dual,C,1.5199110829529328e-6,0.03380000000006476,84.62928850188702
100,0.2,0.5,AR2,pcglassoFast_Dual,C,5.336699231206308e-6,0.030924999999996317,84.62928859076267
100,0.2,0.5,AR2,pcglassoFast_Dual,C,1.873817422860384e-5,0.03120000000001255,84.62928859076267
100,0.2,0.5,AR2,pcglassoFast_Dual,C,6.579332246575681e-5,0.03149999999999977,84.62928859076267
100,0.2,0.5,AR2,pcglassoFast_Dual,C,2.310129700083161e-4,0.029375000000007388,84.62929151588774
100,0.2,0.5,AR2,pcglassoFast_Dual,C,8.11130830789687e-4,0.028299999999995863,84.62929151588774
100,0.2,0.5,AR2,pcglassoFast_Dual,C,0.002848035868435802,0.028350000000000364,84.62929151588774
100,0.2,0.5,AR2,pcglassoFast_Dual,C,0.010000000000000004,0.02640000000000171,84.62939902195497
100,0.2,0.5,AR2,pcglassoFast_Dual,I,9.999999999999982e-9,0.018574999999987084,84.62928849865418
100,0.2,0.5,AR2,pcglassoFast_Dual,I,3.5111917342151263e-8,0.02070000000003347,84.62928849865418
100,0.2,0.5,AR2,pcglassoFast_Dual,I,1.2328467394420646e-7,0.020999999999935424,84.62928849865418
100,0.2,0.5,AR2,pcglassoFast_Dual,I,4.328761281083054e-7,0.018049999999993814,84.62928850521978
100,0.2,0.5,AR2,pcglassoFast_Dual,I,1.5199110829529328e-6,0.01854999999999336,84.62928850521978
100,0.2,0.5,AR2,pcglassoFast_Dual,I,5.336699231206308e-6,0.0160499999999729,84.62928865770618
100,0.2,0.5,AR2,pcglassoFast_Dual,I,1.873817422860384e-5,0.016775000000029648,84.62928865770618
100,0.2,0.5,AR2,pcglassoFast_Dual,I,6.579332246575681e-5,0.016525000000007138,84.62928865770618
100,0.2,0.5,AR2,pcglassoFast_Dual,I,2.310129700083161e-4,0.014199999999999591,84.62929242042642
100,0.2,0.5,AR2,pcglassoFast_Dual,I,8.11130830789687e-4,0.013900000000003843,84.62929242042642
100,0.2,0.5,AR2,pcglassoFast_Dual,I,0.002848035868435802,0.014375000000006822,84.62929242042642
100,0.2,0.5,AR2,pcglassoFast_Dual,I,0.010000000000000004,0.011524999999999608,84.62939964923318
100,0.2,0.5,AR2,pcglassoFast_Primal,C,9.999999999999982e-9,0.1072500000000673,84.62928849847528
100,0.2,0.5,AR2,pcglassoFast_Primal,C,3.5111917342151263e-8,0.10925000000006549,84.62928849847528
100,0.2,0.5,AR2,pcglassoFast_Primal,C,1.2328467394420646e-7,0.10042500000001837,84.62928850128714
100,0.2,0.5,AR2,pcglassoFast_Primal,C,4.328761281083054e-7,0.09702499999999645,84.62928850128714
100,0.2,0.5,AR2,pcglassoFast_Primal,C,1.5199110829529328e-6,0.09902499999993779,84.62928850128714
100,0.2,0.5,AR2,pcglassoFast_Primal,C,5.336699231206308e-6,0.08967499999999973,84.62928857122462
100,0.2,0.5,AR2,pcglassoFast_Primal,C,1.873817422860384e-5,0.08832499999999185,84.62928857122462
100,0.2,0.5,AR2,pcglassoFast_Primal,C,6.579332246575681e-5,0.09032499999999004,84.62928857122462
100,0.2,0.5,AR2,pcglassoFast_Primal,C,2.310129700083161e-4,0.08067500000000223,84.62929076735355
100,0.2,0.5,AR2,pcglassoFast_Primal,C,8.11130830789687e-4,0.0792250000000024,84.62929076735355
100,0.2,0.5,AR2,pcglassoFast_Primal,C,0.002848035868435802,0.08002500000000339,84.62929076735355
100,0.2,0.5,AR2,pcglassoFast_Primal,C,0.010000000000000004,0.06944999999999979,84.62936825682918
100,0.2,0.5,AR2,pcglassoFast_Primal,I,9.999999999999982e-9,0.05697500000010223,84.62928849871292
100,0.2,0.5,AR2,pcglassoFast_Primal,I,3.5111917342151263e-8,0.0637250000000222,84.62928849871292
100,0.2,0.5,AR2,pcglassoFast_Primal,I,1.2328467394420646e-7,0.0639749999999367,84.62928849871292
100,0.2,0.5,AR2,pcglassoFast_Primal,I,4.328761281083054e-7,0.053699999999935244,84.62928850617723
100,0.2,0.5,AR2,pcglassoFast_Primal,I,1.5199110829529328e-6,0.053674999999975624,84.62928850617723
100,0.2,0.5,AR2,pcglassoFast_Primal,I,5.336699231206308e-6,0.04532499999997981,84.62928867196645
100,0.2,0.5,AR2,pcglassoFast_Primal,I,1.873817422860384e-5,0.045024999999975536,84.62928867196645
100,0.2,0.5,AR2,pcglassoFast_Primal,I,6.579332246575681e-5,0.04392499999999586,84.62928867196645
100,0.2,0.5,AR2,pcglassoFast_Primal,I,2.310129700083161e-4,0.03545000000000016,84.62929260615309
100,0.2,0.5,AR2,pcglassoFast_Primal,I,8.11130830789687e-4,0.03507499999999766,84.62929260615309
100,0.2,0.5,AR2,pcglassoFast_Primal,I,0.002848035868435802,0.035125000000003584,84.62929260615309
100,0.2,0.5,AR2,pcglassoFast_Primal,I,0.010000000000000004,0.025875000000001334,84.62940123702047
100,0.2,0.5,hub_09,pcglasso,C,9.999999999999982e-9,0.10752500000005512,84.65735903016818
100,0.2,0.5,hub_09,pcglasso,C,3.5111917342151263e-8,0.10144999999995434,84.65735905459127
100,0.2,0.5,hub_09,pcglasso,C,1.2328467394420646e-7,0.096550000000002,84.65735935376368
100,0.2,0.5,hub_09,pcglasso,C,4.328761281083054e-7,0.09722499999996899,84.65735935376368
100,0.2,0.5,hub_09,pcglasso,C,1.5199110829529328e-6,0.09752500000000737,84.65735935376368
100,0.2,0.5,hub_09,pcglasso,C,5.336699231206308e-6,0.0978750000000332,84.65735935376368
100,0.2,0.5,hub_09,pcglasso,C,1.873817422860384e-5,0.09937499999998636,84.65736306342328
100,0.2,0.5,hub_09,pcglasso,C,6.579332246575681e-5,0.07065000000000624,84.6580229066737
100,0.2,0.5,hub_09,pcglasso,C,2.310129700083161e-4,0.07082500000000777,84.66460952237094
100,0.2,0.5,hub_09,pcglasso,C,8.11130830789687e-4,0.07080000000000126,84.76860655182573
100,0.2,0.5,hub_09,pcglasso,C,0.002848035868435802,0.03480000000000345,117.42144684206164
100,0.2,0.5,hub_09,pcglasso,C,0.010000000000000004,0.032149999999998256,117.96972547532086
100,0.2,0.5,hub_09,pcglasso,I,9.999999999999982e-9,0.022200000000020738,84.65735902819696
100,0.2,0.5,hub_09,pcglasso,I,3.5111917342151263e-8,0.020924999999942885,84.6573590304437
100,0.2,0.5,hub_09,pcglasso,I,1.2328467394420646e-7,0.017675000000031103,84.65735905796593
100,0.2,0.5,hub_09,pcglasso,I,4.328761281083054e-7,0.014699999999982083,84.65735939511478
100,0.2,0.5,hub_09,pcglasso,I,1.5199110829529328e-6,0.014650000000017371,84.65735939511478
100,0.2,0.5,hub_09,pcglasso,I,5.336699231206308e-6,0.014200000000062118,84.65735939511478
100,0.2,0.5,hub_09,pcglasso,I,1.873817422860384e-5,0.014300000000008594,84.65735939511478
100,0.2,0.5,hub_09,pcglasso,I,6.579332246575681e-5,0.014374999999995452,84.65736352512859
100,0.2,0.5,hub_09,pcglasso,I,2.310129700083161e-4,0.014475000000027194,84.65741412036513
100,0.2,0.5,hub_09,pcglasso,I,8.11130830789687e-4,0.010650000000006798,84.66562975615322
100,0.2,0.5,hub_09,pcglasso,I,0.002848035868435802,0.019149999999994803,84.66558355150755
100,0.2,0.5,hub_09,pcglasso,I,0.010000000000000004,0.010975000000000535,85.90789174038468
100,0.2,0.5,hub_09,pcglassoFast_Dual,C,9.999999999999982e-9,0.03152500000003329,84.65735902799726
100,0.2,0.5,hub_09,pcglassoFast_Dual,C,3.5111917342151263e-8,0.030774999999971443,84.65735902799726
100,0.2,0.5,hub_09,pcglassoFast_Dual,C,1.2328467394420646e-7,0.030250000000160072,84.65735902799726
100,0.2,0.5,hub_09,pcglassoFast_Dual,C,4.328761281083054e-7,0.030600000000015372,84.65735902799726
100,0.2,0.5,hub_09,pcglassoFast_Dual,C,1.5199110829529328e-6,0.029474999999979445,84.65735902799726
100,0.2,0.5,hub_09,pcglassoFast_Dual,C,5.336699231206308e-6,0.030075000000039154,84.65735902799726
100,0.2,0.5,hub_09,pcglassoFast_Dual,C,1.873817422860384e-5,0.031200000000018234,84.65735902799726
100,0.2,0.5,hub_09,pcglassoFast_Dual,C,6.579332246575681e-5,0.02759999999998399,84.65735902799727
100,0.2,0.5,hub_09,pcglassoFast_Dual,C,2.310129700083161e-4,0.02825000000000557,84.65735902799727
100,0.2,0.5,hub_09,pcglassoFast_Dual,C,8.11130830789687e-4,0.028025000000002364,84.65735902799727
100,0.2,0.5,hub_09,pcglassoFast_Dual,C,0.002848035868435802,0.02782499999999999,84.65735902799727
100,0.2,0.5,hub_09,pcglassoFast_Dual,C,0.010000000000000004,0.030025000000000544,84.65735902799727
100,0.2,0.5,hub_09,pcglassoFast_Dual,I,9.999999999999982e-9,0.009550000000012914,84.65735902799727
100,0.2,0.5,hub_09,pcglassoFast_Dual,I,3.5111917342151263e-8,0.01067500000006021,84.65735902799727
100,0.2,0.5,hub_09,pcglassoFast_Dual,I,1.2328467394420646e-7,0.010625000000140971,84.65735902799727
100,0.2,0.5,hub_09,pcglassoFast_Dual,I,4.328761281083054e-7,0.010849999999948068,84.65735902799727
100,0.2,0.5,hub_09,pcglassoFast_Dual,I,1.5199110829529328e-6,0.010399999999981447,84.65735902799727
100,0.2,0.5,hub_09,pcglassoFast_Dual,I,5.336699231206308e-6,0.010625000000027284,84.65735902799727
100,0.2,0.5,hub_09,pcglassoFast_Dual,I,1.873817422860384e-5,0.010774999999995316,84.65735902799727
100,0.2,0.5,hub_09,pcglassoFast_Dual,I,6.579332246575681e-5,0.011174999999985858,84.65735902799727
100,0.2,0.5,hub_09,pcglassoFast_Dual,I,2.310129700083161e-4,0.010625000000007389,84.65735902799727
100,0.2,0.5,hub_09,pcglassoFast_Dual,I,8.11130830789687e-4,0.01120000000000232,84.65735902799727
100,0.2,0.5,hub_09,pcglassoFast_Dual,I,0.002848035868435802,0.011524999999998897,84.65735902799727
100,0.2,0.5,hub_09,pcglassoFast_Dual,I,0.010000000000000004,0.011350000000000905,84.65735902799727
100,0.2,0.5,hub_09,pcglassoFast_Primal,C,9.999999999999982e-9,0.08599999999994452,84.65735902799726
100,0.2,0.5,hub_09,pcglassoFast_Primal,C,3.5111917342151263e-8,0.08592500000004293,84.65735902799726
100,0.2,0.5,hub_09,pcglassoFast_Primal,C,1.2328467394420646e-7,0.08642499999998562,84.65735902799726
100,0.2,0.5,hub_09,pcglassoFast_Primal,C,4.328761281083054e-7,0.08590000000000372,84.65735902799726
100,0.2,0.5,hub_09,pcglassoFast_Primal,C,1.5199110829529328e-6,0.08562499999999318,84.65735902799726
100,0.2,0.5,hub_09,pcglassoFast_Primal,C,5.336699231206308e-6,0.08590000000002078,84.65735902799726
100,0.2,0.5,hub_09,pcglassoFast_Primal,C,1.873817422860384e-5,0.08585000000001627,84.65735902799726
100,0.2,0.5,hub_09,pcglassoFast_Primal,C,6.579332246575681e-5,0.0864249999999771,84.65735902799726
100,0.2,0.5,hub_09,pcglassoFast_Primal,C,2.310129700083161e-4,0.07624999999999602,84.65735902799727
100,0.2,0.5,hub_09,pcglassoFast_Primal,C,8.11130830789687e-4,0.07690000000000338,84.65735902799727
100,0.2,0.5,hub_09,pcglassoFast_Primal,C,0.002848035868435802,0.07739999999999583,84.65735902799727
100,0.2,0.5,hub_09,pcglassoFast_Primal,C,0.010000000000000004,0.07652499999999982,84.65735902799727
100,0.2,0.5,hub_09,pcglassoFast_Primal,I,9.999999999999982e-9,0.023200000000110778,84.65735902799727
100,0.2,0.5,hub_09,pcglassoFast_Primal,I,3.5111917342151263e-8,0.02457499999995889,84.65735902799727
100,0.2,0.5,hub_09,pcglassoFast_Primal,I,1.2328467394420646e-7,0.02477500000022701,84.65735902799727
100,0.2,0.5,hub_09,pcglassoFast_Primal,I,4.328761281083054e-7,0.024899999999990995,84.65735902799727
100,0.2,0.5,hub_09,pcglassoFast_Primal,I,1.5199110829529328e-6,0.0241249999999809,84.65735902799727
100,0.2,0.5,hub_09,pcglassoFast_Primal,I,5.336699231206308e-6,0.024825000000009822,84.65735902799727
100,0.2,0.5,hub_09,pcglassoFast_Primal,I,1.873817422860384e-5,0.025524999999981902,84.65735902799727
100,0.2,0.5,hub_09,pcglassoFast_Primal,I,6.579332246575681e-5,0.02472499999998945,84.65735902799727
100,0.2,0.5,hub_09,pcglassoFast_Primal,I,2.310129700083161e-4,0.025124999999999887,84.65735902799727
100,0.2,0.5,hub_09,pcglassoFast_Primal,I,8.11130830789687e-4,0.025725000000011277,84.65735902799727
100,0.2,0.5,hub_09,pcglassoFast_Primal,I,0.002848035868435802,0.02534999999999883,84.65735902799727
100,0.2,0.5,hub_09,pcglassoFast_Primal,I,0.010000000000000004,0.02555000000000085,84.65735902799727
100,0.2,0.5,hub_1,pcglasso,C,9.999999999999982e-9,1.7784999999999855,55.97118756549485
100,0.2,0.5,hub_1,pcglasso,C,3.5111917342151263e-8,1.7323749999999791,55.971187687930914
100,0.2,0.5,hub_1,pcglasso,C,1.2328467394420646e-7,1.4966999999999415,55.97119146778143
100,0.2,0.5,hub_1,pcglasso,C,4.328761281083054e-7,1.4672499999999444,55.971223643018185
100,0.2,0.5,hub_1,pcglasso,C,1.5199110829529328e-6,1.332675000000029,55.971525123672365
100,0.2,0.5,hub_1,pcglasso,C,5.336699231206308e-6,1.3293250000000227,55.971525123672365
100,0.2,0.5,hub_1,pcglasso,C,1.873817422860384e-5,0.9861000000000274,55.976814814233315
100,0.2,0.5,hub_1,pcglasso,C,6.579332246575681e-5,0.8088000000000136,56.601670315500606
100,0.2,0.5,hub_1,pcglasso,C,2.310129700083161e-4,0.8549249999999973,56.556066198371006
100,0.2,0.5,hub_1,pcglasso,C,8.11130830789687e-4,1.2611000000000003,68.83968985345875
100,0.2,0.5,hub_1,pcglasso,C,0.002848035868435802,0.2437000000000019,226.90206150650738
100,0.2,0.5,hub_1,pcglasso,C,0.010000000000000004,0.22832500000000025,226.90206150650738
100,0.2,0.5,hub_1,pcglasso,I,9.999999999999982e-9,1.0538499999999886,55.97118756528169
100,0.2,0.5,hub_1,pcglasso,I,3.5111917342151263e-8,1.1391750000000684,55.9711877925116
100,0.2,0.5,hub_1,pcglasso,I,1.2328467394420646e-7,0.9957499999999527,55.97119410515853
100,0.2,0.5,hub_1,pcglasso,I,4.328761281083054e-7,0.9384999999999991,55.971208118424634
100,0.2,0.5,hub_1,pcglasso,I,1.5199110829529328e-6,0.9135250000000041,55.971228139438736
100,0.2,0.5,hub_1,pcglasso,I,5.336699231206308e-6,0.8863249999999994,55.97142145850844
100,0.2,0.5,hub_1,pcglasso,I,1.873817422860384e-5,0.7490749999999935,55.97163404663081
100,0.2,0.5,hub_1,pcglasso,I,6.579332246575681e-5,0.5708000000000026,56.00814490083072
100,0.2,0.5,hub_1,pcglasso,I,2.310129700083161e-4,0.2956500000000005,56.643163451682994
100,0.2,0.5,hub_1,pcglasso,I,8.11130830789687e-4,0.04259999999997888,68.92588398307484
100,0.2,0.5,hub_1,pcglasso,I,0.002848035868435802,0.05489999999999782,68.73199684827222
100,0.2,0.5,hub_1,pcglasso,I,0.010000000000000004,0.06737499999999982,68.3960529405795
100,0.2,0.5,hub_1,pcglassoFast_Dual,C,9.999999999999982e-9,0.452324999999928,55.97118756127723
100,0.2,0.5,hub_1,pcglassoFast_Dual,C,3.5111917342151263e-8,0.4559000000000424,55.97118756127723
100,0.2,0.5,hub_1,pcglassoFast_Dual,C,1.2328467394420646e-7,0.4149000000000342,55.97118758603902
100,0.2,0.5,hub_1,pcglassoFast_Dual,C,4.328761281083054e-7,0.3835500000000138,55.97118769968693
100,0.2,0.5,hub_1,pcglassoFast_Dual,C,1.5199110829529328e-6,0.3620750000000271,55.971187777167025
100,0.2,0.5,hub_1,pcglassoFast_Dual,C,5.336699231206308e-6,0.33620000000002503,55.97118827725331
100,0.2,0.5,hub_1,pcglassoFast_Dual,C,1.873817422860384e-5,0.31182500000001595,55.97119239025737
100,0.2,0.5,hub_1,pcglassoFast_Dual,C,6.579332246575681e-5,0.3081000000000017,55.971199806751905
100,0.2,0.5,hub_1,pcglassoFast_Dual,C,2.310129700083161e-4,0.3002249999999975,55.97121386049535
100,0.2,0.5,hub_1,pcglassoFast_Dual,C,8.11130830789687e-4,0.25924999999999015,55.9714010356234
100,0.2,0.5,hub_1,pcglassoFast_Dual,C,0.002848035868435802,0.2288250000000005,55.9718356263549
100,0.2,0.5,hub_1,pcglassoFast_Dual,C,0.010000000000000004,0.2167749999999998,55.97386060840045
100,0.2,0.5,hub_1,pcglassoFast_Dual,I,9.999999999999982e-9,0.6511999999999034,55.97118755423874
100,0.2,0.5,hub_1,pcglassoFast_Dual,I,3.5111917342151263e-8,0.686725000000024,55.97118755754393
100,0.2,0.5,hub_1,pcglassoFast_Dual,I,1.2328467394420646e-7,0.6440750000000207,55.971187572799074
100,0.2,0.5,hub_1,pcglassoFast_Dual,I,4.328761281083054e-7,0.6001499999999282,55.97118795328077
100,0.2,0.5,hub_1,pcglassoFast_Dual,I,1.5199110829529328e-6,0.5594249999999988,55.97118862761628
100,0.2,0.5,hub_1,pcglassoFast_Dual,I,5.336699231206308e-6,0.49897500000000716,55.97118980339292
100,0.2,0.5,hub_1,pcglassoFast_Dual,I,1.873817422860384e-5,0.4649000000000342,55.971211087966104
100,0.2,0.5,hub_1,pcglassoFast_Dual,I,6.579332246575681e-5,0.4849999999999852,55.971211087966104
100,0.2,0.5,hub_1,pcglassoFast_Dual,I,2.310129700083161e-4,0.4803999999999718,55.97122405459711
100,0.2,0.5,hub_1,pcglassoFast_Dual,I,8.11130830789687e-4,0.4272499999999894,55.971507575377466
100,0.2,0.5,hub_1,pcglassoFast_Dual,I,0.002848035868435802,0.38577500000000525,55.97218260152352
100,0.2,0.5,hub_1,pcglassoFast_Dual,I,0.010000000000000004,0.35164999999999724,55.97642972804543
100,0.2,0.5,hub_1,pcglassoFast_Primal,C,9.999999999999982e-9,8.544400000000042,55.97118821181356
100,0.2,0.5,hub_1,pcglassoFast_Primal,C,3.5111917342151263e-8,7.00324999999998,55.971187778674945
100,0.2,0.5,hub_1,pcglassoFast_Primal,C,1.2328467394420646e-7,6.243750000000011,55.97119038887615
100,0.2,0.5,hub_1,pcglassoFast_Primal,C,4.328761281083054e-7,5.443199999999945,55.97118833571022
100,0.2,0.5,hub_1,pcglassoFast_Primal,C,1.5199110829529328e-6,4.534699999999987,55.9712046809041
100,0.2,0.5,hub_1,pcglassoFast_Primal,C,5.336699231206308e-6,3.6193749999999967,55.97120262428062
100,0.2,0.5,hub_1,pcglassoFast_Primal,C,1.873817422860384e-5,2.8690249999999877,55.97128189234316
100,0.2,0.5,hub_1,pcglassoFast_Primal,C,6.579332246575681e-5,2.013749999999999,55.97189404757399
100,0.2,0.5,hub_1,pcglassoFast_Primal,C,2.310129700083161e-4,1.2763749999999958,55.97270240308595
100,0.2,0.5,hub_1,pcglassoFast_Primal,C,8.11130830789687e-4,0.6644249999999972,55.98101071826852
100,0.2,0.5,hub_1,pcglassoFast_Primal,C,0.002848035868435802,0.33067499999999866,55.97839461148086
100,0.2,0.5,hub_1,pcglassoFast_Primal,C,0.010000000000000004,0.2083000000000001,56.265672014886505
100,0.2,0.5,hub_1,pcglassoFast_Primal,I,9.999999999999982e-9,8.519924999999967,55.971188210332386
100,0.2,0.5,hub_1,pcglassoFast_Primal,I,3.5111917342151263e-8,7.746624999999881,55.97118778125438
100,0.2,0.5,hub_1,pcglassoFast_Primal,I,1.2328467394420646e-7,6.79190000000001,55.9711907312703
100,0.2,0.5,hub_1,pcglassoFast_Primal,I,4.328761281083054e-7,6.035125000000027,55.97119536164088
100,0.2,0.5,hub_1,pcglassoFast_Primal,I,1.5199110829529328e-6,5.0382249999999775,55.971191228853876
100,0.2,0.5,hub_1,pcglassoFast_Primal,I,5.336699231206308e-6,4.157899999999978,55.97119532536255
100,0.2,0.5,hub_1,pcglassoFast_Primal,I,1.873817422860384e-5,3.352975000000009,55.9712126585677
100,0.2,0.5,hub_1,pcglassoFast_Primal,I,6.579332246575681e-5,2.5317500000000224,55.97164583289966
100,0.2,0.5,hub_1,pcglassoFast_Primal,I,2.310129700083161e-4,1.7939249999999987,55.972145593719134
100,0.2,0.5,hub_1,pcglassoFast_Primal,I,8.11130830789687e-4,1.2517750000000007,55.98572908667402
100,0.2,0.5,hub_1,pcglassoFast_Primal,I,0.002848035868435802,0.7481749999999998,56.03514252227432
100,0.2,0.5,hub_1,pcglassoFast_Primal,I,0.010000000000000004,0.3447750000000006,55.998617565438096
100,0.2,0.5,random,pcglasso,C,9.999999999999982e-9,0.5857749999999442,84.23247713956256
100,0.2,0.5,random,pcglasso,C,3.5111917342151263e-8,0.5809999999999491,84.23247714097664
100,0.2,0.5,random,pcglasso,C,1.2328467394420646e-7,0.5687999999999647,84.23247716333996
100,0.2,0.5,random,pcglasso,C,4.328761281083054e-7,0.5515249999999696,84.23247723804299
100,0.2,0.5,random,pcglasso,C,1.5199110829529328e-6,0.5061499999999797,84.23248526533506
100,0.2,0.5,random,pcglasso,C,5.336699231206308e-6,0.45705000000000384,84.23254453837767
100,0.2,0.5,random,pcglasso,C,1.873817422860384e-5,0.32820000000000393,84.2327066091738
100,0.2,0.5,random,pcglasso,C,6.579332246575681e-5,0.22572500000001128,84.2349873134903
100,0.2,0.5,random,pcglasso,C,2.310129700083161e-4,0.13692500000000507,84.27225223215896
100,0.2,0.5,random,pcglasso,C,8.11130830789687e-4,0.08767500000000723,84.35472346930426
100,0.2,0.5,random,pcglasso,C,0.002848035868435802,0.03024999999999949,140.83732336784982
100,0.2,0.5,random,pcglasso,C,0.010000000000000004,0.032175000000001217,140.83732336784982
100,0.2,0.5,random,pcglasso,I,9.999999999999982e-9,0.4958249999999225,84.23247714786379
100,0.2,0.5,random,pcglasso,I,3.5111917342151263e-8,0.4699249999999438,84.23247714469018
100,0.2,0.5,random,pcglasso,I,1.2328467394420646e-7,0.4395499999999629,84.23247717370025
100,0.2,0.5,random,pcglasso,I,4.328761281083054e-7,0.4271249999999327,84.23247744453377
100,0.2,0.5,random,pcglasso,I,1.5199110829529328e-6,0.3600249999999733,84.23248817112001
100,0.2,0.5,random,pcglasso,I,5.336699231206308e-6,0.3147499999999809,84.23256882823146
100,0.2,0.5,random,pcglasso,I,1.873817422860384e-5,0.2095499999999845,84.23313563148604
100,0.2,0.5,random,pcglasso,I,6.579332246575681e-5,0.1337750000000028,84.23792513553519
100,0.2,0.5,random,pcglasso,I,2.310129700083161e-4,0.08765000000003909,84.24378382347484
100,0.2,0.5,random,pcglasso,I,8.11130830789687e-4,0.04469999999999459,84.27582493562323
100,0.2,0.5,random,pcglasso,I,0.002848035868435802,0.035774999999998155,84.24568436204093
100,0.2,0.5,random,pcglasso,I,0.010000000000000004,0.028199999999996804,84.40742229272341
100,0.2,0.5,random,pcglassoFast_Dual,C,9.999999999999982e-9,0.063149999999996,84.232477139055
100,0.2,0.5,random,pcglassoFast_Dual,C,3.5111917342151263e-8,0.06094999999997981,84.23247715399127
100,0.2,0.5,random,pcglassoFast_Dual,C,1.2328467394420646e-7,0.05714999999991051,84.23247717982676
100,0.2,0.5,random,pcglassoFast_Dual,C,4.328761281083054e-7,0.05157500000005939,84.23247740174959
100,0.2,0.5,random,pcglassoFast_Dual,C,1.5199110829529328e-6,0.04940000000003693,84.23247782096155
100,0.2,0.5,random,pcglassoFast_Dual,C,5.336699231206308e-6,0.046424999999976534,84.23247886560468
100,0.2,0.5,random,pcglassoFast_Dual,C,1.873817422860384e-5,0.040725000000009004,84.23248775666315
100,0.2,0.5,random,pcglassoFast_Dual,C,6.579332246575681e-5,0.04962500000001455,84.23248775666315
100,0.2,0.5,random,pcglassoFast_Dual,C,2.310129700083161e-4,0.03812499999999659,84.23250501895592
100,0.2,0.5,random,pcglassoFast_Dual,C,8.11130830789687e-4,0.034275000000002366,84.23257342698186
100,0.2,0.5,random,pcglassoFast_Dual,C,0.002848035868435802,0.03252499999999969,84.2329274915258
100,0.2,0.5,random,pcglassoFast_Dual,C,0.010000000000000004,0.03045000000000222,84.2346329241757
100,0.2,0.5,random,pcglassoFast_Dual,I,9.999999999999982e-9,0.047449999999980716,84.23247714035637
100,0.2,0.5,random,pcglassoFast_Dual,I,3.5111917342151263e-8,0.0512749999999869,84.2324771454847
100,0.2,0.5,random,pcglassoFast_Dual,I,1.2328467394420646e-7,0.04599999999991269,84.2324771993347
100,0.2,0.5,random,pcglassoFast_Dual,I,4.328761281083054e-7,0.04197499999996808,84.23247729267958
100,0.2,0.5,random,pcglassoFast_Dual,I,1.5199110829529328e-6,0.04089999999995371,84.23247753217251
100,0.2,0.5,random,pcglassoFast_Dual,I,5.336699231206308e-6,0.03457500000000664,84.2324798696411
100,0.2,0.5,random,pcglassoFast_Dual,I,1.873817422860384e-5,0.032125000000024787,84.23248323253279
100,0.2,0.5,random,pcglassoFast_Dual,I,6.579332246575681e-5,0.03290000000001214,84.23248304066715
100,0.2,0.5,random,pcglassoFast_Dual,I,2.310129700083161e-4,0.03022500000001003,84.2324941696802
100,0.2,0.5,random,pcglassoFast_Dual,I,8.11130830789687e-4,0.027100000000004343,84.23257316828136
100,0.2,0.5,random,pcglassoFast_Dual,I,0.002848035868435802,0.025325000000002262,84.23294432059723
100,0.2,0.5,random,pcglassoFast_Dual,I,0.010000000000000004,0.022674999999996715,84.23428121943442
100,0.2,0.5,random,pcglassoFast_Primal,C,9.999999999999982e-9,0.190949999999998,84.23247714126224
100,0.2,0.5,random,pcglassoFast_Primal,C,3.5111917342151263e-8,0.18489999999999326,84.23247714835775
100,0.2,0.5,random,pcglassoFast_Primal,C,1.2328467394420646e-7,0.17229999999995016,84.2324771711351
100,0.2,0.5,random,pcglassoFast_Primal,C,4.328761281083054e-7,0.1624500000000353,84.23247723767021
100,0.2,0.5,random,pcglassoFast_Primal,C,1.5199110829529328e-6,0.15070000000001754,84.23247743371931
100,0.2,0.5,random,pcglassoFast_Primal,C,5.336699231206308e-6,0.1379000000000076,84.23247806809644
100,0.2,0.5,random,pcglassoFast_Primal,C,1.873817422860384e-5,0.13102499999998826,84.23248006178689
100,0.2,0.5,random,pcglassoFast_Primal,C,6.579332246575681e-5,0.12287500000002467,84.23248644388954
100,0.2,0.5,random,pcglassoFast_Primal,C,2.310129700083161e-4,0.09977500000000816,84.23257380486167
100,0.2,0.5,random,pcglassoFast_Primal,C,8.11130830789687e-4,0.09844999999999686,84.23257380486167
100,0.2,0.5,random,pcglassoFast_Primal,C,0.002848035868435802,0.08949999999999676,84.23279886633198
100,0.2,0.5,random,pcglassoFast_Primal,C,0.010000000000000004,0.0777749999999994,84.23361230431101
100,0.2,0.5,random,pcglassoFast_Primal,I,9.999999999999982e-9,0.15632500000010624,84.23247713980871
100,0.2,0.5,random,pcglassoFast_Primal,I,3.5111917342151263e-8,0.16394999999995435,84.2324771442609
100,0.2,0.5,random,pcglassoFast_Primal,I,1.2328467394420646e-7,0.146349999999984,84.23247719249959
100,0.2,0.5,random,pcglassoFast_Primal,I,4.328761281083054e-7,0.1341749999999365,84.23247730029172
100,0.2,0.5,random,pcglassoFast_Primal,I,1.5199110829529328e-6,0.12624999999999317,84.23247764764791
100,0.2,0.5,random,pcglassoFast_Primal,I,5.336699231206308e-6,0.11447499999999308,84.23247872425249
100,0.2,0.5,random,pcglassoFast_Primal,I,1.873817422860384e-5,0.10555000000001655,84.23248206890256
100,0.2,0.5,random,pcglassoFast_Primal,I,6.579332246575681e-5,0.09562500000000682,84.2324926539302
100,0.2,0.5,random,pcglassoFast_Primal,I,2.310129700083161e-4,0.08525000000000774,84.23252602503342
100,0.2,0.5,random,pcglassoFast_Primal,I,8.11130830789687e-4,0.07507500000000392,84.23263206032206
100,0.2,0.5,random,pcglassoFast_Primal,I,0.002848035868435802,0.06672500000000241,84.23297155782814
100,0.2,0.5,random,pcglassoFast_Primal,I,0.010000000000000004,0.056274999999999055,84.23405178294975
150,0.1,0,AR2,pcglasso,C,9.999999999999982e-9,2.0294000000000096,122.27115721229744
150,0.1,0,AR2,pcglasso,C,3.5111917342151263e-8,1.812850000000094,122.27115731812039
150,0.1,0,AR2,pcglasso,C,1.2328467394420646e-7,1.747974999999974,122.27115767764265
150,0.1,0,AR2,pcglasso,C,4.328761281083054e-7,1.6023250000000075,122.27116087264858
150,0.1,0,AR2,pcglasso,C,1.5199110829529328e-6,1.5270500000000085,122.27119259210578
150,0.1,0,AR2,pcglasso,C,5.336699231206308e-6,1.401124999999979,122.2716207408875
150,0.1,0,AR2,pcglasso,C,1.873817422860384e-5,1.006200000000024,122.2777230175673
150,0.1,0,AR2,pcglasso,C,6.579332246575681e-5,0.6646499999999946,122.35426459167145
150,0.1,0,AR2,pcglasso,C,2.310129700083161e-4,0.3672750000000036,124.7918042528388
150,0.1,0,AR2,pcglasso,C,8.11130830789687e-4,0.14425000000000238,141.49892393606308
150,0.1,0,AR2,pcglasso,C,0.002848035868435802,0.1079250000000016,171.44300140764972
150,0.1,0,AR2,pcglasso,C,0.010000000000000004,0.09477500000000028,153.8143965409782
150,0.1,0,AR2,pcglasso,I,9.999999999999982e-9,1.4140749999999798,122.27115720840924
150,0.1,0,AR2,pcglasso,I,3.5111917342151263e-8,1.4584750000000213,122.2711573561907
150,0.1,0,AR2,pcglasso,I,1.2328467394420646e-7,1.3705999999999676,122.27115783619954
150,0.1,0,AR2,pcglasso,I,4.328761281083054e-7,1.3100499999999784,122.27115847964467
150,0.1,0,AR2,pcglasso,I,1.5199110829529328e-6,1.1941000000000144,122.27117457974995
150,0.1,0,AR2,pcglasso,I,5.336699231206308e-6,1.0206750000000284,122.27176655108407
150,0.1,0,AR2,pcglasso,I,1.873817422860384e-5,0.7998249999999928,122.27365176080491
150,0.1,0,AR2,pcglasso,I,6.579332246575681e-5,0.4890250000000037,122.3009451787471
150,0.1,0,AR2,pcglasso,I,2.310129700083161e-4,0.3073250000000087,122.56519766662569
150,0.1,0,AR2,pcglasso,I,8.11130830789687e-4,0.1370999999999924,125.80232803673717
150,0.1,0,AR2,pcglasso,I,0.002848035868435802,0.09004999999999938,126.40132899065446
150,0.1,0,AR2,pcglasso,I,0.010000000000000004,0.0916499999999992,126.40132899065446
150,0.1,0,AR2,pcglassoFast_Dual,C,9.999999999999982e-9,0.21782499999999344,122.27115720314008
150,0.1,0,AR2,pcglassoFast_Dual,C,3.5111917342151263e-8,0.23327499999998053,122.27115720668617
150,0.1,0,AR2,pcglassoFast_Dual,C,1.2328467394420646e-7,0.21805000000006203,122.27115721827863
150,0.1,0,AR2,pcglassoFast_Dual,C,4.328761281083054e-7,0.21282499999998664,122.27115725514219
150,0.1,0,AR2,pcglassoFast_Dual,C,1.5199110829529328e-6,0.1961250000000291,122.27115738240917
150,0.1,0,AR2,pcglassoFast_Dual,C,5.336699231206308e-6,0.19914999999996325,122.27115805020296
150,0.1,0,AR2,pcglassoFast_Dual,C,1.873817422860384e-5,0.18162499999999113,122.27115997186502
150,0.1,0,AR2,pcglassoFast_Dual,C,6.579332246575681e-5,0.1867500000000007,122.27116678298401
150,0.1,0,AR2,pcglassoFast_Dual,C,2.310129700083161e-4,0.19314999999998578,122.27119713055043
150,0.1,0,AR2,pcglassoFast_Dual,C,8.11130830789687e-4,0.1753749999999954,122.27133641574402
150,0.1,0,AR2,pcglassoFast_Dual,C,0.002848035868435802,0.17687499999999262,122.27189391116951
150,0.1,0,AR2,pcglassoFast_Dual,C,0.010000000000000004,0.1618749999999995,122.27448523185998
150,0.1,0,AR2,pcglassoFast_Dual,I,9.999999999999982e-9,0.1565999999999576,122.27115720361141
150,0.1,0,AR2,pcglassoFast_Dual,I,3.5111917342151263e-8,0.16660000000008496,122.27115720742884
150,0.1,0,AR2,pcglassoFast_Dual,I,1.2328467394420646e-7,0.17585000000003675,122.27115721945742
150,0.1,0,AR2,pcglassoFast_Dual,I,4.328761281083054e-7,0.15792500000004567,122.27115726429528
150,0.1,0,AR2,pcglassoFast_Dual,I,1.5199110829529328e-6,0.15765000000004648,122.27115743324997
150,0.1,0,AR2,pcglassoFast_Dual,I,5.336699231206308e-6,0.16619999999996934,122.27115802992395
150,0.1,0,AR2,pcglassoFast_Dual,I,1.873817422860384e-5,0.13997499999999832,122.27116042560155
150,0.1,0,AR2,pcglassoFast_Dual,I,6.579332246575681e-5,0.14492500000002906,122.27117090830475
150,0.1,0,AR2,pcglassoFast_Dual,I,2.310129700083161e-4,0.11804999999999381,122.27142025207809
150,0.1,0,AR2,pcglassoFast_Dual,I,8.11130830789687e-4,0.1286750000000012,122.27142025207809
150,0.1,0,AR2,pcglassoFast_Dual,I,0.002848035868435802,0.10962499999999978,122.2714570995101
150,0.1,0,AR2,pcglassoFast_Dual,I,0.010000000000000004,0.11140000000000186,122.27584321861566
150,0.1,0,AR2,pcglassoFast_Primal,C,9.999999999999982e-9,0.7129000000000361,122.2711572061043
150,0.1,0,AR2,pcglassoFast_Primal,C,3.5111917342151263e-8,0.6876499999999851,122.27115721182693
150,0.1,0,AR2,pcglassoFast_Primal,C,1.2328467394420646e-7,0.63412500000004,122.27115726208201
150,0.1,0,AR2,pcglassoFast_Primal,C,4.328761281083054e-7,0.6017500000000495,122.27115735862041
150,0.1,0,AR2,pcglassoFast_Primal,C,1.5199110829529328e-6,0.5705999999999903,122.27115761195219
150,0.1,0,AR2,pcglassoFast_Primal,C,5.336699231206308e-6,0.5314499999999953,122.27115833370358
150,0.1,0,AR2,pcglassoFast_Primal,C,1.873817422860384e-5,0.4647000000000219,122.27116636013766
150,0.1,0,AR2,pcglassoFast_Primal,C,6.579332246575681e-5,0.44029999999999914,122.27118427237383
150,0.1,0,AR2,pcglassoFast_Primal,C,2.310129700083161e-4,0.4051500000000118,122.27123973627543
150,0.1,0,AR2,pcglassoFast_Primal,C,8.11130830789687e-4,0.3791499999999985,122.27141634621346
150,0.1,0,AR2,pcglassoFast_Primal,C,0.002848035868435802,0.3536500000000046,122.27200048349971
150,0.1,0,AR2,pcglassoFast_Primal,C,0.010000000000000004,0.3090749999999998,122.27400747070767
150,0.1,0,AR2,pcglassoFast_Primal,I,9.999999999999982e-9,0.6084250000000111,122.27115720917541
150,0.1,0,AR2,pcglassoFast_Primal,I,3.5111917342151263e-8,0.6286250000000109,122.27115721829259
150,0.1,0,AR2,pcglassoFast_Primal,I,1.2328467394420646e-7,0.6262999999998783,122.27115723869895
150,0.1,0,AR2,pcglassoFast_Primal,I,4.328761281083054e-7,0.5500750000000721,122.27115744456147
150,0.1,0,AR2,pcglassoFast_Primal,I,1.5199110829529328e-6,0.5234000000000038,122.271157853659
150,0.1,0,AR2,pcglassoFast_Primal,I,5.336699231206308e-6,0.49657500000002985,122.27115895600991
150,0.1,0,AR2,pcglassoFast_Primal,I,1.873817422860384e-5,0.45515000000001465,122.27116194792465
150,0.1,0,AR2,pcglassoFast_Primal,I,6.579332246575681e-5,0.4284749999999917,122.27117032768571
150,0.1,0,AR2,pcglassoFast_Primal,I,2.310129700083161e-4,0.37364999999998644,122.27126178925495
150,0.1,0,AR2,pcglassoFast_Primal,I,8.11130830789687e-4,0.33674999999999217,122.27146017389582
150,0.1,0,AR2,pcglassoFast_Primal,I,0.002848035868435802,0.3042999999999935,122.27205234058125
150,0.1,0,AR2,pcglassoFast_Primal,I,0.010000000000000004,0.2766749999999991,122.27385415617886
150,0.1,0,hub_09,pcglasso,C,9.999999999999982e-9,1.1229250000000774,145.89576338624448
150,0.1,0,hub_09,pcglasso,C,3.5111917342151263e-8,1.1424749999998312,145.89576338624448
150,0.1,0,hub_09,pcglasso,C,1.2328467394420646e-7,1.0527250000001005,145.8957633839489
150,0.1,0,hub_09,pcglasso,C,4.328761281083054e-7,0.9937250000000291,145.8957634221527
150,0.1,0,hub_09,pcglasso,C,1.5199110829529328e-6,0.8753250000000208,145.8957648361622
150,0.1,0,hub_09,pcglasso,C,5.336699231206308e-6,0.8268750000000068,145.89577103412716
150,0.1,0,hub_09,pcglasso,C,1.873817422860384e-5,0.6956000000000018,145.89612431709065
150,0.1,0,hub_09,pcglasso,C,6.579332246575681e-5,0.49442500000001816,145.90137087844252
150,0.1,0,hub_09,pcglasso,C,2.310129700083161e-4,0.3677499999999981,145.93973297428303
150,0.1,0,hub_09,pcglasso,C,8.11130830789687e-4,0.09950000000000614,175.78922913888758
150,0.1,0,hub_09,pcglasso,C,0.002848035868435802,0.07947499999999934,182.00395893020146
150,0.1,0,hub_09,pcglasso,C,0.010000000000000004,0.08285000000000053,182.00395893020146
150,0.1,0,hub_09,pcglasso,I,9.999999999999982e-9,1.0882749999999077,145.89576338060067
150,0.1,0,hub_09,pcglasso,I,3.5111917342151263e-8,1.2012250000000448,145.895763391347
150,0.1,0,hub_09,pcglasso,I,1.2328467394420646e-7,1.147724999999923,145.89576338417777
150,0.1,0,hub_09,pcglasso,I,4.328761281083054e-7,0.9559750000000463,145.89576574579925
150,0.1,0,hub_09,pcglasso,I,1.5199110829529328e-6,0.9142000000000052,145.8957661297387
150,0.1,0,hub_09,pcglasso,I,5.336699231206308e-6,0.799975000000029,145.895778760315
150,0.1,0,hub_09,pcglasso,I,1.873817422860384e-5,0.6092750000000194,145.89596247039876
150,0.1,0,hub_09,pcglasso,I,6.579332246575681e-5,0.4580749999999739,145.89615558096054
150,0.1,0,hub_09,pcglasso,I,2.310129700083161e-4,0.2163250000000147,146.0683359965554
150,0.1,0,hub_09,pcglasso,I,8.11130830789687e-4,0.14895000000000777,146.36924675182865
150,0.1,0,hub_09,pcglasso,I,0.002848035868435802,0.15432499999999721,146.04553650916964
150,0.1,0,hub_09,pcglasso,I,0.010000000000000004,0.154999999999999,146.04553650916964
150,0.1,0,hub_09,pcglassoFast_Dual,C,9.999999999999982e-9,0.25047500000009676,145.89576338401054
150,0.1,0,hub_09,pcglassoFast_Dual,C,3.5111917342151263e-8,0.217174999999952,145.89576340082186
150,0.1,0,hub_09,pcglassoFast_Dual,C,1.2328467394420646e-7,0.21632499999996072,145.89576347354566
150,0.1,0,hub_09,pcglassoFast_Dual,C,4.328761281083054e-7,0.20075000000001636,145.89576379828745
150,0.1,0,hub_09,pcglassoFast_Dual,C,1.5199110829529328e-6,0.20287500000002864,145.89576422157592
150,0.1,0,hub_09,pcglassoFast_Dual,C,5.336699231206308e-6,0.1749749999999949,145.8957666019386
150,0.1,0,hub_09,pcglassoFast_Dual,C,1.873817422860384e-5,0.17404999999999404,145.8957768329815
150,0.1,0,hub_09,pcglassoFast_Dual,C,6.579332246575681e-5,0.15397500000001402,145.8957938805744
150,0.1,0,hub_09,pcglassoFast_Dual,C,2.310129700083161e-4,0.14585000000000434,145.89603297413555
150,0.1,0,hub_09,pcglassoFast_Dual,C,8.11130830789687e-4,0.12455000000000353,145.89659111955552
150,0.1,0,hub_09,pcglassoFast_Dual,C,0.002848035868435802,0.1160499999999999,145.89675028506392
150,0.1,0,hub_09,pcglassoFast_Dual,C,0.010000000000000004,0.11202499999999808,145.89829506864123
150,0.1,0,hub_09,pcglassoFast_Dual,I,9.999999999999982e-9,0.1796750000002021,145.89576338482277
150,0.1,0,hub_09,pcglassoFast_Dual,I,3.5111917342151263e-8,0.16432499999991707,145.8957634094501
150,0.1,0,hub_09,pcglassoFast_Dual,I,1.2328467394420646e-7,0.16157499999997071,145.89576344314614
150,0.1,0,hub_09,pcglassoFast_Dual,I,4.328761281083054e-7,0.14982499999988477,145.89576365961105
150,0.1,0,hub_09,pcglassoFast_Dual,I,1.5199110829529328e-6,0.13599999999997864,145.89576446703427
150,0.1,0,hub_09,pcglassoFast_Dual,I,5.336699231206308e-6,0.13520000000002028,145.8957655440667
150,0.1,0,hub_09,pcglassoFast_Dual,I,1.873817422860384e-5,0.113049999999987,145.89577059757994
150,0.1,0,hub_09,pcglassoFast_Dual,I,6.579332246575681e-5,0.1163000000000011,145.89577598213586
150,0.1,0,hub_09,pcglassoFast_Dual,I,2.310129700083161e-4,0.10499999999999546,145.89588694329987
150,0.1,0,hub_09,pcglassoFast_Dual,I,8.11130830789687e-4,0.07467499999999347,145.896206102185
150,0.1,0,hub_09,pcglassoFast_Dual,I,0.002848035868435802,0.0644749999999931,145.89698091263503
150,0.1,0,hub_09,pcglassoFast_Dual,I,0.010000000000000004,0.06554999999999822,145.89919310822893
150,0.1,0,hub_09,pcglassoFast_Primal,C,9.999999999999982e-9,0.5210500000000138,145.89576337830837
150,0.1,0,hub_09,pcglassoFast_Primal,C,3.5111917342151263e-8,0.45912500000001727,145.8957633907941
150,0.1,0,hub_09,pcglassoFast_Primal,C,1.2328467394420646e-7,0.4604499999999689,145.8957633907941
150,0.1,0,hub_09,pcglassoFast_Primal,C,4.328761281083054e-7,0.4177249999999958,145.89576342434793
150,0.1,0,hub_09,pcglassoFast_Primal,C,1.5199110829529328e-6,0.3945250000000101,145.89576355393314
150,0.1,0,hub_09,pcglassoFast_Primal,C,5.336699231206308e-6,0.3668500000000165,145.89576417063623
150,0.1,0,hub_09,pcglassoFast_Primal,C,1.873817422860384e-5,0.3328749999999786,145.89576656414897
150,0.1,0,hub_09,pcglassoFast_Primal,C,6.579332246575681e-5,0.30697499999999706,145.89577637651263
150,0.1,0,hub_09,pcglassoFast_Primal,C,2.310129700083161e-4,0.3055499999999995,145.89577637651263
150,0.1,0,hub_09,pcglassoFast_Primal,C,8.11130830789687e-4,0.2719000000000037,145.89583994313307
150,0.1,0,hub_09,pcglassoFast_Primal,C,0.002848035868435802,0.28445000000000037,145.89583994313307
150,0.1,0,hub_09,pcglassoFast_Primal,C,0.010000000000000004,0.2386750000000002,145.89629544185567
150,0.1,0,hub_09,pcglassoFast_Primal,I,9.999999999999982e-9,0.37489999999997964,145.89576337911103
150,0.1,0,hub_09,pcglassoFast_Primal,I,3.5111917342151263e-8,0.3880500000000893,145.89576338436595
150,0.1,0,hub_09,pcglassoFast_Primal,I,1.2328467394420646e-7,0.3946749999999838,145.89576338436595
150,0.1,0,hub_09,pcglassoFast_Primal,I,4.328761281083054e-7,0.35625,145.89576341414403
150,0.1,0,hub_09,pcglassoFast_Primal,I,1.5199110829529328e-6,0.3200250000000551,145.89576355406078
150,0.1,0,hub_09,pcglassoFast_Primal,I,5.336699231206308e-6,0.29230000000002293,145.89576419736412
150,0.1,0,hub_09,pcglassoFast_Primal,I,1.873817422860384e-5,0.2989500000000021,145.89576419736412
150,0.1,0,hub_09,pcglassoFast_Primal,I,6.579332246575681e-5,0.2605750000000171,145.8957677143223
150,0.1,0,hub_09,pcglassoFast_Primal,I,2.310129700083161e-4,0.23365000000000577,145.89578859825616
150,0.1,0,hub_09,pcglassoFast_Primal,I,8.11130830789687e-4,0.23817499999999825,145.89578859825616
150,0.1,0,hub_09,pcglassoFast_Primal,I,0.002848035868435802,0.20532500000000198,145.8959205475973
150,0.1,0,hub_09,pcglassoFast_Primal,I,0.010000000000000004,0.17447500000000105,145.89683922831534
150,0.1,0,hub_1,pcglasso,C,9.999999999999982e-9,26.735399999999913,41.614087961985064
150,0.1,0,hub_1,pcglasso,C,3.5111917342151263e-8,27.071650000000044,41.61408804401136
150,0.1,0,hub_1,pcglasso,C,1.2328467394420646e-7,20.157574999999998,41.614112791396536
150,0.1,0,hub_1,pcglasso,C,4.328761281083054e-7,19.498450000000012,41.6141248668784
150,0.1,0,hub_1,pcglasso,C,1.5199110829529328e-6,17.623249999999995,41.614234484651604
150,0.1,0,hub_1,pcglasso,C,5.336699231206308e-6,13.048524999999984,41.61548213265112
150,0.1,0,hub_1,pcglasso,C,1.873817422860384e-5,7.707750000000004,41.62678026817849
150,0.1,0,hub_1,pcglasso,C,6.579332246575681e-5,4.898674999999997,41.97901422069699
150,0.1,0,hub_1,pcglasso,C,2.310129700083161e-4,4.758250000000004,42.99793576960317
150,0.1,0,hub_1,pcglasso,C,8.11130830789687e-4,1.3182499999999961,122.93243578814733
150,0.1,0,hub_1,pcglasso,C,0.002848035868435802,1.3198500000000082,122.93243578814733
150,0.1,0,hub_1,pcglasso,C,0.010000000000000004,1.3549250000000026,122.93243578814733
150,0.1,0,hub_1,pcglasso,I,9.999999999999982e-9,87.33212500000002,41.61408766826265
150,0.1,0,hub_1,pcglasso,I,3.5111917342151263e-8,80.16097500000005,41.61408777269513
150,0.1,0,hub_1,pcglasso,I,1.2328467394420646e-7,63.27862499999999,41.61408881406748
150,0.1,0,hub_1,pcglasso,I,4.328761281083054e-7,48.43749999999996,41.61410218082715
150,0.1,0,hub_1,pcglasso,I,1.5199110829529328e-6,34.321600000000025,41.61424106312368
150,0.1,0,hub_1,pcglasso,I,5.336699231206308e-6,22.820149999999977,41.616276837155596
150,0.1,0,hub_1,pcglasso,I,1.873817422860384e-5,1.8747999999999876,44.84560960860968
150,0.1,0,hub_1,pcglasso,I,6.579332246575681e-5,0.69452500000001,46.4390210354707
150,0.1,0,hub_1,pcglasso,I,2.310129700083161e-4,0.6825000000000017,46.29850768427837
150,0.1,0,hub_1,pcglasso,I,8.11130830789687e-4,0.7143,46.64808386067406
150,0.1,0,hub_1,pcglasso,I,0.002848035868435802,0.3955999999999989,48.1835181849133
150,0.1,0,hub_1,pcglasso,I,0.010000000000000004,0.39954999999999713,48.9104142174097
150,0.1,0,hub_1,pcglassoFast_Dual,C,9.999999999999982e-9,25.692725000000063,41.614087848905946
150,0.1,0,hub_1,pcglassoFast_Dual,C,3.5111917342151263e-8,23.833500000000004,41.61408814417094
150,0.1,0,hub_1,pcglassoFast_Dual,C,1.2328467394420646e-7,21.196600000000057,41.614090047105684
150,0.1,0,hub_1,pcglassoFast_Dual,C,4.328761281083054e-7,19.90997500000001,41.614091506789805
150,0.1,0,hub_1,pcglassoFast_Dual,C,1.5199110829529328e-6,15.91462499999999,41.61411102698984
150,0.1,0,hub_1,pcglassoFast_Dual,C,5.336699231206308e-6,13.558000000000026,41.61416081705363
150,0.1,0,hub_1,pcglassoFast_Dual,C,1.873817422860384e-5,13.602125000000006,41.61417989717764
150,0.1,0,hub_1,pcglassoFast_Dual,C,6.579332246575681e-5,10.157850000000005,41.61452145169981
150,0.1,0,hub_1,pcglassoFast_Dual,C,2.310129700083161e-4,6.081399999999985,41.61735162126229
150,0.1,0,hub_1,pcglassoFast_Dual,C,8.11130830789687e-4,6.209499999999996,41.61754621939182
150,0.1,0,hub_1,pcglassoFast_Dual,C,0.002848035868435802,6.149425000000001,41.61789842315016
150,0.1,0,hub_1,pcglassoFast_Dual,C,0.010000000000000004,5.36415,41.62764878988401
150,0.1,0,hub_1,pcglassoFast_Dual,I,9.999999999999982e-9,53.795949999999856,41.61408770028066
150,0.1,0,hub_1,pcglassoFast_Dual,I,3.5111917342151263e-8,56.61700000000003,41.61408791702391
150,0.1,0,hub_1,pcglassoFast_Dual,I,1.2328467394420646e-7,54.96732500000003,41.6140884392682
150,0.1,0,hub_1,pcglassoFast_Dual,I,4.328761281083054e-7,51.542125000000034,41.61409486503813
150,0.1,0,hub_1,pcglassoFast_Dual,I,1.5199110829529328e-6,48.76339999999999,41.61410036051748
150,0.1,0,hub_1,pcglassoFast_Dual,I,5.336699231206308e-6,46.37819999999999,41.61418006060978
150,0.1,0,hub_1,pcglassoFast_Dual,I,1.873817422860384e-5,46.15347500000003,41.614274198899125
150,0.1,0,hub_1,pcglassoFast_Dual,I,6.579332246575681e-5,42.66977500000003,41.61491765064081
150,0.1,0,hub_1,pcglassoFast_Dual,I,2.310129700083161e-4,41.90709999999999,41.61513288475813
150,0.1,0,hub_1,pcglassoFast_Dual,I,8.11130830789687e-4,35.493525000000005,41.667672452123774
150,0.1,0,hub_1,pcglassoFast_Dual,I,0.002848035868435802,35.431824999999996,41.667672452123774
150,0.1,0,hub_1,pcglassoFast_Dual,I,0.010000000000000004,22.00795,45.06646846398301
150,0.1,0,hub_1,pcglassoFast_Primal,C,9.999999999999982e-9,16.04042500000005,41.61408796344054
150,0.1,0,hub_1,pcglassoFast_Primal,C,3.5111917342151263e-8,14.264599999999996,41.614088725472904
150,0.1,0,hub_1,pcglassoFast_Primal,C,1.2328467394420646e-7,12.462875000000007,41.61409131996936
150,0.1,0,hub_1,pcglassoFast_Primal,C,4.328761281083054e-7,10.43280000000002,41.61409979986875
150,0.1,0,hub_1,pcglassoFast_Primal,C,1.5199110829529328e-6,8.794149999999979,41.614120975981464
150,0.1,0,hub_1,pcglassoFast_Primal,C,5.336699231206308e-6,7.910575000000006,41.61414827417528
150,0.1,0,hub_1,pcglassoFast_Primal,C,1.873817422860384e-5,7.400375000000014,41.61418029667787
150,0.1,0,hub_1,pcglassoFast_Primal,C,6.579332246575681e-5,6.506624999999997,41.61436262606777
150,0.1,0,hub_1,pcglassoFast_Primal,C,2.310129700083161e-4,5.394850000000003,41.61509169755448
150,0.1,0,hub_1,pcglassoFast_Primal,C,8.11130830789687e-4,4.27705000000001,41.61707854575858
150,0.1,0,hub_1,pcglassoFast_Primal,C,0.002848035868435802,3.3542250000000005,41.62299325017837
150,0.1,0,hub_1,pcglassoFast_Primal,C,0.010000000000000004,3.05335,41.62692872089043
150,0.1,0,hub_1,pcglassoFast_Primal,I,9.999999999999982e-9,14.668024999999966,41.614087963002625
150,0.1,0,hub_1,pcglassoFast_Primal,I,3.5111917342151263e-8,13.166749999999979,41.614088738810054
150,0.1,0,hub_1,pcglassoFast_Primal,I,1.2328467394420646e-7,11.429474999999979,41.614091412362
150,0.1,0,hub_1,pcglassoFast_Primal,I,4.328761281083054e-7,9.877600000000053,41.614100108914094
150,0.1,0,hub_1,pcglassoFast_Primal,I,1.5199110829529328e-6,8.146024999999998,41.61412439920831
150,0.1,0,hub_1,pcglassoFast_Primal,I,5.336699231206308e-6,7.198975000000035,41.61415518106832
150,0.1,0,hub_1,pcglassoFast_Primal,I,1.873817422860384e-5,6.851225000000011,41.614159425064564
150,0.1,0,hub_1,pcglassoFast_Primal,I,6.579332246575681e-5,6.327875000000006,41.614280395387915
150,0.1,0,hub_1,pcglassoFast_Primal,I,2.310129700083161e-4,5.628025000000008,41.61478877350127
150,0.1,0,hub_1,pcglassoFast_Primal,I,8.11130830789687e-4,5.132000000000001,41.616277788649604
150,0.1,0,hub_1,pcglassoFast_Primal,I,0.002848035868435802,4.513175000000006,41.62503372997068
150,0.1,0,hub_1,pcglassoFast_Primal,I,0.010000000000000004,3.997675000000002,41.65557448128768
150,0.1,0,random,pcglasso,C,9.999999999999982e-9,4.824624999999832,104.80009833540956
150,0.1,0,random,pcglasso,C,3.5111917342151263e-8,4.172825000000012,104.80009951664067
150,0.1,0,random,pcglasso,C,1.2328467394420646e-7,3.219899999999984,104.80013205101221
150,0.1,0,random,pcglasso,C,4.328761281083054e-7,2.564074999999934,104.80041653595208
150,0.1,0,random,pcglasso,C,1.5199110829529328e-6,2.0837250000000496,104.80109662813183
150,0.1,0,random,pcglasso,C,5.336699231206308e-6,1.6946749999999953,104.80743185276123
150,0.1,0,random,pcglasso,C,1.873817422860384e-5,1.2216249999999946,104.90785287599259
150,0.1,0,random,pcglasso,C,6.579332246575681e-5,0.7486500000000035,105.32196908365626
150,0.1,0,random,pcglasso,C,2.310129700083161e-4,0.578200000000001,106.34086858693553
150,0.1,0,random,pcglasso,C,8.11130830789687e-4,0.2142249999999862,128.3120293289191
150,0.1,0,random,pcglasso,C,0.002848035868435802,0.11947499999999919,186.25159689273994
150,0.1,0,random,pcglasso,C,0.010000000000000004,0.12365000000000244,186.25159689273994
150,0.1,0,random,pcglasso,I,9.999999999999982e-9,4.1081750000001875,104.8000981999547
150,0.1,0,random,pcglasso,I,3.5111917342151263e-8,4.195299999999975,104.80009916261034
150,0.1,0,random,pcglasso,I,1.2328467394420646e-7,3.526250000000073,104.80011904181603
150,0.1,0,random,pcglasso,I,4.328761281083054e-7,2.9827999999999064,104.80019105068021
150,0.1,0,random,pcglasso,I,1.5199110829529328e-6,2.4483499999999596,104.80188824400103
150,0.1,0,random,pcglasso,I,5.336699231206308e-6,1.8230750000000397,104.81908525990964
150,0.1,0,random,pcglasso,I,1.873817422860384e-5,1.1073499999999854,105.02115603113742
150,0.1,0,random,pcglasso,I,6.579332246575681e-5,0.6040249999999958,105.24658414229862
150,0.1,0,random,pcglasso,I,2.310129700083161e-4,0.3868499999999841,106.7273379727444
150,0.1,0,random,pcglasso,I,8.11130830789687e-4,0.14360000000000356,110.59631522234265
150,0.1,0,random,pcglasso,I,0.002848035868435802,0.11592499999999717,111.73336700598229
150,0.1,0,random,pcglasso,I,0.010000000000000004,0.12622500000000017,111.73336700598229
150,0.1,0,random,pcglassoFast_Dual,C,9.999999999999982e-9,2.048899999999958,104.80009794538475
150,0.1,0,random,pcglassoFast_Dual,C,3.5111917342151263e-8,2.0009750000000848,104.80009809625177
150,0.1,0,random,pcglassoFast_Dual,C,1.2328467394420646e-7,1.744450000000029,104.80009985936215
150,0.1,0,random,pcglassoFast_Dual,C,4.328761281083054e-7,1.5942500000000224,104.80010607716174
150,0.1,0,random,pcglassoFast_Dual,C,1.5199110829529328e-6,1.3811999999999784,104.80012523904603
150,0.1,0,random,pcglassoFast_Dual,C,5.336699231206308e-6,1.3915250000000072,104.8001241914731
150,0.1,0,random,pcglassoFast_Dual,C,1.873817422860384e-5,0.9635749999999916,104.80046748322468
150,0.1,0,random,pcglassoFast_Dual,C,6.579332246575681e-5,0.7963499999999613,104.80093452316547
150,0.1,0,random,pcglassoFast_Dual,C,2.310129700083161e-4,0.7402499999999946,104.8014173313304
150,0.1,0,random,pcglassoFast_Dual,C,8.11130830789687e-4,0.5454749999999919,104.80417372118463
150,0.1,0,random,pcglassoFast_Dual,C,0.002848035868435802,0.4904500000000006,104.80448822019079
150,0.1,0,random,pcglassoFast_Dual,C,0.010000000000000004,0.43972500000000103,104.80943577096504
150,0.1,0,random,pcglassoFast_Dual,I,9.999999999999982e-9,1.956624999999849,104.80009780067009
150,0.1,0,random,pcglassoFast_Dual,I,3.5111917342151263e-8,1.6761499999999387,104.80009814789543
150,0.1,0,random,pcglassoFast_Dual,I,1.2328467394420646e-7,1.601724999999965,104.80009855675391
150,0.1,0,random,pcglassoFast_Dual,I,4.328761281083054e-7,1.5705500000000825,104.80009870906409
150,0.1,0,random,pcglassoFast_Dual,I,1.5199110829529328e-6,1.3626500000000648,104.8001218418158
150,0.1,0,random,pcglassoFast_Dual,I,5.336699231206308e-6,1.3045250000000579,104.80012789187465
150,0.1,0,random,pcglassoFast_Dual,I,1.873817422860384e-5,1.242699999999968,104.80011348002321
150,0.1,0,random,pcglassoFast_Dual,I,6.579332246575681e-5,1.070075000000014,104.80044127334911
150,0.1,0,random,pcglassoFast_Dual,I,2.310129700083161e-4,1.0256000000000056,104.80055007056734
150,0.1,0,random,pcglassoFast_Dual,I,8.11130830789687e-4,0.8091500000000025,104.8040339407949
150,0.1,0,random,pcglassoFast_Dual,I,0.002848035868435802,0.7158999999999949,104.80692518858605
150,0.1,0,random,pcglassoFast_Dual,I,0.010000000000000004,0.6160750000000007,104.82198761676935
150,0.1,0,random,pcglassoFast_Primal,C,9.999999999999982e-9,8.627174999999943,104.80009802799736
150,0.1,0,random,pcglassoFast_Primal,C,3.5111917342151263e-8,7.731100000000038,104.80009860006747
150,0.1,0,random,pcglassoFast_Primal,C,1.2328467394420646e-7,5.792974999999956,104.80010032756188
150,0.1,0,random,pcglassoFast_Primal,C,4.328761281083054e-7,5.197149999999988,104.80010131247371
150,0.1,0,random,pcglassoFast_Primal,C,1.5199110829529328e-6,4.506999999999982,104.80010181569052
150,0.1,0,random,pcglassoFast_Primal,C,5.336699231206308e-6,3.863749999999965,104.80010583655017
150,0.1,0,random,pcglassoFast_Primal,C,1.873817422860384e-5,2.79579999999998,104.80012097966491
150,0.1,0,random,pcglassoFast_Primal,C,6.579332246575681e-5,2.3186249999999715,104.80015681907064
150,0.1,0,random,pcglassoFast_Primal,C,2.310129700083161e-4,1.5534250000000014,104.80047159446667
150,0.1,0,random,pcglassoFast_Primal,C,8.11130830789687e-4,1.3725250000000144,104.80078044933931
150,0.1,0,random,pcglassoFast_Primal,C,0.002848035868435802,1.0397500000000037,104.80408219974046
150,0.1,0,random,pcglassoFast_Primal,C,0.010000000000000004,0.8945250000000007,104.81465192219716
150,0.1,0,random,pcglassoFast_Primal,I,9.999999999999982e-9,8.308849999999916,104.80009802073533
150,0.1,0,random,pcglassoFast_Primal,I,3.5111917342151263e-8,7.459599999999978,104.80009859396843
150,0.1,0,random,pcglassoFast_Primal,I,1.2328467394420646e-7,5.7636500000000295,104.80010034727533
150,0.1,0,random,pcglassoFast_Primal,I,4.328761281083054e-7,4.860400000000095,104.80010109842476
150,0.1,0,random,pcglassoFast_Primal,I,1.5199110829529328e-6,4.326874999999996,104.80010195648207
150,0.1,0,random,pcglassoFast_Primal,I,5.336699231206308e-6,3.8213750000000344,104.80010622345654
150,0.1,0,random,pcglassoFast_Primal,I,1.873817422860384e-5,3.4103000000000123,104.80010861936445
150,0.1,0,random,pcglassoFast_Primal,I,6.579332246575681e-5,2.7409500000000206,104.80016221913627
150,0.1,0,random,pcglassoFast_Primal,I,2.310129700083161e-4,2.0203000000000118,104.80034923775679
150,0.1,0,random,pcglassoFast_Primal,I,8.11130830789687e-4,1.3953250000000081,104.80140215398092
150,0.1,0,random,pcglassoFast_Primal,I,0.002848035868435802,1.0560250000000024,104.80447468717756
150,0.1,0,random,pcglassoFast_Primal,I,0.010000000000000004,0.8401250000000022,104.80729446295834
150,0.1,0.5,AR2,pcglasso,C,9.999999999999982e-9,0.8569000000000188,125.25847218392587
150,0.1,0.5,AR2,pcglasso,C,3.5111917342151263e-8,0.8548750000000382,125.25847218418109
150,0.1,0.5,AR2,pcglasso,C,1.2328467394420646e-7,0.8193250000000034,125.2584722258887
150,0.1,0.5,AR2,pcglasso,C,4.328761281083054e-7,0.7815749999999866,125.25847253914867
150,0.1,0.5,AR2,pcglasso,C,1.5199110829529328e-6,0.7892250000000217,125.25847253914867
150,0.1,0.5,AR2,pcglasso,C,5.336699231206308e-6,0.7849499999999978,125.25847281373795
150,0.1,0.5,AR2,pcglasso,C,1.873817422860384e-5,0.6522249999999872,125.25848176406987
150,0.1,0.5,AR2,pcglasso,C,6.579332246575681e-5,0.5032750000000135,125.25856502134381
150,0.1,0.5,AR2,pcglasso,C,2.310129700083161e-4,0.3763249999999886,125.26286264543823
150,0.1,0.5,AR2,pcglasso,C,8.11130830789687e-4,0.2419749999999965,125.95380320751033
150,0.1,0.5,AR2,pcglasso,C,0.002848035868435802,0.09777500000000146,210.10518238814737
150,0.1,0.5,AR2,pcglasso,C,0.010000000000000004,0.093575000000002,205.48881879427162
150,0.1,0.5,AR2,pcglasso,I,9.999999999999982e-9,0.3959999999998217,125.2584721839269
150,0.1,0.5,AR2,pcglasso,I,3.5111917342151263e-8,0.42342499999997474,125.25847218422916
150,0.1,0.5,AR2,pcglasso,I,1.2328467394420646e-7,0.36635000000003404,125.25847231930211
150,0.1,0.5,AR2,pcglasso,I,4.328761281083054e-7,0.36907500000005483,125.25847231930211
150,0.1,0.5,AR2,pcglasso,I,1.5199110829529328e-6,0.35550000000008597,125.25847247436552
150,0.1,0.5,AR2,pcglasso,I,5.336699231206308e-6,0.3234250000000657,125.25847646350995
150,0.1,0.5,AR2,pcglasso,I,1.873817422860384e-5,0.25280000000004177,125.258536114683
150,0.1,0.5,AR2,pcglasso,I,6.579332246575681e-5,0.16217500000001336,125.25947128605893
150,0.1,0.5,AR2,pcglasso,I,2.310129700083161e-4,0.14402499999999635,125.25893546045762
150,0.1,0.5,AR2,pcglasso,I,8.11130830789687e-4,0.07885000000000275,125.27185459949465
150,0.1,0.5,AR2,pcglasso,I,0.002848035868435802,0.08360000000000127,125.2833016087708
150,0.1,0.5,AR2,pcglasso,I,0.010000000000000004,0.0705249999999971,125.2931093879692
150,0.1,0.5,AR2,pcglassoFast_Dual,C,9.999999999999982e-9,0.11900000000000546,125.25847218396902
150,0.1,0.5,AR2,pcglassoFast_Dual,C,3.5111917342151263e-8,0.10672500000002856,125.25847218539501
150,0.1,0.5,AR2,pcglassoFast_Dual,C,1.2328467394420646e-7,0.11982499999999163,125.25847218539501
150,0.1,0.5,AR2,pcglassoFast_Dual,C,4.328761281083054e-7,0.1067749999999819,125.25847218539501
150,0.1,0.5,AR2,pcglassoFast_Dual,C,1.5199110829529328e-6,0.09807499999992615,125.25847221206983
150,0.1,0.5,AR2,pcglassoFast_Dual,C,5.336699231206308e-6,0.09915000000000304,125.25847221206983
150,0.1,0.5,AR2,pcglassoFast_Dual,C,1.873817422860384e-5,0.09482499999999164,125.25847271072328
150,0.1,0.5,AR2,pcglassoFast_Dual,C,6.579332246575681e-5,0.09374999999998863,125.25847271072328
150,0.1,0.5,AR2,pcglassoFast_Dual,C,2.310129700083161e-4,0.08762500000000273,125.25848266772509
150,0.1,0.5,AR2,pcglassoFast_Dual,C,8.11130830789687e-4,0.09662499999999596,125.25848266772509
150,0.1,0.5,AR2,pcglassoFast_Dual,C,0.002848035868435802,0.09344999999999856,125.25848266772509
150,0.1,0.5,AR2,pcglassoFast_Dual,C,0.010000000000000004,0.08702500000000199,125.25865967595595
150,0.1,0.5,AR2,pcglassoFast_Dual,I,9.999999999999982e-9,0.07282500000017081,125.25847218400595
150,0.1,0.5,AR2,pcglassoFast_Dual,I,3.5111917342151263e-8,0.07480000000007295,125.25847218577177
150,0.1,0.5,AR2,pcglassoFast_Dual,I,1.2328467394420646e-7,0.07377500000002328,125.25847218577177
150,0.1,0.5,AR2,pcglassoFast_Dual,I,4.328761281083054e-7,0.06739999999997508,125.25847220832715
150,0.1,0.5,AR2,pcglassoFast_Dual,I,1.5199110829529328e-6,0.06495000000002164,125.25847220832715
150,0.1,0.5,AR2,pcglassoFast_Dual,I,5.336699231206308e-6,0.060075000000006186,125.25847250020766
150,0.1,0.5,AR2,pcglassoFast_Dual,I,1.873817422860384e-5,0.060599999999982404,125.25847250020766
150,0.1,0.5,AR2,pcglassoFast_Dual,I,6.579332246575681e-5,0.05330000000000155,125.25847634685454
150,0.1,0.5,AR2,pcglassoFast_Dual,I,2.310129700083161e-4,0.06387500000000727,125.25847634685454
150,0.1,0.5,AR2,pcglassoFast_Dual,I,8.11130830789687e-4,0.05099999999999909,125.25852629897169
150,0.1,0.5,AR2,pcglassoFast_Dual,I,0.002848035868435802,0.04760000000000701,125.25852629897169
150,0.1,0.5,AR2,pcglassoFast_Dual,I,0.010000000000000004,0.05530000000000186,125.25852629897169
150,0.1,0.5,AR2,pcglassoFast_Primal,C,9.999999999999982e-9,0.3946999999999889,125.25847218401366
150,0.1,0.5,AR2,pcglassoFast_Primal,C,3.5111917342151263e-8,0.3598749999999882,125.25847218571161
150,0.1,0.5,AR2,pcglassoFast_Primal,C,1.2328467394420646e-7,0.36132500000007894,125.25847218571161
150,0.1,0.5,AR2,pcglassoFast_Primal,C,4.328761281083054e-7,0.35889999999992594,125.25847218571161
150,0.1,0.5,AR2,pcglassoFast_Primal,C,1.5199110829529328e-6,0.3344500000000039,125.2584722138659
150,0.1,0.5,AR2,pcglassoFast_Primal,C,5.336699231206308e-6,0.3294999999999959,125.2584722138659
150,0.1,0.5,AR2,pcglassoFast_Primal,C,1.873817422860384e-5,0.29987500000000866,125.25847267740498
150,0.1,0.5,AR2,pcglassoFast_Primal,C,6.579332246575681e-5,0.29882499999999085,125.25847267740498
150,0.1,0.5,AR2,pcglassoFast_Primal,C,2.310129700083161e-4,0.27220000000000655,125.25848046418746
150,0.1,0.5,AR2,pcglassoFast_Primal,C,8.11130830789687e-4,0.2741500000000016,125.25848046418746
150,0.1,0.5,AR2,pcglassoFast_Primal,C,0.002848035868435802,0.24679999999999894,125.25861431323119
150,0.1,0.5,AR2,pcglassoFast_Primal,C,0.010000000000000004,0.25047500000000034,125.25861431323119
150,0.1,0.5,AR2,pcglassoFast_Primal,I,9.999999999999982e-9,0.26682500000003984,125.25847218419972
150,0.1,0.5,AR2,pcglassoFast_Primal,I,3.5111917342151263e-8,0.29167500000005475,125.25847218419972
150,0.1,0.5,AR2,pcglassoFast_Primal,I,1.2328467394420646e-7,0.26230000000002746,125.25847218774157
150,0.1,0.5,AR2,pcglassoFast_Primal,I,4.328761281083054e-7,0.2657499999999914,125.25847218774157
150,0.1,0.5,AR2,pcglassoFast_Primal,I,1.5199110829529328e-6,0.22430000000001654,125.25847222816388
150,0.1,0.5,AR2,pcglassoFast_Primal,I,5.336699231206308e-6,0.23042500000004792,125.25847222816388
150,0.1,0.5,AR2,pcglassoFast_Primal,I,1.873817422860384e-5,0.2045749999999998,125.2584726970194
150,0.1,0.5,AR2,pcglassoFast_Primal,I,6.579332246575681e-5,0.19967500000000768,125.2584726970194
150,0.1,0.5,AR2,pcglassoFast_Primal,I,2.310129700083161e-4,0.16847500000001503,125.25847823593065
150,0.1,0.5,AR2,pcglassoFast_Primal,I,8.11130830789687e-4,0.17252500000000454,125.25847823593065
150,0.1,0.5,AR2,pcglassoFast_Primal,I,0.002848035868435802,0.1404500000000013,125.25854497507805
150,0.1,0.5,AR2,pcglassoFast_Primal,I,0.010000000000000004,0.14442500000000075,125.25854497507805
150,0.1,0.5,hub_09,pcglasso,C,9.999999999999982e-9,3.0822999999999867,126.87459106526111
150,0.1,0.5,hub_09,pcglasso,C,3.5111917342151263e-8,1.8097500000000308,126.87459108378071
150,0.1,0.5,hub_09,pcglasso,C,1.2328467394420646e-7,1.79104999999995,126.87459107643407
150,0.1,0.5,hub_09,pcglasso,C,4.328761281083054e-7,1.741050000000041,126.87459108013594
150,0.1,0.5,hub_09,pcglasso,C,1.5199110829529328e-6,1.5953499999999736,126.87459146128538
150,0.1,0.5,hub_09,pcglasso,C,5.336699231206308e-6,1.297374999999994,126.87460752787622
150,0.1,0.5,hub_09,pcglasso,C,1.873817422860384e-5,0.9551250000000039,126.87471056611172
150,0.1,0.5,hub_09,pcglasso,C,6.579332246575681e-5,0.6032249999999749,126.87614268539005
150,0.1,0.5,hub_09,pcglasso,C,2.310129700083161e-4,0.3516749999999945,126.90170772287792
150,0.1,0.5,hub_09,pcglasso,C,8.11130830789687e-4,0.28692499999998516,126.89404997642437
150,0.1,0.5,hub_09,pcglasso,C,0.002848035868435802,0.09220000000000042,167.7629931305818
150,0.1,0.5,hub_09,pcglasso,C,0.010000000000000004,0.08325000000000174,168.70894735715626
150,0.1,0.5,hub_09,pcglasso,I,9.999999999999982e-9,2.676000000000022,126.87459106642827
150,0.1,0.5,hub_09,pcglasso,I,3.5111917342151263e-8,2.858625000000052,126.87459107849695
150,0.1,0.5,hub_09,pcglasso,I,1.2328467394420646e-7,2.8236999999999854,126.87459107122044
150,0.1,0.5,hub_09,pcglasso,I,4.328761281083054e-7,2.657924999999932,126.87459113503712
150,0.1,0.5,hub_09,pcglasso,I,1.5199110829529328e-6,2.4978250000000344,126.87459192354616
150,0.1,0.5,hub_09,pcglasso,I,5.336699231206308e-6,2.2381499999999734,126.87459746911283
150,0.1,0.5,hub_09,pcglasso,I,1.873817422860384e-5,1.3918249999999772,126.87473585114056
150,0.1,0.5,hub_09,pcglasso,I,6.579332246575681e-5,0.8495999999999981,126.87669260165583
150,0.1,0.5,hub_09,pcglasso,I,2.310129700083161e-4,0.40650000000001396,126.87673688339778
150,0.1,0.5,hub_09,pcglasso,I,8.11130830789687e-4,0.13592500000000599,126.9222913528737
150,0.1,0.5,hub_09,pcglasso,I,0.002848035868435802,0.08662499999999937,126.93861984023552
150,0.1,0.5,hub_09,pcglasso,I,0.010000000000000004,0.09887499999999746,126.93856958508866
150,0.1,0.5,hub_09,pcglassoFast_Dual,C,9.999999999999982e-9,0.1301750000000311,126.87459106765579
150,0.1,0.5,hub_09,pcglassoFast_Dual,C,3.5111917342151263e-8,0.1297249999999849,126.87459106693989
150,0.1,0.5,hub_09,pcglassoFast_Dual,C,1.2328467394420646e-7,0.13692499999992833,126.8745910800344
150,0.1,0.5,hub_09,pcglassoFast_Dual,C,4.328761281083054e-7,0.12857499999996663,126.8745910800344
150,0.1,0.5,hub_09,pcglassoFast_Dual,C,1.5199110829529328e-6,0.11352499999999281,126.87459120606297
150,0.1,0.5,hub_09,pcglassoFast_Dual,C,5.336699231206308e-6,0.09842500000002019,126.87459192826827
150,0.1,0.5,hub_09,pcglassoFast_Dual,C,1.873817422860384e-5,0.107325000000003,126.87459449208929
150,0.1,0.5,hub_09,pcglassoFast_Dual,C,6.579332246575681e-5,0.09900000000001227,126.87459449208929
150,0.1,0.5,hub_09,pcglassoFast_Dual,C,2.310129700083161e-4,0.09290000000000305,126.87461520245465
150,0.1,0.5,hub_09,pcglassoFast_Dual,C,8.11130830789687e-4,0.09620000000001597,126.87468231809035
150,0.1,0.5,hub_09,pcglassoFast_Dual,C,0.002848035868435802,0.08355000000000246,126.87502974913242
150,0.1,0.5,hub_09,pcglassoFast_Dual,C,0.010000000000000004,0.06874999999999928,126.87589996353947
150,0.1,0.5,hub_09,pcglassoFast_Dual,I,9.999999999999982e-9,0.1702750000000151,126.8745910682941
150,0.1,0.5,hub_09,pcglassoFast_Dual,I,3.5111917342151263e-8,0.1810500000000957,126.87459107481051
150,0.1,0.5,hub_09,pcglassoFast_Dual,I,1.2328467394420646e-7,0.18142500000003564,126.87459107481051
150,0.1,0.5,hub_09,pcglassoFast_Dual,I,4.328761281083054e-7,0.16862500000006547,126.87459114798442
150,0.1,0.5,hub_09,pcglassoFast_Dual,I,1.5199110829529328e-6,0.17884999999996581,126.87459155585576
150,0.1,0.5,hub_09,pcglassoFast_Dual,I,5.336699231206308e-6,0.14995000000002393,126.87459294011926
150,0.1,0.5,hub_09,pcglassoFast_Dual,I,1.873817422860384e-5,0.1515999999999849,126.8745923949839
150,0.1,0.5,hub_09,pcglassoFast_Dual,I,6.579332246575681e-5,0.14697499999998626,126.87460032371038
150,0.1,0.5,hub_09,pcglassoFast_Dual,I,2.310129700083161e-4,0.1524249999999853,126.87472557909936
150,0.1,0.5,hub_09,pcglassoFast_Dual,I,8.11130830789687e-4,0.1416499999999928,126.8749019491555
150,0.1,0.5,hub_09,pcglassoFast_Dual,I,0.002848035868435802,0.1351750000000024,126.87627939210205
150,0.1,0.5,hub_09,pcglassoFast_Dual,I,0.010000000000000004,0.057600000000000054,126.91279603522199
150,0.1,0.5,hub_09,pcglassoFast_Primal,C,9.999999999999982e-9,0.6383500000000595,126.87459106864397
150,0.1,0.5,hub_09,pcglassoFast_Primal,C,3.5111917342151263e-8,0.5759999999999081,126.87459108540004
150,0.1,0.5,hub_09,pcglassoFast_Primal,C,1.2328467394420646e-7,0.5463250000000244,126.87459111539694
150,0.1,0.5,hub_09,pcglassoFast_Primal,C,4.328761281083054e-7,0.5225250000000188,126.87459118985024
150,0.1,0.5,hub_09,pcglassoFast_Primal,C,1.5199110829529328e-6,0.4520999999999731,126.87459183486327
150,0.1,0.5,hub_09,pcglassoFast_Primal,C,5.336699231206308e-6,0.41597500000000875,126.87459298185172
150,0.1,0.5,hub_09,pcglassoFast_Primal,C,1.873817422860384e-5,0.39704999999998447,126.87459589260278
150,0.1,0.5,hub_09,pcglassoFast_Primal,C,6.579332246575681e-5,0.33172500000001437,126.87462217734385
150,0.1,0.5,hub_09,pcglassoFast_Primal,C,2.310129700083161e-4,0.29370000000000684,126.8746712361166
150,0.1,0.5,hub_09,pcglassoFast_Primal,C,8.11130830789687e-4,0.2682499999999862,126.874801541038
150,0.1,0.5,hub_09,pcglassoFast_Primal,C,0.002848035868435802,0.2375499999999974,126.87516098255828
150,0.1,0.5,hub_09,pcglassoFast_Primal,C,0.010000000000000004,0.21344999999999947,126.87619214472035
150,0.1,0.5,hub_09,pcglassoFast_Primal,I,9.999999999999982e-9,0.7610999999999649,126.8745910684097
150,0.1,0.5,hub_09,pcglassoFast_Primal,I,3.5111917342151263e-8,0.7655500000000302,126.87459108401885
150,0.1,0.5,hub_09,pcglassoFast_Primal,I,1.2328467394420646e-7,0.7176750000000311,126.87459111190223
150,0.1,0.5,hub_09,pcglassoFast_Primal,I,4.328761281083054e-7,0.6833999999999832,126.87459135155515
150,0.1,0.5,hub_09,pcglassoFast_Primal,I,1.5199110829529328e-6,0.6356250000000045,126.87459177299588
150,0.1,0.5,hub_09,pcglassoFast_Primal,I,5.336699231206308e-6,0.6169000000000324,126.8745928119552
150,0.1,0.5,hub_09,pcglassoFast_Primal,I,1.873817422860384e-5,0.5655750000000126,126.87460189490157
150,0.1,0.5,hub_09,pcglassoFast_Primal,I,6.579332246575681e-5,0.5141749999999888,126.87461789024299
150,0.1,0.5,hub_09,pcglassoFast_Primal,I,2.310129700083161e-4,0.45345000000000085,126.87475013071743
150,0.1,0.5,hub_09,pcglassoFast_Primal,I,8.11130830789687e-4,0.43332500000000207,126.87496661100613
150,0.1,0.5,hub_09,pcglassoFast_Primal,I,0.002848035868435802,0.3632249999999999,126.87646404365825
150,0.1,0.5,hub_09,pcglassoFast_Primal,I,0.010000000000000004,0.17139999999999986,126.91286357195555
150,0.1,0.5,hub_1,pcglasso,C,9.999999999999982e-9,7.55172500000001,76.92426041908627
150,0.1,0.5,hub_1,pcglasso,C,3.5111917342151263e-8,6.8595749999999045,76.92426084287099
150,0.1,0.5,hub_1,pcglasso,C,1.2328467394420646e-7,5.880649999999923,76.92427127048903
150,0.1,0.5,hub_1,pcglasso,C,4.328761281083054e-7,5.145624999999972,76.92432978072853
150,0.1,0.5,hub_1,pcglasso,C,1.5199110829529328e-6,4.883900000000028,76.92457140709992
150,0.1,0.5,hub_1,pcglasso,C,5.336699231206308e-6,4.364300000000009,76.9264100636435
150,0.1,0.5,hub_1,pcglasso,C,1.873817422860384e-5,3.882375000000013,76.92948306503958
150,0.1,0.5,hub_1,pcglasso,C,6.579332246575681e-5,3.2284249999999988,77.05716019603662
150,0.1,0.5,hub_1,pcglasso,C,2.310129700083161e-4,3.504199999999989,77.633067640738
150,0.1,0.5,hub_1,pcglasso,C,8.11130830789687e-4,5.257024999999997,86.54170797646034
150,0.1,0.5,hub_1,pcglasso,C,0.002848035868435802,1.3554000000000044,229.615271186094
150,0.1,0.5,hub_1,pcglasso,C,0.010000000000000004,1.3604499999999988,229.615271186094
150,0.1,0.5,hub_1,pcglasso,I,9.999999999999982e-9,9.189075000000184,76.92426043631869
150,0.1,0.5,hub_1,pcglasso,I,3.5111917342151263e-8,10.136875000000032,76.92426104687368
150,0.1,0.5,hub_1,pcglasso,I,1.2328467394420646e-7,9.308249999999976,76.9242678295754
150,0.1,0.5,hub_1,pcglasso,I,4.328761281083054e-7,8.260350000000027,76.92431932773994
150,0.1,0.5,hub_1,pcglasso,I,1.5199110829529328e-6,8.341150000000027,76.92443048049893
150,0.1,0.5,hub_1,pcglasso,I,5.336699231206308e-6,6.789999999999997,76.92504940661985
150,0.1,0.5,hub_1,pcglasso,I,1.873817422860384e-5,5.002899999999977,76.92555087951324
150,0.1,0.5,hub_1,pcglasso,I,6.579332246575681e-5,0.44974999999999454,84.92576739915711
150,0.1,0.5,hub_1,pcglasso,I,2.310129700083161e-4,0.3650999999999982,85.80894496929365
150,0.1,0.5,hub_1,pcglasso,I,8.11130830789687e-4,0.34402500000000485,85.78461719237117
150,0.1,0.5,hub_1,pcglasso,I,0.002848035868435802,0.2121999999999943,86.24547764332019
150,0.1,0.5,hub_1,pcglasso,I,0.010000000000000004,0.17934999999999873,86.83973662329797
150,0.1,0.5,hub_1,pcglassoFast_Dual,C,9.999999999999982e-9,36.14047500000006,76.92426038820501
150,0.1,0.5,hub_1,pcglassoFast_Dual,C,3.5111917342151263e-8,36.74080000000013,76.92426040674371
150,0.1,0.5,hub_1,pcglassoFast_Dual,C,1.2328467394420646e-7,36.399325,76.92426043616902
150,0.1,0.5,hub_1,pcglassoFast_Dual,C,4.328761281083054e-7,36.57185000000004,76.92426043616902
150,0.1,0.5,hub_1,pcglassoFast_Dual,C,1.5199110829529328e-6,36.458574999999996,76.92426105834411
150,0.1,0.5,hub_1,pcglassoFast_Dual,C,5.336699231206308e-6,36.06372499999999,76.92426481877986
150,0.1,0.5,hub_1,pcglassoFast_Dual,C,1.873817422860384e-5,36.14297500000004,76.92426481877986
150,0.1,0.5,hub_1,pcglassoFast_Dual,C,6.579332246575681e-5,37.14699999999998,76.92427762912811
150,0.1,0.5,hub_1,pcglassoFast_Dual,C,2.310129700083161e-4,36.31575000000001,76.9248877595235
150,0.1,0.5,hub_1,pcglassoFast_Dual,C,8.11130830789687e-4,36.482250000000015,76.92468648743441
150,0.1,0.5,hub_1,pcglassoFast_Dual,C,0.002848035868435802,37.087525,76.92608346943267
150,0.1,0.5,hub_1,pcglassoFast_Dual,C,0.010000000000000004,36.818175000000004,76.92639698244918
150,0.1,0.5,hub_1,pcglassoFast_Dual,I,9.999999999999982e-9,4.989850000000047,76.92426038914978
150,0.1,0.5,hub_1,pcglassoFast_Dual,I,3.5111917342151263e-8,5.444724999999903,76.9242604070858
150,0.1,0.5,hub_1,pcglassoFast_Dual,I,1.2328467394420646e-7,5.483625000000098,76.92426043776824
150,0.1,0.5,hub_1,pcglassoFast_Dual,I,4.328761281083054e-7,5.272274999999945,76.92426052437298
150,0.1,0.5,hub_1,pcglassoFast_Dual,I,1.5199110829529328e-6,5.331150000000013,76.92426078811279
150,0.1,0.5,hub_1,pcglassoFast_Dual,I,5.336699231206308e-6,5.229474999999956,76.92426148509323
150,0.1,0.5,hub_1,pcglassoFast_Dual,I,1.873817422860384e-5,5.08552500000003,76.92427237794642
150,0.1,0.5,hub_1,pcglassoFast_Dual,I,6.579332246575681e-5,5.128875000000022,76.924289472552
150,0.1,0.5,hub_1,pcglassoFast_Dual,I,2.310129700083161e-4,5.132525000000018,76.92432493458737
150,0.1,0.5,hub_1,pcglassoFast_Dual,I,8.11130830789687e-4,4.986649999999992,76.92472888633685
150,0.1,0.5,hub_1,pcglassoFast_Dual,I,0.002848035868435802,4.868775000000002,76.93885451533677
150,0.1,0.5,hub_1,pcglassoFast_Dual,I,0.010000000000000004,4.939425000000004,76.93160763989728
150,0.1,0.5,hub_1,pcglassoFast_Primal,C,9.999999999999982e-9,9.627724999999941,76.92426055034316
150,0.1,0.5,hub_1,pcglassoFast_Primal,C,3.5111917342151263e-8,8.89730000000011,76.92426100656483
150,0.1,0.5,hub_1,pcglassoFast_Primal,C,1.2328467394420646e-7,6.874175000000037,76.92426276599645
150,0.1,0.5,hub_1,pcglassoFast_Primal,C,4.328761281083054e-7,5.4151249999999775,76.92426650928414
150,0.1,0.5,hub_1,pcglassoFast_Primal,C,1.5199110829529328e-6,4.776249999999971,76.92426502307585
150,0.1,0.5,hub_1,pcglassoFast_Primal,C,5.336699231206308e-6,3.9059000000000026,76.92427169715516
150,0.1,0.5,hub_1,pcglassoFast_Primal,C,1.873817422860384e-5,3.1037499999999683,76.92430921516218
150,0.1,0.5,hub_1,pcglassoFast_Primal,C,6.579332246575681e-5,2.5898500000000153,76.92428944168488
150,0.1,0.5,hub_1,pcglassoFast_Primal,C,2.310129700083161e-4,1.9929249999999938,76.9244127590097
150,0.1,0.5,hub_1,pcglassoFast_Primal,C,8.11130830789687e-4,1.6759500000000003,76.9259837459586
150,0.1,0.5,hub_1,pcglassoFast_Primal,C,0.002848035868435802,1.4267749999999986,76.94975014755593
150,0.1,0.5,hub_1,pcglassoFast_Primal,C,0.010000000000000004,1.17645,76.94770414103468
150,0.1,0.5,hub_1,pcglassoFast_Primal,I,9.999999999999982e-9,9.120549999999934,76.92426072090232
150,0.1,0.5,hub_1,pcglassoFast_Primal,I,3.5111917342151263e-8,9.200300000000038,76.92426102249792
150,0.1,0.5,hub_1,pcglassoFast_Primal,I,1.2328467394420646e-7,7.245524999999998,76.92426297531688
150,0.1,0.5,hub_1,pcglassoFast_Primal,I,4.328761281083054e-7,6.333250000000009,76.92426905873546
150,0.1,0.5,hub_1,pcglassoFast_Primal,I,1.5199110829529328e-6,5.276774999999998,76.92426403643587
150,0.1,0.5,hub_1,pcglassoFast_Primal,I,5.336699231206308e-6,4.439399999999955,76.92428089029784
150,0.1,0.5,hub_1,pcglassoFast_Primal,I,1.873817422860384e-5,3.619799999999998,76.92434221794868
150,0.1,0.5,hub_1,pcglassoFast_Primal,I,6.579332246575681e-5,2.9760999999999798,76.9248492227529
150,0.1,0.5,hub_1,pcglassoFast_Primal,I,2.310129700083161e-4,2.2409750000000033,76.925282084647307
150,0.1,0.5,hub_1,pcglassoFast_Primal,I,8.11130830789687e-4,1.9196250000000048,76.9248507756744
150,0.1,0.5,hub_1,pcglassoFast_Primal,I,0.002848035868435802,1.6800750000000009,76.92570813890052
150,0.1,0.5,hub_1,pcglassoFast_Primal,I,0.010000000000000004,1.5267249999999997,76.9262785493444
150,0.1,0.5,random,pcglasso,C,9.999999999999982e-9,3.57674999999997,117.45864035792049
150,0.1,0.5,random,pcglasso,C,3.5111917342151263e-8,3.00787499999999,117.45864145545916
150,0.1,0.5,random,pcglasso,C,1.2328467394420646e-7,2.5892000000000053,117.45864875841653
150,0.1,0.5,random,pcglasso,C,4.328761281083054e-7,2.2753750000000084,117.45868239575765
150,0.1,0.5,random,pcglasso,C,1.5199110829529328e-6,1.998599999999999,117.45894143374201
150,0.1,0.5,random,pcglasso,C,5.336699231206308e-6,1.7277750000000254,117.46019169051027
150,0.1,0.5,random,pcglasso,C,1.873817422860384e-5,1.2287999999999784,117.4648026293317
150,0.1,0.5,random,pcglasso,C,6.579332246575681e-5,0.7975750000000119,117.50899118781221
150,0.1,0.5,random,pcglasso,C,2.310129700083161e-4,0.5852749999999958,118.20350196597333
150,0.1,0.5,random,pcglasso,C,8.11130830789687e-4,0.3403999999999968,120.38023579944046
150,0.1,0.5,random,pcglasso,C,0.002848035868435802,0.10604999999999905,274.2446048732298
150,0.1,0.5,random,pcglasso,C,0.010000000000000004,0.10967500000000072,274.2446048732298
150,0.1,0.5,random,pcglasso,I,9.999999999999982e-9,3.9859999999999673,117.45864038438988
150,0.1,0.5,random,pcglasso,I,3.5111917342151263e-8,3.864599999999973,117.45864122235932
150,0.1,0.5,random,pcglasso,I,1.2328467394420646e-7,2.983925000000022,117.45865825352195
150,0.1,0.5,random,pcglasso,I,4.328761281083054e-7,2.247725000000014,117.45882581536684
150,0.1,0.5,random,pcglasso,I,1.5199110829529328e-6,1.5057999999999196,117.45992791049672
150,0.1,0.5,random,pcglasso,I,5.336699231206308e-6,1.1313750000000027,117.46328583792675
150,0.1,0.5,random,pcglasso,I,1.873817422860384e-5,0.6709749999999985,117.47886557721424
150,0.1,0.5,random,pcglasso,I,6.579332246575681e-5,0.39805000000000634,117.53893002609877
150,0.1,0.5,random,pcglasso,I,2.310129700083161e-4,0.2170500000000004,117.90247218059743
150,0.1,0.5,random,pcglasso,I,8.11130830789687e-4,0.12002499999998122,118.85475645115575
150,0.1,0.5,random,pcglasso,I,0.002848035868435802,0.11297500000000867,118.73464185685665
150,0.1,0.5,random,pcglasso,I,0.010000000000000004,0.11362499999999613,118.91613255055742
150,0.1,0.5,random,pcglassoFast_Dual,C,9.999999999999982e-9,1.052924999999982,117.4586403075411
150,0.1,0.5,random,pcglassoFast_Dual,C,3.5111917342151263e-8,0.9212499999999864,117.4586407212611
150,0.1,0.5,random,pcglassoFast_Dual,C,1.2328467394420646e-7,0.9125749999999926,117.45864153837474
150,0.1,0.5,random,pcglassoFast_Dual,C,4.328761281083054e-7,0.7851749999999924,117.45864475480927
150,0.1,0.5,random,pcglassoFast_Dual,C,1.5199110829529328e-6,0.6847250000000145,117.4586510911493
150,0.1,0.5,random,pcglassoFast_Dual,C,5.336699231206308e-6,0.5754749999999944,117.45868670471745
150,0.1,0.5,random,pcglassoFast_Dual,C,1.873817422860384e-5,0.4771000000000015,117.45883278939615
150,0.1,0.5,random,pcglassoFast_Dual,C,6.579332246575681e-5,0.4201500000000237,117.45892064553996
150,0.1,0.5,random,pcglassoFast_Dual,C,2.310129700083161e-4,0.31615000000001603,117.46034316719343
150,0.1,0.5,random,pcglassoFast_Dual,C,8.11130830789687e-4,0.26075000000000015,117.46055424945979
150,0.1,0.5,random,pcglassoFast_Dual,C,0.002848035868435802,0.20807499999999948,117.46567725772691
150,0.1,0.5,random,pcglassoFast_Dual,C,0.010000000000000004,0.16965000000000074,117.46851933411864
150,0.1,0.5,random,pcglassoFast_Dual,I,9.999999999999982e-9,0.8896499999999605,117.45864031494452
150,0.1,0.5,random,pcglassoFast_Dual,I,3.5111917342151263e-8,0.7979750000000422,117.4586405705723
150,0.1,0.5,random,pcglassoFast_Dual,I,1.2328467394420646e-7,0.8230250000000752,117.4586405458243
150,0.1,0.5,random,pcglassoFast_Dual,I,4.328761281083054e-7,0.64602500000002006,117.45864497697374
150,0.1,0.5,random,pcglassoFast_Dual,I,1.5199110829529328e-6,0.5441750000000412,117.45865718673681
150,0.1,0.5,random,pcglassoFast_Dual,I,5.336699231206308e-6,0.47367499999995744,117.45868461571618
150,0.1,0.5,random,pcglassoFast_Dual,I,1.873817422860384e-5,0.43747500000001194,117.45873943600701
150,0.1,0.5,random,pcglassoFast_Dual,I,6.579332246575681e-5,0.3300000000000011,117.45919299286527
150,0.1,0.5,random,pcglassoFast_Dual,I,2.310129700083161e-4,0.2954250000000059,117.45901240588428
150,0.1,0.5,random,pcglassoFast_Dual,I,8.11130830789687e-4,0.23435000000001197,117.461203315653
150,0.1,0.5,random,pcglassoFast_Dual,I,0.002848035868435802,0.16252499999999373,117.46540812832468
150,0.1,0.5,random,pcglassoFast_Dual,I,0.010000000000000004,0.1286999999999999,117.47091592422112
150,0.1,0.5,random,pcglassoFast_Primal,C,9.999999999999982e-9,2.5264499999999996,117.45864033809573
150,0.1,0.5,random,pcglassoFast_Primal,C,3.5111917342151263e-8,2.3970749999999725,117.4586404475933
150,0.1,0.5,random,pcglassoFast_Primal,C,1.2328467394420646e-7,2.236124999999993,117.4586408177199
150,0.1,0.5,random,pcglassoFast_Primal,C,4.328761281083054e-7,1.9622499999999377,117.45864214413118
150,0.1,0.5,random,pcglassoFast_Primal,C,1.5199110829529328e-6,1.7469250000000103,117.45864689792782
150,0.1,0.5,random,pcglassoFast_Primal,C,5.336699231206308e-6,1.5305749999999478,117.45866379667929
150,0.1,0.5,random,pcglassoFast_Primal,C,1.873817422860384e-5,1.3136000000000252,117.45872441717917
150,0.1,0.5,random,pcglassoFast_Primal,C,6.579332246575681e-5,1.0868249999999988,117.45895025745145
150,0.1,0.5,random,pcglassoFast_Primal,C,2.310129700083161e-4,0.9883499999999941,117.45893244694058
150,0.1,0.5,random,pcglassoFast_Primal,C,8.11130830789687e-4,0.6764250000000018,117.46202766080724
150,0.1,0.5,random,pcglassoFast_Primal,C,0.002848035868435802,0.47875000000000156,117.4700771668258
150,0.1,0.5,random,pcglassoFast_Primal,C,0.010000000000000004,0.3411749999999996,117.48823384489947
150,0.1,0.5,random,pcglassoFast_Primal,I,9.999999999999982e-9,2.165075000000047,117.4586403390093
150,0.1,0.5,random,pcglassoFast_Primal,I,3.5111917342151263e-8,2.2991500000000995,117.45864043346282
150,0.1,0.5,random,pcglassoFast_Primal,I,1.2328467394420646e-7,2.057974999999965,117.45864081782317
150,0.1,0.5,random,pcglassoFast_Primal,I,4.328761281083054e-7,1.8309750000000122,117.4586422372791
150,0.1,0.5,random,pcglassoFast_Primal,I,1.5199110829529328e-6,1.6643749999999842,117.458646417055
150,0.1,0.5,random,pcglassoFast_Primal,I,5.336699231206308e-6,1.4547000000000252,117.45866445799531
150,0.1,0.5,random,pcglassoFast_Primal,I,1.873817422860384e-5,1.254374999999976,117.45873053968003
150,0.1,0.5,random,pcglassoFast_Primal,I,6.579332246575681e-5,0.9914249999999868,117.45896413029179
150,0.1,0.5,random,pcglassoFast_Primal,I,2.310129700083161e-4,0.8273000000000167,117.45960291230945
150,0.1,0.5,random,pcglassoFast_Primal,I,8.11130830789687e-4,0.6053750000000008,117.46217006376017
150,0.1,0.5,random,pcglassoFast_Primal,I,0.002848035868435802,0.43970000000000625,117.46813605012626
150,0.1,0.5,random,pcglassoFast_Primal,I,0.010000000000000004,0.30995000000000167,117.48246455169698
150,0.2,0,AR2,pcglasso,C,9.999999999999982e-9,1.854474999999934,141.2494663190912
150,0.2,0,AR2,pcglasso,C,3.5111917342151263e-8,1.7518499999999677,141.24946635575608
150,0.2,0,AR2,pcglasso,C,1.2328467394420646e-7,1.7663250000000061,141.24946638597143
150,0.2,0,AR2,pcglasso,C,4.328761281083054e-7,1.7156000000000062,141.24946649118985
150,0.2,0,AR2,pcglasso,C,1.5199110829529328e-6,1.6577500000000327,141.2494728892429
150,0.2,0,AR2,pcglasso,C,5.336699231206308e-6,1.5512249999999994,141.24954781412202
150,0.2,0,AR2,pcglasso,C,1.873817422860384e-5,1.1377999999999702,141.25256892605347
150,0.2,0,AR2,pcglasso,C,6.579332246575681e-5,0.7772249999999815,141.27998056442885
150,0.2,0,AR2,pcglasso,C,2.310129700083161e-4,0.5071000000000054,141.7137735164573
150,0.2,0,AR2,pcglasso,C,8.11130830789687e-4,0.228975000000014,151.93156279856532
150,0.2,0,AR2,pcglasso,C,0.002848035868435802,0.09712499999999835,195.89712738037676
150,0.2,0,AR2,pcglasso,C,0.010000000000000004,0.09509999999999827,189.38842489320953
150,0.2,0,AR2,pcglasso,I,9.999999999999982e-9,1.0300000000002,141.24946632030924
150,0.2,0,AR2,pcglasso,I,3.5111917342151263e-8,0.9473750000001019,141.2494663488718
150,0.2,0,AR2,pcglasso,I,1.2328467394420646e-7,0.8784499999999525,141.2494666004015
150,0.2,0,AR2,pcglasso,I,4.328761281083054e-7,0.8445499999999584,141.2494670030576
150,0.2,0,AR2,pcglasso,I,1.5199110829529328e-6,0.812299999999982,141.24947094612864
150,0.2,0,AR2,pcglasso,I,5.336699231206308e-6,0.7446750000000293,141.2495555228134
150,0.2,0,AR2,pcglasso,I,1.873817422860384e-5,0.5367500000000064,141.25041274615447
150,0.2,0,AR2,pcglasso,I,6.579332246575681e-5,0.35352500000003034,141.2602681307957
150,0.2,0,AR2,pcglasso,I,2.310129700083161e-4,0.18262500000002432,141.4234061555316
150,0.2,0,AR2,pcglasso,I,8.11130830789687e-4,0.09234999999999616,141.83455934824852
150,0.2,0,AR2,pcglasso,I,0.002848035868435802,0.09385000000000332,141.56984994582572
150,0.2,0,AR2,pcglasso,I,0.010000000000000004,0.09594999999999984,141.56984994582572
150,0.2,0,AR2,pcglassoFast_Dual,C,9.999999999999982e-9,0.18677500000001146,141.24946631294605
150,0.2,0,AR2,pcglassoFast_Dual,C,3.5111917342151263e-8,0.18872500000004494,141.2494663169127
150,0.2,0,AR2,pcglassoFast_Dual,C,1.2328467394420646e-7,0.177599999999984,141.2494663666332
150,0.2,0,AR2,pcglassoFast_Dual,C,4.328761281083054e-7,0.16345000000004575,141.24946648981611
150,0.2,0,AR2,pcglassoFast_Dual,C,1.5199110829529328e-6,0.1645750000000362,141.24946689298338
150,0.2,0,AR2,pcglassoFast_Dual,C,5.336699231206308e-6,0.1566249999999627,141.2494682635502
150,0.2,0,AR2,pcglassoFast_Dual,C,1.873817422860384e-5,0.14509999999999082,141.24947340607355
150,0.2,0,AR2,pcglassoFast_Dual,C,6.579332246575681e-5,0.13787499999998545,141.24948945510187
150,0.2,0,AR2,pcglassoFast_Dual,C,2.310129700083161e-4,0.13722499999999513,141.2495452025933
150,0.2,0,AR2,pcglassoFast_Dual,C,8.11130830789687e-4,0.12572499999998854,141.2497408879539
150,0.2,0,AR2,pcglassoFast_Dual,C,0.002848035868435802,0.11754999999999996,141.25045344182428
150,0.2,0,AR2,pcglassoFast_Dual,C,0.010000000000000004,0.14045000000000202,141.25044117178894
150,0.2,0,AR2,pcglassoFast_Dual,I,9.999999999999982e-9,0.12332499999986339,141.2494663133418
150,0.2,0,AR2,pcglassoFast_Dual,I,3.5111917342151263e-8,0.12792499999995927,141.24946631788816
150,0.2,0,AR2,pcglassoFast_Dual,I,1.2328467394420646e-7,0.1256499999999278,141.24946633068396
150,0.2,0,AR2,pcglassoFast_Dual,I,4.328761281083054e-7,0.1176499999999578,141.2494663742346
150,0.2,0,AR2,pcglassoFast_Dual,I,1.5199110829529328e-6,0.1154250000000161,141.24946651279328
150,0.2,0,AR2,pcglassoFast_Dual,I,5.336699231206308e-6,0.10085000000004811,141.24946848948667
150,0.2,0,AR2,pcglassoFast_Dual,I,1.873817422860384e-5,0.10154999999998608,141.24947361406976
150,0.2,0,AR2,pcglassoFast_Dual,I,6.579332246575681e-5,0.09515000000001805,141.24949097043356
150,0.2,0,AR2,pcglassoFast_Dual,I,2.310129700083161e-4,0.0874749999999949,141.24955175292956
150,0.2,0,AR2,pcglassoFast_Dual,I,8.11130830789687e-4,0.08087500000000603,141.24955175292956
150,0.2,0,AR2,pcglassoFast_Dual,I,0.002848035868435802,0.08360000000000127,141.24976707898963
150,0.2,0,AR2,pcglassoFast_Dual,I,0.010000000000000004,0.06550000000000367,141.25060835110406
150,0.2,0,AR2,pcglassoFast_Primal,C,9.999999999999982e-9,0.7006750000000466,141.24946631383705
150,0.2,0,AR2,pcglassoFast_Primal,C,3.5111917342151263e-8,0.6776999999999589,141.24946631887903
150,0.2,0,AR2,pcglassoFast_Primal,C,1.2328467394420646e-7,0.6493249999999989,141.24946633176535
150,0.2,0,AR2,pcglassoFast_Primal,C,4.328761281083054e-7,0.567349999999999,141.24946650885923
150,0.2,0,AR2,pcglassoFast_Primal,C,1.5199110829529328e-6,0.5636750000000234,141.24946692132588
150,0.2,0,AR2,pcglassoFast_Primal,C,5.336699231206308e-6,0.5259999999999877,141.2494682620136
150,0.2,0,AR2,pcglassoFast_Primal,C,1.873817422860384e-5,0.49334999999999807,141.2494725820748
150,0.2,0,AR2,pcglassoFast_Primal,C,6.579332246575681e-5,0.45587499999999465,141.24948661016728
150,0.2,0,AR2,pcglassoFast_Primal,C,2.310129700083161e-4,0.4384500000000088,141.24953291956797
150,0.2,0,AR2,pcglassoFast_Primal,C,8.11130830789687e-4,0.4081999999999951,141.24968706605614
150,0.2,0,AR2,pcglassoFast_Primal,C,0.002848035868435802,0.37267499999999815,141.25020191844413
150,0.2,0,AR2,pcglassoFast_Primal,C,0.010000000000000004,0.34157499999999974,141.25192211542827
150,0.2,0,AR2,pcglassoFast_Primal,I,9.999999999999982e-9,0.5090750000000753,141.2494663140875
150,0.2,0,AR2,pcglassoFast_Primal,I,3.5111917342151263e-8,0.5358500000000503,141.24946631946594
150,0.2,0,AR2,pcglassoFast_Primal,I,1.2328467394420646e-7,0.5101750000000038,141.24946633313823
150,0.2,0,AR2,pcglassoFast_Primal,I,4.328761281083054e-7,0.44519999999996573,141.24946651937597
150,0.2,0,AR2,pcglassoFast_Primal,I,1.5199110829529328e-6,0.41262500000002544,141.2494669501501
150,0.2,0,AR2,pcglassoFast_Primal,I,5.336699231206308e-6,0.38370000000001026,141.24946834400143
150,0.2,0,AR2,pcglassoFast_Primal,I,1.873817422860384e-5,0.3558250000000044,141.24947281775457
150,0.2,0,AR2,pcglassoFast_Primal,I,6.579332246575681e-5,0.32180000000000175,141.24948731509352
150,0.2,0,AR2,pcglassoFast_Primal,I,2.310129700083161e-4,0.2991500000000059,141.2495351911353
150,0.2,0,AR2,pcglassoFast_Primal,I,8.11130830789687e-4,0.2623999999999967,141.24969565015974
150,0.2,0,AR2,pcglassoFast_Primal,I,0.002848035868435802,0.23454999999999443,141.2502457855682
150,0.2,0,AR2,pcglassoFast_Primal,I,0.010000000000000004,0.20525000000000163,141.25217108594765
150,0.2,0,hub_09,pcglasso,C,9.999999999999982e-9,1.7491250000000265,148.9602994784292
150,0.2,0,hub_09,pcglasso,C,3.5111917342151263e-8,1.7508749999999964,148.9602994784292
150,0.2,0,hub_09,pcglasso,C,1.2328467394420646e-7,1.4365500000000566,148.96029951520347
150,0.2,0,hub_09,pcglasso,C,4.328761281083054e-7,1.3008749999999965,148.96029987368328
150,0.2,0,hub_09,pcglasso,C,1.5199110829529328e-6,1.084325000000001,148.96030386116638
150,0.2,0,hub_09,pcglasso,C,5.336699231206308e-6,0.9861999999999682,148.9603181552889
150,0.2,0,hub_09,pcglasso,C,1.873817422860384e-5,0.8384500000000003,148.96038838105227
150,0.2,0,hub_09,pcglasso,C,6.579332246575681e-5,0.6734000000000151,148.961348384994
150,0.2,0,hub_09,pcglasso,C,2.310129700083161e-4,0.44442500000000107,149.0033535747297
150,0.2,0,hub_09,pcglasso,C,8.11130830789687e-4,0.4079749999999976,149.11658696317656
150,0.2,0,hub_09,pcglasso,C,0.002848035868435802,0.09255000000000209,202.73526932247242
150,0.2,0,hub_09,pcglasso,C,0.010000000000000004,0.08435000000000095,203.3736527627762
150,0.2,0,hub_09,pcglasso,I,9.999999999999982e-9,1.814949999999999,148.9602994782526
150,0.2,0,hub_09,pcglasso,I,3.5111917342151263e-8,2.0476499999999986,148.9602994782526
150,0.2,0,hub_09,pcglasso,I,1.2328467394420646e-7,1.7069750000000112,148.96029953490145
150,0.2,0,hub_09,pcglasso,I,4.328761281083054e-7,1.5092749999999797,148.96030011206543
150,0.2,0,hub_09,pcglasso,I,1.5199110829529328e-6,1.4133749999999623,148.96030171848963
150,0.2,0,hub_09,pcglasso,I,5.336699231206308e-6,1.336149999999975,148.96031778030599
150,0.2,0,hub_09,pcglasso,I,1.873817422860384e-5,1.160400000000044,148.96031899500804
150,0.2,0,hub_09,pcglasso,I,6.579332246575681e-5,0.8548499999999933,148.96045636868024
150,0.2,0,hub_09,pcglasso,I,2.310129700083161e-4,0.4288249999999977,149.03858680721603
150,0.2,0,hub_09,pcglasso,I,8.11130830789687e-4,0.25965000000000205,149.18745979256374
150,0.2,0,hub_09,pcglasso,I,0.002848035868435802,0.13110000000000072,149.64125592872702
150,0.2,0,hub_09,pcglasso,I,0.010000000000000004,0.13124999999999715,149.64125592872702
150,0.2,0,hub_09,pcglassoFast_Dual,C,9.999999999999982e-9,0.12559999999996307,148.96029947452155
150,0.2,0,hub_09,pcglassoFast_Dual,C,3.5111917342151263e-8,0.12262499999999363,148.96029947452155
150,0.2,0,hub_09,pcglassoFast_Dual,C,1.2328467394420646e-7,0.11665000000007239,148.960299531813
150,0.2,0,hub_09,pcglassoFast_Dual,C,4.328761281083054e-7,0.1269250000000511,148.96029982627226
150,0.2,0,hub_09,pcglassoFast_Dual,C,1.5199110829529328e-6,0.10839999999998326,148.9602999315419
150,0.2,0,hub_09,pcglassoFast_Dual,C,5.336699231206308e-6,0.09172499999999673,148.96030022527628
150,0.2,0,hub_09,pcglassoFast_Dual,C,1.873817422860384e-5,0.1001500000000135,148.96030028200295
150,0.2,0,hub_09,pcglassoFast_Dual,C,6.579332246575681e-5,0.09840000000006058,148.96030268730414
150,0.2,0,hub_09,pcglassoFast_Dual,C,2.310129700083161e-4,0.07517500000000155,148.96041145322695
150,0.2,0,hub_09,pcglassoFast_Dual,C,8.11130830789687e-4,0.06965000000000146,148.96058744270252
150,0.2,0,hub_09,pcglassoFast_Dual,C,0.002848035868435802,0.06987499999999898,148.96058744270252
150,0.2,0,hub_09,pcglassoFast_Dual,C,0.010000000000000004,0.07269999999999754,148.96085648917386
150,0.2,0,hub_09,pcglassoFast_Dual,I,9.999999999999982e-9,0.1484499999997297,148.9602994667976
150,0.2,0,hub_09,pcglassoFast_Dual,I,3.5111917342151263e-8,0.15287499999985812,148.96029948924044
150,0.2,0,hub_09,pcglassoFast_Dual,I,1.2328467394420646e-7,0.1407750000000078,148.9602995030518
150,0.2,0,hub_09,pcglassoFast_Dual,I,4.328761281083054e-7,0.12709999999991622,148.9602996479988
150,0.2,0,hub_09,pcglassoFast_Dual,I,1.5199110829529328e-6,0.11720000000001392,148.96029999271184
150,0.2,0,hub_09,pcglassoFast_Dual,I,5.336699231206308e-6,0.10210000000001855,148.96029973871228
150,0.2,0,hub_09,pcglassoFast_Dual,I,1.873817422860384e-5,0.10157499999999686,148.96030097029032
150,0.2,0,hub_09,pcglassoFast_Dual,I,6.579332246575681e-5,0.10420000000003711,148.9603090996649
150,0.2,0,hub_09,pcglassoFast_Dual,I,2.310129700083161e-4,0.08455000000002996,148.96034002795375
150,0.2,0,hub_09,pcglassoFast_Dual,I,8.11130830789687e-4,0.09637499999999477,148.96041261381788
150,0.2,0,hub_09,pcglassoFast_Dual,I,0.002848035868435802,0.08512499999999931,148.96041261381788
150,0.2,0,hub_09,pcglassoFast_Dual,I,0.010000000000000004,0.0865249999999996,148.96078056735635
150,0.2,0,hub_09,pcglassoFast_Primal,C,9.999999999999982e-9,0.3551999999999452,148.96029946694446
150,0.2,0,hub_09,pcglassoFast_Primal,C,3.5111917342151263e-8,0.32349999999999,148.960299471892
150,0.2,0,hub_09,pcglassoFast_Primal,C,1.2328467394420646e-7,0.2986250000000837,148.96029949605995
150,0.2,0,hub_09,pcglassoFast_Primal,C,4.328761281083054e-7,0.29412500000001957,148.96029949605995
150,0.2,0,hub_09,pcglassoFast_Primal,C,1.5199110829529328e-6,0.26292499999996155,148.9602996182303
150,0.2,0,hub_09,pcglassoFast_Primal,C,5.336699231206308e-6,0.23294999999997684,148.96030047406524
150,0.2,0,hub_09,pcglassoFast_Primal,C,1.873817422860384e-5,0.2329999999999984,148.96030047406524
150,0.2,0,hub_09,pcglassoFast_Primal,C,6.579332246575681e-5,0.2049249999999944,148.96030519516236
150,0.2,0,hub_09,pcglassoFast_Primal,C,2.310129700083161e-4,0.20547500000000413,148.96030519516236
150,0.2,0,hub_09,pcglassoFast_Primal,C,8.11130830789687e-4,0.20787499999999426,148.96030519516236
150,0.2,0,hub_09,pcglassoFast_Primal,C,0.002848035868435802,0.17589999999999648,148.96033458339994
150,0.2,0,hub_09,pcglassoFast_Primal,C,0.010000000000000004,0.17672499999999972,148.96033458339994
150,0.2,0,hub_09,pcglassoFast_Primal,I,9.999999999999982e-9,0.37642500000008566,148.96029946776375
150,0.2,0,hub_09,pcglassoFast_Primal,I,3.5111917342151263e-8,0.4238250000000107,148.96029946776375
150,0.2,0,hub_09,pcglassoFast_Primal,I,1.2328467394420646e-7,0.3798749999999245,148.96029947745478
150,0.2,0,hub_09,pcglassoFast_Primal,I,4.328761281083054e-7,0.3581999999999539,148.96029951907624
150,0.2,0,hub_09,pcglassoFast_Primal,I,1.5199110829529328e-6,0.34690000000005056,148.96029951907624
150,0.2,0,hub_09,pcglassoFast_Primal,I,5.336699231206308e-6,0.3186249999999632,148.9602998369689
150,0.2,0,hub_09,pcglassoFast_Primal,I,1.873817422860384e-5,0.29532500000001394,148.96030138887036
150,0.2,0,hub_09,pcglassoFast_Primal,I,6.579332246575681e-5,0.2974000000000103,148.96030138887036
150,0.2,0,hub_09,pcglassoFast_Primal,I,2.310129700083161e-4,0.26417499999999733,148.96030772364924
150,0.2,0,hub_09,pcglassoFast_Primal,I,8.11130830789687e-4,0.2659250000000043,148.96030772364924
150,0.2,0,hub_09,pcglassoFast_Primal,I,0.002848035868435802,0.23330000000000267,148.9603831106091
150,0.2,0,hub_09,pcglassoFast_Primal,I,0.010000000000000004,0.2350999999999992,148.9603831106091
150,0.2,0,hub_1,pcglasso,C,9.999999999999982e-9,12.673249999999939,45.178056185867746
150,0.2,0,hub_1,pcglasso,C,3.5111917342151263e-8,11.721400000000084,45.178057474753075
150,0.2,0,hub_1,pcglasso,C,1.2328467394420646e-7,10.190099999999939,45.17806724963552
150,0.2,0,hub_1,pcglasso,C,4.328761281083054e-7,8.808174999999995,45.17817706545132
150,0.2,0,hub_1,pcglasso,C,1.5199110829529328e-6,7.494474999999989,45.17979455795667
150,0.2,0,hub_1,pcglasso,C,5.336699231206308e-6,7.024499999999966,45.188284498279764
150,0.2,0,hub_1,pcglasso,C,1.873817422860384e-5,6.256899999999968,45.19883781633854
150,0.2,0,hub_1,pcglasso,C,6.579332246575681e-5,5.103324999999984,45.26684147187276
150,0.2,0,hub_1,pcglasso,C,2.310129700083161e-4,5.444900000000009,47.178362999864746
150,0.2,0,hub_1,pcglasso,C,8.11130830789687e-4,5.018175000000005,68.25705360120533
150,0.2,0,hub_1,pcglasso,C,0.002848035868435802,0.940949999999998,282.2598429669911
150,0.2,0,hub_1,pcglasso,C,0.010000000000000004,0.9593500000000017,282.2598429669911
150,0.2,0,hub_1,pcglasso,I,9.999999999999982e-9,17.681324999999923,45.17805614715388
150,0.2,0,hub_1,pcglasso,I,3.5111917342151263e-8,19.162400000000048,45.17805776148793
150,0.2,0,hub_1,pcglasso,I,1.2328467394420646e-7,17.434074999999986,45.17807140943844
150,0.2,0,hub_1,pcglasso,I,4.328761281083054e-7,15.42775000000005,45.17836249043398
150,0.2,0,hub_1,pcglasso,I,1.5199110829529328e-6,15.36922500000004,45.17878055990976
150,0.2,0,hub_1,pcglasso,I,5.336699231206308e-6,12.443125000000043,45.17967533060625
150,0.2,0,hub_1,pcglasso,I,1.873817422860384e-5,7.772175000000027,45.33074616906825
150,0.2,0,hub_1,pcglasso,I,6.579332246575681e-5,1.3819500000000062,59.07977650721696
150,0.2,0,hub_1,pcglasso,I,2.310129700083161e-4,0.6816000000000002,61.284444743070715
150,0.2,0,hub_1,pcglasso,I,8.11130830789687e-4,0.7079750000000047,60.92409616062909
150,0.2,0,hub_1,pcglasso,I,0.002848035868435802,0.4213999999999899,62.215573333572394
150,0.2,0,hub_1,pcglasso,I,0.010000000000000004,0.3899499999999989,63.293518133046604
150,0.2,0,hub_1,pcglassoFast_Dual,C,9.999999999999982e-9,3.589574999999968,45.17805602065426
150,0.2,0,hub_1,pcglassoFast_Dual,C,3.5111917342151263e-8,3.6285999999999605,45.17805602936548
150,0.2,0,hub_1,pcglassoFast_Dual,C,1.2328467394420646e-7,3.495549999999935,45.17805606294634
150,0.2,0,hub_1,pcglassoFast_Dual,C,4.328761281083054e-7,3.4602000000000204,45.178056146229025
150,0.2,0,hub_1,pcglassoFast_Dual,C,1.5199110829529328e-6,3.194600000000025,45.178056760954476
150,0.2,0,hub_1,pcglassoFast_Dual,C,5.336699231206308e-6,3.093050000000005,45.17805749164667
150,0.2,0,hub_1,pcglassoFast_Dual,C,1.873817422860384e-5,2.893399999999974,45.178109551667205
150,0.2,0,hub_1,pcglassoFast_Dual,C,6.579332246575681e-5,2.8829750000000045,45.178117264447636
150,0.2,0,hub_1,pcglassoFast_Dual,C,2.310129700083161e-4,2.6543250000000116,45.178846232912385
150,0.2,0,hub_1,pcglassoFast_Dual,C,8.11130830789687e-4,2.650400000000012,45.17894482458205
150,0.2,0,hub_1,pcglassoFast_Dual,C,0.002848035868435802,2.670424999999999,45.17894482458205
150,0.2,0,hub_1,pcglassoFast_Dual,C,0.010000000000000004,2.5288500000000003,45.195390611898816
150,0.2,0,hub_1,pcglassoFast_Dual,I,9.999999999999982e-9,11.393425000000047,45.17805601558195
150,0.2,0,hub_1,pcglassoFast_Dual,I,3.5111917342151263e-8,12.520225000000073,45.178056022560256
150,0.2,0,hub_1,pcglassoFast_Dual,I,1.2328467394420646e-7,12.340599999999995,45.17805604469066
150,0.2,0,hub_1,pcglassoFast_Dual,I,4.328761281083054e-7,12.396650000000045,45.17805619712329
150,0.2,0,hub_1,pcglassoFast_Dual,I,1.5199110829529328e-6,12.336024999999983,45.178056309918595
150,0.2,0,hub_1,pcglassoFast_Dual,I,5.336699231206308e-6,12.174825000000009,45.17805650167885
150,0.2,0,hub_1,pcglassoFast_Dual,I,1.873817422860384e-5,12.073374999999993,45.17806356765784
150,0.2,0,hub_1,pcglassoFast_Dual,I,6.579332246575681e-5,12.37614999999999,45.17809958021992
150,0.2,0,hub_1,pcglassoFast_Dual,I,2.310129700083161e-4,12.098025000000007,45.178093051655715
150,0.2,0,hub_1,pcglassoFast_Dual,I,8.11130830789687e-4,11.928149999999999,45.17921736736278
150,0.2,0,hub_1,pcglassoFast_Dual,I,0.002848035868435802,12.268974999999994,45.18037875327324
150,0.2,0,hub_1,pcglassoFast_Dual,I,0.010000000000000004,11.944075000000002,45.18303278534471
150,0.2,0,hub_1,pcglassoFast_Primal,C,9.999999999999982e-9,15.948625000000039,45.17805645595577
150,0.2,0,hub_1,pcglassoFast_Primal,C,3.5111917342151263e-8,14.867824999999879,45.1780570032232
150,0.2,0,hub_1,pcglassoFast_Primal,C,1.2328467394420646e-7,10.031149999999958,45.178061332216
150,0.2,0,hub_1,pcglassoFast_Primal,C,4.328761281083054e-7,8.431874999999991,45.178064397727915
150,0.2,0,hub_1,pcglassoFast_Primal,C,1.5199110829529328e-6,7.123450000000014,45.178085886820746
150,0.2,0,hub_1,pcglassoFast_Primal,C,5.336699231206308e-6,6.053424999999987,45.17807072814864
150,0.2,0,hub_1,pcglassoFast_Primal,C,1.873817422860384e-5,4.706324999999998,45.17806174603151
150,0.2,0,hub_1,pcglassoFast_Primal,C,6.579332246575681e-5,3.675574999999989,45.178337827694286
150,0.2,0,hub_1,pcglassoFast_Primal,C,2.310129700083161e-4,3.204675000000003,45.17826580156508
150,0.2,0,hub_1,pcglassoFast_Primal,C,8.11130830789687e-4,2.7275499999999995,45.179084761966486
150,0.2,0,hub_1,pcglassoFast_Primal,C,0.002848035868435802,2.1378500000000016,45.1953907591126
150,0.2,0,hub_1,pcglassoFast_Primal,C,0.010000000000000004,1.7401500000000003,45.19830254685462
150,0.2,0,hub_1,pcglassoFast_Primal,I,9.999999999999982e-9,17.188249999999993,45.17805629208591
150,0.2,0,hub_1,pcglassoFast_Primal,I,3.5111917342151263e-8,14.430874999999968,45.17805768451758
150,0.2,0,hub_1,pcglassoFast_Primal,I,1.2328467394420646e-7,10.649674999999934,45.17806103361841
150,0.2,0,hub_1,pcglassoFast_Primal,I,4.328761281083054e-7,9.451124999999967,45.17806915557511
150,0.2,0,hub_1,pcglassoFast_Primal,I,1.5199110829529328e-6,7.4945749999999975,45.17808764884187
150,0.2,0,hub_1,pcglassoFast_Primal,I,5.336699231206308e-6,6.317000000000019,45.17809458782848
150,0.2,0,hub_1,pcglassoFast_Primal,I,1.873817422860384e-5,5.40145,45.17811405133156
150,0.2,0,hub_1,pcglassoFast_Primal,I,6.579332246575681e-5,4.263100000000003,45.17817057770884
150,0.2,0,hub_1,pcglassoFast_Primal,I,2.310129700083161e-4,3.0457750000000003,45.18279920951198
150,0.2,0,hub_1,pcglassoFast_Primal,I,8.11130830789687e-4,2.8280000000000003,45.17860118083033
150,0.2,0,hub_1,pcglassoFast_Primal,I,0.002848035868435802,2.285474999999998,45.187027770401556
150,0.2,0,hub_1,pcglassoFast_Primal,I,0.010000000000000004,1.9546999999999997,45.229433166062584
150,0.2,0,random,pcglasso,C,9.999999999999982e-9,6.300875000000064,116.77891177148035
150,0.2,0,random,pcglasso,C,3.5111917342151263e-8,5.426724999999965,116.77891538313594
150,0.2,0,random,pcglasso,C,1.2328467394420646e-7,4.380899999999974,116.77898743906046
150,0.2,0,random,pcglasso,C,4.328761281083054e-7,3.728549999999996,116.77909045144625
150,0.2,0,random,pcglasso,C,1.5199110829529328e-6,3.248899999999992,116.78027452457663
150,0.2,0,random,pcglasso,C,5.336699231206308e-6,3.116575000000023,116.78520703846722
150,0.2,0,random,pcglasso,C,1.873817422860384e-5,1.8078000000000032,117.11023720436287
150,0.2,0,random,pcglasso,C,6.579332246575681e-5,1.292349999999999,117.85785271727718
150,0.2,0,random,pcglasso,C,2.310129700083161e-4,0.938750000000016,119.82505620453406
150,0.2,0,random,pcglasso,C,8.11130830789687e-4,0.6578249999999997,129.34601978990838
150,0.2,0,random,pcglasso,C,0.002848035868435802,0.0926750000000041,322.19775421218503
150,0.2,0,random,pcglasso,C,0.010000000000000004,0.10214999999999783,322.19775421218503
150,0.2,0,random,pcglasso,I,9.999999999999982e-9,5.377949999999965,116.77891220946064
150,0.2,0,random,pcglasso,I,3.5111917342151263e-8,5.820549999999912,116.77891288638838
150,0.2,0,random,pcglasso,I,1.2328467394420646e-7,4.847925000000077,116.77892722861088
150,0.2,0,random,pcglasso,I,4.328761281083054e-7,4.094824999999991,116.7790992659281
150,0.2,0,random,pcglasso,I,1.5199110829529328e-6,2.9101499999999305,116.78587839072522
150,0.2,0,random,pcglasso,I,5.336699231206308e-6,2.587399999999991,116.78671606178028
150,0.2,0,random,pcglasso,I,1.873817422860384e-5,1.1327000000000056,117.2371615652078
150,0.2,0,random,pcglasso,I,6.579332246575681e-5,0.6664999999999566,117.60454618922499
150,0.2,0,random,pcglasso,I,2.310129700083161e-4,0.2540750000000145,118.70657149928721
150,0.2,0,random,pcglasso,I,8.11130830789687e-4,0.13979999999999676,122.6529546257519
150,0.2,0,random,pcglasso,I,0.002848035868435802,0.10989999999999611,123.28543615009863
150,0.2,0,random,pcglasso,I,0.010000000000000004,0.11472500000000067,123.28543615009863
150,0.2,0,random,pcglassoFast_Dual,C,9.999999999999982e-9,1.2361749999999803,116.7789118660433
150,0.2,0,random,pcglassoFast_Dual,C,3.5111917342151263e-8,1.0958499999999731,116.7789123384046
150,0.2,0,random,pcglassoFast_Dual,C,1.2328467394420646e-7,1.082199999999966,116.7789123506713
150,0.2,0,random,pcglassoFast_Dual,C,4.328761281083054e-7,0.951150000000041,116.77891459918374
150,0.2,0,random,pcglassoFast_Dual,C,1.5199110829529328e-6,0.8110249999999724,116.7789256406657
150,0.2,0,random,pcglassoFast_Dual,C,5.336699231206308e-6,0.7249500000000296,116.77892975501939
150,0.2,0,random,pcglassoFast_Dual,C,1.873817422860384e-5,0.6147749999999974,116.77898659221246
150,0.2,0,random,pcglassoFast_Dual,C,6.579332246575681e-5,0.4908500000000117,116.77916375213327
150,0.2,0,random,pcglassoFast_Dual,C,2.310129700083161e-4,0.48177500000001316,116.7793217238442
150,0.2,0,random,pcglassoFast_Dual,C,8.11130830789687e-4,0.4228250000000088,116.77971435818172
150,0.2,0,random,pcglassoFast_Dual,C,0.002848035868435802,0.3022500000000008,116.78340110267591
150,0.2,0,random,pcglassoFast_Dual,C,0.010000000000000004,0.21335000000000015,116.79276644609438
150,0.2,0,random,pcglassoFast_Dual,I,9.999999999999982e-9,1.1307999999998173,116.77891182642539
150,0.2,0,random,pcglassoFast_Dual,I,3.5111917342151263e-8,1.1573749999999337,116.77891167477405
150,0.2,0,random,pcglassoFast_Dual,I,1.2328467394420646e-7,0.6805249999999206,116.77891881626105
150,0.2,0,random,pcglassoFast_Dual,I,4.328761281083054e-7,0.6690749999999639,116.77891881626105
150,0.2,0,random,pcglassoFast_Dual,I,1.5199110829529328e-6,0.5792499999999677,116.77893112049328
150,0.2,0,random,pcglassoFast_Dual,I,5.336699231206308e-6,0.5635749999999348,116.77893112049328
150,0.2,0,random,pcglassoFast_Dual,I,1.873817422860384e-5,0.5714250000000277,116.77893220426422
150,0.2,0,random,pcglassoFast_Dual,I,6.579332246575681e-5,0.5069750000000056,116.77900937304844
150,0.2,0,random,pcglassoFast_Dual,I,2.310129700083161e-4,0.48799999999998817,116.77910371521045
150,0.2,0,random,pcglassoFast_Dual,I,8.11130830789687e-4,0.4433749999999975,116.77927190381013
150,0.2,0,random,pcglassoFast_Dual,I,0.002848035868435802,0.30637500000000273,116.78863527777862
150,0.2,0,random,pcglassoFast_Dual,I,0.010000000000000004,0.23419999999999846,116.803625478947
150,0.2,0,random,pcglassoFast_Primal,C,9.999999999999982e-9,7.765949999999998,116.7789118236777
150,0.2,0,random,pcglassoFast_Primal,C,3.5111917342151263e-8,6.389474999999948,116.77891234494075
150,0.2,0,random,pcglassoFast_Primal,C,1.2328467394420646e-7,4.665600000000086,116.77891394698598
150,0.2,0,random,pcglassoFast_Primal,C,4.328761281083054e-7,3.7842250000000375,116.77891473923829
150,0.2,0,random,pcglassoFast_Primal,C,1.5199110829529328e-6,3.132150000000047,116.77891559572977
150,0.2,0,random,pcglassoFast_Primal,C,5.336699231206308e-6,2.7107250000000023,116.77891915192653
150,0.2,0,random,pcglassoFast_Primal,C,1.873817422860384e-5,2.358724999999981,116.77893139990107
150,0.2,0,random,pcglassoFast_Primal,C,6.579332246575681e-5,2.1249500000000068,116.77898824294991
150,0.2,0,random,pcglassoFast_Primal,C,2.310129700083161e-4,1.5589750000000067,116.7790848427545
150,0.2,0,random,pcglassoFast_Primal,C,8.11130830789687e-4,1.0182250000000068,116.78092641098048
150,0.2,0,random,pcglassoFast_Primal,C,0.002848035868435802,0.7806499999999985,116.78722374917953
150,0.2,0,random,pcglassoFast_Primal,C,0.010000000000000004,0.6895500000000002,116.78548413622528
150,0.2,0,random,pcglassoFast_Primal,I,9.999999999999982e-9,7.591424999999981,116.77891182576099
150,0.2,0,random,pcglassoFast_Primal,I,3.5111917342151263e-8,7.121850000000063,116.77891236324479
150,0.2,0,random,pcglassoFast_Primal,I,1.2328467394420646e-7,5.519600000000105,116.77891384101468
150,0.2,0,random,pcglassoFast_Primal,I,4.328761281083054e-7,4.560474999999997,116.77891493938046
150,0.2,0,random,pcglassoFast_Primal,I,1.5199110829529328e-6,3.9627999999999473,116.7789165071518
150,0.2,0,random,pcglassoFast_Primal,I,5.336699231206308e-6,3.5047500000000014,116.77892053961388
150,0.2,0,random,pcglassoFast_Primal,I,1.873817422860384e-5,3.0808999999999855,116.7789324327682
150,0.2,0,random,pcglassoFast_Primal,I,6.579332246575681e-5,2.5669749999999967,116.77898311291705
150,0.2,0,random,pcglassoFast_Primal,I,2.310129700083161e-4,1.9140999999999935,116.77917844331546
150,0.2,0,random,pcglassoFast_Primal,I,8.11130830789687e-4,1.445999999999995,116.77973928713087
150,0.2,0,random,pcglassoFast_Primal,I,0.002848035868435802,1.0042499999999976,116.78522206481578
150,0.2,0,random,pcglassoFast_Primal,I,0.010000000000000004,0.7849250000000005,116.78792408534868
150,0.2,0.5,AR2,pcglasso,C,9.999999999999982e-9,0.648100000000045,126.96216505022753
150,0.2,0.5,AR2,pcglasso,C,3.5111917342151263e-8,0.6437499999999545,126.96216505023438
150,0.2,0.5,AR2,pcglasso,C,1.2328467394420646e-7,0.6287750000000415,126.96216505026476
150,0.2,0.5,AR2,pcglasso,C,4.328761281083054e-7,0.6355749999999262,126.96216505026476
150,0.2,0.5,AR2,pcglasso,C,1.5199110829529328e-6,0.6030250000000137,126.96216505053252
150,0.2,0.5,AR2,pcglasso,C,5.336699231206308e-6,0.5821250000000078,126.96216508298895
150,0.2,0.5,AR2,pcglasso,C,1.873817422860384e-5,0.5173500000000046,126.96216509963654
150,0.2,0.5,AR2,pcglasso,C,6.579332246575681e-5,0.4168749999999875,126.9621666680878
150,0.2,0.5,AR2,pcglasso,C,2.310129700083161e-4,0.3514750000000106,126.96216961732898
150,0.2,0.5,AR2,pcglasso,C,8.11130830789687e-4,0.24994999999999976,126.96889009855911
150,0.2,0.5,AR2,pcglasso,C,0.002848035868435802,0.08732499999999632,234.71638242511975
150,0.2,0.5,AR2,pcglasso,C,0.010000000000000004,0.0940499999999993,234.71638242511975
150,0.2,0.5,AR2,pcglasso,I,9.999999999999982e-9,0.20332500000004075,126.96216505022801
150,0.2,0.5,AR2,pcglasso,I,3.5111917342151263e-8,0.2173500000001468,126.96216505023617
150,0.2,0.5,AR2,pcglasso,I,1.2328467394420646e-7,0.18709999999987303,126.96216505045368
150,0.2,0.5,AR2,pcglasso,I,4.328761281083054e-7,0.1894249999999488,126.96216505045368
150,0.2,0.5,AR2,pcglasso,I,1.5199110829529328e-6,0.19417500000002974,126.96216505045368
150,0.2,0.5,AR2,pcglasso,I,5.336699231206308e-6,0.17855000000006385,126.96216505359334
150,0.2,0.5,AR2,pcglasso,I,1.873817422860384e-5,0.16894999999997823,126.96216506414203
150,0.2,0.5,AR2,pcglasso,I,6.579332246575681e-5,0.13710000000001515,126.96216589927515
150,0.2,0.5,AR2,pcglasso,I,2.310129700083161e-4,0.09665000000001385,126.96221918360831
150,0.2,0.5,AR2,pcglasso,I,8.11130830789687e-4,0.07117500000001371,126.96302172062771
150,0.2,0.5,AR2,pcglasso,I,0.002848035868435802,0.0629249999999999,126.96597109946934
150,0.2,0.5,AR2,pcglasso,I,0.010000000000000004,0.03240000000000052,128.86183761057703
150,0.2,0.5,AR2,pcglassoFast_Dual,C,9.999999999999982e-9,0.09237500000006094,126.96216505026455
150,0.2,0.5,AR2,pcglassoFast_Dual,C,3.5111917342151263e-8,0.09595000000003892,126.96216505026455
150,0.2,0.5,AR2,pcglassoFast_Dual,C,1.2328467394420646e-7,0.08495000000007166,126.96216505166127
150,0.2,0.5,AR2,pcglassoFast_Dual,C,4.328761281083054e-7,0.09084999999997763,126.96216505166127
150,0.2,0.5,AR2,pcglassoFast_Dual,C,1.5199110829529328e-6,0.08950000000000954,126.96216505166127
150,0.2,0.5,AR2,pcglassoFast_Dual,C,5.336699231206308e-6,0.07857500000000073,126.96216510402051
150,0.2,0.5,AR2,pcglassoFast_Dual,C,1.873817422860384e-5,0.08142500000000155,126.96216510402051
150,0.2,0.5,AR2,pcglassoFast_Dual,C,6.579332246575681e-5,0.08677499999999441,126.96216510402051
150,0.2,0.5,AR2,pcglassoFast_Dual,C,2.310129700083161e-4,0.07299999999999614,126.96216735303825
150,0.2,0.5,AR2,pcglassoFast_Dual,C,8.11130830789687e-4,0.07492500000000035,126.96216735303825
150,0.2,0.5,AR2,pcglassoFast_Dual,C,0.002848035868435802,0.07595000000000454,126.96216735303825
150,0.2,0.5,AR2,pcglassoFast_Dual,C,0.010000000000000004,0.07794999999999916,126.96227330549954
150,0.2,0.5,AR2,pcglassoFast_Dual,I,9.999999999999982e-9,0.05102499999991324,126.96216505024626
150,0.2,0.5,AR2,pcglassoFast_Dual,I,3.5111917342151263e-8,0.048424999999997456,126.96216505100934
150,0.2,0.5,AR2,pcglassoFast_Dual,I,1.2328467394420646e-7,0.04904999999989741,126.96216505100934
150,0.2,0.5,AR2,pcglassoFast_Dual,I,4.328761281083054e-7,0.05074999999998227,126.96216505100934
150,0.2,0.5,AR2,pcglassoFast_Dual,I,1.5199110829529328e-6,0.044875000000024555,126.96216507990961
150,0.2,0.5,AR2,pcglassoFast_Dual,I,5.336699231206308e-6,0.0425499999999829,126.96216507990961
150,0.2,0.5,AR2,pcglassoFast_Dual,I,1.873817422860384e-5,0.04329999999995948,126.96216507990961
150,0.2,0.5,AR2,pcglassoFast_Dual,I,6.579332246575681e-5,0.037175000000002,126.96216625544933
150,0.2,0.5,AR2,pcglassoFast_Dual,I,2.310129700083161e-4,0.03745000000000687,126.96216625544933
150,0.2,0.5,AR2,pcglassoFast_Dual,I,8.11130830789687e-4,0.038075000000014826,126.96216625544933
150,0.2,0.5,AR2,pcglassoFast_Dual,I,0.002848035868435802,0.030900000000002592,126.96221958603535
150,0.2,0.5,AR2,pcglassoFast_Dual,I,0.010000000000000004,0.03057500000000104,126.96221958603535
150,0.2,0.5,AR2,pcglassoFast_Primal,C,9.999999999999982e-9,0.34562499999995,126.96216505025083
150,0.2,0.5,AR2,pcglassoFast_Primal,C,3.5111917342151263e-8,0.3033249999999498,126.96216505116423
150,0.2,0.5,AR2,pcglassoFast_Primal,C,1.2328467394420646e-7,0.310349999999994,126.96216505116423
150,0.2,0.5,AR2,pcglassoFast_Primal,C,4.328761281083054e-7,0.30915000000002235,126.96216505116423
150,0.2,0.5,AR2,pcglassoFast_Primal,C,1.5199110829529328e-6,0.27222499999996896,126.96216508533227
150,0.2,0.5,AR2,pcglassoFast_Primal,C,5.336699231206308e-6,0.2797249999999565,126.96216508533227
150,0.2,0.5,AR2,pcglassoFast_Primal,C,1.873817422860384e-5,0.27972499999999056,126.96216508533227
150,0.2,0.5,AR2,pcglassoFast_Primal,C,6.579332246575681e-5,0.28295000000003084,126.96216508533227
150,0.2,0.5,AR2,pcglassoFast_Primal,C,2.310129700083161e-4,0.23997500000001537,126.96216655244815
150,0.2,0.5,AR2,pcglassoFast_Primal,C,8.11130830789687e-4,0.24722500000000167,126.96216655244815
150,0.2,0.5,AR2,pcglassoFast_Primal,C,0.002848035868435802,0.2457000000000022,126.96216655244815
150,0.2,0.5,AR2,pcglassoFast_Primal,C,0.010000000000000004,0.20712499999999973,126.96223586726853
150,0.2,0.5,AR2,pcglassoFast_Primal,I,9.999999999999982e-9,0.18297500000001038,126.9621650502474
150,0.2,0.5,AR2,pcglassoFast_Primal,I,3.5111917342151263e-8,0.16969999999994342,126.96216505104128
150,0.2,0.5,AR2,pcglassoFast_Primal,I,1.2328467394420646e-7,0.16632499999998346,126.96216505104128
150,0.2,0.5,AR2,pcglassoFast_Primal,I,4.328761281083054e-7,0.16880000000003292,126.96216505104128
150,0.2,0.5,AR2,pcglassoFast_Primal,I,1.5199110829529328e-6,0.13572500000000218,126.96216508075865
150,0.2,0.5,AR2,pcglassoFast_Primal,I,5.336699231206308e-6,0.13485000000000583,126.96216508075865
150,0.2,0.5,AR2,pcglassoFast_Primal,I,1.873817422860384e-5,0.13737500000000297,126.96216508075865
150,0.2,0.5,AR2,pcglassoFast_Primal,I,6.579332246575681e-5,0.1059500000000014,126.96216627546202
150,0.2,0.5,AR2,pcglassoFast_Primal,I,2.310129700083161e-4,0.10649999999999124,126.96216627546202
150,0.2,0.5,AR2,pcglassoFast_Primal,I,8.11130830789687e-4,0.10737500000001887,126.96216627546202
150,0.2,0.5,AR2,pcglassoFast_Primal,I,0.002848035868435802,0.07712499999999807,126.96221990522115
150,0.2,0.5,AR2,pcglassoFast_Primal,I,0.010000000000000004,0.07727499999999914,126.96221990522115
150,0.2,0.5,hub_09,pcglasso,C,9.999999999999982e-9,0.3110250000000633,126.98603854429908
150,0.2,0.5,hub_09,pcglasso,C,3.5111917342151263e-8,0.2921000000000504,126.98603857021001
150,0.2,0.5,hub_09,pcglasso,C,1.2328467394420646e-7,0.2796500000001288,126.98603888760712
150,0.2,0.5,hub_09,pcglasso,C,4.328761281083054e-7,0.2635499999999979,126.98604277623542
150,0.2,0.5,hub_09,pcglasso,C,1.5199110829529328e-6,0.26619999999998073,126.98604277623542
150,0.2,0.5,hub_09,pcglasso,C,5.336699231206308e-6,0.2640749999999855,126.98604277623542
150,0.2,0.5,hub_09,pcglasso,C,1.873817422860384e-5,0.2633749999999793,126.98604286712802
150,0.2,0.5,hub_09,pcglasso,C,6.579332246575681e-5,0.19215000000002647,126.98675051323485
150,0.2,0.5,hub_09,pcglasso,C,2.310129700083161e-4,0.19122499999999718,126.99398466973668
150,0.2,0.5,hub_09,pcglasso,C,8.11130830789687e-4,0.18010000000001583,127.11709923854701
150,0.2,0.5,hub_09,pcglasso,C,0.002848035868435802,0.1289000000000023,165.7121045587104
150,0.2,0.5,hub_09,pcglasso,C,0.010000000000000004,0.08727499999999999,171.99957777519973
150,0.2,0.5,hub_09,pcglasso,I,9.999999999999982e-9,0.06737499999999272,126.98603854229546
150,0.2,0.5,hub_09,pcglasso,I,3.5111917342151263e-8,0.06762499999992996,126.98603854566554
150,0.2,0.5,hub_09,pcglasso,I,1.2328467394420646e-7,0.05709999999999127,126.9860385869489
150,0.2,0.5,hub_09,pcglasso,I,4.328761281083054e-7,0.04260000000007267,126.98603909267219
150,0.2,0.5,hub_09,pcglasso,I,1.5199110829529328e-6,0.04467499999998381,126.98603909267219
150,0.2,0.5,hub_09,pcglasso,I,5.336699231206308e-6,0.04257500000006757,126.98603909267219
150,0.2,0.5,hub_09,pcglasso,I,1.873817422860384e-5,0.043874999999985675,126.98603909267219
150,0.2,0.5,hub_09,pcglasso,I,6.579332246575681e-5,0.0438000000000045,126.98604528769286
150,0.2,0.5,hub_09,pcglasso,I,2.310129700083161e-4,0.04469999999999743,126.98612118054768
150,0.2,0.5,hub_09,pcglasso,I,8.11130830789687e-4,0.031225000000003434,126.99844463422984
150,0.2,0.5,hub_09,pcglasso,I,0.002848035868435802,0.032749999999995796,127.13774633505942
150,0.2,0.5,hub_09,pcglasso,I,0.010000000000000004,0.0325999999999965,128.86183761057703
150,0.2,0.5,hub_09,pcglassoFast_Dual,C,9.999999999999982e-9,0.07245000000000346,126.9860385419959
150,0.2,0.5,hub_09,pcglassoFast_Dual,C,3.5111917342151263e-8,0.07132500000009259,126.9860385419959
150,0.2,0.5,hub_09,pcglassoFast_Dual,C,1.2328467394420646e-7,0.07140000000001692,126.9860385419959
150,0.2,0.5,hub_09,pcglassoFast_Dual,C,4.328761281083054e-7,0.07280000000001792,126.9860385419959
150,0.2,0.5,hub_09,pcglassoFast_Dual,C,1.5199110829529328e-6,0.07202500000001918,126.9860385419959
150,0.2,0.5,hub_09,pcglassoFast_Dual,C,5.336699231206308e-6,0.07445000000003574,126.9860385419959
150,0.2,0.5,hub_09,pcglassoFast_Dual,C,1.873817422860384e-5,0.07352500000001783,126.9860385419959
150,0.2,0.5,hub_09,pcglassoFast_Dual,C,6.579332246575681e-5,0.08072499999998399,126.9860385419959
150,0.2,0.5,hub_09,pcglassoFast_Dual,C,2.310129700083161e-4,0.06782499999999914,126.9860385419959
150,0.2,0.5,hub_09,pcglassoFast_Dual,C,8.11130830789687e-4,0.07604999999999365,126.9860385419959
150,0.2,0.5,hub_09,pcglassoFast_Dual,C,0.002848035868435802,0.06940000000000027,126.9860385419959
150,0.2,0.5,hub_09,pcglassoFast_Dual,C,0.010000000000000004,0.07407499999999949,126.9860385419959
150,0.2,0.5,hub_09,pcglassoFast_Dual,I,9.999999999999982e-9,0.02537500000003092,126.9860385419959
150,0.2,0.5,hub_09,pcglassoFast_Dual,I,3.5111917342151263e-8,0.028075000000080765,126.9860385419959
150,0.2,0.5,hub_09,pcglassoFast_Dual,I,1.2328467394420646e-7,0.029325000000039837,126.9860385419959
150,0.2,0.5,hub_09,pcglassoFast_Dual,I,4.328761281083054e-7,0.028475000000048566,126.9860385419959
150,0.2,0.5,hub_09,pcglassoFast_Dual,I,1.5199110829529328e-6,0.02924999999997908,126.9860385419959
150,0.2,0.5,hub_09,pcglassoFast_Dual,I,5.336699231206308e-6,0.02889999999998736,126.9860385419959
150,0.2,0.5,hub_09,pcglassoFast_Dual,I,1.873817422860384e-5,0.028299999999990177,126.9860385419959
150,0.2,0.5,hub_09,pcglassoFast_Dual,I,6.579332246575681e-5,0.02940000000002101,126.9860385419959
150,0.2,0.5,hub_09,pcglassoFast_Dual,I,2.310129700083161e-4,0.028749999999993746,126.9860385419959
150,0.2,0.5,hub_09,pcglassoFast_Dual,I,8.11130830789687e-4,0.029375000000004547,126.9860385419959
150,0.2,0.5,hub_09,pcglassoFast_Dual,I,0.002848035868435802,0.02969999999999402,126.9860385419959
150,0.2,0.5,hub_09,pcglassoFast_Dual,I,0.010000000000000004,0.030025000000001256,126.9860385419959
150,0.2,0.5,hub_09,pcglassoFast_Primal,C,9.999999999999982e-9,0.22925000000007004,126.9860385419959
150,0.2,0.5,hub_09,pcglassoFast_Primal,C,3.5111917342151263e-8,0.23459999999993214,126.9860385419959
150,0.2,0.5,hub_09,pcglassoFast_Primal,C,1.2328467394420646e-7,0.23064999999999145,126.9860385419959
150,0.2,0.5,hub_09,pcglassoFast_Primal,C,4.328761281083054e-7,0.23432500000002393,126.9860385419959
150,0.2,0.5,hub_09,pcglassoFast_Primal,C,1.5199110829529328e-6,0.23367500000002792,126.9860385419959
150,0.2,0.5,hub_09,pcglassoFast_Primal,C,5.336699231206308e-6,0.23365000000001715,126.9860385419959
150,0.2,0.5,hub_09,pcglassoFast_Primal,C,1.873817422860384e-5,0.23432499999998982,126.9860385419959
150,0.2,0.5,hub_09,pcglassoFast_Primal,C,6.579332246575681e-5,0.23832499999998333,126.9860385419959
150,0.2,0.5,hub_09,pcglassoFast_Primal,C,2.310129700083161e-4,0.2333750000000066,126.9860385419959
150,0.2,0.5,hub_09,pcglassoFast_Primal,C,8.11130830789687e-4,0.2054250000000053,126.9860385419959
150,0.2,0.5,hub_09,pcglassoFast_Primal,C,0.002848035868435802,0.20872500000000116,126.9860385419959
150,0.2,0.5,hub_09,pcglassoFast_Primal,C,0.010000000000000004,0.2039999999999999,126.9860385419959
150,0.2,0.5,hub_09,pcglassoFast_Primal,I,9.999999999999982e-9,0.06897499999988668,126.9860385419959
150,0.2,0.5,hub_09,pcglassoFast_Primal,I,3.5111917342151263e-8,0.07560000000000855,126.9860385419959
150,0.2,0.5,hub_09,pcglassoFast_Primal,I,1.2328467394420646e-7,0.0754749999999376,126.9860385419959
150,0.2,0.5,hub_09,pcglassoFast_Primal,I,4.328761281083054e-7,0.07530000000006112,126.9860385419959
150,0.2,0.5,hub_09,pcglassoFast_Primal,I,1.5199110829529328e-6,0.07569999999997208,126.9860385419959
150,0.2,0.5,hub_09,pcglassoFast_Primal,I,5.336699231206308e-6,0.07517499999999018,126.9860385419959
150,0.2,0.5,hub_09,pcglassoFast_Primal,I,1.873817422860384e-5,0.074775000000011,126.9860385419959
150,0.2,0.5,hub_09,pcglassoFast_Primal,I,6.579332246575681e-5,0.0764250000000061,126.9860385419959
150,0.2,0.5,hub_09,pcglassoFast_Primal,I,2.310129700083161e-4,0.07642499999998904,126.9860385419959
150,0.2,0.5,hub_09,pcglassoFast_Primal,I,8.11130830789687e-4,0.07569999999999766,126.9860385419959
150,0.2,0.5,hub_09,pcglassoFast_Primal,I,0.002848035868435802,0.07822500000000047,126.9860385419959
150,0.2,0.5,hub_09,pcglassoFast_Primal,I,0.010000000000000004,0.07617499999999992,126.9860385419959
150,0.2,0.5,hub_1,pcglasso,C,9.999999999999982e-9,6.275124999999957,79.34635037916924
150,0.2,0.5,hub_1,pcglasso,C,3.5111917342151263e-8,5.7023000000000135,79.34635082621972
150,0.2,0.5,hub_1,pcglasso,C,1.2328467394420646e-7,4.595174999999995,79.3463548788944
150,0.2,0.5,hub_1,pcglasso,C,4.328761281083054e-7,3.985850000000005,79.3503126990663
150,0.2,0.5,hub_1,pcglasso,C,1.5199110829529328e-6,3.8660749999999666,79.35248804981
150,0.2,0.5,hub_1,pcglasso,C,5.336699231206308e-6,3.8866750000000367,79.35248804981
150,0.2,0.5,hub_1,pcglasso,C,1.873817422860384e-5,3.1145249999999978,79.70613045619773
150,0.2,0.5,hub_1,pcglasso,C,6.579332246575681e-5,2.8374249999999845,80.48557735310249
150,0.2,0.5,hub_1,pcglasso,C,2.310129700083161e-4,3.6494250000000164,79.4548129160421
150,0.2,0.5,hub_1,pcglasso,C,8.11130830789687e-4,5.142650000000003,102.66821030306808
150,0.2,0.5,hub_1,pcglasso,C,0.002848035868435802,0.8767499999999998,388.4744875845746
150,0.2,0.5,hub_1,pcglasso,C,0.010000000000000004,0.908349999999998,388.4744875845746
150,0.2,0.5,hub_1,pcglasso,I,9.999999999999982e-9,4.800750000000312,79.34635037453876
150,0.2,0.5,hub_1,pcglasso,I,3.5111917342151263e-8,5.429350000000068,79.34635048287491
150,0.2,0.5,hub_1,pcglasso,I,1.2328467394420646e-7,4.653149999999982,79.34635607741835
150,0.2,0.5,hub_1,pcglasso,I,4.328761281083054e-7,4.122724999999877,79.3463673544982
150,0.2,0.5,hub_1,pcglasso,I,1.5199110829529328e-6,3.9785000000000195,79.34674607064943
150,0.2,0.5,hub_1,pcglasso,I,5.336699231206308e-6,3.827999999999986,79.3478436386721
150,0.2,0.5,hub_1,pcglasso,I,1.873817422860384e-5,2.9444499999999665,79.3508799899584
150,0.2,0.5,hub_1,pcglasso,I,6.579332246575681e-5,1.6518499999999903,79.78167400068426
150,0.2,0.5,hub_1,pcglasso,I,2.310129700083161e-4,1.365075000000013,80.57590423400283
150,0.2,0.5,hub_1,pcglasso,I,8.11130830789687e-4,0.26025000000000775,98.56634830682982
150,0.2,0.5,hub_1,pcglasso,I,0.002848035868435802,0.19352500000000106,100.50372083638135
150,0.2,0.5,hub_1,pcglasso,I,0.010000000000000004,0.18640000000000329,104.49499339102363
150,0.2,0.5,hub_1,pcglassoFast_Dual,C,9.999999999999982e-9,2.1772000000000844,79.34635035181981
150,0.2,0.5,hub_1,pcglassoFast_Dual,C,3.5111917342151263e-8,2.006824999999958,79.34635037481651
150,0.2,0.5,hub_1,pcglassoFast_Dual,C,1.2328467394420646e-7,1.888550000000032,79.34635040179671
150,0.2,0.5,hub_1,pcglassoFast_Dual,C,4.328761281083054e-7,1.684275000000025,79.34635046002333
150,0.2,0.5,hub_1,pcglassoFast_Dual,C,1.5199110829529328e-6,1.5763500000000477,79.34635192693162
150,0.2,0.5,hub_1,pcglassoFast_Dual,C,5.336699231206308e-6,1.4700500000000318,79.34635464517955
150,0.2,0.5,hub_1,pcglassoFast_Dual,C,1.873817422860384e-5,1.4004999999999939,79.34636506836411
150,0.2,0.5,hub_1,pcglassoFast_Dual,C,6.579332246575681e-5,1.311925000000008,79.3463739364867
150,0.2,0.5,hub_1,pcglassoFast_Dual,C,2.310129700083161e-4,1.2007999999999868,79.34642318260941
150,0.2,0.5,hub_1,pcglassoFast_Dual,C,8.11130830789687e-4,1.1671500000000037,79.34643182529838
150,0.2,0.5,hub_1,pcglassoFast_Dual,C,0.002848035868435802,1.0043000000000006,79.34741596680361
150,0.2,0.5,hub_1,pcglassoFast_Dual,C,0.010000000000000004,0.9810499999999983,79.34843435845818
150,0.2,0.5,hub_1,pcglassoFast_Dual,I,9.999999999999982e-9,2.8539750000001276,79.34635035091577
150,0.2,0.5,hub_1,pcglassoFast_Dual,I,3.5111917342151263e-8,3.051974999999993,79.34635036658467
150,0.2,0.5,hub_1,pcglassoFast_Dual,I,1.2328467394420646e-7,2.9977499999999737,79.3463503842269
150,0.2,0.5,hub_1,pcglassoFast_Dual,I,4.328761281083054e-7,2.7796999999999796,79.3463504887365
150,0.2,0.5,hub_1,pcglassoFast_Dual,I,1.5199110829529328e-6,2.9305499999999824,79.3463504887365
150,0.2,0.5,hub_1,pcglassoFast_Dual,I,5.336699231206308e-6,2.782124999999985,79.3463507550575
150,0.2,0.5,hub_1,pcglassoFast_Dual,I,1.873817422860384e-5,2.778825000000012,79.34635257460978
150,0.2,0.5,hub_1,pcglassoFast_Dual,I,6.579332246575681e-5,2.491399999999993,79.34641337800312
150,0.2,0.5,hub_1,pcglassoFast_Dual,I,2.310129700083161e-4,2.513725000000008,79.34641105707556
150,0.2,0.5,hub_1,pcglassoFast_Dual,I,8.11130830789687e-4,2.5528249999999986,79.34644934799519
150,0.2,0.5,hub_1,pcglassoFast_Dual,I,0.002848035868435802,2.340400000000001,79.34920026440186
150,0.2,0.5,hub_1,pcglassoFast_Dual,I,0.010000000000000004,2.164550000000003,79.35814949703553
150,0.2,0.5,hub_1,pcglassoFast_Primal,C,9.999999999999982e-9,62.079450000000044,79.34635207982029
150,0.2,0.5,hub_1,pcglassoFast_Primal,C,3.5111917342151263e-8,50.42152499999995,79.34635483672405
150,0.2,0.5,hub_1,pcglassoFast_Primal,C,1.2328467394420646e-7,43.29392499999999,79.34635477176211
150,0.2,0.5,hub_1,pcglassoFast_Primal,C,4.328761281083054e-7,35.22859999999996,79.34637191729873
150,0.2,0.5,hub_1,pcglassoFast_Primal,C,1.5199110829529328e-6,29.05030000000003,79.34636132093942
150,0.2,0.5,hub_1,pcglassoFast_Primal,C,5.336699231206308e-6,22.396225000000005,79.34646929562527
150,0.2,0.5,hub_1,pcglassoFast_Primal,C,1.873817422860384e-5,15.835775000000018,79.34681761328856
150,0.2,0.5,hub_1,pcglassoFast_Primal,C,6.579332246575681e-5,10.820775000000015,79.3469613203496
150,0.2,0.5,hub_1,pcglassoFast_Primal,C,2.310129700083161e-4,6.349799999999993,79.34820238270015
150,0.2,0.5,hub_1,pcglassoFast_Primal,C,8.11130830789687e-4,1.883324999999998,79.3538845945162
150,0.2,0.5,hub_1,pcglassoFast_Primal,C,0.002848035868435802,1.0783250000000018,79.43797917648632
150,0.2,0.5,hub_1,pcglassoFast_Primal,C,0.010000000000000004,0.7679749999999999,79.79213757024323
150,0.2,0.5,hub_1,pcglassoFast_Primal,I,9.999999999999982e-9,58.52192499999999,79.34635206099037
150,0.2,0.5,hub_1,pcglassoFast_Primal,I,3.5111917342151263e-8,51.591975000000005,79.34635273751633
150,0.2,0.5,hub_1,pcglassoFast_Primal,I,1.2328467394420646e-7,46.12762500000001,79.34635947618443
150,0.2,0.5,hub_1,pcglassoFast_Primal,I,4.328761281083054e-7,37.92404999999995,79.3463616186089
150,0.2,0.5,hub_1,pcglassoFast_Primal,I,1.5199110829529328e-6,31.956350000000054,79.34635321177826
150,0.2,0.5,hub_1,pcglassoFast_Primal,I,5.336699231206308e-6,25.295674999999996,79.34658067173739
150,0.2,0.5,hub_1,pcglassoFast_Primal,I,1.873817422860384e-5,18.84185,79.34684910274348
150,0.2,0.5,hub_1,pcglassoFast_Primal,I,6.579332246575681e-5,13.327450000000017,79.3509562968796
150,0.2,0.5,hub_1,pcglassoFast_Primal,I,2.310129700083161e-4,9.442025000000006,79.34816260653926
150,0.2,0.5,hub_1,pcglassoFast_Primal,I,8.11130830789687e-4,6.163150000000016,79.34684145494623
150,0.2,0.5,hub_1,pcglassoFast_Primal,I,0.002848035868435802,3.6424499999999966,79.367131203632
150,0.2,0.5,hub_1,pcglassoFast_Primal,I,0.010000000000000004,1.6723749999999995,79.39344731027741
150,0.2,0.5,random,pcglasso,C,9.999999999999982e-9,6.730525000000034,122.1131159914592
150,0.2,0.5,random,pcglasso,C,3.5111917342151263e-8,5.738150000000019,122.11311649364589
150,0.2,0.5,random,pcglasso,C,1.2328467394420646e-7,4.991274999999973,122.11312224666925
150,0.2,0.5,random,pcglasso,C,4.328761281083054e-7,3.917975000000024,122.11320307959733
150,0.2,0.5,random,pcglasso,C,1.5199110829529328e-6,2.761849999999993,122.11399052493454
150,0.2,0.5,random,pcglasso,C,5.336699231206308e-6,1.969625000000002,122.11733979531726
150,0.2,0.5,random,pcglasso,C,1.873817422860384e-5,1.3280749999999955,122.12439093753734
150,0.2,0.5,random,pcglasso,C,6.579332246575681e-5,0.9485000000000184,122.13475492424375
150,0.2,0.5,random,pcglasso,C,2.310129700083161e-4,0.8248499999999979,122.6196464322338
150,0.2,0.5,random,pcglasso,C,8.11130830789687e-4,0.39157500000000456,125.10654397697242
150,0.2,0.5,random,pcglasso,C,0.002848035868435802,0.09537500000000065,349.7900118884337
150,0.2,0.5,random,pcglasso,C,0.010000000000000004,0.08622499999999889,394.7200170631444
150,0.2,0.5,random,pcglasso,I,9.999999999999982e-9,6.600549999999998,122.11311597775459
150,0.2,0.5,random,pcglasso,I,3.5111917342151263e-8,6.44255000000021,122.11311623774967
150,0.2,0.5,random,pcglasso,I,1.2328467394420646e-7,5.413249999999971,122.11312095094026
150,0.2,0.5,random,pcglasso,I,4.328761281083054e-7,4.169500000000108,122.11319831598192
150,0.2,0.5,random,pcglasso,I,1.5199110829529328e-6,2.9953500000000304,122.11405187872583
150,0.2,0.5,random,pcglasso,I,5.336699231206308e-6,1.5068250000000376,122.12490291609805
150,0.2,0.5,random,pcglasso,I,1.873817422860384e-5,0.7839749999999412,122.15815083732701
150,0.2,0.5,random,pcglasso,I,6.579332246575681e-5,0.5018000000000257,122.23281414190818
150,0.2,0.5,random,pcglasso,I,2.310129700083161e-4,0.21312500000000795,122.79744147440326
150,0.2,0.5,random,pcglasso,I,8.11130830789687e-4,0.13299999999999557,123.7873575927559
150,0.2,0.5,random,pcglasso,I,0.002848035868435802,0.11122500000000315,123.1863082432156
150,0.2,0.5,random,pcglasso,I,0.010000000000000004,0.08305000000000007,124.56377247423164
150,0.2,0.5,random,pcglassoFast_Dual,C,9.999999999999982e-9,1.0617749999999433,122.11311597264736
150,0.2,0.5,random,pcglassoFast_Dual,C,3.5111917342151263e-8,0.9871500000000196,122.1131162258372
150,0.2,0.5,random,pcglassoFast_Dual,C,1.2328467394420646e-7,0.8525749999999789,122.11311628559675
150,0.2,0.5,random,pcglassoFast_Dual,C,4.328761281083054e-7,0.7688999999999965,122.1131167711791
150,0.2,0.5,random,pcglassoFast_Dual,C,1.5199110829529328e-6,0.6559499999999957,122.11312807139781
150,0.2,0.5,random,pcglassoFast_Dual,C,5.336699231206308e-6,0.6196499999999844,122.11312025542898
150,0.2,0.5,random,pcglassoFast_Dual,C,1.873817422860384e-5,0.5094500000000209,122.11321635964842
150,0.2,0.5,random,pcglassoFast_Dual,C,6.579332246575681e-5,0.4098500000000172,122.1132257024717
150,0.2,0.5,random,pcglassoFast_Dual,C,2.310129700083161e-4,0.28004999999999997,122.11446769024462
150,0.2,0.5,random,pcglassoFast_Dual,C,8.11130830789687e-4,0.255524999999993,122.1151767561742
150,0.2,0.5,random,pcglassoFast_Dual,C,0.002848035868435802,0.18430000000000318,122.12051859875021
150,0.2,0.5,random,pcglassoFast_Dual,C,0.010000000000000004,0.14372499999999847,122.1259926441609
150,0.2,0.5,random,pcglassoFast_Dual,I,9.999999999999982e-9,1.1065000000001874,122.11311596062973
150,0.2,0.5,random,pcglassoFast_Dual,I,3.5111917342151263e-8,1.0760250000000497,122.11311623372826
150,0.2,0.5,random,pcglassoFast_Dual,I,1.2328467394420646e-7,0.8927500000000691,122.1131171918116
150,0.2,0.5,random,pcglassoFast_Dual,I,4.328761281083054e-7,0.728024999999991,122.11312069699126
150,0.2,0.5,random,pcglassoFast_Dual,I,1.5199110829529328e-6,0.6714499999999589,122.11311812340836
150,0.2,0.5,random,pcglassoFast_Dual,I,5.336699231206308e-6,0.5496750000000361,122.1131386075124
150,0.2,0.5,random,pcglassoFast_Dual,I,1.873817422860384e-5,0.5470250000000079,122.11314022891102
150,0.2,0.5,random,pcglassoFast_Dual,I,6.579332246575681e-5,0.42159999999999515,122.11341853537019
150,0.2,0.5,random,pcglassoFast_Dual,I,2.310129700083161e-4,0.39157499999999457,122.11359949925128
150,0.2,0.5,random,pcglassoFast_Dual,I,8.11130830789687e-4,0.31292499999998713,122.115749418768
150,0.2,0.5,random,pcglassoFast_Dual,I,0.002848035868435802,0.2046750000000003,122.12209562894543
150,0.2,0.5,random,pcglassoFast_Dual,I,0.010000000000000004,0.12664999999999865,122.15102984977732
150,0.2,0.5,random,pcglassoFast_Primal,C,9.999999999999982e-9,2.9780500000000076,122.11311601153194
150,0.2,0.5,random,pcglassoFast_Primal,C,3.5111917342151263e-8,2.6766749999999093,122.11311617531825
150,0.2,0.5,random,pcglassoFast_Primal,C,1.2328467394420646e-7,2.4134500000000343,122.11311674986486
150,0.2,0.5,random,pcglassoFast_Primal,C,4.328761281083054e-7,2.188749999999993,122.11311805196733
150,0.2,0.5,random,pcglassoFast_Primal,C,1.5199110829529328e-6,1.8904750000000035,122.11312565150348
150,0.2,0.5,random,pcglassoFast_Primal,C,5.336699231206308e-6,1.580625000000066,122.11315299231204
150,0.2,0.5,random,pcglassoFast_Primal,C,1.873817422860384e-5,1.2949500000000058,122.11323582045948
150,0.2,0.5,random,pcglassoFast_Primal,C,6.579332246575681e-5,1.0232499999999873,122.1134816088656
150,0.2,0.5,random,pcglassoFast_Primal,C,2.310129700083161e-4,0.8430999999999897,122.11409908265914
150,0.2,0.5,random,pcglassoFast_Primal,C,8.11130830789687e-4,0.6539499999999961,122.11583850905087
150,0.2,0.5,random,pcglassoFast_Primal,C,0.002848035868435802,0.480749999999999,122.12181844174569
150,0.2,0.5,random,pcglassoFast_Primal,C,0.010000000000000004,0.3399749999999999,122.13706765886144
150,0.2,0.5,random,pcglassoFast_Primal,I,9.999999999999982e-9,3.0979499999999236,122.11311601481074
150,0.2,0.5,random,pcglassoFast_Primal,I,3.5111917342151263e-8,3.1698750000000246,122.1131161531533
150,0.2,0.5,random,pcglassoFast_Primal,I,1.2328467394420646e-7,2.9164000000000896,122.11311676200799
150,0.2,0.5,random,pcglassoFast_Primal,I,4.328761281083054e-7,2.731199999999899,122.11311786480354
150,0.2,0.5,random,pcglassoFast_Primal,I,1.5199110829529328e-6,2.364375000000018,122.11312524501142
150,0.2,0.5,random,pcglassoFast_Primal,I,5.336699231206308e-6,2.0602500000000417,122.11315517629131
150,0.2,0.5,random,pcglassoFast_Primal,I,1.873817422860384e-5,1.8210499999999683,122.11325368076984
150,0.2,0.5,random,pcglassoFast_Primal,I,6.579332246575681e-5,1.5745999999999811,122.11329986781665
150,0.2,0.5,random,pcglassoFast_Primal,I,2.310129700083161e-4,1.2132250000000055,122.11381819454532
150,0.2,0.5,random,pcglassoFast_Primal,I,8.11130830789687e-4,0.9058749999999975,122.11563387613059
150,0.2,0.5,random,pcglassoFast_Primal,I,0.002848035868435802,0.5034250000000057,122.13210554534498
150,0.2,0.5,random,pcglassoFast_Primal,I,0.010000000000000004,0.3351499999999998,122.15301517148056
200,0.1,0,AR2,pcglasso,C,9.999999999999982e-9,4.577000000000157,164.01337755556384
200,0.1,0,AR2,pcglasso,C,3.5111917342151263e-8,4.02182499999999,164.01337782591887
200,0.1,0,AR2,pcglasso,C,1.2328467394420646e-7,3.8657749999999624,164.01337811319593
200,0.1,0,AR2,pcglasso,C,4.328761281083054e-7,3.6323499999999513,164.01338137455616
200,0.1,0,AR2,pcglasso,C,1.5199110829529328e-6,3.353799999999944,164.01341498962393
200,0.1,0,AR2,pcglasso,C,5.336699231206308e-6,3.1117499999999665,164.01391519548443
200,0.1,0,AR2,pcglasso,C,1.873817422860384e-5,2.31905000000001,164.0209247358383
200,0.1,0,AR2,pcglasso,C,6.579332246575681e-5,1.4538000000000182,164.1137880349997
200,0.1,0,AR2,pcglasso,C,2.310129700083161e-4,0.9283250000000066,164.99119770968332
200,0.1,0,AR2,pcglasso,C,8.11130830789687e-4,0.31402500000000655,192.07148288062334
200,0.1,0,AR2,pcglasso,C,0.002848035868435802,0.20877499999999927,231.76513580571623
200,0.1,0,AR2,pcglasso,C,0.010000000000000004,0.19922500000000093,208.23313507158758
200,0.1,0,AR2,pcglasso,I,9.999999999999982e-9,3.380275000000188,164.01337755954606
200,0.1,0,AR2,pcglasso,I,3.5111917342151263e-8,3.112975000000006,164.01337785155724
200,0.1,0,AR2,pcglasso,I,1.2328467394420646e-7,2.990299999999934,164.01337835374994
200,0.1,0,AR2,pcglasso,I,4.328761281083054e-7,2.7532749999999853,164.01338314245947
200,0.1,0,AR2,pcglasso,I,1.5199110829529328e-6,2.605075000000022,164.01339740349619
200,0.1,0,AR2,pcglasso,I,5.336699231206308e-6,2.225824999999952,164.0141442525175
200,0.1,0,AR2,pcglasso,I,1.873817422860384e-5,1.6164749999999912,164.0165704117959
200,0.1,0,AR2,pcglasso,I,6.579332246575681e-5,1.0729749999999854,164.05161132206226
200,0.1,0,AR2,pcglasso,I,2.310129700083161e-4,0.6467250000000035,164.39584355468043
200,0.1,0,AR2,pcglasso,I,8.11130830789687e-4,0.28944999999999366,168.4804590839651
200,0.1,0,AR2,pcglasso,I,0.002848035868435802,0.19137499999999932,168.74405560458933
200,0.1,0,AR2,pcglasso,I,0.010000000000000004,0.20562499999999986,168.74405560458933
200,0.1,0,AR2,pcglassoFast_Dual,C,9.999999999999982e-9,0.42147499999996396,164.01337754735246
200,0.1,0,AR2,pcglassoFast_Dual,C,3.5111917342151263e-8,0.39702500000000784,164.01337755497238
200,0.1,0,AR2,pcglassoFast_Dual,C,1.2328467394420646e-7,0.4175999999999476,164.0133775803828
200,0.1,0,AR2,pcglassoFast_Dual,C,4.328761281083054e-7,0.41107499999998254,164.01337765284936
200,0.1,0,AR2,pcglassoFast_Dual,C,1.5199110829529328e-6,0.3707499999999982,164.01337790903122
200,0.1,0,AR2,pcglassoFast_Dual,C,5.336699231206308e-6,0.3587999999999624,164.01337901807483
200,0.1,0,AR2,pcglassoFast_Dual,C,1.873817422860384e-5,0.36115000000001485,164.0133831857529
200,0.1,0,AR2,pcglassoFast_Dual,C,6.579332246575681e-5,0.3535249999999735,164.0133831857529
200,0.1,0,AR2,pcglassoFast_Dual,C,2.310129700083161e-4,0.36142500000000266,164.01339851113028
200,0.1,0,AR2,pcglassoFast_Dual,C,8.11130830789687e-4,0.35619999999999263,164.01347096655854
200,0.1,0,AR2,pcglassoFast_Dual,C,0.002848035868435802,0.3368249999999975,164.01388001183687
200,0.1,0,AR2,pcglassoFast_Dual,C,0.010000000000000004,0.33850000000000013,164.01562663062901
200,0.1,0,AR2,pcglassoFast_Dual,I,9.999999999999982e-9,0.3262500000001182,164.01337754613456
200,0.1,0,AR2,pcglassoFast_Dual,I,3.5111917342151263e-8,0.3285249999999678,164.01337755136657
200,0.1,0,AR2,pcglassoFast_Dual,I,1.2328467394420646e-7,0.3230499999999893,164.01337756631887
200,0.1,0,AR2,pcglassoFast_Dual,I,4.328761281083054e-7,0.3216499999999883,164.01337761743682
200,0.1,0,AR2,pcglassoFast_Dual,I,1.5199110829529328e-6,0.30010000000003173,164.01337784174692
200,0.1,0,AR2,pcglassoFast_Dual,I,5.336699231206308e-6,0.28894999999998844,164.01337874712038
200,0.1,0,AR2,pcglassoFast_Dual,I,1.873817422860384e-5,0.2766750000000059,164.01338181156706
200,0.1,0,AR2,pcglassoFast_Dual,I,6.579332246575681e-5,0.28989999999998306,164.01338181156706
200,0.1,0,AR2,pcglassoFast_Dual,I,2.310129700083161e-4,0.27947499999997943,164.01339548087128
200,0.1,0,AR2,pcglassoFast_Dual,I,8.11130830789687e-4,0.26915000000001044,164.01346974773614
200,0.1,0,AR2,pcglassoFast_Dual,I,0.002848035868435802,0.22462500000000035,164.01521251743486
200,0.1,0,AR2,pcglassoFast_Dual,I,0.010000000000000004,0.2161250000000024,164.01521251743486
200,0.1,0,AR2,pcglassoFast_Primal,C,9.999999999999982e-9,1.6894749999999932,164.01337754832096
200,0.1,0,AR2,pcglassoFast_Primal,C,3.5111917342151263e-8,1.6172749999998814,164.01337755432996
200,0.1,0,AR2,pcglassoFast_Primal,C,1.2328467394420646e-7,1.4533500000000685,164.01337760590573
200,0.1,0,AR2,pcglassoFast_Primal,C,4.328761281083054e-7,1.3654250000000274,164.01337770300196
200,0.1,0,AR2,pcglassoFast_Primal,C,1.5199110829529328e-6,1.3050500000000056,164.01337795323943
200,0.1,0,AR2,pcglassoFast_Primal,C,5.336699231206308e-6,1.2309999999999888,164.01337864816057
200,0.1,0,AR2,pcglassoFast_Primal,C,1.873817422860384e-5,1.106950000000029,164.01338600701638
200,0.1,0,AR2,pcglassoFast_Primal,C,6.579332246575681e-5,1.0288250000000034,164.01340176876792
200,0.1,0,AR2,pcglassoFast_Primal,C,2.310129700083161e-4,0.9512750000000096,164.0134487834017
200,0.1,0,AR2,pcglassoFast_Primal,C,8.11130830789687e-4,0.8800749999999979,164.01359252955646
200,0.1,0,AR2,pcglassoFast_Primal,C,0.002848035868435802,0.8158249999999981,164.0140463888178
200,0.1,0,AR2,pcglassoFast_Primal,C,0.010000000000000004,0.7255000000000001,164.0155297500544
200,0.1,0,AR2,pcglassoFast_Primal,I,9.999999999999982e-9,1.5011500000000069,164.01337754736235
200,0.1,0,AR2,pcglassoFast_Primal,I,3.5111917342151263e-8,1.5116250000000264,164.01337756255612
200,0.1,0,AR2,pcglassoFast_Primal,I,1.2328467394420646e-7,1.4299750000000357,164.01337758564375
200,0.1,0,AR2,pcglassoFast_Primal,I,4.328761281083054e-7,1.3863000000000398,164.01337765025514
200,0.1,0,AR2,pcglassoFast_Primal,I,1.5199110829529328e-6,1.1738750000000437,164.01337826236485
200,0.1,0,AR2,pcglassoFast_Primal,I,5.336699231206308e-6,1.1261249999999905,164.0133794624311
200,0.1,0,AR2,pcglassoFast_Primal,I,1.873817422860384e-5,1.0825250000000153,164.0133827148741
200,0.1,0,AR2,pcglassoFast_Primal,I,6.579332246575681e-5,0.99297499999999,164.01339186806737
200,0.1,0,AR2,pcglassoFast_Primal,I,2.310129700083161e-4,0.8507750000000158,164.01349429676668
200,0.1,0,AR2,pcglassoFast_Primal,I,8.11130830789687e-4,0.8008749999999963,164.0137241474699
200,0.1,0,AR2,pcglassoFast_Primal,I,0.002848035868435802,0.7193749999999965,164.01443753783107
200,0.1,0,AR2,pcglassoFast_Primal,I,0.010000000000000004,0.6438249999999979,164.01669614763676
200,0.1,0,hub_09,pcglasso,C,9.999999999999982e-9,2.578774999999973,196.98488593023464
200,0.1,0,hub_09,pcglasso,C,3.5111917342151263e-8,2.6355249999999844,196.98488592760305
200,0.1,0,hub_09,pcglasso,C,1.2328467394420646e-7,2.2190750000001116,196.98488594656774
200,0.1,0,hub_09,pcglasso,C,4.328761281083054e-7,1.9958500000000072,196.98488608163197
200,0.1,0,hub_09,pcglasso,C,1.5199110829529328e-6,1.8810249999999882,196.98488669212577
200,0.1,0,hub_09,pcglasso,C,5.336699231206308e-6,1.7347250000000316,196.98489355609289
200,0.1,0,hub_09,pcglasso,C,1.873817422860384e-5,1.4794499999999744,196.98490726568258
200,0.1,0,hub_09,pcglasso,C,6.579332246575681e-5,1.1144999999999754,196.98709169196508
200,0.1,0,hub_09,pcglasso,C,2.310129700083161e-4,0.7308999999999998,197.03571999727404
200,0.1,0,hub_09,pcglasso,C,8.11130830789687e-4,0.519674999999998,199.11611884800223
200,0.1,0,hub_09,pcglasso,C,0.002848035868435802,0.14990000000000236,238.2868270354319
200,0.1,0,hub_09,pcglasso,C,0.010000000000000004,0.14932499999999926,238.2868270354319
200,0.1,0,hub_09,pcglasso,I,9.999999999999982e-9,2.365825000000109,196.9848859371239
200,0.1,0,hub_09,pcglasso,I,3.5111917342151263e-8,2.795749999999907,196.9848859371239
200,0.1,0,hub_09,pcglasso,I,1.2328467394420646e-7,2.446050000000014,196.98488593494096
200,0.1,0,hub_09,pcglasso,I,4.328761281083054e-7,2.1984250000000314,196.98488602501394
200,0.1,0,hub_09,pcglasso,I,1.5199110829529328e-6,1.8920250000000465,196.984888276097
200,0.1,0,hub_09,pcglasso,I,5.336699231206308e-6,1.7405749999999671,196.98489228492636
200,0.1,0,hub_09,pcglasso,I,1.873817422860384e-5,1.3459000000000174,196.9849448688654
200,0.1,0,hub_09,pcglasso,I,6.579332246575681e-5,0.9060999999999695,196.98637205203843
200,0.1,0,hub_09,pcglasso,I,2.310129700083161e-4,0.5447249999999884,197.1054213336008
200,0.1,0,hub_09,pcglasso,I,8.11130830789687e-4,0.2979499999999916,197.49653911080145
200,0.1,0,hub_09,pcglasso,I,0.002848035868435802,0.31899999999999407,197.45615851504544
200,0.1,0,hub_09,pcglasso,I,0.010000000000000004,0.32580000000000026,197.45615851504544
200,0.1,0,hub_09,pcglassoFast_Dual,C,9.999999999999982e-9,0.3534999999998945,196.98488593234904
200,0.1,0,hub_09,pcglassoFast_Dual,C,3.5111917342151263e-8,0.3690249999999651,196.9848859365558
200,0.1,0,hub_09,pcglassoFast_Dual,C,1.2328467394420646e-7,0.3459999999999809,196.9848859476161
200,0.1,0,hub_09,pcglassoFast_Dual,C,4.328761281083054e-7,0.32284999999998265,196.9848860241591
200,0.1,0,hub_09,pcglassoFast_Dual,C,1.5199110829529328e-6,0.2846499999999992,196.9848882463498
200,0.1,0,hub_09,pcglassoFast_Dual,C,5.336699231206308e-6,0.25912499999998884,196.98488910871419
200,0.1,0,hub_09,pcglassoFast_Dual,C,1.873817422860384e-5,0.26962499999997364,196.98489116066727
200,0.1,0,hub_09,pcglassoFast_Dual,C,6.579332246575681e-5,0.2582500000000209,196.9848920030223
200,0.1,0,hub_09,pcglassoFast_Dual,C,2.310129700083161e-4,0.23314999999998065,196.98509269661463
200,0.1,0,hub_09,pcglassoFast_Dual,C,8.11130830789687e-4,0.19595000000000198,196.98549203075734
200,0.1,0,hub_09,pcglassoFast_Dual,C,0.002848035868435802,0.19292499999999818,196.98549203075734
200,0.1,0,hub_09,pcglassoFast_Dual,C,0.010000000000000004,0.21615000000000073,196.98515673567377
200,0.1,0,hub_09,pcglassoFast_Dual,I,9.999999999999982e-9,0.2651250000000346,196.98488592501616
200,0.1,0,hub_09,pcglassoFast_Dual,I,3.5111917342151263e-8,0.2769249999999602,196.98488592747003
200,0.1,0,hub_09,pcglassoFast_Dual,I,1.2328467394420646e-7,0.25832499999994524,196.98488594409162
200,0.1,0,hub_09,pcglassoFast_Dual,I,4.328761281083054e-7,0.21940000000001875,196.9848863891704
200,0.1,0,hub_09,pcglassoFast_Dual,I,1.5199110829529328e-6,0.21050000000002456,196.9848865488158
200,0.1,0,hub_09,pcglassoFast_Dual,I,5.336699231206308e-6,0.20375000000000226,196.98488697123489
200,0.1,0,hub_09,pcglassoFast_Dual,I,1.873817422860384e-5,0.1853749999999934,196.9848872918312
200,0.1,0,hub_09,pcglassoFast_Dual,I,6.579332246575681e-5,0.14774999999999067,196.9849132288747
200,0.1,0,hub_09,pcglassoFast_Dual,I,2.310129700083161e-4,0.14085000000000888,196.98495125055223
200,0.1,0,hub_09,pcglassoFast_Dual,I,8.11130830789687e-4,0.13964999999999747,196.98504558574078
200,0.1,0,hub_09,pcglassoFast_Dual,I,0.002848035868435802,0.12454999999999217,196.98536369653596
200,0.1,0,hub_09,pcglassoFast_Dual,I,0.010000000000000004,0.1215500000000013,196.98536369653596
200,0.1,0,hub_09,pcglassoFast_Primal,C,9.999999999999982e-9,0.9903249999999162,196.98488592471062
200,0.1,0,hub_09,pcglassoFast_Primal,C,3.5111917342151263e-8,1.0054499999999735,196.98488592471062
200,0.1,0,hub_09,pcglassoFast_Primal,C,1.2328467394420646e-7,0.9035249999998995,196.98488593393623
200,0.1,0,hub_09,pcglassoFast_Primal,C,4.328761281083054e-7,0.8483499999999822,196.98488597337067
200,0.1,0,hub_09,pcglassoFast_Primal,C,1.5199110829529328e-6,0.7640999999999962,196.984886101763
200,0.1,0,hub_09,pcglassoFast_Primal,C,5.336699231206308e-6,0.6892499999999814,196.9848867714648
200,0.1,0,hub_09,pcglassoFast_Primal,C,1.873817422860384e-5,0.6993500000000097,196.9848867714648
200,0.1,0,hub_09,pcglassoFast_Primal,C,6.579332246575681e-5,0.6355749999999972,196.98489088991371
200,0.1,0,hub_09,pcglassoFast_Primal,C,2.310129700083161e-4,0.6191749999999985,196.98489088991371
200,0.1,0,hub_09,pcglassoFast_Primal,C,8.11130830789687e-4,0.5612499999999997,196.98494186280567
200,0.1,0,hub_09,pcglassoFast_Primal,C,0.002848035868435802,0.5566249999999975,196.98494186280567
200,0.1,0,hub_09,pcglassoFast_Primal,C,0.010000000000000004,0.546725,196.98494186280567
200,0.1,0,hub_09,pcglassoFast_Primal,I,9.999999999999982e-9,0.8918499999998858,196.98488592486044
200,0.1,0,hub_09,pcglassoFast_Primal,I,3.5111917342151263e-8,0.9761999999999716,196.98488592486044
200,0.1,0,hub_09,pcglassoFast_Primal,I,1.2328467394420646e-7,0.8267749999999751,196.98488597211698
200,0.1,0,hub_09,pcglassoFast_Primal,I,4.328761281083054e-7,0.8277250000000549,196.98488597211698
200,0.1,0,hub_09,pcglassoFast_Primal,I,1.5199110829529328e-6,0.7549750000000017,196.98488609393263
200,0.1,0,hub_09,pcglassoFast_Primal,I,5.336699231206308e-6,0.6700000000000387,196.98488674122532
200,0.1,0,hub_09,pcglassoFast_Primal,I,1.873817422860384e-5,0.6171250000000044,196.98488910572735
200,0.1,0,hub_09,pcglassoFast_Primal,I,6.579332246575681e-5,0.5567999999999756,196.98489728358797
200,0.1,0,hub_09,pcglassoFast_Primal,I,2.310129700083161e-4,0.5441750000000155,196.98489728358797
200,0.1,0,hub_09,pcglassoFast_Primal,I,8.11130830789687e-4,0.4671000000000106,196.98493775268923
200,0.1,0,hub_09,pcglassoFast_Primal,I,0.002848035868435802,0.478774999999996,196.98493775268923
200,0.1,0,hub_09,pcglassoFast_Primal,I,0.010000000000000004,0.4001499999999997,196.98519018448084
200,0.1,0,hub_1,pcglasso,C,9.999999999999982e-9,64.003725,75.50483902526945
200,0.1,0,hub_1,pcglasso,C,3.5111917342151263e-8,50.67039999999995,75.50484040817348
200,0.1,0,hub_1,pcglasso,C,1.2328467394420646e-7,48.02580000000014,75.50484109837268
200,0.1,0,hub_1,pcglasso,C,4.328761281083054e-7,33.86377500000002,75.50489908491282
200,0.1,0,hub_1,pcglasso,C,1.5199110829529328e-6,20.858400000000017,75.50669911029675
200,0.1,0,hub_1,pcglasso,C,5.336699231206308e-6,18.553950000000004,75.50710783103064
200,0.1,0,hub_1,pcglasso,C,1.873817422860384e-5,14.00332499999999,75.5600217763356
200,0.1,0,hub_1,pcglasso,C,6.579332246575681e-5,11.099325000000004,77.22080656405097
200,0.1,0,hub_1,pcglasso,C,2.310129700083161e-4,11.05150000000001,77.17025686633109
200,0.1,0,hub_1,pcglasso,C,8.11130830789687e-4,10.867874999999996,89.94806596738398
200,0.1,0,hub_1,pcglasso,C,0.002848035868435802,2.592625000000004,227.31798885671
200,0.1,0,hub_1,pcglasso,C,0.010000000000000004,2.653424999999999,227.31798885671
200,0.1,0,hub_1,pcglasso,I,9.999999999999982e-9,169.885225,75.50483890893479
200,0.1,0,hub_1,pcglasso,I,3.5111917342151263e-8,167.65769999999998,75.50483897623005
200,0.1,0,hub_1,pcglasso,I,1.2328467394420646e-7,141.24167500000013,75.50483951824042
200,0.1,0,hub_1,pcglasso,I,4.328761281083054e-7,108.12679999999996,75.50484664843263
200,0.1,0,hub_1,pcglasso,I,1.5199110829529328e-6,80.24962500000005,75.50493662265609
200,0.1,0,hub_1,pcglasso,I,5.336699231206308e-6,54.30070000000002,75.50639934465664
200,0.1,0,hub_1,pcglasso,I,1.873817422860384e-5,33.64090000000003,75.52980791290338
200,0.1,0,hub_1,pcglasso,I,6.579332246575681e-5,1.7734749999999906,83.28990687621463
200,0.1,0,hub_1,pcglasso,I,2.310129700083161e-4,1.766024999999999,83.1821824425846
200,0.1,0,hub_1,pcglasso,I,8.11130830789687e-4,1.8335249999999945,82.96434722305496
200,0.1,0,hub_1,pcglasso,I,0.002848035868435802,1.1589750000000065,83.27607782901467
200,0.1,0,hub_1,pcglasso,I,0.010000000000000004,1.0989500000000034,84.78661746648505
200,0.1,0,hub_1,pcglassoFast_Dual,C,9.999999999999982e-9,35.903324999999974,75.50483898253152
200,0.1,0,hub_1,pcglassoFast_Dual,C,3.5111917342151263e-8,33.617199999999954,75.50483915285962
200,0.1,0,hub_1,pcglassoFast_Dual,C,1.2328467394420646e-7,25.77730000000006,75.50484765897413
200,0.1,0,hub_1,pcglassoFast_Dual,C,4.328761281083054e-7,24.425374999999995,75.50485032666839
200,0.1,0,hub_1,pcglassoFast_Dual,C,1.5199110829529328e-6,21.771400000000018,75.50487916216375
200,0.1,0,hub_1,pcglassoFast_Dual,C,5.336699231206308e-6,22.440699999999975,75.5048684390017
200,0.1,0,hub_1,pcglassoFast_Dual,C,1.873817422860384e-5,16.483974999999976,75.50530704544522
200,0.1,0,hub_1,pcglassoFast_Dual,C,6.579332246575681e-5,16.097250000000013,75.50559851754211
200,0.1,0,hub_1,pcglassoFast_Dual,C,2.310129700083161e-4,15.723874999999996,75.50656525317696
200,0.1,0,hub_1,pcglassoFast_Dual,C,8.11130830789687e-4,11.608575000000005,75.51544959042423
200,0.1,0,hub_1,pcglassoFast_Dual,C,0.002848035868435802,11.015249999999998,75.52184741164679
200,0.1,0,hub_1,pcglassoFast_Dual,C,0.010000000000000004,10.213825,75.53716635813332
200,0.1,0,hub_1,pcglassoFast_Dual,I,9.999999999999982e-9,66.57685000000006,75.50483894008727
200,0.1,0,hub_1,pcglassoFast_Dual,I,3.5111917342151263e-8,75.60302499999989,75.5048389708709
200,0.1,0,hub_1,pcglassoFast_Dual,I,1.2328467394420646e-7,70.16445000000006,75.50484010374592
200,0.1,0,hub_1,pcglassoFast_Dual,I,4.328761281083054e-7,68.99119999999995,75.50483954956759
200,0.1,0,hub_1,pcglassoFast_Dual,I,1.5199110829529328e-6,68.14992500000002,75.50484088462721
200,0.1,0,hub_1,pcglassoFast_Dual,I,5.336699231206308e-6,63.92140000000002,75.50485621867526
200,0.1,0,hub_1,pcglassoFast_Dual,I,1.873817422860384e-5,60.83420000000001,75.50489531449699
200,0.1,0,hub_1,pcglassoFast_Dual,I,6.579332246575681e-5,57.02485000000002,75.50537698009758
200,0.1,0,hub_1,pcglassoFast_Dual,I,2.310129700083161e-4,54.38087500000001,75.5059806291924
200,0.1,0,hub_1,pcglassoFast_Dual,I,8.11130830789687e-4,50.28959999999999,75.51268929564044
200,0.1,0,hub_1,pcglassoFast_Dual,I,0.002848035868435802,48.258100000000006,75.52193869617453
200,0.1,0,hub_1,pcglassoFast_Dual,I,0.010000000000000004,23.959475,80.19028623728957
200,0.1,0,hub_1,pcglassoFast_Primal,C,9.999999999999982e-9,19.378549999999972,75.5048390358714
200,0.1,0,hub_1,pcglassoFast_Primal,C,3.5111917342151263e-8,17.603999999999996,75.50483942082822
200,0.1,0,hub_1,pcglassoFast_Primal,C,1.2328467394420646e-7,15.780925000000025,75.50484066990217
200,0.1,0,hub_1,pcglassoFast_Primal,C,4.328761281083054e-7,13.903925000000005,75.50484475907719
200,0.1,0,hub_1,pcglassoFast_Primal,C,1.5199110829529328e-6,12.149049999999999,75.50485692669857
200,0.1,0,hub_1,pcglassoFast_Primal,C,5.336699231206308e-6,10.894524999999998,75.50488467287306
200,0.1,0,hub_1,pcglassoFast_Primal,C,1.873817422860384e-5,10.067650000000004,75.50489231125549
200,0.1,0,hub_1,pcglassoFast_Primal,C,6.579332246575681e-5,9.851649999999992,75.50489835018682
200,0.1,0,hub_1,pcglassoFast_Primal,C,2.310129700083161e-4,8.725325000000002,75.50501757457775
200,0.1,0,hub_1,pcglassoFast_Primal,C,8.11130830789687e-4,7.4161499999999965,75.50585074333156
200,0.1,0,hub_1,pcglassoFast_Primal,C,0.002848035868435802,5.697375000000001,75.50990503706066
200,0.1,0,hub_1,pcglassoFast_Primal,C,0.010000000000000004,5.189575,75.51864023673015
200,0.1,0,hub_1,pcglassoFast_Primal,I,9.999999999999982e-9,21.554775000000156,75.50483903023829
200,0.1,0,hub_1,pcglassoFast_Primal,I,3.5111917342151263e-8,19.8343000000001,75.50483940900726
200,0.1,0,hub_1,pcglassoFast_Primal,I,1.2328467394420646e-7,17.662199999999984,75.5048406929896
200,0.1,0,hub_1,pcglassoFast_Primal,I,4.328761281083054e-7,15.526924999999949,75.50484483162938
200,0.1,0,hub_1,pcglassoFast_Primal,I,1.5199110829529328e-6,14.02847499999998,75.50485869485047
200,0.1,0,hub_1,pcglassoFast_Primal,I,5.336699231206308e-6,12.413525000000027,75.50488028987616
200,0.1,0,hub_1,pcglassoFast_Primal,I,1.873817422860384e-5,11.61282500000002,75.50488643628697
200,0.1,0,hub_1,pcglassoFast_Primal,I,6.579332246575681e-5,11.053649999999987,75.50491229902426
200,0.1,0,hub_1,pcglassoFast_Primal,I,2.310129700083161e-4,10.187549999999991,75.50510732924025
200,0.1,0,hub_1,pcglassoFast_Primal,I,8.11130830789687e-4,9.243775000000003,75.5060484286334
200,0.1,0,hub_1,pcglassoFast_Primal,I,0.002848035868435802,8.312324999999998,75.50934199609054
200,0.1,0,hub_1,pcglassoFast_Primal,I,0.010000000000000004,7.383925,75.52521599939683
200,0.1,0,random,pcglasso,C,9.999999999999982e-9,3.868900000000076,179.33200329668233
200,0.1,0,random,pcglasso,C,3.5111917342151263e-8,3.428625000000056,179.33200401736264
200,0.1,0,random,pcglasso,C,1.2328467394420646e-7,3.135000000000082,179.33200937675417
200,0.1,0,random,pcglasso,C,4.328761281083054e-7,2.7107250000000365,179.33205977890955
200,0.1,0,random,pcglasso,C,1.5199110829529328e-6,2.7027249999999983,179.33207489741096
200,0.1,0,random,pcglasso,C,5.336699231206308e-6,2.4743249999999817,179.33233398797344
200,0.1,0,random,pcglasso,C,1.873817422860384e-5,1.8429500000000019,179.3352540808913
200,0.1,0,random,pcglasso,C,6.579332246575681e-5,1.1914749999999799,179.39417125596515
200,0.1,0,random,pcglasso,C,2.310129700083161e-4,0.9138000000000034,179.5969285709861
200,0.1,0,random,pcglasso,C,8.11130830789687e-4,0.41057500000000857,185.57622657553702
200,0.1,0,random,pcglasso,C,0.002848035868435802,0.1725500000000011,241.3622210370529
200,0.1,0,random,pcglasso,C,0.010000000000000004,0.17800000000000224,241.3622210370529
200,0.1,0,random,pcglasso,I,9.999999999999982e-9,3.762025000000085,179.33200355333062
200,0.1,0,random,pcglasso,I,3.5111917342151263e-8,3.527949999999919,179.3320092365646
200,0.1,0,random,pcglasso,I,1.2328467394420646e-7,2.814049999999952,179.3320710007058
200,0.1,0,random,pcglasso,I,4.328761281083054e-7,2.193425000000025,179.33249565096062
200,0.1,0,random,pcglasso,I,1.5199110829529328e-6,1.8913749999999367,179.33311835126818
200,0.1,0,random,pcglasso,I,5.336699231206308e-6,1.8233249999999999,179.33394072419995
200,0.1,0,random,pcglasso,I,1.873817422860384e-5,1.26952500000001,179.34584421938465
200,0.1,0,random,pcglasso,I,6.579332246575681e-5,0.7099500000000318,179.4787742244527
200,0.1,0,random,pcglasso,I,2.310129700083161e-4,0.5032500000000028,179.72051324156664
200,0.1,0,random,pcglasso,I,8.11130830789687e-4,0.29557499999999665,180.76251427184582
200,0.1,0,random,pcglasso,I,0.002848035868435802,0.25662499999999966,180.43472249096305
200,0.1,0,random,pcglasso,I,0.010000000000000004,0.2633749999999971,180.43472249096305
200,0.1,0,random,pcglassoFast_Dual,C,9.999999999999982e-9,0.6173999999999751,179.33200297319996
200,0.1,0,random,pcglassoFast_Dual,C,3.5111917342151263e-8,0.5854250000000093,179.33200302492529
200,0.1,0,random,pcglassoFast_Dual,C,1.2328467394420646e-7,0.5552500000000009,179.3320031135069
200,0.1,0,random,pcglassoFast_Dual,C,4.328761281083054e-7,0.4914750000000822,179.33200355273763
200,0.1,0,random,pcglassoFast_Dual,C,1.5199110829529328e-6,0.45879999999999654,179.33200543473632
200,0.1,0,random,pcglassoFast_Dual,C,5.336699231206308e-6,0.4247499999999775,179.33200458805624
200,0.1,0,random,pcglassoFast_Dual,C,1.873817422860384e-5,0.3903750000000059,179.3320146607493
200,0.1,0,random,pcglassoFast_Dual,C,6.579332246575681e-5,0.36380000000000906,179.33204394032782
200,0.1,0,random,pcglassoFast_Dual,C,2.310129700083161e-4,0.319025000000002,179.33228127672032
200,0.1,0,random,pcglassoFast_Dual,C,8.11130830789687e-4,0.29747500000001137,179.33221294754355
200,0.1,0,random,pcglassoFast_Dual,C,0.002848035868435802,0.28627500000000056,179.33234446140065
200,0.1,0,random,pcglassoFast_Dual,C,0.010000000000000004,0.25050000000000133,179.33683614300693
200,0.1,0,random,pcglassoFast_Dual,I,9.999999999999982e-9,0.4690500000000156,179.33200298089224
200,0.1,0,random,pcglassoFast_Dual,I,3.5111917342151263e-8,0.48352499999989507,179.33200303320598
200,0.1,0,random,pcglassoFast_Dual,I,1.2328467394420646e-7,0.44559999999992217,179.33200312085498
200,0.1,0,random,pcglassoFast_Dual,I,4.328761281083054e-7,0.4237249999999335,179.3320033461698
200,0.1,0,random,pcglassoFast_Dual,I,1.5199110829529328e-6,0.38285000000004177,179.3320049491384
200,0.1,0,random,pcglassoFast_Dual,I,5.336699231206308e-6,0.36814999999999143,179.33200604279523
200,0.1,0,random,pcglassoFast_Dual,I,1.873817422860384e-5,0.3515749999999514,179.332029816018
200,0.1,0,random,pcglassoFast_Dual,I,6.579332246575681e-5,0.30917500000002746,179.33203249345004
200,0.1,0,random,pcglassoFast_Dual,I,2.310129700083161e-4,0.30084999999999695,179.33204514191297
200,0.1,0,random,pcglassoFast_Dual,I,8.11130830789687e-4,0.22165000000000248,179.33374540463615
200,0.1,0,random,pcglassoFast_Dual,I,0.002848035868435802,0.20252500000000567,179.3340072393136
200,0.1,0,random,pcglassoFast_Dual,I,0.010000000000000004,0.1735749999999996,179.3355354508027
200,0.1,0,random,pcglassoFast_Primal,C,9.999999999999982e-9,2.0750749999999925,179.3320029814136
200,0.1,0,random,pcglassoFast_Primal,C,3.5111917342151263e-8,1.942274999999995,179.33200300256195
200,0.1,0,random,pcglassoFast_Primal,C,1.2328467394420646e-7,1.7720749999998588,179.3320031179769
200,0.1,0,random,pcglassoFast_Primal,C,4.328761281083054e-7,1.4814750000000458,179.3320036307564
200,0.1,0,random,pcglassoFast_Primal,C,1.5199110829529328e-6,1.368475000000012,179.33200475985828
200,0.1,0,random,pcglassoFast_Primal,C,5.336699231206308e-6,1.1935499999999366,179.33201083987606
200,0.1,0,random,pcglassoFast_Primal,C,1.873817422860384e-5,1.0121250000000033,179.33202444546896
200,0.1,0,random,pcglassoFast_Primal,C,6.579332246575681e-5,0.8589250000000022,179.33207134978147
200,0.1,0,random,pcglassoFast_Primal,C,2.310129700083161e-4,0.8305500000000137,179.33212968192177
200,0.1,0,random,pcglassoFast_Primal,C,8.11130830789687e-4,0.7335500000000081,179.33224627232002
200,0.1,0,random,pcglassoFast_Primal,C,0.002848035868435802,0.6576000000000022,179.332545593328
200,0.1,0,random,pcglassoFast_Primal,C,0.010000000000000004,0.5717499999999992,179.33374716339847
200,0.1,0,random,pcglassoFast_Primal,I,9.999999999999982e-9,1.7866250000000037,179.33200298062886
200,0.1,0,random,pcglassoFast_Primal,I,3.5111917342151263e-8,1.7727750000000015,179.33200301964746
200,0.1,0,random,pcglassoFast_Primal,I,1.2328467394420646e-7,1.6364499999999906,179.33200310445238
200,0.1,0,random,pcglassoFast_Primal,I,4.328761281083054e-7,1.4060249999999428,179.3320035784581
200,0.1,0,random,pcglassoFast_Primal,I,1.5199110829529328e-6,1.2627750000000106,179.33200470115798
200,0.1,0,random,pcglassoFast_Primal,I,5.336699231206308e-6,1.1518750000000069,179.33200826129644
200,0.1,0,random,pcglassoFast_Primal,I,1.873817422860384e-5,1.0654500000000098,179.33201267378828
200,0.1,0,random,pcglassoFast_Primal,I,6.579332246575681e-5,0.9790750000000173,179.33202186148316
200,0.1,0,random,pcglassoFast_Primal,I,2.310129700083161e-4,0.8568749999999852,179.3321171642649
200,0.1,0,random,pcglassoFast_Primal,I,8.11130830789687e-4,0.8020749999999992,179.33233239393397
200,0.1,0,random,pcglassoFast_Primal,I,0.002848035868435802,0.7093750000000014,179.33297033531852
200,0.1,0,random,pcglassoFast_Primal,I,0.010000000000000004,0.5644999999999992,179.3373189335053
200,0.1,0.5,AR2,pcglasso,C,9.999999999999982e-9,1.81350000000009,167.02599830353196
200,0.1,0.5,AR2,pcglasso,C,3.5111917342151263e-8,1.7824499999999261,167.0259983052897
200,0.1,0.5,AR2,pcglasso,C,1.2328467394420646e-7,1.7215499999999793,167.02599833915332
200,0.1,0.5,AR2,pcglasso,C,4.328761281083054e-7,1.6486499999999977,167.02599861351825
200,0.1,0.5,AR2,pcglasso,C,1.5199110829529328e-6,1.6665500000000293,167.02599861351825
200,0.1,0.5,AR2,pcglasso,C,5.336699231206308e-6,1.629224999999991,167.02599885859388
200,0.1,0.5,AR2,pcglasso,C,1.873817422860384e-5,1.3757499999999936,167.02600611617453
200,0.1,0.5,AR2,pcglasso,C,6.579332246575681e-5,1.0438749999999857,167.02613119425195
200,0.1,0.5,AR2,pcglasso,C,2.310129700083161e-4,0.8147250000000014,167.02738456923933
200,0.1,0.5,AR2,pcglasso,C,8.11130830789687e-4,0.5023999999999944,167.95961686276175
200,0.1,0.5,AR2,pcglasso,C,0.002848035868435802,0.22194999999999823,282.69046959330825
200,0.1,0.5,AR2,pcglasso,C,0.010000000000000004,0.19817499999999838,276.92819525006803
200,0.1,0.5,AR2,pcglasso,I,9.999999999999982e-9,0.76850000000004,167.02599830352986
200,0.1,0.5,AR2,pcglasso,I,3.5111917342151263e-8,0.8266999999999826,167.02599830473423
200,0.1,0.5,AR2,pcglasso,I,1.2328467394420646e-7,0.801800000000003,167.02599833811564
200,0.1,0.5,AR2,pcglasso,I,4.328761281083054e-7,0.6932250000000522,167.02599935351782
200,0.1,0.5,AR2,pcglasso,I,1.5199110829529328e-6,0.706425000000013,167.02599935351782
200,0.1,0.5,AR2,pcglasso,I,5.336699231206308e-6,0.6575250000000097,167.0260001230635
200,0.1,0.5,AR2,pcglasso,I,1.873817422860384e-5,0.5246749999999736,167.02605804353448
200,0.1,0.5,AR2,pcglasso,I,6.579332246575681e-5,0.3246499999999912,167.0270831781222
200,0.1,0.5,AR2,pcglasso,I,2.310129700083161e-4,0.30327499999999646,167.02641615348367
200,0.1,0.5,AR2,pcglasso,I,8.11130830789687e-4,0.16457500000000494,167.04174688187055
200,0.1,0.5,AR2,pcglasso,I,0.002848035868435802,0.17265000000000014,167.05686019565113
200,0.1,0.5,AR2,pcglasso,I,0.010000000000000004,0.1485999999999997,167.0651894472296
200,0.1,0.5,AR2,pcglassoFast_Dual,C,9.999999999999982e-9,0.2280749999999898,167.0259983035861
200,0.1,0.5,AR2,pcglassoFast_Dual,C,3.5111917342151263e-8,0.2354499999999689,167.02599830490206
200,0.1,0.5,AR2,pcglassoFast_Dual,C,1.2328467394420646e-7,0.23077500000008513,167.02599830490206
200,0.1,0.5,AR2,pcglassoFast_Dual,C,4.328761281083054e-7,0.23160000000002584,167.02599830490206
200,0.1,0.5,AR2,pcglassoFast_Dual,C,1.5199110829529328e-6,0.2054000000000201,167.0259983309885
200,0.1,0.5,AR2,pcglassoFast_Dual,C,5.336699231206308e-6,0.20622500000004607,167.0259983309885
200,0.1,0.5,AR2,pcglassoFast_Dual,C,1.873817422860384e-5,0.20282500000000708,167.02599884862144
200,0.1,0.5,AR2,pcglassoFast_Dual,C,6.579332246575681e-5,0.20697499999999422,167.02599884862144
200,0.1,0.5,AR2,pcglassoFast_Dual,C,2.310129700083161e-4,0.1904249999999877,167.0260090739749
200,0.1,0.5,AR2,pcglassoFast_Dual,C,8.11130830789687e-4,0.2108249999999927,167.0260090739749
200,0.1,0.5,AR2,pcglassoFast_Dual,C,0.002848035868435802,0.20829999999999843,167.0260090739749
200,0.1,0.5,AR2,pcglassoFast_Dual,C,0.010000000000000004,0.19304999999999914,167.02621474252535
200,0.1,0.5,AR2,pcglassoFast_Dual,I,9.999999999999982e-9,0.1481249999999136,167.0259983036118
200,0.1,0.5,AR2,pcglassoFast_Dual,I,3.5111917342151263e-8,0.1577499999999418,167.02599830516573
200,0.1,0.5,AR2,pcglassoFast_Dual,I,1.2328467394420646e-7,0.15957499999994978,167.02599830516573
200,0.1,0.5,AR2,pcglassoFast_Dual,I,4.328761281083054e-7,0.1486749999999688,167.0259983261407
200,0.1,0.5,AR2,pcglassoFast_Dual,I,1.5199110829529328e-6,0.14067500000005567,167.0259983261407
200,0.1,0.5,AR2,pcglassoFast_Dual,I,5.336699231206308e-6,0.12202499999997371,167.02599861278355
200,0.1,0.5,AR2,pcglassoFast_Dual,I,1.873817422860384e-5,0.13432500000001255,167.02599861278355
200,0.1,0.5,AR2,pcglassoFast_Dual,I,6.579332246575681e-5,0.1218500000000347,167.0260025982993
200,0.1,0.5,AR2,pcglassoFast_Dual,I,2.310129700083161e-4,0.11872500000000627,167.0260025982993
200,0.1,0.5,AR2,pcglassoFast_Dual,I,8.11130830789687e-4,0.11404999999998892,167.0260025982993
200,0.1,0.5,AR2,pcglassoFast_Dual,I,0.002848035868435802,0.09804999999999069,167.0260568984069
200,0.1,0.5,AR2,pcglassoFast_Dual,I,0.010000000000000004,0.10977500000000262,167.0260568984069
200,0.1,0.5,AR2,pcglassoFast_Primal,C,9.999999999999982e-9,0.8911250000000109,167.02599830359563
200,0.1,0.5,AR2,pcglassoFast_Primal,C,3.5111917342151263e-8,0.8341999999999871,167.02599830489083
200,0.1,0.5,AR2,pcglassoFast_Primal,C,1.2328467394420646e-7,0.8234499999998889,167.02599830489083
200,0.1,0.5,AR2,pcglassoFast_Primal,C,4.328761281083054e-7,0.7810750000000326,167.02599832847727
200,0.1,0.5,AR2,pcglassoFast_Primal,C,1.5199110829529328e-6,0.7712499999999636,167.02599832847727
200,0.1,0.5,AR2,pcglassoFast_Primal,C,5.336699231206308e-6,0.7622000000000128,167.02599832847727
200,0.1,0.5,AR2,pcglassoFast_Primal,C,1.873817422860384e-5,0.6972500000000081,167.025998753497
200,0.1,0.5,AR2,pcglassoFast_Primal,C,6.579332246575681e-5,0.7182000000000016,167.025998753497
200,0.1,0.5,AR2,pcglassoFast_Primal,C,2.310129700083161e-4,0.6367250000000098,167.0260065288826
200,0.1,0.5,AR2,pcglassoFast_Primal,C,8.11130830789687e-4,0.647575000000009,167.0260065288826
200,0.1,0.5,AR2,pcglassoFast_Primal,C,0.002848035868435802,0.5730749999999987,167.0261515461755
200,0.1,0.5,AR2,pcglassoFast_Primal,C,0.010000000000000004,0.5527250000000005,167.0261515461755
200,0.1,0.5,AR2,pcglassoFast_Primal,I,9.999999999999982e-9,0.6105499999999211,167.02599830372915
200,0.1,0.5,AR2,pcglassoFast_Primal,I,3.5111917342151263e-8,0.6025249999999005,167.02599830646338
200,0.1,0.5,AR2,pcglassoFast_Primal,I,1.2328467394420646e-7,0.60974999999994,167.02599830646338
200,0.1,0.5,AR2,pcglassoFast_Primal,I,4.328761281083054e-7,0.5288750000000164,167.02599834032208
200,0.1,0.5,AR2,pcglassoFast_Primal,I,1.5199110829529328e-6,0.5352499999999736,167.02599834032208
200,0.1,0.5,AR2,pcglassoFast_Primal,I,5.336699231206308e-6,0.5419249999999807,167.02599834032208
200,0.1,0.5,AR2,pcglassoFast_Primal,I,1.873817422860384e-5,0.4570750000000089,167.02599876502086
200,0.1,0.5,AR2,pcglassoFast_Primal,I,6.579332246575681e-5,0.4700250000000324,167.02599876502086
200,0.1,0.5,AR2,pcglassoFast_Primal,I,2.310129700083161e-4,0.3926499999999834,167.02600417397736
200,0.1,0.5,AR2,pcglassoFast_Primal,I,8.11130830789687e-4,0.390725000000009,167.02600417397736
200,0.1,0.5,AR2,pcglassoFast_Primal,I,0.002848035868435802,0.3311250000000001,167.02607428595826
200,0.1,0.5,AR2,pcglassoFast_Primal,I,0.010000000000000004,0.3275000000000016,167.02607428595826
200,0.1,0.5,hub_09,pcglasso,C,9.999999999999982e-9,4.952824999999916,169.3051250481917
200,0.1,0.5,hub_09,pcglasso,C,3.5111917342151263e-8,4.9564249999999905,169.3051250481917
200,0.1,0.5,hub_09,pcglasso,C,1.2328467394420646e-7,5.013874999999939,169.30512504819265
200,0.1,0.5,hub_09,pcglasso,C,4.328761281083054e-7,4.867574999999943,169.30512504821246
200,0.1,0.5,hub_09,pcglasso,C,1.5199110829529328e-6,4.937299999999993,169.30512504862705
200,0.1,0.5,hub_09,pcglasso,C,5.336699231206308e-6,4.48265000000003,169.30512505761104
200,0.1,0.5,hub_09,pcglasso,C,1.873817422860384e-5,3.0966499999999995,169.3051251453228
200,0.1,0.5,hub_09,pcglasso,C,6.579332246575681e-5,2.32030000000002,169.3051267756179
200,0.1,0.5,hub_09,pcglasso,C,2.310129700083161e-4,0.7604999999999876,169.44734167157011
200,0.1,0.5,hub_09,pcglasso,C,8.11130830789687e-4,0.536225000000013,169.36976517178186
200,0.1,0.5,hub_09,pcglasso,C,0.002848035868435802,0.19492500000000773,221.43640352712498
200,0.1,0.5,hub_09,pcglasso,C,0.010000000000000004,0.17964999999999662,222.22759334881658
200,0.1,0.5,hub_09,pcglasso,I,9.999999999999982e-9,1.093350000000123,169.30512504818932
200,0.1,0.5,hub_09,pcglasso,I,3.5111917342151263e-8,1.087050000000022,169.3051250482269
200,0.1,0.5,hub_09,pcglasso,I,1.2328467394420646e-7,1.1149750000000267,169.3051250482269
200,0.1,0.5,hub_09,pcglasso,I,4.328761281083054e-7,1.0639750000000732,169.30512504823815
200,0.1,0.5,hub_09,pcglasso,I,1.5199110829529328e-6,1.043949999999984,169.3051250484683
200,0.1,0.5,hub_09,pcglasso,I,5.336699231206308e-6,0.9610999999999535,169.30512505352226
200,0.1,0.5,hub_09,pcglasso,I,1.873817422860384e-5,0.6798750000000325,169.30512548883829
200,0.1,0.5,hub_09,pcglasso,I,6.579332246575681e-5,0.46772500000000716,169.30512806361747
200,0.1,0.5,hub_09,pcglasso,I,2.310129700083161e-4,0.35782500000002243,169.30515257789293
200,0.1,0.5,hub_09,pcglasso,I,8.11130830789687e-4,0.1834000000000003,169.3065286703227
200,0.1,0.5,hub_09,pcglasso,I,0.002848035868435802,0.1483750000000029,169.3199913933812
200,0.1,0.5,hub_09,pcglasso,I,0.010000000000000004,0.19357499999999989,169.31947982776643
200,0.1,0.5,hub_09,pcglassoFast_Dual,C,9.999999999999982e-9,0.394800000000032,169.30512505136733
200,0.1,0.5,hub_09,pcglassoFast_Dual,C,3.5111917342151263e-8,0.41092499999999743,169.30512505914544
200,0.1,0.5,hub_09,pcglassoFast_Dual,C,1.2328467394420646e-7,0.38920000000000526,169.30512508622925
200,0.1,0.5,hub_09,pcglassoFast_Dual,C,4.328761281083054e-7,0.3614499999999907,169.30512518025876
200,0.1,0.5,hub_09,pcglassoFast_Dual,C,1.5199110829529328e-6,0.3611000000000558,169.3051255067252
200,0.1,0.5,hub_09,pcglassoFast_Dual,C,5.336699231206308e-6,0.3336249999999893,169.30512664018346
200,0.1,0.5,hub_09,pcglassoFast_Dual,C,1.873817422860384e-5,0.3362500000000068,169.30513057428905
200,0.1,0.5,hub_09,pcglassoFast_Dual,C,6.579332246575681e-5,0.3354250000000036,169.30514399969422
200,0.1,0.5,hub_09,pcglassoFast_Dual,C,2.310129700083161e-4,0.315075000000013,169.30518707650225
200,0.1,0.5,hub_09,pcglassoFast_Dual,C,8.11130830789687e-4,0.31187500000000057,169.30531542362024
200,0.1,0.5,hub_09,pcglassoFast_Dual,C,0.002848035868435802,0.288900000000001,169.30670625603923
200,0.1,0.5,hub_09,pcglassoFast_Dual,C,0.010000000000000004,0.2481999999999985,169.31510149440265
200,0.1,0.5,hub_09,pcglassoFast_Dual,I,9.999999999999982e-9,0.18452500000000782,169.30512504974064
200,0.1,0.5,hub_09,pcglassoFast_Dual,I,3.5111917342151263e-8,0.1974500000000262,169.3051250535344
200,0.1,0.5,hub_09,pcglassoFast_Dual,I,1.2328467394420646e-7,0.1946750000000975,169.30512506661358
200,0.1,0.5,hub_09,pcglassoFast_Dual,I,4.328761281083054e-7,0.16754999999999426,169.30512511215684
200,0.1,0.5,hub_09,pcglassoFast_Dual,I,1.5199110829529328e-6,0.15162499999999,169.305125270335
200,0.1,0.5,hub_09,pcglassoFast_Dual,I,5.336699231206308e-6,0.1578999999999951,169.30512583137917
200,0.1,0.5,hub_09,pcglassoFast_Dual,I,1.873817422860384e-5,0.1320000000000107,169.30512784825575
200,0.1,0.5,hub_09,pcglassoFast_Dual,I,6.579332246575681e-5,0.10544999999999619,169.30513500253363
200,0.1,0.5,hub_09,pcglassoFast_Dual,I,2.310129700083161e-4,0.10160000000001332,169.3051604485487
200,0.1,0.5,hub_09,pcglassoFast_Dual,I,8.11130830789687e-4,0.08355000000000815,169.30525464507048
200,0.1,0.5,hub_09,pcglassoFast_Dual,I,0.002848035868435802,0.06372499999999519,169.30566245875744
200,0.1,0.5,hub_09,pcglassoFast_Dual,I,0.010000000000000004,0.06419999999999888,169.30566245875744
200,0.1,0.5,hub_09,pcglassoFast_Primal,C,9.999999999999982e-9,1.6717749999999796,169.3051250498035
200,0.1,0.5,hub_09,pcglassoFast_Primal,C,3.5111917342151263e-8,1.6266750000000456,169.30512505361682
200,0.1,0.5,hub_09,pcglassoFast_Primal,C,1.2328467394420646e-7,1.584624999999869,169.30512506644237
200,0.1,0.5,hub_09,pcglassoFast_Primal,C,4.328761281083054e-7,1.4507249999999998,169.30512510999787
200,0.1,0.5,hub_09,pcglassoFast_Primal,C,1.5199110829529328e-6,1.418349999999964,169.30512525745766
200,0.1,0.5,hub_09,pcglassoFast_Primal,C,5.336699231206308e-6,1.3605750000000056,169.30512575655888
200,0.1,0.5,hub_09,pcglassoFast_Primal,C,1.873817422860384e-5,1.195675,169.30513315309122
200,0.1,0.5,hub_09,pcglassoFast_Primal,C,6.579332246575681e-5,1.1296000000000106,169.30515180300628
200,0.1,0.5,hub_09,pcglassoFast_Primal,C,2.310129700083161e-4,1.0695999999999999,169.3052090502855
200,0.1,0.5,hub_09,pcglassoFast_Primal,C,8.11130830789687e-4,0.9860000000000042,169.30537387958063
200,0.1,0.5,hub_09,pcglassoFast_Primal,C,0.002848035868435802,0.9393250000000002,169.30584239373522
200,0.1,0.5,hub_09,pcglassoFast_Primal,C,0.010000000000000004,0.7556249999999995,169.31030126894294
200,0.1,0.5,hub_09,pcglassoFast_Primal,I,9.999999999999982e-9,0.7843000000000074,169.3051250501274
200,0.1,0.5,hub_09,pcglassoFast_Primal,I,3.5111917342151263e-8,0.7987250000000359,169.30512505470813
200,0.1,0.5,hub_09,pcglassoFast_Primal,I,1.2328467394420646e-7,0.750575000000049,169.30512507026913
200,0.1,0.5,hub_09,pcglassoFast_Primal,I,4.328761281083054e-7,0.6572750000000382,169.30512512297878
200,0.1,0.5,hub_09,pcglassoFast_Primal,I,1.5199110829529328e-6,0.6202249999999936,169.30512530157827
200,0.1,0.5,hub_09,pcglassoFast_Primal,I,5.336699231206308e-6,0.5435500000000275,169.30512592100376
200,0.1,0.5,hub_09,pcglassoFast_Primal,I,1.873817422860384e-5,0.4560999999999922,169.3051280944591
200,0.1,0.5,hub_09,pcglassoFast_Primal,I,6.579332246575681e-5,0.3897749999999974,169.30513562743846
200,0.1,0.5,hub_09,pcglassoFast_Primal,I,2.310129700083161e-4,0.32445000000001584,169.30516184943755
200,0.1,0.5,hub_09,pcglassoFast_Primal,I,8.11130830789687e-4,0.2501999999999896,169.30525756154174
200,0.1,0.5,hub_09,pcglassoFast_Primal,I,0.002848035868435802,0.17709999999999723,169.30566679145812
200,0.1,0.5,hub_09,pcglassoFast_Primal,I,0.010000000000000004,0.1807250000000007,169.30566679145812
200,0.1,0.5,hub_1,pcglasso,C,9.999999999999982e-9,13.328600000000051,111.20759416501642
200,0.1,0.5,hub_1,pcglasso,C,3.5111917342151263e-8,12.445100000000048,111.20759523833395
200,0.1,0.5,hub_1,pcglasso,C,1.2328467394420646e-7,11.054850000000055,111.20760722418974
200,0.1,0.5,hub_1,pcglasso,C,4.328761281083054e-7,10.33722499999999,111.20766813717852
200,0.1,0.5,hub_1,pcglasso,C,1.5199110829529328e-6,8.919899999999984,111.20881147796166
200,0.1,0.5,hub_1,pcglasso,C,5.336699231206308e-6,8.85627500000001,111.21214852547293
200,0.1,0.5,hub_1,pcglasso,C,1.873817422860384e-5,8.069874999999996,111.20934400987727
200,0.1,0.5,hub_1,pcglasso,C,6.579332246575681e-5,6.96020000000002,111.2164307686977
200,0.1,0.5,hub_1,pcglasso,C,2.310129700083161e-4,7.5211500000000004,111.35079515455938
200,0.1,0.5,hub_1,pcglasso,C,8.11130830789687e-4,4.346825000000008,125.72925329364777
200,0.1,0.5,hub_1,pcglasso,C,0.002848035868435802,2.5866500000000046,346.82245013226367
200,0.1,0.5,hub_1,pcglasso,C,0.010000000000000004,2.6351999999999998,346.82245013226367
200,0.1,0.5,hub_1,pcglasso,I,9.999999999999982e-9,14.7495749999998,111.20759371745098
200,0.1,0.5,hub_1,pcglasso,I,3.5111917342151263e-8,16.025275000000033,111.20759783494027
200,0.1,0.5,hub_1,pcglasso,I,1.2328467394420646e-7,15.774324999999909,111.20760742227029
200,0.1,0.5,hub_1,pcglasso,I,4.328761281083054e-7,15.6698249999999,111.20766164379681
200,0.1,0.5,hub_1,pcglasso,I,1.5199110829529328e-6,15.152249999999992,111.20774052468985
200,0.1,0.5,hub_1,pcglasso,I,5.336699231206308e-6,13.365600000000029,111.21479783890285
200,0.1,0.5,hub_1,pcglasso,I,1.873817422860384e-5,9.145150000000024,111.21501697376253
200,0.1,0.5,hub_1,pcglasso,I,6.579332246575681e-5,1.377399999999983,122.19428177255107
200,0.1,0.5,hub_1,pcglasso,I,2.310129700083161e-4,0.836624999999998,123.43325648915064
200,0.1,0.5,hub_1,pcglasso,I,8.11130830789687e-4,0.8744250000000051,123.4542346265525
200,0.1,0.5,hub_1,pcglasso,I,0.002848035868435802,0.530674999999998,123.83313510002083
200,0.1,0.5,hub_1,pcglasso,I,0.010000000000000004,0.46849999999999736,124.38130296533154
200,0.1,0.5,hub_1,pcglassoFast_Dual,C,9.999999999999982e-9,81.23570000000007,111.20759369489464
200,0.1,0.5,hub_1,pcglassoFast_Dual,C,3.5111917342151263e-8,81.59839999999997,111.20759369489464
200,0.1,0.5,hub_1,pcglassoFast_Dual,C,1.2328467394420646e-7,82.43854999999992,111.20759374176895
200,0.1,0.5,hub_1,pcglassoFast_Dual,C,4.328761281083054e-7,80.17847500000002,111.2075937478769
200,0.1,0.5,hub_1,pcglassoFast_Dual,C,1.5199110829529328e-6,80.42082500000001,111.2075938057446
200,0.1,0.5,hub_1,pcglassoFast_Dual,C,5.336699231206308e-6,80.98837500000002,111.20759813255584
200,0.1,0.5,hub_1,pcglassoFast_Dual,C,1.873817422860384e-5,81.01785000000001,111.20760546958304
200,0.1,0.5,hub_1,pcglassoFast_Dual,C,6.579332246575681e-5,80.30352500000001,111.20761012052472
200,0.1,0.5,hub_1,pcglassoFast_Dual,C,2.310129700083161e-4,81.214175,111.20767106884047
200,0.1,0.5,hub_1,pcglassoFast_Dual,C,8.11130830789687e-4,81.83339999999998,111.20777109989001
200,0.1,0.5,hub_1,pcglassoFast_Dual,C,0.002848035868435802,81.283375,111.20829558308778
200,0.1,0.5,hub_1,pcglassoFast_Dual,C,0.010000000000000004,82.21765,111.2095159841412
200,0.1,0.5,hub_1,pcglassoFast_Dual,I,9.999999999999982e-9,9.99919999999995,111.2075936925378
200,0.1,0.5,hub_1,pcglassoFast_Dual,I,3.5111917342151263e-8,11.032899999999927,111.2075936925378
200,0.1,0.5,hub_1,pcglassoFast_Dual,I,1.2328467394420646e-7,10.951599999999917,111.20759372922696
200,0.1,0.5,hub_1,pcglassoFast_Dual,I,4.328761281083054e-7,10.679525000000059,111.20759399196889
200,0.1,0.5,hub_1,pcglassoFast_Dual,I,1.5199110829529328e-6,10.391575000000069,111.20759416217973
200,0.1,0.5,hub_1,pcglassoFast_Dual,I,5.336699231206308e-6,10.524275,111.20759437447741
200,0.1,0.5,hub_1,pcglassoFast_Dual,I,1.873817422860384e-5,10.670799999999975,111.20759646887788
200,0.1,0.5,hub_1,pcglassoFast_Dual,I,6.579332246575681e-5,10.216100000000006,111.20762755014768
200,0.1,0.5,hub_1,pcglassoFast_Dual,I,2.310129700083161e-4,10.228000000000012,111.20762755014768
200,0.1,0.5,hub_1,pcglassoFast_Dual,I,8.11130830789687e-4,10.426675,111.20788321843871
200,0.1,0.5,hub_1,pcglassoFast_Dual,I,0.002848035868435802,10.047625000000002,111.21180911062946
200,0.1,0.5,hub_1,pcglassoFast_Dual,I,0.010000000000000004,9.943400000000002,111.2204246421945
200,0.1,0.5,hub_1,pcglassoFast_Primal,C,9.999999999999982e-9,119.25264999999986,111.20759551735563
200,0.1,0.5,hub_1,pcglassoFast_Primal,C,3.5111917342151263e-8,85.42307500000004,111.20759644539604
200,0.1,0.5,hub_1,pcglassoFast_Primal,C,1.2328467394420646e-7,70.43979999999999,111.2075988014883
200,0.1,0.5,hub_1,pcglassoFast_Primal,C,4.328761281083054e-7,52.46185000000001,111.2076113269749
200,0.1,0.5,hub_1,pcglassoFast_Primal,C,1.5199110829529328e-6,37.17212499999998,111.20764239766514
200,0.1,0.5,hub_1,pcglassoFast_Primal,C,5.336699231206308e-6,24.291275000000013,111.20765011562587
200,0.1,0.5,hub_1,pcglassoFast_Primal,C,1.873817422860384e-5,12.650525000000021,111.20905914325394
200,0.1,0.5,hub_1,pcglassoFast_Primal,C,6.579332246575681e-5,7.006124999999974,111.20868788476696
200,0.1,0.5,hub_1,pcglassoFast_Primal,C,2.310129700083161e-4,4.806999999999991,111.21032346433874
200,0.1,0.5,hub_1,pcglassoFast_Primal,C,8.11130830789687e-4,3.305825000000007,111.21923268342056
200,0.1,0.5,hub_1,pcglassoFast_Primal,C,0.002848035868435802,2.6150999999999947,111.24190037520759
200,0.1,0.5,hub_1,pcglassoFast_Primal,C,0.010000000000000004,1.7653750000000001,111.35418694842139
200,0.1,0.5,hub_1,pcglassoFast_Primal,I,9.999999999999982e-9,115.81847499999995,111.20759565105512
200,0.1,0.5,hub_1,pcglassoFast_Primal,I,3.5111917342151263e-8,92.92270000000003,111.20759552594923
200,0.1,0.5,hub_1,pcglassoFast_Primal,I,1.2328467394420646e-7,77.676075,111.20759921057756
200,0.1,0.5,hub_1,pcglassoFast_Primal,I,4.328761281083054e-7,61.91950000000006,111.2075956965235
200,0.1,0.5,hub_1,pcglassoFast_Primal,I,1.5199110829529328e-6,45.65130000000001,111.20761918693195
200,0.1,0.5,hub_1,pcglassoFast_Primal,I,5.336699231206308e-6,32.88112499999998,111.20803824834692
200,0.1,0.5,hub_1,pcglassoFast_Primal,I,1.873817422860384e-5,21.128825000000006,111.2078608352565
200,0.1,0.5,hub_1,pcglassoFast_Primal,I,6.579332246575681e-5,12.600375000000014,111.20775214249933
200,0.1,0.5,hub_1,pcglassoFast_Primal,I,2.310129700083161e-4,7.030725000000009,111.20781624955325
200,0.1,0.5,hub_1,pcglassoFast_Primal,I,8.11130830789687e-4,4.48455000000001,111.21278718982734
200,0.1,0.5,hub_1,pcglassoFast_Primal,I,0.002848035868435802,3.674449999999999,111.23183237282694
200,0.1,0.5,hub_1,pcglassoFast_Primal,I,0.010000000000000004,3.1389250000000013,111.23653109907377
200,0.1,0.5,random,pcglasso,C,9.999999999999982e-9,3.128825000000029,167.30183013909527
200,0.1,0.5,random,pcglasso,C,3.5111917342151263e-8,2.8978750000000444,167.3018302732248
200,0.1,0.5,random,pcglasso,C,1.2328467394420646e-7,2.693249999999966,167.30183141287728
200,0.1,0.5,random,pcglasso,C,4.328761281083054e-7,2.558775000000003,167.30184162002473
200,0.1,0.5,random,pcglasso,C,1.5199110829529328e-6,2.155774999999937,167.3021028245854
200,0.1,0.5,random,pcglasso,C,5.336699231206308e-6,2.0640250000000036,167.30240928868386
200,0.1,0.5,random,pcglasso,C,1.873817422860384e-5,1.5138499999999908,167.3075669337786
200,0.1,0.5,random,pcglasso,C,6.579332246575681e-5,1.0780750000000012,167.34444240094942
200,0.1,0.5,random,pcglasso,C,2.310129700083161e-4,0.7241999999999905,167.42020686294975
200,0.1,0.5,random,pcglasso,C,8.11130830789687e-4,0.48094999999999855,167.49532504743541
200,0.1,0.5,random,pcglasso,C,0.002848035868435802,0.17075000000000173,266.9176771393225
200,0.1,0.5,random,pcglasso,C,0.010000000000000004,0.17827499999999857,266.9176771393225
200,0.1,0.5,random,pcglasso,I,9.999999999999982e-9,2.0536249999998746,167.30183014452516
200,0.1,0.5,random,pcglasso,I,3.5111917342151263e-8,2.1865000000000236,167.30183021834583
200,0.1,0.5,random,pcglasso,I,1.2328467394420646e-7,1.81899999999996,167.30183250997615
200,0.1,0.5,random,pcglasso,I,4.328761281083054e-7,1.653574999999887,167.3018516891314
200,0.1,0.5,random,pcglasso,I,1.5199110829529328e-6,1.4172499999999673,167.30200517111058
200,0.1,0.5,random,pcglasso,I,5.336699231206308e-6,1.1880750000000035,167.30274986296268
200,0.1,0.5,random,pcglasso,I,1.873817422860384e-5,0.8834749999999815,167.30414452526685
200,0.1,0.5,random,pcglasso,I,6.579332246575681e-5,0.6604500000000144,167.3084383736874
200,0.1,0.5,random,pcglasso,I,2.310129700083161e-4,0.4083750000000208,167.3254588240068
200,0.1,0.5,random,pcglasso,I,8.11130830789687e-4,0.21227499999998542,167.38156555573832
200,0.1,0.5,random,pcglasso,I,0.002848035868435802,0.21997499999999662,167.33394856557044
200,0.1,0.5,random,pcglasso,I,0.010000000000000004,0.16387500000000016,167.73627867719625
200,0.1,0.5,random,pcglassoFast_Dual,C,9.999999999999982e-9,0.31202499999992594,167.30183013294004
200,0.1,0.5,random,pcglassoFast_Dual,C,3.5111917342151263e-8,0.3009499999999889,167.30183014932484
200,0.1,0.5,random,pcglassoFast_Dual,C,1.2328467394420646e-7,0.28105000000002744,167.30183016655369
200,0.1,0.5,random,pcglassoFast_Dual,C,4.328761281083054e-7,0.2697499999999991,167.30183021487022
200,0.1,0.5,random,pcglassoFast_Dual,C,1.5199110829529328e-6,0.2512249999999881,167.30183021487022
200,0.1,0.5,random,pcglassoFast_Dual,C,5.336699231206308e-6,0.2372750000000167,167.30183049690595
200,0.1,0.5,random,pcglassoFast_Dual,C,1.873817422860384e-5,0.21879999999999883,167.30183850771914
200,0.1,0.5,random,pcglassoFast_Dual,C,6.579332246575681e-5,0.2169499999999971,167.30185280073377
200,0.1,0.5,random,pcglassoFast_Dual,C,2.310129700083161e-4,0.18845000000000312,167.3018852393169
200,0.1,0.5,random,pcglassoFast_Dual,C,8.11130830789687e-4,0.20775000000001143,167.3018852393169
200,0.1,0.5,random,pcglassoFast_Dual,C,0.002848035868435802,0.19317500000000223,167.30207926752044
200,0.1,0.5,random,pcglassoFast_Dual,C,0.010000000000000004,0.18599999999999922,167.30325117762678
200,0.1,0.5,random,pcglassoFast_Dual,I,9.999999999999982e-9,0.27942500000012843,167.30183013264912
200,0.1,0.5,random,pcglassoFast_Dual,I,3.5111917342151263e-8,0.29410000000011677,167.30183013787698
200,0.1,0.5,random,pcglassoFast_Dual,I,1.2328467394420646e-7,0.2541500000000042,167.30183018729252
200,0.1,0.5,random,pcglassoFast_Dual,I,4.328761281083054e-7,0.2599749999999972,167.301830279368
200,0.1,0.5,random,pcglassoFast_Dual,I,1.5199110829529328e-6,0.21567499999997608,167.3018310146132
200,0.1,0.5,random,pcglassoFast_Dual,I,5.336699231206308e-6,0.2082499999999982,167.30183160078093
200,0.1,0.5,random,pcglassoFast_Dual,I,1.873817422860384e-5,0.1965250000000026,167.30183602316862
200,0.1,0.5,random,pcglassoFast_Dual,I,6.579332246575681e-5,0.18772500000000605,167.30185199046238
200,0.1,0.5,random,pcglassoFast_Dual,I,2.310129700083161e-4,0.15462500000000431,167.30189322744846
200,0.1,0.5,random,pcglassoFast_Dual,I,8.11130830789687e-4,0.15320000000001527,167.30189399678017
200,0.1,0.5,random,pcglassoFast_Dual,I,0.002848035868435802,0.1388499999999951,167.3022426705102
200,0.1,0.5,random,pcglassoFast_Dual,I,0.010000000000000004,0.13404999999999845,167.303889866461
200,0.1,0.5,random,pcglassoFast_Primal,C,9.999999999999982e-9,1.5171249999999419,167.30183013721705
200,0.1,0.5,random,pcglassoFast_Primal,C,3.5111917342151263e-8,1.4342499999999974,167.30183014445797
200,0.1,0.5,random,pcglassoFast_Primal,C,1.2328467394420646e-7,1.3543749999998909,167.3018301672621
200,0.1,0.5,random,pcglassoFast_Primal,C,4.328761281083054e-7,1.297399999999982,167.30183022494714
200,0.1,0.5,random,pcglassoFast_Primal,C,1.5199110829529328e-6,1.1300249999999665,167.3018308743468
200,0.1,0.5,random,pcglassoFast_Primal,C,5.336699231206308e-6,1.0650000000000261,167.30183228070774
200,0.1,0.5,random,pcglassoFast_Primal,C,1.873817422860384e-5,1.0141249999999844,167.30183633468056
200,0.1,0.5,random,pcglassoFast_Primal,C,6.579332246575681e-5,0.935325000000006,167.30184820688893
200,0.1,0.5,random,pcglassoFast_Primal,C,2.310129700083161e-4,0.8443499999999915,167.30188258599367
200,0.1,0.5,random,pcglassoFast_Primal,C,8.11130830789687e-4,0.7906000000000034,167.30198218377984
200,0.1,0.5,random,pcglassoFast_Primal,C,0.002848035868435802,0.6401749999999986,167.3030879449569
200,0.1,0.5,random,pcglassoFast_Primal,C,0.010000000000000004,0.5692999999999999,167.3054584747402
200,0.1,0.5,random,pcglassoFast_Primal,I,9.999999999999982e-9,1.2231250000000045,167.30183013561594
200,0.1,0.5,random,pcglassoFast_Primal,I,3.5111917342151263e-8,1.1938249999999926,167.30183015234022
200,0.1,0.5,random,pcglassoFast_Primal,I,1.2328467394420646e-7,1.103675000000021,167.30183018707885
200,0.1,0.5,random,pcglassoFast_Primal,I,4.328761281083054e-7,1.050499999999977,167.30183027488985
200,0.1,0.5,random,pcglassoFast_Primal,I,1.5199110829529328e-6,0.9503499999999689,167.3018305355084
200,0.1,0.5,random,pcglassoFast_Primal,I,5.336699231206308e-6,0.903999999999985,167.30183126331826
200,0.1,0.5,random,pcglassoFast_Primal,I,1.873817422860384e-5,0.760000000000008,167.3018396244591
200,0.1,0.5,random,pcglassoFast_Primal,I,6.579332246575681e-5,0.6768749999999784,167.30185799692853
200,0.1,0.5,random,pcglassoFast_Primal,I,2.310129700083161e-4,0.6084249999999998,167.30191213470113
200,0.1,0.5,random,pcglassoFast_Primal,I,8.11130830789687e-4,0.5458500000000044,167.30207258672345
200,0.1,0.5,random,pcglassoFast_Primal,I,0.002848035868435802,0.4777250000000066,167.30254647476968
200,0.1,0.5,random,pcglassoFast_Primal,I,0.010000000000000004,0.408349999999999,167.30393863823684
200,0.2,0,AR2,pcglasso,C,9.999999999999982e-9,3.8456999999999426,188.4359642055619
200,0.2,0,AR2,pcglasso,C,3.5111917342151263e-8,3.9002249999999323,188.43596421002667
200,0.2,0,AR2,pcglasso,C,1.2328467394420646e-7,3.629925000000071,188.43596453134936
200,0.2,0,AR2,pcglasso,C,4.328761281083054e-7,3.5929999999999835,188.4359650982807
200,0.2,0,AR2,pcglasso,C,1.5199110829529328e-6,3.484800000000064,188.4359706609611
200,0.2,0,AR2,pcglasso,C,5.336699231206308e-6,3.1623000000000387,188.43630591984697
200,0.2,0,AR2,pcglasso,C,1.873817422860384e-5,2.425449999999995,188.43973870119737
200,0.2,0,AR2,pcglasso,C,6.579332246575681e-5,1.67469999999999,188.47595835942235
200,0.2,0,AR2,pcglasso,C,2.310129700083161e-4,1.0586999999999933,189.06590295248813
200,0.2,0,AR2,pcglasso,C,8.11130830789687e-4,0.5044999999999973,202.56536464552622
200,0.2,0,AR2,pcglasso,C,0.002848035868435802,0.21117499999999936,262.30504926906144
200,0.2,0,AR2,pcglasso,C,0.010000000000000004,0.19450000000000003,259.32481453427295
200,0.2,0,AR2,pcglasso,I,9.999999999999982e-9,2.0307749999999714,188.4359642118097
200,0.2,0,AR2,pcglasso,I,3.5111917342151263e-8,2.0599499999998896,188.43596423244733
200,0.2,0,AR2,pcglasso,I,1.2328467394420646e-7,1.8557249999999386,188.4359644762533
200,0.2,0,AR2,pcglasso,I,4.328761281083054e-7,1.8032999999999562,188.43596492725692
200,0.2,0,AR2,pcglasso,I,1.5199110829529328e-6,1.7497750000000223,188.43596974664806
200,0.2,0,AR2,pcglasso,I,5.336699231206308e-6,1.5673749999999813,188.43607835812875
200,0.2,0,AR2,pcglasso,I,1.873817422860384e-5,1.1256999999999777,188.43737549215697
200,0.2,0,AR2,pcglasso,I,6.579332246575681e-5,0.7539999999999907,188.4520035593242
200,0.2,0,AR2,pcglasso,I,2.310129700083161e-4,0.3682000000000073,188.70728934237152
200,0.2,0,AR2,pcglasso,I,8.11130830789687e-4,0.18897500000000775,189.15601483549358
200,0.2,0,AR2,pcglasso,I,0.002848035868435802,0.1963749999999905,188.8414676564298
200,0.2,0,AR2,pcglasso,I,0.010000000000000004,0.2038250000000005,188.8414676564298
200,0.2,0,AR2,pcglassoFast_Dual,C,9.999999999999982e-9,0.4053000000000111,188.43596419728067
200,0.2,0,AR2,pcglassoFast_Dual,C,3.5111917342151263e-8,0.38089999999995144,188.43596420199964
200,0.2,0,AR2,pcglassoFast_Dual,C,1.2328467394420646e-7,0.366274999999996,188.4359642154703
200,0.2,0,AR2,pcglassoFast_Dual,C,4.328761281083054e-7,0.358299999999997,188.4359642622884
200,0.2,0,AR2,pcglassoFast_Dual,C,1.5199110829529328e-6,0.34755000000001246,188.43596441404043
200,0.2,0,AR2,pcglassoFast_Dual,C,5.336699231206308e-6,0.3328000000000088,188.43596498285152
200,0.2,0,AR2,pcglassoFast_Dual,C,1.873817422860384e-5,0.3125749999999982,188.43596670317646
200,0.2,0,AR2,pcglassoFast_Dual,C,6.579332246575681e-5,0.296550000000002,188.43597259089924
200,0.2,0,AR2,pcglassoFast_Dual,C,2.310129700083161e-4,0.292925000000011,188.43599342800945
200,0.2,0,AR2,pcglassoFast_Dual,C,8.11130830789687e-4,0.30154999999999604,188.43606499682195
200,0.2,0,AR2,pcglassoFast_Dual,C,0.002848035868435802,0.2700250000000011,188.436321229031
200,0.2,0,AR2,pcglassoFast_Dual,C,0.010000000000000004,0.24260000000000126,188.43721416873757
200,0.2,0,AR2,pcglassoFast_Dual,I,9.999999999999982e-9,0.29392499999996746,188.43596419766632
200,0.2,0,AR2,pcglassoFast_Dual,I,3.5111917342151263e-8,0.279950000000008,188.43596420333822
200,0.2,0,AR2,pcglassoFast_Dual,I,1.2328467394420646e-7,0.26069999999995164,188.4359642227506
200,0.2,0,AR2,pcglassoFast_Dual,I,4.328761281083054e-7,0.253225000000009,188.43596428454458
200,0.2,0,AR2,pcglassoFast_Dual,I,1.5199110829529328e-6,0.2606000000000563,188.43596448255596
200,0.2,0,AR2,pcglassoFast_Dual,I,5.336699231206308e-6,0.2314999999999941,188.4359651299999
200,0.2,0,AR2,pcglassoFast_Dual,I,1.873817422860384e-5,0.22207500000001232,188.4359673226196
200,0.2,0,AR2,pcglassoFast_Dual,I,6.579332246575681e-5,0.22247499999998013,188.43597468945433
200,0.2,0,AR2,pcglassoFast_Dual,I,2.310129700083161e-4,0.1807249999999982,188.4359998701039
200,0.2,0,AR2,pcglassoFast_Dual,I,8.11130830789687e-4,0.1709499999999906,188.4360884551984
200,0.2,0,AR2,pcglassoFast_Dual,I,0.002848035868435802,0.15847499999999853,188.43639885742672
200,0.2,0,AR2,pcglassoFast_Dual,I,0.010000000000000004,0.1587249999999983,188.43762418401096
200,0.2,0,AR2,pcglassoFast_Primal,C,9.999999999999982e-9,1.6539749999999913,188.43596419715442
200,0.2,0,AR2,pcglassoFast_Primal,C,3.5111917342151263e-8,1.5808499999999186,188.4359642014075
200,0.2,0,AR2,pcglassoFast_Primal,C,1.2328467394420646e-7,1.3928750000000492,188.4359642511208
200,0.2,0,AR2,pcglassoFast_Primal,C,4.328761281083054e-7,1.3872749999999996,188.4359643728111
200,0.2,0,AR2,pcglassoFast_Primal,C,1.5199110829529328e-6,1.2829999999999813,188.43596476037828
200,0.2,0,AR2,pcglassoFast_Primal,C,5.336699231206308e-6,1.208925000000022,188.4359660608339
200,0.2,0,AR2,pcglassoFast_Primal,C,1.873817422860384e-5,1.141399999999993,188.43597038793104
200,0.2,0,AR2,pcglassoFast_Primal,C,6.579332246575681e-5,1.0907500000000112,188.4359849007608
200,0.2,0,AR2,pcglassoFast_Primal,C,2.310129700083161e-4,0.9878749999999912,188.43603431269145
200,0.2,0,AR2,pcglassoFast_Primal,C,8.11130830789687e-4,0.9559499999999957,188.43620347464412
200,0.2,0,AR2,pcglassoFast_Primal,C,0.002848035868435802,0.8729250000000015,188.43678689572516
200,0.2,0,AR2,pcglassoFast_Primal,C,0.010000000000000004,0.8225500000000006,188.43881270594184
200,0.2,0,AR2,pcglassoFast_Primal,I,9.999999999999982e-9,1.2337500000000774,188.43596419785663
200,0.2,0,AR2,pcglassoFast_Primal,I,3.5111917342151263e-8,1.2648999999999433,188.43596420311763
200,0.2,0,AR2,pcglassoFast_Primal,I,1.2328467394420646e-7,1.189025000000015,188.4359642167155
200,0.2,0,AR2,pcglassoFast_Primal,I,4.328761281083054e-7,1.1383000000000265,188.43596426361378
200,0.2,0,AR2,pcglassoFast_Primal,I,1.5199110829529328e-6,1.032349999999974,188.4359644098825
200,0.2,0,AR2,pcglassoFast_Primal,I,5.336699231206308e-6,0.8949999999999818,188.43596640433606
200,0.2,0,AR2,pcglassoFast_Primal,I,1.873817422860384e-5,0.8324750000000222,188.43597146442116
200,0.2,0,AR2,pcglassoFast_Primal,I,6.579332246575681e-5,0.7684000000000026,188.4359883299869
200,0.2,0,AR2,pcglassoFast_Primal,I,2.310129700083161e-4,0.6997999999999849,188.43604558027945
200,0.2,0,AR2,pcglassoFast_Primal,I,8.11130830789687e-4,0.622875000000002,188.4362420436913
200,0.2,0,AR2,pcglassoFast_Primal,I,0.002848035868435802,0.5510249999999971,188.43692806142548
200,0.2,0,AR2,pcglassoFast_Primal,I,0.010000000000000004,0.4770250000000004,188.43937764668726
200,0.2,0,hub_09,pcglasso,C,9.999999999999982e-9,3.793374999999969,199.66187044667248
200,0.2,0,hub_09,pcglasso,C,3.5111917342151263e-8,3.571725000000015,199.66187043702814
200,0.2,0,hub_09,pcglasso,C,1.2328467394420646e-7,3.500550000000021,199.66187043696337
200,0.2,0,hub_09,pcglasso,C,4.328761281083054e-7,2.877525000000014,199.66187066298713
200,0.2,0,hub_09,pcglasso,C,1.5199110829529328e-6,2.6628499999999917,199.66187276730693
200,0.2,0,hub_09,pcglasso,C,5.336699231206308e-6,2.3395249999999637,199.66189640021662
200,0.2,0,hub_09,pcglasso,C,1.873817422860384e-5,1.9192749999999819,199.66194907244542
200,0.2,0,hub_09,pcglasso,C,6.579332246575681e-5,1.2494500000000301,199.66932365324232
200,0.2,0,hub_09,pcglasso,C,2.310129700083161e-4,0.9243249999999961,199.68194328307965
200,0.2,0,hub_09,pcglasso,C,8.11130830789687e-4,0.7505499999999927,199.69162003282293
200,0.2,0,hub_09,pcglasso,C,0.002848035868435802,0.19562499999999688,270.04716658628587
200,0.2,0,hub_09,pcglasso,C,0.010000000000000004,0.1832500000000003,270.56466120801747
200,0.2,0,hub_09,pcglasso,I,9.999999999999982e-9,5.447899999999914,199.66187045298437
200,0.2,0,hub_09,pcglasso,I,3.5111917342151263e-8,6.331574999999953,199.66187045162425
200,0.2,0,hub_09,pcglasso,I,1.2328467394420646e-7,6.117049999999904,199.66187044056167
200,0.2,0,hub_09,pcglasso,I,4.328761281083054e-7,5.721924999999987,199.66187054711298
200,0.2,0,hub_09,pcglasso,I,1.5199110829529328e-6,5.582800000000054,199.66187210897564
200,0.2,0,hub_09,pcglasso,I,5.336699231206308e-6,4.749775000000033,199.66189388094784
200,0.2,0,hub_09,pcglasso,I,1.873817422860384e-5,3.156074999999953,199.66234665515088
200,0.2,0,hub_09,pcglasso,I,6.579332246575681e-5,2.0863999999999976,199.66509349463385
200,0.2,0,hub_09,pcglasso,I,2.310129700083161e-4,1.119800000000018,199.71563269624284
200,0.2,0,hub_09,pcglasso,I,8.11130830789687e-4,0.4314749999999975,199.82446997769804
200,0.2,0,hub_09,pcglasso,I,0.002848035868435802,0.1550499999999957,199.94031643287698
200,0.2,0,hub_09,pcglasso,I,0.010000000000000004,0.16369999999999862,199.94031643287698
200,0.2,0,hub_09,pcglassoFast_Dual,C,9.999999999999982e-9,0.2531000000000404,199.6618704363771
200,0.2,0,hub_09,pcglassoFast_Dual,C,3.5111917342151263e-8,0.23944999999991978,199.6618704384672
200,0.2,0,hub_09,pcglassoFast_Dual,C,1.2328467394420646e-7,0.2444000000000642,199.6618704384672
200,0.2,0,hub_09,pcglassoFast_Dual,C,4.328761281083054e-7,0.2209750000000213,199.66187048045393
200,0.2,0,hub_09,pcglassoFast_Dual,C,1.5199110829529328e-6,0.16709999999998218,199.66187253101725
200,0.2,0,hub_09,pcglassoFast_Dual,C,5.336699231206308e-6,0.1711750000000393,199.66187253101725
200,0.2,0,hub_09,pcglassoFast_Dual,C,1.873817422860384e-5,0.18172500000000583,199.66187253101725
200,0.2,0,hub_09,pcglassoFast_Dual,C,6.579332246575681e-5,0.17787500000000592,199.66187356785184
200,0.2,0,hub_09,pcglassoFast_Dual,C,2.310129700083161e-4,0.15439999999999826,199.66189988219693
200,0.2,0,hub_09,pcglassoFast_Dual,C,8.11130830789687e-4,0.15039999999999054,199.66189988219693
200,0.2,0,hub_09,pcglassoFast_Dual,C,0.002848035868435802,0.15920000000001408,199.6619313494168
200,0.2,0,hub_09,pcglassoFast_Dual,C,0.010000000000000004,0.15962500000000154,199.6619313494168
200,0.2,0,hub_09,pcglassoFast_Dual,I,9.999999999999982e-9,0.32880000000004656,199.661870438153
200,0.2,0,hub_09,pcglassoFast_Dual,I,3.5111917342151263e-8,0.34562500000001817,199.66187044065384
200,0.2,0,hub_09,pcglassoFast_Dual,I,1.2328467394420646e-7,0.3339750000000322,199.66187052032566
200,0.2,0,hub_09,pcglassoFast_Dual,I,4.328761281083054e-7,0.3218750000000341,199.66187062476038
200,0.2,0,hub_09,pcglassoFast_Dual,I,1.5199110829529328e-6,0.3268500000000131,199.66187062476038
200,0.2,0,hub_09,pcglassoFast_Dual,I,5.336699231206308e-6,0.3070999999999799,199.66187094345432
200,0.2,0,hub_09,pcglassoFast_Dual,I,1.873817422860384e-5,0.3171500000000151,199.6618734072108
200,0.2,0,hub_09,pcglassoFast_Dual,I,6.579332246575681e-5,0.3169249999999863,199.6618782207984
200,0.2,0,hub_09,pcglassoFast_Dual,I,2.310129700083161e-4,0.30230000000001667,199.66189055307393
200,0.2,0,hub_09,pcglassoFast_Dual,I,8.11130830789687e-4,0.28637500000001237,199.66193032533562
200,0.2,0,hub_09,pcglassoFast_Dual,I,0.002848035868435802,0.2740749999999991,199.66203795905633
200,0.2,0,hub_09,pcglassoFast_Dual,I,0.010000000000000004,0.27752500000000213,199.6630091234367
200,0.2,0,hub_09,pcglassoFast_Primal,C,9.999999999999982e-9,1.0453749999999218,199.6618704364227
200,0.2,0,hub_09,pcglassoFast_Primal,C,3.5111917342151263e-8,0.9617999999999938,199.66187043875374
200,0.2,0,hub_09,pcglassoFast_Primal,C,1.2328467394420646e-7,0.9007500000000391,199.66187044976488
200,0.2,0,hub_09,pcglassoFast_Primal,C,4.328761281083054e-7,0.8296000000000504,199.6618705053658
200,0.2,0,hub_09,pcglassoFast_Primal,C,1.5199110829529328e-6,0.7679000000000314,199.66187078400816
200,0.2,0,hub_09,pcglassoFast_Primal,C,5.336699231206308e-6,0.757224999999994,199.66187078400816
200,0.2,0,hub_09,pcglassoFast_Primal,C,1.873817422860384e-5,0.684999999999991,199.66187220493808
200,0.2,0,hub_09,pcglassoFast_Primal,C,6.579332246575681e-5,0.6362500000000182,199.6618793550425
200,0.2,0,hub_09,pcglassoFast_Primal,C,2.310129700083161e-4,0.5445000000000106,199.6619156638641
200,0.2,0,hub_09,pcglassoFast_Primal,C,8.11130830789687e-4,0.5423750000000069,199.6619156638641
200,0.2,0,hub_09,pcglassoFast_Primal,C,0.002848035868435802,0.4850250000000017,199.6620927188114
200,0.2,0,hub_09,pcglassoFast_Primal,C,0.010000000000000004,0.4011999999999998,199.66308915869644
200,0.2,0,hub_09,pcglassoFast_Primal,I,9.999999999999982e-9,1.3341499999999313,199.66187043707498
200,0.2,0,hub_09,pcglassoFast_Primal,I,3.5111917342151263e-8,1.407624999999939,199.6618704419147
200,0.2,0,hub_09,pcglassoFast_Primal,I,1.2328467394420646e-7,1.3268000000000484,199.66187046629278
200,0.2,0,hub_09,pcglassoFast_Primal,I,4.328761281083054e-7,1.323775000000103,199.66187046629278
200,0.2,0,hub_09,pcglassoFast_Primal,I,1.5199110829529328e-6,1.2532499999999687,199.66187058696735
200,0.2,0,hub_09,pcglassoFast_Primal,I,5.336699231206308e-6,1.1759250000000292,199.66187118755482
200,0.2,0,hub_09,pcglassoFast_Primal,I,1.873817422860384e-5,1.096625000000006,199.6618742550654
200,0.2,0,hub_09,pcglassoFast_Primal,I,6.579332246575681e-5,1.1269000000000233,199.6618742550654
200,0.2,0,hub_09,pcglassoFast_Primal,I,2.310129700083161e-4,1.0508749999999965,199.66188967882914
200,0.2,0,hub_09,pcglassoFast_Primal,I,8.11130830789687e-4,0.9760249999999899,199.66196606573754
200,0.2,0,hub_09,pcglassoFast_Primal,I,0.002848035868435802,0.9180249999999986,199.66233704774453
200,0.2,0,hub_09,pcglassoFast_Primal,I,0.010000000000000004,0.8383749999999992,199.66399611638474
200,0.2,0,hub_1,pcglasso,C,9.999999999999982e-9,23.992274999999857,79.00508834224206
200,0.2,0,hub_1,pcglasso,C,3.5111917342151263e-8,18.984024999999928,79.0050884782193
200,0.2,0,hub_1,pcglasso,C,1.2328467394420646e-7,19.18709999999994,79.00510330062575
200,0.2,0,hub_1,pcglasso,C,4.328761281083054e-7,15.036500000000057,79.0072477526416
200,0.2,0,hub_1,pcglasso,C,1.5199110829529328e-6,13.93042499999999,79.00829357608322
200,0.2,0,hub_1,pcglasso,C,5.336699231206308e-6,13.769299999999948,79.02286718355101
200,0.2,0,hub_1,pcglasso,C,1.873817422860384e-5,12.133225000000005,79.0128156981001
200,0.2,0,hub_1,pcglasso,C,6.579332246575681e-5,10.113524999999981,79.46233936500525
200,0.2,0,hub_1,pcglasso,C,2.310129700083161e-4,4.051424999999995,106.27360461584013
200,0.2,0,hub_1,pcglasso,C,8.11130830789687e-4,3.7810500000000102,121.88017577358667
200,0.2,0,hub_1,pcglasso,C,0.002848035868435802,1.6079250000000016,465.22364511692433
200,0.2,0,hub_1,pcglasso,C,0.010000000000000004,1.6600749999999962,465.22364511692433
200,0.2,0,hub_1,pcglasso,I,9.999999999999982e-9,30.389475000000083,79.00508840520216
200,0.2,0,hub_1,pcglasso,I,3.5111917342151263e-8,31.59695000000004,79.00509201029526
200,0.2,0,hub_1,pcglasso,I,1.2328467394420646e-7,32.42127500000006,79.00509285666746
200,0.2,0,hub_1,pcglasso,I,4.328761281083054e-7,28.179550000000006,79.0052811377657
200,0.2,0,hub_1,pcglasso,I,1.5199110829529328e-6,25.378674999999987,79.00529346628886
200,0.2,0,hub_1,pcglasso,I,5.336699231206308e-6,17.595174999999983,79.41960045177899
200,0.2,0,hub_1,pcglasso,I,1.873817422860384e-5,15.02922500000002,79.31758008529236
200,0.2,0,hub_1,pcglasso,I,6.579332246575681e-5,1.7382250000000226,101.64103079379717
200,0.2,0,hub_1,pcglasso,I,2.310129700083161e-4,1.7255250000000104,101.3109329059551
200,0.2,0,hub_1,pcglasso,I,8.11130830789687e-4,1.8165749999999974,101.36972975025822
200,0.2,0,hub_1,pcglasso,I,0.002848035868435802,1.138549999999995,102.58826680849717
200,0.2,0,hub_1,pcglasso,I,0.010000000000000004,1.100850000000004,103.34020951610759
200,0.2,0,hub_1,pcglassoFast_Dual,C,9.999999999999982e-9,6.653999999999951,79.00508833701683
200,0.2,0,hub_1,pcglassoFast_Dual,C,3.5111917342151263e-8,6.349350000000004,79.00508834276903
200,0.2,0,hub_1,pcglassoFast_Dual,C,1.2328467394420646e-7,5.841499999999996,79.00508840414724
200,0.2,0,hub_1,pcglassoFast_Dual,C,4.328761281083054e-7,5.57732499999995,79.00508843007299
200,0.2,0,hub_1,pcglassoFast_Dual,C,1.5199110829529328e-6,5.362300000000062,79.00508876865845
200,0.2,0,hub_1,pcglassoFast_Dual,C,5.336699231206308e-6,4.854000000000008,79.00509293005527
200,0.2,0,hub_1,pcglassoFast_Dual,C,1.873817422860384e-5,4.536750000000012,79.00509553676845
200,0.2,0,hub_1,pcglassoFast_Dual,C,6.579332246575681e-5,4.489225000000007,79.00511423469251
200,0.2,0,hub_1,pcglassoFast_Dual,C,2.310129700083161e-4,4.279650000000006,79.00513992813008
200,0.2,0,hub_1,pcglassoFast_Dual,C,8.11130830789687e-4,3.934600000000006,79.00528971099214
200,0.2,0,hub_1,pcglassoFast_Dual,C,0.002848035868435802,3.2732249999999974,79.00882555331958
200,0.2,0,hub_1,pcglassoFast_Dual,C,0.010000000000000004,3.2767250000000008,79.00882555331958
200,0.2,0,hub_1,pcglassoFast_Dual,I,9.999999999999982e-9,21.245424999999976,79.0050883365259
200,0.2,0,hub_1,pcglassoFast_Dual,I,3.5111917342151263e-8,24.0049,79.00508833790684
200,0.2,0,hub_1,pcglassoFast_Dual,I,1.2328467394420646e-7,24.235599999999863,79.00508838264386
200,0.2,0,hub_1,pcglassoFast_Dual,I,4.328761281083054e-7,23.366599999999995,79.00508841568285
200,0.2,0,hub_1,pcglassoFast_Dual,I,1.5199110829529328e-6,22.85027500000002,79.00508930329647
200,0.2,0,hub_1,pcglassoFast_Dual,I,5.336699231206308e-6,23.24162499999999,79.00509127463347
200,0.2,0,hub_1,pcglassoFast_Dual,I,1.873817422860384e-5,22.899050000000006,79.00509520078418
200,0.2,0,hub_1,pcglassoFast_Dual,I,6.579332246575681e-5,22.451625,79.00510139172731
200,0.2,0,hub_1,pcglassoFast_Dual,I,2.310129700083161e-4,23.038124999999987,79.00510173971779
200,0.2,0,hub_1,pcglassoFast_Dual,I,8.11130830789687e-4,22.267274999999998,79.00572414290988
200,0.2,0,hub_1,pcglassoFast_Dual,I,0.002848035868435802,22.265100000000004,79.00750532382666
200,0.2,0,hub_1,pcglassoFast_Dual,I,0.010000000000000004,22.1976,79.01249068007093
200,0.2,0,hub_1,pcglassoFast_Primal,C,9.999999999999982e-9,390.298175,79.00509492277116
200,0.2,0,hub_1,pcglassoFast_Primal,C,3.5111917342151263e-8,260.02425,79.00510065154461
200,0.2,0,hub_1,pcglassoFast_Primal,C,1.2328467394420646e-7,198.58032499999996,79.00511558015528
200,0.2,0,hub_1,pcglassoFast_Primal,C,4.328761281083054e-7,135.2869,79.00522910121504
200,0.2,0,hub_1,pcglassoFast_Primal,C,1.5199110829529328e-6,79.99690000000001,79.00533884861386
200,0.2,0,hub_1,pcglassoFast_Primal,C,5.336699231206308e-6,35.20442500000001,79.00536161908076
200,0.2,0,hub_1,pcglassoFast_Primal,C,1.873817422860384e-5,17.61334999999998,79.00533436332938
200,0.2,0,hub_1,pcglassoFast_Primal,C,6.579332246575681e-5,11.119000000000014,79.01410129309303
200,0.2,0,hub_1,pcglassoFast_Primal,C,2.310129700083161e-4,7.432300000000001,79.00625195440048
200,0.2,0,hub_1,pcglassoFast_Primal,C,8.11130830789687e-4,4.990099999999993,79.00551536270251
200,0.2,0,hub_1,pcglassoFast_Primal,C,0.002848035868435802,3.4587750000000006,79.11693329764334
200,0.2,0,hub_1,pcglassoFast_Primal,C,0.010000000000000004,2.9017500000000003,79.16587517384457
200,0.2,0,hub_1,pcglassoFast_Primal,I,9.999999999999982e-9,392.1546000000001,79.00509496840215
200,0.2,0,hub_1,pcglassoFast_Primal,I,3.5111917342151263e-8,270.96205,79.00510144196629
200,0.2,0,hub_1,pcglassoFast_Primal,I,1.2328467394420646e-7,217.1307000000001,79.00512469018403
200,0.2,0,hub_1,pcglassoFast_Primal,I,4.328761281083054e-7,151.234475,79.00512107203662
200,0.2,0,hub_1,pcglassoFast_Primal,I,1.5199110829529328e-6,95.48052500000004,79.00513081493523
200,0.2,0,hub_1,pcglassoFast_Primal,I,5.336699231206308e-6,54.38325000000004,79.00603792505248
200,0.2,0,hub_1,pcglassoFast_Primal,I,1.873817422860384e-5,27.543825000000005,79.0051283564686
200,0.2,0,hub_1,pcglassoFast_Primal,I,6.579332246575681e-5,12.790975000000008,79.00551185989909
200,0.2,0,hub_1,pcglassoFast_Primal,I,2.310129700083161e-4,7.656300000000013,79.00619819209815
200,0.2,0,hub_1,pcglassoFast_Primal,I,8.11130830789687e-4,5.714224999999992,79.01763616895306
200,0.2,0,hub_1,pcglassoFast_Primal,I,0.002848035868435802,4.539899999999996,79.04155984207551
200,0.2,0,hub_1,pcglassoFast_Primal,I,0.010000000000000004,4.269775000000001,79.047013917565
200,0.2,0,random,pcglasso,C,9.999999999999982e-9,5.268425000000025,190.36565266089198
200,0.2,0,random,pcglasso,C,3.5111917342151263e-8,4.329725000000098,190.36565740593602
200,0.2,0,random,pcglasso,C,1.2328467394420646e-7,3.4485750000000506,190.3657825841108
200,0.2,0,random,pcglasso,C,4.328761281083054e-7,3.039250000000061,190.36598950064126
200,0.2,0,random,pcglasso,C,1.5199110829529328e-6,2.791325000000029,190.36619328468362
200,0.2,0,random,pcglasso,C,5.336699231206308e-6,2.722049999999973,190.3663872130965
200,0.2,0,random,pcglasso,C,1.873817422860384e-5,2.032675000000006,190.36842568650295
200,0.2,0,random,pcglasso,C,6.579332246575681e-5,1.2621249999999975,190.3957136660875
200,0.2,0,random,pcglasso,C,2.310129700083161e-4,0.9369249999999966,190.58732461402892
200,0.2,0,random,pcglasso,C,8.11130830789687e-4,0.4686250000000115,192.64182328240986
200,0.2,0,random,pcglasso,C,0.002848035868435802,0.17782500000000212,273.18373772346365
200,0.2,0,random,pcglasso,C,0.010000000000000004,0.1840000000000007,273.18373772346365
200,0.2,0,random,pcglasso,I,9.999999999999982e-9,4.159149999999909,190.36565254344703
200,0.2,0,random,pcglasso,I,3.5111917342151263e-8,3.7448750000000928,190.36566145518714
200,0.2,0,random,pcglasso,I,1.2328467394420646e-7,2.8632250000000115,190.36578506570856
200,0.2,0,random,pcglasso,I,4.328761281083054e-7,2.4000999999999406,190.3662602292506
200,0.2,0,random,pcglasso,I,1.5199110829529328e-6,1.9305499999999711,190.36773497559545
200,0.2,0,random,pcglasso,I,5.336699231206308e-6,1.7431749999999853,190.36843947435636
200,0.2,0,random,pcglasso,I,1.873817422860384e-5,1.1400500000000136,190.40639090608556
200,0.2,0,random,pcglasso,I,6.579332246575681e-5,0.7755750000000148,190.49824562089375
200,0.2,0,random,pcglasso,I,2.310129700083161e-4,0.48955000000001403,190.73904720105764
200,0.2,0,random,pcglasso,I,8.11130830789687e-4,0.2818000000000012,191.47505187835574
200,0.2,0,random,pcglasso,I,0.002848035868435802,0.2702500000000029,190.9575807026094
200,0.2,0,random,pcglasso,I,0.010000000000000004,0.26702499999999885,190.9575807026094
200,0.2,0,random,pcglassoFast_Dual,C,9.999999999999982e-9,0.5129749999999376,190.36565184922333
200,0.2,0,random,pcglassoFast_Dual,C,3.5111917342151263e-8,0.47777499999995143,190.36565186981312
200,0.2,0,random,pcglassoFast_Dual,C,1.2328467394420646e-7,0.46659999999997126,190.36565196140364
200,0.2,0,random,pcglassoFast_Dual,C,4.328761281083054e-7,0.406025000000011,190.36565312882328
200,0.2,0,random,pcglassoFast_Dual,C,1.5199110829529328e-6,0.4182249999999499,190.36565254307973
200,0.2,0,random,pcglassoFast_Dual,C,5.336699231206308e-6,0.36022500000001967,190.36565456285575
200,0.2,0,random,pcglassoFast_Dual,C,1.873817422860384e-5,0.27934999999999943,190.3657057709015
200,0.2,0,random,pcglassoFast_Dual,C,6.579332246575681e-5,0.27880000000000676,190.3657235157778
200,0.2,0,random,pcglassoFast_Dual,C,2.310129700083161e-4,0.261149999999995,190.36576726749257
200,0.2,0,random,pcglassoFast_Dual,C,8.11130830789687e-4,0.2562749999999923,190.36583480277682
200,0.2,0,random,pcglassoFast_Dual,C,0.002848035868435802,0.22797500000000567,190.36690272500084
200,0.2,0,random,pcglassoFast_Dual,C,0.010000000000000004,0.21737499999999982,190.36929231147332
200,0.2,0,random,pcglassoFast_Dual,I,9.999999999999982e-9,0.4492999999999938,190.3656518515188
200,0.2,0,random,pcglassoFast_Dual,I,3.5111917342151263e-8,0.4605250000000069,190.3656518939499
200,0.2,0,random,pcglassoFast_Dual,I,1.2328467394420646e-7,0.4280749999999898,190.36565204648917
200,0.2,0,random,pcglassoFast_Dual,I,4.328761281083054e-7,0.36685000000001083,190.3656527166969
200,0.2,0,random,pcglassoFast_Dual,I,1.5199110829529328e-6,0.3624000000000024,190.3656528951122
200,0.2,0,random,pcglassoFast_Dual,I,5.336699231206308e-6,0.3319249999999897,190.36565852107282
200,0.2,0,random,pcglassoFast_Dual,I,1.873817422860384e-5,0.3277250000000208,190.3656546714251
200,0.2,0,random,pcglassoFast_Dual,I,6.579332246575681e-5,0.29479999999999223,190.36566573992135
200,0.2,0,random,pcglassoFast_Dual,I,2.310129700083161e-4,0.2537000000000035,190.36591138807964
200,0.2,0,random,pcglassoFast_Dual,I,8.11130830789687e-4,0.24049999999999158,190.36597261118575
200,0.2,0,random,pcglassoFast_Dual,I,0.002848035868435802,0.22607499999999447,190.36645601733747
200,0.2,0,random,pcglassoFast_Dual,I,0.010000000000000004,0.16342499999999732,190.3707710196292
200,0.2,0,random,pcglassoFast_Primal,C,9.999999999999982e-9,1.1209249999999884,190.3656518454111
200,0.2,0,random,pcglassoFast_Primal,C,3.5111917342151263e-8,1.0457500000000663,190.36565185329943
200,0.2,0,random,pcglassoFast_Primal,C,1.2328467394420646e-7,1.0775500000000648,190.36565185329943
200,0.2,0,random,pcglassoFast_Primal,C,4.328761281083054e-7,0.9698500000000194,190.36565188644698
200,0.2,0,random,pcglassoFast_Primal,C,1.5199110829529328e-6,0.9105000000000019,190.3656520313744
200,0.2,0,random,pcglassoFast_Primal,C,5.336699231206308e-6,0.8404999999999859,190.36565269865108
200,0.2,0,random,pcglassoFast_Primal,C,1.873817422860384e-5,0.7696750000000406,190.3656560084088
200,0.2,0,random,pcglassoFast_Primal,C,6.579332246575681e-5,0.7639499999999941,190.3656560084088
200,0.2,0,random,pcglassoFast_Primal,C,2.310129700083161e-4,0.7068749999999966,190.36567276303734
200,0.2,0,random,pcglassoFast_Primal,C,8.11130830789687e-4,0.6255000000000109,190.36576621063412
200,0.2,0,random,pcglassoFast_Primal,C,0.002848035868435802,0.643249999999999,190.36576621063412
200,0.2,0,random,pcglassoFast_Primal,C,0.010000000000000004,0.5571000000000007,190.36632121157405
200,0.2,0,random,pcglassoFast_Primal,I,9.999999999999982e-9,1.3492000000000417,190.36565185250004
200,0.2,0,random,pcglassoFast_Primal,I,3.5111917342151263e-8,1.405250000000001,190.3656518600176
200,0.2,0,random,pcglassoFast_Primal,I,1.2328467394420646e-7,1.2552999999999883,190.36565190915428
200,0.2,0,random,pcglassoFast_Primal,I,4.328761281083054e-7,1.2051749999999288,190.36565198406848
200,0.2,0,random,pcglassoFast_Primal,I,1.5199110829529328e-6,1.0955750000000308,190.3656521832314
200,0.2,0,random,pcglassoFast_Primal,I,5.336699231206308e-6,0.9718999999999938,190.36565424819798
200,0.2,0,random,pcglassoFast_Primal,I,1.873817422860384e-5,0.929425000000009,190.36565887257854
200,0.2,0,random,pcglassoFast_Primal,I,6.579332246575681e-5,0.8412999999999841,190.36567439956912
200,0.2,0,random,pcglassoFast_Primal,I,2.310129700083161e-4,0.7801750000000084,190.36573557292564
200,0.2,0,random,pcglassoFast_Primal,I,8.11130830789687e-4,0.7132250000000055,190.36594407018967
200,0.2,0,random,pcglassoFast_Primal,I,0.002848035868435802,0.641874999999996,190.36668947215455
200,0.2,0,random,pcglassoFast_Primal,I,0.010000000000000004,0.553425000000001,190.36856884045594
200,0.2,0.5,AR2,pcglasso,C,9.999999999999982e-9,1.3544750000000705,169.284534299078
200,0.2,0.5,AR2,pcglasso,C,3.5111917342151263e-8,1.3148250000000417,169.28453429911818
200,0.2,0.5,AR2,pcglasso,C,1.2328467394420646e-7,1.2981750000000147,169.28453429925224
200,0.2,0.5,AR2,pcglasso,C,4.328761281083054e-7,1.257950000000028,169.28453430036552
200,0.2,0.5,AR2,pcglasso,C,1.5199110829529328e-6,1.275299999999993,169.28453430036552
200,0.2,0.5,AR2,pcglasso,C,5.336699231206308e-6,1.2446499999999616,169.28453431842985
200,0.2,0.5,AR2,pcglasso,C,1.873817422860384e-5,1.1372750000000054,169.28453439189497
200,0.2,0.5,AR2,pcglasso,C,6.579332246575681e-5,0.8944749999999942,169.28453840616768
200,0.2,0.5,AR2,pcglasso,C,2.310129700083161e-4,0.7458500000000043,169.28454433406006
200,0.2,0.5,AR2,pcglasso,C,8.11130830789687e-4,0.5361749999999944,169.29328417164984
200,0.2,0.5,AR2,pcglasso,C,0.002848035868435802,0.18764999999999787,316.408477667354
200,0.2,0.5,AR2,pcglasso,C,0.010000000000000004,0.19972499999999904,316.408477667354
200,0.2,0.5,AR2,pcglasso,I,9.999999999999982e-9,0.4274000000001479,169.28453429908072
200,0.2,0.5,AR2,pcglasso,I,3.5111917342151263e-8,0.44687499999988634,169.28453429914606
200,0.2,0.5,AR2,pcglasso,I,1.2328467394420646e-7,0.4288250000000744,169.28453429930659
200,0.2,0.5,AR2,pcglasso,I,4.328761281083054e-7,0.4057500000000573,169.28453430031402
200,0.2,0.5,AR2,pcglasso,I,1.5199110829529328e-6,0.40607499999999846,169.28453430031402
200,0.2,0.5,AR2,pcglasso,I,5.336699231206308e-6,0.3814249999999788,169.2845343156869
200,0.2,0.5,AR2,pcglasso,I,1.873817422860384e-5,0.3647499999999638,169.28453431552225
200,0.2,0.5,AR2,pcglasso,I,6.579332246575681e-5,0.2839999999999918,169.284535253396
200,0.2,0.5,AR2,pcglasso,I,2.310129700083161e-4,0.20529999999997983,169.28460832210257
200,0.2,0.5,AR2,pcglasso,I,8.11130830789687e-4,0.14842499999999745,169.28569425506944
200,0.2,0.5,AR2,pcglasso,I,0.002848035868435802,0.1317499999999967,169.28958948630006
200,0.2,0.5,AR2,pcglasso,I,0.010000000000000004,0.16162500000000152,169.28984634054396
200,0.2,0.5,AR2,pcglassoFast_Dual,C,9.999999999999982e-9,0.1881000000000313,169.28453429911667
200,0.2,0.5,AR2,pcglassoFast_Dual,C,3.5111917342151263e-8,0.19332500000004985,169.28453429911667
200,0.2,0.5,AR2,pcglassoFast_Dual,C,1.2328467394420646e-7,0.1963500000000522,169.2845343005236
200,0.2,0.5,AR2,pcglassoFast_Dual,C,4.328761281083054e-7,0.1890250000000492,169.2845343005236
200,0.2,0.5,AR2,pcglassoFast_Dual,C,1.5199110829529328e-6,0.18099999999999455,169.2845343005236
200,0.2,0.5,AR2,pcglassoFast_Dual,C,5.336699231206308e-6,0.17185000000001766,169.2845343521877
200,0.2,0.5,AR2,pcglassoFast_Dual,C,1.873817422860384e-5,0.17882500000001755,169.2845343521877
200,0.2,0.5,AR2,pcglassoFast_Dual,C,6.579332246575681e-5,0.17947499999997377,169.2845343521877
200,0.2,0.5,AR2,pcglassoFast_Dual,C,2.310129700083161e-4,0.1758250000000004,169.28453661867005
200,0.2,0.5,AR2,pcglassoFast_Dual,C,8.11130830789687e-4,0.1706750000000042,169.28453661867005
200,0.2,0.5,AR2,pcglassoFast_Dual,C,0.002848035868435802,0.17910000000000537,169.28453661867005
200,0.2,0.5,AR2,pcglassoFast_Dual,C,0.010000000000000004,0.16607500000000108,169.2846516724931
200,0.2,0.5,AR2,pcglassoFast_Dual,I,9.999999999999982e-9,0.1015750000000935,169.2845342991384
200,0.2,0.5,AR2,pcglassoFast_Dual,I,3.5111917342151263e-8,0.11669999999994615,169.2845342991384
200,0.2,0.5,AR2,pcglassoFast_Dual,I,1.2328467394420646e-7,0.10365000000001601,169.28453430102562
200,0.2,0.5,AR2,pcglassoFast_Dual,I,4.328761281083054e-7,0.10099999999998772,169.28453430102562
200,0.2,0.5,AR2,pcglassoFast_Dual,I,1.5199110829529328e-6,0.10399999999996226,169.28453430102562
200,0.2,0.5,AR2,pcglassoFast_Dual,I,5.336699231206308e-6,0.09957499999993616,169.28453436095413
200,0.2,0.5,AR2,pcglassoFast_Dual,I,1.873817422860384e-5,0.09327499999998849,169.28453436095413
200,0.2,0.5,AR2,pcglassoFast_Dual,I,6.579332246575681e-5,0.09134999999998854,169.28453436095413
200,0.2,0.5,AR2,pcglassoFast_Dual,I,2.310129700083161e-4,0.07827500000001067,169.28453639228874
200,0.2,0.5,AR2,pcglassoFast_Dual,I,8.11130830789687e-4,0.08447500000000333,169.28453639228874
200,0.2,0.5,AR2,pcglassoFast_Dual,I,0.002848035868435802,0.08377500000000566,169.28453639228874
200,0.2,0.5,AR2,pcglassoFast_Dual,I,0.010000000000000004,0.06514999999999986,169.28461359507816
200,0.2,0.5,AR2,pcglassoFast_Primal,C,9.999999999999982e-9,0.7745000000000346,169.28453429910408
200,0.2,0.5,AR2,pcglassoFast_Primal,C,3.5111917342151263e-8,0.7102750000000697,169.28453430007147
200,0.2,0.5,AR2,pcglassoFast_Primal,C,1.2328467394420646e-7,0.7061999999999671,169.28453430007147
200,0.2,0.5,AR2,pcglassoFast_Primal,C,4.328761281083054e-7,0.7106249999999819,169.28453430007147
200,0.2,0.5,AR2,pcglassoFast_Primal,C,1.5199110829529328e-6,0.6315750000000321,169.28453433502708
200,0.2,0.5,AR2,pcglassoFast_Primal,C,5.336699231206308e-6,0.6299749999999846,169.28453433502708
200,0.2,0.5,AR2,pcglassoFast_Primal,C,1.873817422860384e-5,0.6259749999999883,169.28453433502708
200,0.2,0.5,AR2,pcglassoFast_Primal,C,6.579332246575681e-5,0.6400249999999914,169.28453433502708
200,0.2,0.5,AR2,pcglassoFast_Primal,C,2.310129700083161e-4,0.5566500000000048,169.28453584912577
200,0.2,0.5,AR2,pcglassoFast_Primal,C,8.11130830789687e-4,0.5586749999999953,169.28453584912577
200,0.2,0.5,AR2,pcglassoFast_Primal,C,0.002848035868435802,0.5667000000000073,169.28453584912577
200,0.2,0.5,AR2,pcglassoFast_Primal,C,0.010000000000000004,0.49392499999999995,169.28461204748822
200,0.2,0.5,AR2,pcglassoFast_Primal,I,9.999999999999982e-9,0.4073000000001684,169.28453429914558
200,0.2,0.5,AR2,pcglassoFast_Primal,I,3.5111917342151263e-8,0.45612500000004275,169.28453429914558
200,0.2,0.5,AR2,pcglassoFast_Primal,I,1.2328467394420646e-7,0.3883749999998599,169.2845343011856
200,0.2,0.5,AR2,pcglassoFast_Primal,I,4.328761281083054e-7,0.38624999999996135,169.2845343011856
200,0.2,0.5,AR2,pcglassoFast_Primal,I,1.5199110829529328e-6,0.38862500000000183,169.2845343011856
200,0.2,0.5,AR2,pcglassoFast_Primal,I,5.336699231206308e-6,0.32222500000002585,169.28453436426122
200,0.2,0.5,AR2,pcglassoFast_Primal,I,1.873817422860384e-5,0.32095000000001617,169.28453436426122
200,0.2,0.5,AR2,pcglassoFast_Primal,I,6.579332246575681e-5,0.32057500000002503,169.28453436426122
200,0.2,0.5,AR2,pcglassoFast_Primal,I,2.310129700083161e-4,0.252250000000015,169.284536452477
200,0.2,0.5,AR2,pcglassoFast_Primal,I,8.11130830789687e-4,0.2508249999999975,169.284536452477
200,0.2,0.5,AR2,pcglassoFast_Primal,I,0.002848035868435802,0.2513249999999999,169.284536452477
200,0.2,0.5,AR2,pcglassoFast_Primal,I,0.010000000000000004,0.1802500000000009,169.28461431397372
200,0.2,0.5,hub_09,pcglasso,C,9.999999999999982e-9,0.5867749999999887,169.3147180790154
200,0.2,0.5,hub_09,pcglasso,C,3.5111917342151263e-8,0.5611250000000382,169.31471833799122
200,0.2,0.5,hub_09,pcglasso,C,1.2328467394420646e-7,0.5318000000000666,169.3147215108305
200,0.2,0.5,hub_09,pcglasso,C,4.328761281083054e-7,0.5273749999999723,169.3147215108305
200,0.2,0.5,hub_09,pcglasso,C,1.5199110829529328e-6,0.5265500000000088,169.3147215108305
200,0.2,0.5,hub_09,pcglasso,C,5.336699231206308e-6,0.5303999999999292,169.3147215108305
200,0.2,0.5,hub_09,pcglasso,C,1.873817422860384e-5,0.506775000000016,169.31521270053906
200,0.2,0.5,hub_09,pcglasso,C,6.579332246575681e-5,0.38707499999999867,169.3214396390602
200,0.2,0.5,hub_09,pcglasso,C,2.310129700083161e-4,0.4003750000000025,169.39407149270528
200,0.2,0.5,hub_09,pcglasso,C,8.11130830789687e-4,0.3448750000000061,169.40797946727173
200,0.2,0.5,hub_09,pcglasso,C,0.002848035868435802,0.19509999999999933,223.85803853264036
200,0.2,0.5,hub_09,pcglasso,C,0.010000000000000004,0.1763500000000029,224.1674883304256
200,0.2,0.5,hub_09,pcglasso,I,9.999999999999982e-9,0.1467250000001286,169.31471805639396
200,0.2,0.5,hub_09,pcglasso,I,3.5111917342151263e-8,0.13952500000002602,169.3147180608874
200,0.2,0.5,hub_09,pcglasso,I,1.2328467394420646e-7,0.11759999999994761,169.31471811593184
200,0.2,0.5,hub_09,pcglasso,I,4.328761281083054e-7,0.09159999999992578,169.31471879022956
200,0.2,0.5,hub_09,pcglasso,I,1.5199110829529328e-6,0.09022500000002083,169.31471879022956
200,0.2,0.5,hub_09,pcglasso,I,5.336699231206308e-6,0.0909750000000031,169.31471879022956
200,0.2,0.5,hub_09,pcglasso,I,1.873817422860384e-5,0.09277499999998895,169.31471879022956
200,0.2,0.5,hub_09,pcglasso,I,6.579332246575681e-5,0.09154999999999518,169.31472705025718
200,0.2,0.5,hub_09,pcglasso,I,2.310129700083161e-4,0.09104999999999848,169.31482824073024
200,0.2,0.5,hub_09,pcglasso,I,8.11130830789687e-4,0.06634999999999706,169.33125951230645
200,0.2,0.5,hub_09,pcglasso,I,0.002848035868435802,0.06782500000000055,169.51699511341255
200,0.2,0.5,hub_09,pcglasso,I,0.010000000000000004,0.06612500000000025,171.81578348076937
200,0.2,0.5,hub_09,pcglassoFast_Dual,C,9.999999999999982e-9,0.13150000000005094,169.31471805599452
200,0.2,0.5,hub_09,pcglassoFast_Dual,C,3.5111917342151263e-8,0.13545000000001436,169.31471805599452
200,0.2,0.5,hub_09,pcglassoFast_Dual,C,1.2328467394420646e-7,0.13877499999994142,169.31471805599452
200,0.2,0.5,hub_09,pcglassoFast_Dual,C,4.328761281083054e-7,0.13437500000002273,169.31471805599452
200,0.2,0.5,hub_09,pcglassoFast_Dual,C,1.5199110829529328e-6,0.14237499999998135,169.31471805599452
200,0.2,0.5,hub_09,pcglassoFast_Dual,C,5.336699231206308e-6,0.13664999999998031,169.31471805599452
200,0.2,0.5,hub_09,pcglassoFast_Dual,C,1.873817422860384e-5,0.15117500000000064,169.31471805599452
200,0.2,0.5,hub_09,pcglassoFast_Dual,C,6.579332246575681e-5,0.13850000000001045,169.31471805599452
200,0.2,0.5,hub_09,pcglassoFast_Dual,C,2.310129700083161e-4,0.14482499999999449,169.31471805599452
200,0.2,0.5,hub_09,pcglassoFast_Dual,C,8.11130830789687e-4,0.1436250000000001,169.31471805599452
200,0.2,0.5,hub_09,pcglassoFast_Dual,C,0.002848035868435802,0.15047500000000583,169.31471805599452
200,0.2,0.5,hub_09,pcglassoFast_Dual,C,0.010000000000000004,0.16777500000000103,169.31471805599452
200,0.2,0.5,hub_09,pcglassoFast_Dual,I,9.999999999999982e-9,0.05452499999994416,169.31471805599455
200,0.2,0.5,hub_09,pcglassoFast_Dual,I,3.5111917342151263e-8,0.05919999999996435,169.31471805599455
200,0.2,0.5,hub_09,pcglassoFast_Dual,I,1.2328467394420646e-7,0.06057500000006257,169.31471805599455
200,0.2,0.5,hub_09,pcglassoFast_Dual,I,4.328761281083054e-7,0.06012500000011869,169.31471805599455
200,0.2,0.5,hub_09,pcglassoFast_Dual,I,1.5199110829529328e-6,0.06134999999998172,169.31471805599455
200,0.2,0.5,hub_09,pcglassoFast_Dual,I,5.336699231206308e-6,0.06055000000000064,169.31471805599455
200,0.2,0.5,hub_09,pcglassoFast_Dual,I,1.873817422860384e-5,0.062349999999997865,169.31471805599455
200,0.2,0.5,hub_09,pcglassoFast_Dual,I,6.579332246575681e-5,0.06184999999998695,169.31471805599455
200,0.2,0.5,hub_09,pcglassoFast_Dual,I,2.310129700083161e-4,0.06204999999999359,169.31471805599455
200,0.2,0.5,hub_09,pcglassoFast_Dual,I,8.11130830789687e-4,0.06319999999999766,169.31471805599455
200,0.2,0.5,hub_09,pcglassoFast_Dual,I,0.002848035868435802,0.06260000000000758,169.31471805599455
200,0.2,0.5,hub_09,pcglassoFast_Dual,I,0.010000000000000004,0.06452500000000186,169.31471805599455
200,0.2,0.5,hub_09,pcglassoFast_Primal,C,9.999999999999982e-9,0.46782499999997074,169.31471805599455
200,0.2,0.5,hub_09,pcglassoFast_Primal,C,3.5111917342151263e-8,0.46552499999997965,169.31471805599455
200,0.2,0.5,hub_09,pcglassoFast_Primal,C,1.2328467394420646e-7,0.4720000000000709,169.31471805599455
200,0.2,0.5,hub_09,pcglassoFast_Primal,C,4.328761281083054e-7,0.4626999999999953,169.31471805599455
200,0.2,0.5,hub_09,pcglassoFast_Primal,C,1.5199110829529328e-6,0.4747500000000741,169.31471805599455
200,0.2,0.5,hub_09,pcglassoFast_Primal,C,5.336699231206308e-6,0.4712000000000103,169.31471805599455
200,0.2,0.5,hub_09,pcglassoFast_Primal,C,1.873817422860384e-5,0.47422499999998424,169.31471805599455
200,0.2,0.5,hub_09,pcglassoFast_Primal,C,6.579332246575681e-5,0.4739750000000072,169.31471805599455
200,0.2,0.5,hub_09,pcglassoFast_Primal,C,2.310129700083161e-4,0.4792750000000069,169.31471805599455
200,0.2,0.5,hub_09,pcglassoFast_Primal,C,8.11130830789687e-4,0.4749750000000006,169.31471805599455
200,0.2,0.5,hub_09,pcglassoFast_Primal,C,0.002848035868435802,0.48977500000000446,169.31471805599455
200,0.2,0.5,hub_09,pcglassoFast_Primal,C,0.010000000000000004,0.4866250000000002,169.31471805599455
200,0.2,0.5,hub_09,pcglassoFast_Primal,I,9.999999999999982e-9,0.1555749999998625,169.31471805599455
200,0.2,0.5,hub_09,pcglassoFast_Primal,I,3.5111917342151263e-8,0.170900000000006,169.31471805599455
200,0.2,0.5,hub_09,pcglassoFast_Primal,I,1.2328467394420646e-7,0.17482500000003257,169.31471805599455
200,0.2,0.5,hub_09,pcglassoFast_Primal,I,4.328761281083054e-7,0.17352499999992688,169.31471805599455
200,0.2,0.5,hub_09,pcglassoFast_Primal,I,1.5199110829529328e-6,0.16995000000002847,169.31471805599455
200,0.2,0.5,hub_09,pcglassoFast_Primal,I,5.336699231206308e-6,0.1738999999999919,169.31471805599455
200,0.2,0.5,hub_09,pcglassoFast_Primal,I,1.873817422860384e-5,0.17379999999999995,169.31471805599455
200,0.2,0.5,hub_09,pcglassoFast_Primal,I,6.579332246575681e-5,0.172849999999994,169.31471805599455
200,0.2,0.5,hub_09,pcglassoFast_Primal,I,2.310129700083161e-4,0.1766500000000036,169.31471805599455
200,0.2,0.5,hub_09,pcglassoFast_Primal,I,8.11130830789687e-4,0.17724999999999227,169.31471805599455
200,0.2,0.5,hub_09,pcglassoFast_Primal,I,0.002848035868435802,0.17830000000000013,169.31471805599455
200,0.2,0.5,hub_09,pcglassoFast_Primal,I,0.010000000000000004,0.17984999999999934,169.31471805599455
200,0.2,0.5,hub_1,pcglasso,C,9.999999999999982e-9,12.745350000000121,114.00658262168366
200,0.2,0.5,hub_1,pcglasso,C,3.5111917342151263e-8,11.230924999999957,114.00658348348472
200,0.2,0.5,hub_1,pcglasso,C,1.2328467394420646e-7,9.091075,114.00661976031051
200,0.2,0.5,hub_1,pcglasso,C,4.328761281083054e-7,9.152800000000003,114.00661976031051
200,0.2,0.5,hub_1,pcglasso,C,1.5199110829529328e-6,7.687350000000026,114.0073112025084
200,0.2,0.5,hub_1,pcglasso,C,5.336699231206308e-6,7.465674999999993,114.01291702422193
200,0.2,0.5,hub_1,pcglasso,C,1.873817422860384e-5,6.334175000000016,114.16282098169913
200,0.2,0.5,hub_1,pcglasso,C,6.579332246575681e-5,7.3689999999999944,114.15952503346733
200,0.2,0.5,hub_1,pcglasso,C,2.310129700083161e-4,7.473874999999987,115.69830202110964
200,0.2,0.5,hub_1,pcglasso,C,8.11130830789687e-4,3.5169250000000103,151.28051559534327
200,0.2,0.5,hub_1,pcglasso,C,0.002848035868435802,1.3707500000000032,586.819077036988
200,0.2,0.5,hub_1,pcglasso,C,0.010000000000000004,1.398825000000001,586.819077036988
200,0.2,0.5,hub_1,pcglasso,I,9.999999999999982e-9,10.215475000000083,114.0065826159515
200,0.2,0.5,hub_1,pcglasso,I,3.5111917342151263e-8,10.940974999999934,114.00658274732358
200,0.2,0.5,hub_1,pcglasso,I,1.2328467394420646e-7,10.29949999999999,114.00658384328334
200,0.2,0.5,hub_1,pcglasso,I,4.328761281083054e-7,6.61802499999992,114.00764862371867
200,0.2,0.5,hub_1,pcglasso,I,1.5199110829529328e-6,6.549700000000018,114.00764862371867
200,0.2,0.5,hub_1,pcglasso,I,5.336699231206308e-6,5.369149999999979,114.00967745833955
200,0.2,0.5,hub_1,pcglasso,I,1.873817422860384e-5,4.350200000000018,114.04368332734393
200,0.2,0.5,hub_1,pcglasso,I,6.579332246575681e-5,3.436625000000004,114.94422750028843
200,0.2,0.5,hub_1,pcglasso,I,2.310129700083161e-4,2.540050000000002,115.05626824621706
200,0.2,0.5,hub_1,pcglasso,I,8.11130830789687e-4,0.4903000000000162,141.89162141509
200,0.2,0.5,hub_1,pcglasso,I,0.002848035868435802,0.5241999999999962,142.10365193517484
200,0.2,0.5,hub_1,pcglasso,I,0.010000000000000004,0.6697250000000011,136.08939935575805
200,0.2,0.5,hub_1,pcglassoFast_Dual,C,9.999999999999982e-9,3.3976499999999534,114.00658259364558
200,0.2,0.5,hub_1,pcglassoFast_Dual,C,3.5111917342151263e-8,3.293349999999987,114.00658260875238
200,0.2,0.5,hub_1,pcglassoFast_Dual,C,1.2328467394420646e-7,3.1406999999999927,114.00658261323173
200,0.2,0.5,hub_1,pcglassoFast_Dual,C,4.328761281083054e-7,3.0242499999999835,114.00658265509871
200,0.2,0.5,hub_1,pcglassoFast_Dual,C,1.5199110829529328e-6,2.9735249999999835,114.00658278784786
200,0.2,0.5,hub_1,pcglassoFast_Dual,C,5.336699231206308e-6,2.8280249999999967,114.00658293542534
200,0.2,0.5,hub_1,pcglassoFast_Dual,C,1.873817422860384e-5,2.5534749999999975,114.00658617459064
200,0.2,0.5,hub_1,pcglassoFast_Dual,C,6.579332246575681e-5,2.5415499999999724,114.00658617459064
200,0.2,0.5,hub_1,pcglassoFast_Dual,C,2.310129700083161e-4,2.328100000000009,114.00660206440747
200,0.2,0.5,hub_1,pcglassoFast_Dual,C,8.11130830789687e-4,2.258725000000001,114.00662607356955
200,0.2,0.5,hub_1,pcglassoFast_Dual,C,0.002848035868435802,1.8096750000000028,114.00784934647137
200,0.2,0.5,hub_1,pcglassoFast_Dual,C,0.010000000000000004,1.7248250000000005,114.00991764395579
200,0.2,0.5,hub_1,pcglassoFast_Dual,I,9.999999999999982e-9,5.6145999999999505,114.00658259312479
200,0.2,0.5,hub_1,pcglassoFast_Dual,I,3.5111917342151263e-8,5.873500000000012,114.00658262619592
200,0.2,0.5,hub_1,pcglassoFast_Dual,I,1.2328467394420646e-7,5.83725000000004,114.00658262619592
200,0.2,0.5,hub_1,pcglassoFast_Dual,I,4.328761281083054e-7,5.6947499999999875,114.0065827807176
200,0.2,0.5,hub_1,pcglassoFast_Dual,I,1.5199110829529328e-6,5.234700000000055,114.00658309568321
200,0.2,0.5,hub_1,pcglassoFast_Dual,I,5.336699231206308e-6,4.904750000000002,114.00659800898049
200,0.2,0.5,hub_1,pcglassoFast_Dual,I,1.873817422860384e-5,4.945249999999993,114.00659800898049
200,0.2,0.5,hub_1,pcglassoFast_Dual,I,6.579332246575681e-5,5.000849999999997,114.00659800898049
200,0.2,0.5,hub_1,pcglassoFast_Dual,I,2.310129700083161e-4,4.955000000000007,114.00660814160776
200,0.2,0.5,hub_1,pcglassoFast_Dual,I,8.11130830789687e-4,4.979924999999994,114.00660259234061
200,0.2,0.5,hub_1,pcglassoFast_Dual,I,0.002848035868435802,4.238750000000001,114.0083356408406
200,0.2,0.5,hub_1,pcglassoFast_Dual,I,0.010000000000000004,4.324075000000001,114.0083356408406
200,0.2,0.5,hub_1,pcglassoFast_Primal,C,9.999999999999982e-9,177.8866,114.0065847511657
200,0.2,0.5,hub_1,pcglassoFast_Primal,C,3.5111917342151263e-8,135.92547499999995,114.00658343260386
200,0.2,0.5,hub_1,pcglassoFast_Primal,C,1.2328467394420646e-7,118.82822500000006,114.00659004571827
200,0.2,0.5,hub_1,pcglassoFast_Primal,C,4.328761281083054e-7,98.47877500000003,114.00659868059743
200,0.2,0.5,hub_1,pcglassoFast_Primal,C,1.5199110829529328e-6,78.80862499999998,114.00659572142081
200,0.2,0.5,hub_1,pcglassoFast_Primal,C,5.336699231206308e-6,60.3104,114.00658990429926
200,0.2,0.5,hub_1,pcglassoFast_Primal,C,1.873817422860384e-5,42.635299999999994,114.00732343822051
200,0.2,0.5,hub_1,pcglassoFast_Primal,C,6.579332246575681e-5,26.59507500000002,114.00730095474083
200,0.2,0.5,hub_1,pcglassoFast_Primal,C,2.310129700083161e-4,8.241750000000005,114.02994853458358
200,0.2,0.5,hub_1,pcglassoFast_Primal,C,8.11130830789687e-4,4.540849999999999,114.00835073952902
200,0.2,0.5,hub_1,pcglassoFast_Primal,C,0.002848035868435802,2.7024749999999975,114.02154211213987
200,0.2,0.5,hub_1,pcglassoFast_Primal,C,0.010000000000000004,2.0474249999999996,114.03288231996403
200,0.2,0.5,hub_1,pcglassoFast_Primal,I,9.999999999999982e-9,171.38617499999992,114.00658475454645
200,0.2,0.5,hub_1,pcglassoFast_Primal,I,3.5111917342151263e-8,147.52697500000005,114.00658606716065
200,0.2,0.5,hub_1,pcglassoFast_Primal,I,1.2328467394420646e-7,124.55427499999993,114.00658997578923
200,0.2,0.5,hub_1,pcglassoFast_Primal,I,4.328761281083054e-7,107.49107499999988,114.00658574949406
200,0.2,0.5,hub_1,pcglassoFast_Primal,I,1.5199110829529328e-6,85.11117500000009,114.00658855288692
200,0.2,0.5,hub_1,pcglassoFast_Primal,I,5.336699231206308e-6,66.64130000000007,114.00665370635544
200,0.2,0.5,hub_1,pcglassoFast_Primal,I,1.873817422860384e-5,50.15167499999997,114.00743855893705
200,0.2,0.5,hub_1,pcglassoFast_Primal,I,6.579332246575681e-5,35.13697499999999,114.01180130037838
200,0.2,0.5,hub_1,pcglassoFast_Primal,I,2.310129700083161e-4,23.553024999999977,114.0102585854094
200,0.2,0.5,hub_1,pcglassoFast_Primal,I,8.11130830789687e-4,15.190250000000011,114.03837491356305
200,0.2,0.5,hub_1,pcglassoFast_Primal,I,0.002848035868435802,9.94465,114.00741289539309
200,0.2,0.5,hub_1,pcglassoFast_Primal,I,0.010000000000000004,4.6668499999999975,114.03383909053284
200,0.2,0.5,random,pcglasso,C,9.999999999999982e-9,4.908775000000105,168.94909745331668
200,0.2,0.5,random,pcglasso,C,3.5111917342151263e-8,4.833599999999978,168.9490974433992
200,0.2,0.5,random,pcglasso,C,1.2328467394420646e-7,4.540825000000086,168.94909754297024
200,0.2,0.5,random,pcglasso,C,4.328761281083054e-7,4.224025000000006,168.94909910205897
200,0.2,0.5,random,pcglasso,C,1.5199110829529328e-6,3.807925000000034,168.94911477983436
200,0.2,0.5,random,pcglasso,C,5.336699231206308e-6,2.8994000000000084,168.94957705289
200,0.2,0.5,random,pcglasso,C,1.873817422860384e-5,2.0441999999999894,168.95483149908003
200,0.2,0.5,random,pcglasso,C,6.579332246575681e-5,1.410449999999986,168.9935101137086
200,0.2,0.5,random,pcglasso,C,2.310129700083161e-4,0.9587750000000057,169.04935039475492
200,0.2,0.5,random,pcglasso,C,8.11130830789687e-4,0.5254249999999928,169.12842436909864
200,0.2,0.5,random,pcglasso,C,0.002848035868435802,0.17742499999999878,287.05452938081805
200,0.2,0.5,random,pcglasso,C,0.010000000000000004,0.182749999999999,287.05452938081805
200,0.2,0.5,random,pcglasso,I,9.999999999999982e-9,2.693174999999883,168.94909744668374
200,0.2,0.5,random,pcglasso,I,3.5111917342151263e-8,3.0514999999999644,168.9490974470124
200,0.2,0.5,random,pcglasso,I,1.2328467394420646e-7,2.835975000000053,168.9490974957432
200,0.2,0.5,random,pcglasso,I,4.328761281083054e-7,2.5173000000001027,168.94909854321435
200,0.2,0.5,random,pcglasso,I,1.5199110829529328e-6,2.1859749999999734,168.9491152025708
200,0.2,0.5,random,pcglasso,I,5.336699231206308e-6,1.7439750000000687,168.94926695666297
200,0.2,0.5,random,pcglasso,I,1.873817422860384e-5,1.0485000000000013,168.95063164615746
200,0.2,0.5,random,pcglasso,I,6.579332246575681e-5,0.6749249999999961,168.9521733159972
200,0.2,0.5,random,pcglasso,I,2.310129700083161e-4,0.3775750000000045,168.95529434050087
200,0.2,0.5,random,pcglasso,I,8.11130830789687e-4,0.1905000000000058,168.973608262664
200,0.2,0.5,random,pcglasso,I,0.002848035868435802,0.19445000000000476,168.9698159242966
200,0.2,0.5,random,pcglasso,I,0.010000000000000004,0.1619,169.08189003145895
200,0.2,0.5,random,pcglassoFast_Dual,C,9.999999999999982e-9,0.3541750000000775,168.94909744847416
200,0.2,0.5,random,pcglassoFast_Dual,C,3.5111917342151263e-8,0.3633499999999913,168.94909745730166
200,0.2,0.5,random,pcglassoFast_Dual,C,1.2328467394420646e-7,0.3193750000000136,168.9490975105624
200,0.2,0.5,random,pcglassoFast_Dual,C,4.328761281083054e-7,0.2944999999999709,168.94909773198276
200,0.2,0.5,random,pcglassoFast_Dual,C,1.5199110829529328e-6,0.2626249999999459,168.94909806777616
200,0.2,0.5,random,pcglassoFast_Dual,C,5.336699231206308e-6,0.2678250000000162,168.94909902117084
200,0.2,0.5,random,pcglassoFast_Dual,C,1.873817422860384e-5,0.25835000000001856,168.9491029318318
200,0.2,0.5,random,pcglassoFast_Dual,C,6.579332246575681e-5,0.25897499999999807,168.9491029318318
200,0.2,0.5,random,pcglassoFast_Dual,C,2.310129700083161e-4,0.24569999999999084,168.94911859918057
200,0.2,0.5,random,pcglassoFast_Dual,C,8.11130830789687e-4,0.2305999999999969,168.94918835928144
200,0.2,0.5,random,pcglassoFast_Dual,C,0.002848035868435802,0.21795000000000614,168.94948533577735
200,0.2,0.5,random,pcglassoFast_Dual,C,0.010000000000000004,0.2161750000000005,168.9506669518802
200,0.2,0.5,random,pcglassoFast_Dual,I,9.999999999999982e-9,0.334450000000038,168.94909744607233
200,0.2,0.5,random,pcglassoFast_Dual,I,3.5111917342151263e-8,0.3218750000001364,168.94909746592532
200,0.2,0.5,random,pcglassoFast_Dual,I,1.2328467394420646e-7,0.30960000000011406,168.94909754767252
200,0.2,0.5,random,pcglassoFast_Dual,I,4.328761281083054e-7,0.281550000000027,168.9490976587913
200,0.2,0.5,random,pcglassoFast_Dual,I,1.5199110829529328e-6,0.25854999999999106,168.94909834213283
200,0.2,0.5,random,pcglassoFast_Dual,I,5.336699231206308e-6,0.21839999999998555,168.94910112741164
200,0.2,0.5,random,pcglassoFast_Dual,I,1.873817422860384e-5,0.20452500000000667,168.94911235795018
200,0.2,0.5,random,pcglassoFast_Dual,I,6.579332246575681e-5,0.18949999999999817,168.9491277696519
200,0.2,0.5,random,pcglassoFast_Dual,I,2.310129700083161e-4,0.1733249999999913,168.9491607580871
200,0.2,0.5,random,pcglassoFast_Dual,I,8.11130830789687e-4,0.1437749999999994,168.94951224358817
200,0.2,0.5,random,pcglassoFast_Dual,I,0.002848035868435802,0.12790000000000248,168.95029460412897
200,0.2,0.5,random,pcglassoFast_Dual,I,0.010000000000000004,0.10279999999999631,168.95263393159297
200,0.2,0.5,random,pcglassoFast_Primal,C,9.999999999999982e-9,1.8569749999998977,168.9490974526703
200,0.2,0.5,random,pcglassoFast_Primal,C,3.5111917342151263e-8,1.8170249999999897,168.94909746237482
200,0.2,0.5,random,pcglassoFast_Primal,C,1.2328467394420646e-7,1.6439499999999043,168.9490975369865
200,0.2,0.5,random,pcglassoFast_Primal,C,4.328761281083054e-7,1.6018999999999664,168.9490976412258
200,0.2,0.5,random,pcglassoFast_Primal,C,1.5199110829529328e-6,1.4202249999999936,168.94909834771414
200,0.2,0.5,random,pcglassoFast_Primal,C,5.336699231206308e-6,1.286775000000017,168.94910172289966
200,0.2,0.5,random,pcglassoFast_Primal,C,1.873817422860384e-5,1.2265250000000152,168.9491068519982
200,0.2,0.5,random,pcglassoFast_Primal,C,6.579332246575681e-5,1.0892500000000127,168.94914286735448
200,0.2,0.5,random,pcglassoFast_Primal,C,2.310129700083161e-4,1.006824999999995,168.94919804260118
200,0.2,0.5,random,pcglassoFast_Primal,C,8.11130830789687e-4,0.8638249999999943,168.94957042888535
200,0.2,0.5,random,pcglassoFast_Primal,C,0.002848035868435802,0.720450000000001,168.95126125339328
200,0.2,0.5,random,pcglassoFast_Primal,C,0.010000000000000004,0.6426750000000018,168.95370591923356
200,0.2,0.5,random,pcglassoFast_Primal,I,9.999999999999982e-9,1.4027750000001333,168.94909744900434
200,0.2,0.5,random,pcglassoFast_Primal,I,3.5111917342151263e-8,1.4951250000000527,168.94909745596792
200,0.2,0.5,random,pcglassoFast_Primal,I,1.2328467394420646e-7,1.3353000000000292,168.9490975095264
200,0.2,0.5,random,pcglassoFast_Primal,I,4.328761281083054e-7,1.1790000000000305,168.949097740024
200,0.2,0.5,random,pcglassoFast_Primal,I,1.5199110829529328e-6,1.1180750000000104,168.94909809246803
200,0.2,0.5,random,pcglassoFast_Primal,I,5.336699231206308e-6,0.9626499999999737,168.94910052595034
200,0.2,0.5,random,pcglassoFast_Primal,I,1.873817422860384e-5,0.8191750000000126,168.94911223962396
200,0.2,0.5,random,pcglassoFast_Primal,I,6.579332246575681e-5,0.7688249999999982,168.94913008084018
200,0.2,0.5,random,pcglassoFast_Primal,I,2.310129700083161e-4,0.6131249999999995,168.94925765656154
200,0.2,0.5,random,pcglassoFast_Primal,I,8.11130830789687e-4,0.5436250000000001,168.9494549339386
200,0.2,0.5,random,pcglassoFast_Primal,I,0.002848035868435802,0.40375000000000083,168.95101214133214
200,0.2,0.5,random,pcglassoFast_Primal,I,0.010000000000000004,0.32557499999999884,168.95365562717382
