p,lambda,alpha,K_structure,solver,starting_point,tolerance,time_median,f_end
50,0.1,0,AR2,pcglasso,C,9.999999999999982e-9,0.12849999999980355,37.18144846037992
50,0.1,0,AR2,pcglasso,C,1.5848931924611096e-7,0.09699999999997999,37.18144874861069
50,0.1,0,AR2,pcglasso,C,2.5118864315095806e-6,0.07600000000002183,37.181529654298714
50,0.1,0,AR2,pcglasso,C,3.98107170553497e-5,0.03900000000021464,37.197203730073646
50,0.1,0,AR2,pcglasso,C,6.309573444801935e-4,0.009000000000014552,40.867894051065214
50,0.1,0,AR2,pcglasso,C,0.010000000000000004,0.006499999999959982,46.574345549651
50,0.1,0,AR2,pcglasso,I,9.999999999999982e-9,0.11900000000025557,37.181448447132055
50,0.1,0,AR2,pcglasso,I,1.5848931924611096e-7,0.09299999999996089,37.18144876802519
50,0.1,0,AR2,pcglasso,I,2.5118864315095806e-6,0.07000000000016371,37.18153018896098
50,0.1,0,AR2,pcglasso,I,3.98107170553497e-5,0.03499999999996817,37.19519786483615
50,0.1,0,AR2,pcglasso,I,6.309573444801935e-4,0.010999999999967258,37.781212436437
50,0.1,0,AR2,pcglasso,I,0.010000000000000004,0.005999999999858119,39.0858458156763
50,0.1,0,AR2,pcglassoFast_Dual,C,9.999999999999982e-9,0.02599999999983993,37.18144845600822
50,0.1,0,AR2,pcglassoFast_Dual,C,1.5848931924611096e-7,0.023999999999887223,37.181448576270526
50,0.1,0,AR2,pcglassoFast_Dual,C,2.5118864315095806e-6,0.021000000000185537,37.181450123059705
50,0.1,0,AR2,pcglassoFast_Dual,C,3.98107170553497e-5,0.018000000000029104,37.181469843392605
50,0.1,0,AR2,pcglassoFast_Dual,C,6.309573444801935e-4,0.016000000000076398,37.181656917138
50,0.1,0,AR2,pcglassoFast_Dual,C,0.010000000000000004,0.012999999999919964,37.19103675188856
50,0.1,0,AR2,pcglassoFast_Dual,I,9.999999999999982e-9,0.021000000000185537,37.18144845439715
50,0.1,0,AR2,pcglassoFast_Dual,I,1.5848931924611096e-7,0.019000000000005457,37.18144855543856
50,0.1,0,AR2,pcglassoFast_Dual,I,2.5118864315095806e-6,0.016000000000076398,37.18144978983985
50,0.1,0,AR2,pcglassoFast_Dual,I,3.98107170553497e-5,0.012999999999919964,37.181471479791654
50,0.1,0,AR2,pcglassoFast_Dual,I,6.309573444801935e-4,0.010999999999967258,37.18176819346262
50,0.1,0,AR2,pcglassoFast_Dual,I,0.010000000000000004,0.010000000000104592,37.183706805445084
50,0.1,0,AR2,pcglassoFast_Primal,C,9.999999999999982e-9,0.046500000000150976,37.181448450840776
50,0.1,0,AR2,pcglassoFast_Primal,C,1.5848931924611096e-7,0.03699999999980719,37.18144853170819
50,0.1,0,AR2,pcglassoFast_Primal,C,2.5118864315095806e-6,0.03099999999994907,37.181450951920034
50,0.1,0,AR2,pcglassoFast_Primal,C,3.98107170553497e-5,0.027499999999918145,37.18146847483736
50,0.1,0,AR2,pcglassoFast_Primal,C,6.309573444801935e-4,0.021999999999934516,37.18178238422822
50,0.1,0,AR2,pcglassoFast_Primal,C,0.010000000000000004,0.016499999999950887,37.18835578610094
50,0.1,0,AR2,pcglassoFast_Primal,I,9.999999999999982e-9,0.04200000000003001,37.18144845432034
50,0.1,0,AR2,pcglassoFast_Primal,I,1.5848931924611096e-7,0.03499999999996817,37.181448651651735
50,0.1,0,AR2,pcglassoFast_Primal,I,2.5118864315095806e-6,0.028999999999996362,37.18145040736016
50,0.1,0,AR2,pcglassoFast_Primal,I,3.98107170553497e-5,0.02350000000012642,37.181485124687
50,0.1,0,AR2,pcglassoFast_Primal,I,6.309573444801935e-4,0.018000000000029104,37.18187348250002
50,0.1,0,AR2,pcglassoFast_Primal,I,0.010000000000000004,0.013000000000147338,37.18803889701466
50,0.1,0,AR2,pcglassoFast_PrimalDual,C,9.999999999999982e-9,0.054500000000189175,37.18144845055191
50,0.1,0,AR2,pcglassoFast_PrimalDual,C,1.5848931924611096e-7,0.04500000000007276,37.18144851424676
50,0.1,0,AR2,pcglassoFast_PrimalDual,C,2.5118864315095806e-6,0.04049999999983811,37.18144898293848
50,0.1,0,AR2,pcglassoFast_PrimalDual,C,3.98107170553497e-5,0.032000000000152795,37.181462177303416
50,0.1,0,AR2,pcglassoFast_PrimalDual,C,6.309573444801935e-4,0.027000000000043656,37.181571855064895
50,0.1,0,AR2,pcglassoFast_PrimalDual,C,0.010000000000000004,0.01999999999998181,37.18498560227786
50,0.1,0,AR2,pcglassoFast_PrimalDual,I,9.999999999999982e-9,0.057500000000118234,37.18144845212284
50,0.1,0,AR2,pcglassoFast_PrimalDual,I,1.5848931924611096e-7,0.05349999999998545,37.181448508300434
50,0.1,0,AR2,pcglassoFast_PrimalDual,I,2.5118864315095806e-6,0.04300000000012005,37.18144967248544
50,0.1,0,AR2,pcglassoFast_PrimalDual,I,3.98107170553497e-5,0.037500000000136424,37.18145885191536
50,0.1,0,AR2,pcglassoFast_PrimalDual,I,6.309573444801935e-4,0.028000000000247383,37.18171986192718
50,0.1,0,AR2,pcglassoFast_PrimalDual,I,0.010000000000000004,0.023000000000024556,37.183893828639576
50,0.1,0,hub_09,pcglasso,C,9.999999999999982e-9,0.10350000000005366,43.586357467040656
50,0.1,0,hub_09,pcglasso,C,1.5848931924611096e-7,0.08149999999989177,43.586357554156336
50,0.1,0,hub_09,pcglasso,C,2.5118864315095806e-6,0.06349999999997635,43.58638601046275
50,0.1,0,hub_09,pcglasso,C,3.98107170553497e-5,0.030499999999960892,43.59546446618718
50,0.1,0,hub_09,pcglasso,C,6.309573444801935e-4,0.011499999999841748,44.889027893948416
50,0.1,0,hub_09,pcglasso,C,0.010000000000000004,0.005999999999858119,53.92392846519867
50,0.1,0,hub_09,pcglasso,I,9.999999999999982e-9,0.10050000000001091,43.58635747483086
50,0.1,0,hub_09,pcglasso,I,1.5848931924611096e-7,0.07899999999995089,43.58635755722834
50,0.1,0,hub_09,pcglasso,I,2.5118864315095806e-6,0.0625,43.58639153982939
50,0.1,0,hub_09,pcglasso,I,3.98107170553497e-5,0.02500000000009095,43.60591022979497
50,0.1,0,hub_09,pcglasso,I,6.309573444801935e-4,0.007500000000050022,44.097914052864
50,0.1,0,hub_09,pcglasso,I,0.010000000000000004,0.006500000000073669,44.001696923714576
50,0.1,0,hub_09,pcglassoFast_Dual,C,9.999999999999982e-9,0.07600000000002183,43.58635747170696
50,0.1,0,hub_09,pcglassoFast_Dual,C,1.5848931924611096e-7,0.06149999999990996,43.58635761377257
50,0.1,0,hub_09,pcglassoFast_Dual,C,2.5118864315095806e-6,0.047999999999774445,43.58635887758703
50,0.1,0,hub_09,pcglassoFast_Dual,C,3.98107170553497e-5,0.03599999999994452,43.58639494551258
50,0.1,0,hub_09,pcglassoFast_Dual,C,6.309573444801935e-4,0.02400000000000091,43.586680644799706
50,0.1,0,hub_09,pcglassoFast_Dual,C,0.010000000000000004,0.016000000000076398,43.59196074887555
50,0.1,0,hub_09,pcglassoFast_Dual,I,9.999999999999982e-9,0.06149999999990996,43.5863574715412
50,0.1,0,hub_09,pcglassoFast_Dual,I,1.5848931924611096e-7,0.04800000000000182,43.586357554781415
50,0.1,0,hub_09,pcglassoFast_Dual,I,2.5118864315095806e-6,0.03550000000007003,43.58635897234978
50,0.1,0,hub_09,pcglassoFast_Dual,I,3.98107170553497e-5,0.02250000000003638,43.586385160142335
50,0.1,0,hub_09,pcglassoFast_Dual,I,6.309573444801935e-4,0.016000000000076398,43.58666978635436
50,0.1,0,hub_09,pcglassoFast_Dual,I,0.010000000000000004,0.009999999999990905,43.59386569897063
50,0.1,0,hub_09,pcglassoFast_Primal,C,9.999999999999982e-9,0.035000000000081855,43.586357469437154
50,0.1,0,hub_09,pcglassoFast_Primal,C,1.5848931924611096e-7,0.02949999999998454,43.586357528003745
50,0.1,0,hub_09,pcglassoFast_Primal,C,2.5118864315095806e-6,0.02549999999996544,43.58635891246677
50,0.1,0,hub_09,pcglassoFast_Primal,C,3.98107170553497e-5,0.02100000000007185,43.58637357049716
50,0.1,0,hub_09,pcglassoFast_Primal,C,6.309573444801935e-4,0.015499999999974534,43.58680526629657
50,0.1,0,hub_09,pcglassoFast_Primal,C,0.010000000000000004,0.011000000000080945,43.59219267041598
50,0.1,0,hub_09,pcglassoFast_Primal,I,9.999999999999982e-9,0.03300000000012915,43.58635746761963
50,0.1,0,hub_09,pcglassoFast_Primal,I,1.5848931924611096e-7,0.028999999999996362,43.58635757051738
50,0.1,0,hub_09,pcglassoFast_Primal,I,2.5118864315095806e-6,0.026499999999941792,43.586358617055055
50,0.1,0,hub_09,pcglassoFast_Primal,I,3.98107170553497e-5,0.02100000000007185,43.58638291268695
50,0.1,0,hub_09,pcglassoFast_Primal,I,6.309573444801935e-4,0.015000000000100044,43.58686412758561
50,0.1,0,hub_09,pcglassoFast_Primal,I,0.010000000000000004,0.010999999999967258,43.59108648068944
50,0.1,0,hub_09,pcglassoFast_PrimalDual,C,9.999999999999982e-9,0.04949999999996635,43.586357466587735
50,0.1,0,hub_09,pcglassoFast_PrimalDual,C,1.5848931924611096e-7,0.04600000000004911,43.58635749674397
50,0.1,0,hub_09,pcglassoFast_PrimalDual,C,2.5118864315095806e-6,0.03750000000002274,43.58635831484682
50,0.1,0,hub_09,pcglassoFast_PrimalDual,C,3.98107170553497e-5,0.03050000000007458,43.58636536387413
50,0.1,0,hub_09,pcglassoFast_PrimalDual,C,6.309573444801935e-4,0.02500000000009095,43.586437658256656
50,0.1,0,hub_09,pcglassoFast_PrimalDual,C,0.010000000000000004,0.021999999999934516,43.587418920373565
50,0.1,0,hub_09,pcglassoFast_PrimalDual,I,9.999999999999982e-9,0.05850000000009459,43.58635746574037
50,0.1,0,hub_09,pcglassoFast_PrimalDual,I,1.5848931924611096e-7,0.049500000000080036,43.58635754097584
50,0.1,0,hub_09,pcglassoFast_PrimalDual,I,2.5118864315095806e-6,0.044000000000096406,43.58635810983565
50,0.1,0,hub_09,pcglassoFast_PrimalDual,I,3.98107170553497e-5,0.036500000000046384,43.58637518920218
50,0.1,0,hub_09,pcglassoFast_PrimalDual,I,6.309573444801935e-4,0.028500000000121872,43.58651823356557
50,0.1,0,hub_09,pcglassoFast_PrimalDual,I,0.010000000000000004,0.019000000000005457,43.590734122369085
50,0.1,0,hub_1,pcglasso,C,9.999999999999982e-9,0.9304999999999382,13.02061700865756
50,0.1,0,hub_1,pcglasso,C,1.5848931924611096e-7,0.5834999999999582,13.020619540334428
50,0.1,0,hub_1,pcglasso,C,2.5118864315095806e-6,0.2650000000003274,13.021311358402354
50,0.1,0,hub_1,pcglasso,C,3.98107170553497e-5,0.08149999999989177,13.054621466212634
50,0.1,0,hub_1,pcglasso,C,6.309573444801935e-4,0.05400000000008731,16.641581343403427
50,0.1,0,hub_1,pcglasso,C,0.010000000000000004,0.027000000000043656,24.08982822089355
50,0.1,0,hub_1,pcglasso,I,9.999999999999982e-9,1.6100000000001273,13.020617009233813
50,0.1,0,hub_1,pcglasso,I,1.5848931924611096e-7,1.0380000000002383,13.02061937480333
50,0.1,0,hub_1,pcglasso,I,2.5118864315095806e-6,0.4579999999998563,13.021333098298637
50,0.1,0,hub_1,pcglasso,I,3.98107170553497e-5,0.03600000000005821,13.964306804541888
50,0.1,0,hub_1,pcglasso,I,6.309573444801935e-4,0.02299999999991087,15.339048967841974
50,0.1,0,hub_1,pcglasso,I,0.010000000000000004,0.010000000000104592,17.680177659518076
50,0.1,0,hub_1,pcglassoFast_Dual,C,9.999999999999982e-9,1.9384999999999764,13.020617053953359
50,0.1,0,hub_1,pcglassoFast_Dual,C,1.5848931924611096e-7,1.4540000000000646,13.020617989158882
50,0.1,0,hub_1,pcglassoFast_Dual,C,2.5118864315095806e-6,1.2174999999999727,13.02063189028947
50,0.1,0,hub_1,pcglassoFast_Dual,C,3.98107170553497e-5,0.7735000000000127,13.020867262744478
50,0.1,0,hub_1,pcglassoFast_Dual,C,6.309573444801935e-4,0.45250000000010004,13.024117925078022
50,0.1,0,hub_1,pcglassoFast_Dual,C,0.010000000000000004,0.14999999999997726,13.067598317600345
50,0.1,0,hub_1,pcglassoFast_Dual,I,9.999999999999982e-9,2.007000000000062,13.020617052983232
50,0.1,0,hub_1,pcglassoFast_Dual,I,1.5848931924611096e-7,1.3379999999999654,13.020624776541734
50,0.1,0,hub_1,pcglassoFast_Dual,I,2.5118864315095806e-6,1.2429999999999382,13.020631929594758
50,0.1,0,hub_1,pcglassoFast_Dual,I,3.98107170553497e-5,0.98050000000012,13.020863047569282
50,0.1,0,hub_1,pcglassoFast_Dual,I,6.309573444801935e-4,0.6030000000000655,13.024646326147252
50,0.1,0,hub_1,pcglassoFast_Dual,I,0.010000000000000004,0.34000000000003183,13.09304316376869
50,0.1,0,hub_1,pcglassoFast_Primal,C,9.999999999999982e-9,0.5469999999999118,13.020617403545334
50,0.1,0,hub_1,pcglassoFast_Primal,C,1.5848931924611096e-7,0.39350000000013097,13.02062329842678
50,0.1,0,hub_1,pcglassoFast_Primal,C,2.5118864315095806e-6,0.25250000000028194,13.020643390324418
50,0.1,0,hub_1,pcglassoFast_Primal,C,3.98107170553497e-5,0.19900000000006912,13.020739202382625
50,0.1,0,hub_1,pcglassoFast_Primal,C,6.309573444801935e-4,0.1369999999999436,13.022551183804389
50,0.1,0,hub_1,pcglassoFast_Primal,C,0.010000000000000004,0.07849999999984902,13.040640292588112
50,0.1,0,hub_1,pcglassoFast_Primal,I,9.999999999999982e-9,0.6704999999999472,13.020617455467889
50,0.1,0,hub_1,pcglassoFast_Primal,I,1.5848931924611096e-7,0.4230000000000018,13.02062319814504
50,0.1,0,hub_1,pcglassoFast_Primal,I,2.5118864315095806e-6,0.2980000000002292,13.02064087486195
50,0.1,0,hub_1,pcglassoFast_Primal,I,3.98107170553497e-5,0.227500000000191,13.02086014919529
50,0.1,0,hub_1,pcglassoFast_Primal,I,6.309573444801935e-4,0.17000000000007276,13.023818651563982
50,0.1,0,hub_1,pcglassoFast_Primal,I,0.010000000000000004,0.10700000000019827,13.0792193954295
50,0.1,0,hub_1,pcglassoFast_PrimalDual,C,9.999999999999982e-9,0.25650000000018736,13.0206170515562
50,0.1,0,hub_1,pcglassoFast_PrimalDual,C,1.5848931924611096e-7,0.2015000000001237,13.020617779653122
50,0.1,0,hub_1,pcglassoFast_PrimalDual,C,2.5118864315095806e-6,0.1614999999999327,13.020628358746178
50,0.1,0,hub_1,pcglassoFast_PrimalDual,C,3.98107170553497e-5,0.11899999999991451,13.020825976555912
50,0.1,0,hub_1,pcglassoFast_PrimalDual,C,6.309573444801935e-4,0.06599999999980355,13.023430842523526
50,0.1,0,hub_1,pcglassoFast_PrimalDual,C,0.010000000000000004,0.027000000000043656,13.05431964392023
50,0.1,0,hub_1,pcglassoFast_PrimalDual,I,9.999999999999982e-9,0.3224999999998772,13.020617047577787
50,0.1,0,hub_1,pcglassoFast_PrimalDual,I,1.5848931924611096e-7,0.28099999999994907,13.02061775421511
50,0.1,0,hub_1,pcglassoFast_PrimalDual,I,2.5118864315095806e-6,0.22899999999981446,13.020629974922638
50,0.1,0,hub_1,pcglassoFast_PrimalDual,I,3.98107170553497e-5,0.18100000000004002,13.020830573300593
50,0.1,0,hub_1,pcglassoFast_PrimalDual,I,6.309573444801935e-4,0.13899999999966894,13.023947887484187
50,0.1,0,hub_1,pcglassoFast_PrimalDual,I,0.010000000000000004,0.08599999999978536,13.073003453868914
50,0.1,0,random,pcglasso,C,9.999999999999982e-9,0.09799999999995634,37.66778766634397
50,0.1,0,random,pcglasso,C,1.5848931924611096e-7,0.07949999999993906,37.66778844011853
50,0.1,0,random,pcglasso,C,2.5118864315095806e-6,0.05950000000007094,37.66784075495174
50,0.1,0,random,pcglasso,C,3.98107170553497e-5,0.03000000000020009,37.67977798277451
50,0.1,0,random,pcglasso,C,6.309573444801935e-4,0.012000000000057298,38.9516776590481
50,0.1,0,random,pcglasso,C,0.010000000000000004,0.008000000000038199,50.621369449646934
50,0.1,0,random,pcglasso,I,9.999999999999982e-9,0.11099999999999,37.667787666916524
50,0.1,0,random,pcglasso,I,1.5848931924611096e-7,0.07399999999995543,37.66778880174608
50,0.1,0,random,pcglasso,I,2.5118864315095806e-6,0.055499999999938154,37.66787575175251
50,0.1,0,random,pcglasso,I,3.98107170553497e-5,0.03300000000001546,37.6812197237934
50,0.1,0,random,pcglasso,I,6.309573444801935e-4,0.010500000000092768,38.22170235977033
50,0.1,0,random,pcglasso,I,0.010000000000000004,0.006999999999948159,39.21250694643148
50,0.1,0,random,pcglassoFast_Dual,C,9.999999999999982e-9,0.04349999999999454,37.6677876667491
50,0.1,0,random,pcglassoFast_Dual,C,1.5848931924611096e-7,0.033999999999650754,37.66778805089001
50,0.1,0,random,pcglassoFast_Dual,C,2.5118864315095806e-6,0.02800000000002001,37.667791466549716
50,0.1,0,random,pcglassoFast_Dual,C,3.98107170553497e-5,0.024000000000114596,37.66782013109261
50,0.1,0,random,pcglassoFast_Dual,C,6.309573444801935e-4,0.019000000000005457,37.66814151958317
50,0.1,0,random,pcglassoFast_Dual,C,0.010000000000000004,0.016499999999950887,37.67177477300726
50,0.1,0,random,pcglassoFast_Dual,I,9.999999999999982e-9,0.040500000000065484,37.667787662949735
50,0.1,0,random,pcglassoFast_Dual,I,1.5848931924611096e-7,0.032000000000152795,37.66778774926581
50,0.1,0,random,pcglassoFast_Dual,I,2.5118864315095806e-6,0.028999999999996362,37.66779054848879
50,0.1,0,random,pcglassoFast_Dual,I,3.98107170553497e-5,0.019000000000005457,37.66782997864513
50,0.1,0,random,pcglassoFast_Dual,I,6.309573444801935e-4,0.014499999999998181,37.668406220803575
50,0.1,0,random,pcglassoFast_Dual,I,0.010000000000000004,0.011999999999943611,37.66954219867024
50,0.1,0,random,pcglassoFast_Primal,C,9.999999999999982e-9,0.04949999999985266,37.667787676418996
50,0.1,0,random,pcglassoFast_Primal,C,1.5848931924611096e-7,0.04350000000010823,37.667787892891546
50,0.1,0,random,pcglassoFast_Primal,C,2.5118864315095806e-6,0.03749999999990905,37.66779037406207
50,0.1,0,random,pcglassoFast_Primal,C,3.98107170553497e-5,0.029999999999972715,37.667828256216694
50,0.1,0,random,pcglassoFast_Primal,C,6.309573444801935e-4,0.024499999999989086,37.6685367074075
50,0.1,0,random,pcglassoFast_Primal,C,0.010000000000000004,0.016000000000076398,37.679883108580896
50,0.1,0,random,pcglassoFast_Primal,I,9.999999999999982e-9,0.052999999999883585,37.667787675838866
50,0.1,0,random,pcglassoFast_Primal,I,1.5848931924611096e-7,0.04549999999994725,37.667787893062624
50,0.1,0,random,pcglassoFast_Primal,I,2.5118864315095806e-6,0.035499999999956344,37.66779218842014
50,0.1,0,random,pcglassoFast_Primal,I,3.98107170553497e-5,0.028999999999996362,37.66784583441854
50,0.1,0,random,pcglassoFast_Primal,I,6.309573444801935e-4,0.021000000000185537,37.66835766693737
50,0.1,0,random,pcglassoFast_Primal,I,0.010000000000000004,0.013000000000033651,37.68284646578981
50,0.1,0,random,pcglassoFast_PrimalDual,C,9.999999999999982e-9,0.05050000000005639,37.66778766067695
50,0.1,0,random,pcglassoFast_PrimalDual,C,1.5848931924611096e-7,0.043000000000006366,37.66778768323947
50,0.1,0,random,pcglassoFast_PrimalDual,C,2.5118864315095806e-6,0.03499999999996817,37.667788016894704
50,0.1,0,random,pcglassoFast_PrimalDual,C,3.98107170553497e-5,0.032999999999901775,37.66779375456757
50,0.1,0,random,pcglassoFast_PrimalDual,C,6.309573444801935e-4,0.02500000000009095,37.66790309689817
50,0.1,0,random,pcglassoFast_PrimalDual,C,0.010000000000000004,0.018000000000029104,37.67003554184429
50,0.1,0,random,pcglassoFast_PrimalDual,I,9.999999999999982e-9,0.051000000000044565,37.66778766132635
50,0.1,0,random,pcglassoFast_PrimalDual,I,1.5848931924611096e-7,0.04500000000007276,37.66778768548115
50,0.1,0,random,pcglassoFast_PrimalDual,I,2.5118864315095806e-6,0.03899999999998727,37.6677880296212
50,0.1,0,random,pcglassoFast_PrimalDual,I,3.98107170553497e-5,0.03250000000014097,37.66779487786228
50,0.1,0,random,pcglassoFast_PrimalDual,I,6.309573444801935e-4,0.027000000000043656,37.66794480210305
50,0.1,0,random,pcglassoFast_PrimalDual,I,0.010000000000000004,0.0244999999998754,37.66853791880867
50,0.1,0.5,AR2,pcglasso,C,9.999999999999982e-9,0.06399999999996453,41.437338330606266
50,0.1,0.5,AR2,pcglasso,C,1.5848931924611096e-7,0.05700000000001637,41.43733841450854
50,0.1,0.5,AR2,pcglasso,C,2.5118864315095806e-6,0.052500000000009095,41.437338903492815
50,0.1,0.5,AR2,pcglasso,C,3.98107170553497e-5,0.03300000000001546,41.437551271577064
50,0.1,0.5,AR2,pcglasso,C,6.309573444801935e-4,0.01599999999996271,41.92700648134101
50,0.1,0.5,AR2,pcglasso,C,0.010000000000000004,0.0060000000000854925,65.89407656486767
50,0.1,0.5,AR2,pcglasso,I,9.999999999999982e-9,0.03600000000005821,41.43733833052912
50,0.1,0.5,AR2,pcglasso,I,1.5848931924611096e-7,0.02800000000002001,41.43733835007968
50,0.1,0.5,AR2,pcglasso,I,2.5118864315095806e-6,0.02699999999992997,41.43733899960545
50,0.1,0.5,AR2,pcglasso,I,3.98107170553497e-5,0.013499999999908141,41.43787984715608
50,0.1,0.5,AR2,pcglasso,I,6.309573444801935e-4,0.005000000000109139,41.46922578231699
50,0.1,0.5,AR2,pcglasso,I,0.010000000000000004,0.004000000000132786,41.49211227697017
50,0.1,0.5,AR2,pcglassoFast_Dual,C,9.999999999999982e-9,0.010999999999967258,41.43733833072453
50,0.1,0.5,AR2,pcglassoFast_Dual,C,1.5848931924611096e-7,0.010500000000092768,41.43733834741815
50,0.1,0.5,AR2,pcglassoFast_Dual,C,2.5118864315095806e-6,0.009999999999990905,41.43733848012058
50,0.1,0.5,AR2,pcglassoFast_Dual,C,3.98107170553497e-5,0.009000000000014552,41.43733968543371
50,0.1,0.5,AR2,pcglassoFast_Dual,C,6.309573444801935e-4,0.008000000000265572,41.43735124127871
50,0.1,0.5,AR2,pcglassoFast_Dual,C,0.010000000000000004,0.009000000000014552,41.4374658231167
50,0.1,0.5,AR2,pcglassoFast_Dual,I,9.999999999999982e-9,0.007000000000061846,41.4373383311964
50,0.1,0.5,AR2,pcglassoFast_Dual,I,1.5848931924611096e-7,0.007000000000061846,41.43733833573696
50,0.1,0.5,AR2,pcglassoFast_Dual,I,2.5118864315095806e-6,0.006500000000073669,41.43733837873472
50,0.1,0.5,AR2,pcglassoFast_Dual,I,3.98107170553497e-5,0.005999999999858119,41.43733878520149
50,0.1,0.5,AR2,pcglassoFast_Dual,I,6.309573444801935e-4,0.00450000000023465,41.437386069455584
50,0.1,0.5,AR2,pcglassoFast_Dual,I,0.010000000000000004,0.0039999999999054126,41.43780220750118
50,0.1,0.5,AR2,pcglassoFast_Primal,C,9.999999999999982e-9,0.01900000000023283,41.43733833199219
50,0.1,0.5,AR2,pcglassoFast_Primal,C,1.5848931924611096e-7,0.01850000000001728,41.43733833885961
50,0.1,0.5,AR2,pcglassoFast_Primal,C,2.5118864315095806e-6,0.016499999999950887,41.43733838983033
50,0.1,0.5,AR2,pcglassoFast_Primal,C,3.98107170553497e-5,0.014000000000123691,41.43734140916917
50,0.1,0.5,AR2,pcglassoFast_Primal,C,6.309573444801935e-4,0.013999999999896318,41.43736093997053
50,0.1,0.5,AR2,pcglassoFast_Primal,C,0.010000000000000004,0.010999999999967258,41.43858321346863
50,0.1,0.5,AR2,pcglassoFast_Primal,I,9.999999999999982e-9,0.01499999999987267,41.43733833115183
50,0.1,0.5,AR2,pcglassoFast_Primal,I,1.5848931924611096e-7,0.014499999999884494,41.43733833423911
50,0.1,0.5,AR2,pcglassoFast_Primal,I,2.5118864315095806e-6,0.011999999999943611,41.43733851906152
50,0.1,0.5,AR2,pcglassoFast_Primal,I,3.98107170553497e-5,0.009999999999990905,41.43733966499697
50,0.1,0.5,AR2,pcglassoFast_Primal,I,6.309573444801935e-4,0.008000000000038199,41.43740647764324
50,0.1,0.5,AR2,pcglassoFast_Primal,I,0.010000000000000004,0.007000000000061846,41.43783259599882
50,0.1,0.5,AR2,pcglassoFast_PrimalDual,C,9.999999999999982e-9,0.04150000000004184,41.4373383310704
50,0.1,0.5,AR2,pcglassoFast_PrimalDual,C,1.5848931924611096e-7,0.035000000000081855,41.43733835008257
50,0.1,0.5,AR2,pcglassoFast_PrimalDual,C,2.5118864315095806e-6,0.0340000000001055,41.43733845585841
50,0.1,0.5,AR2,pcglassoFast_PrimalDual,C,3.98107170553497e-5,0.030000000000086402,41.43734365527869
50,0.1,0.5,AR2,pcglassoFast_PrimalDual,C,6.309573444801935e-4,0.02500000000009095,41.437373820562414
50,0.1,0.5,AR2,pcglassoFast_PrimalDual,C,0.010000000000000004,0.01999999999998181,41.43895203614584
50,0.1,0.5,AR2,pcglassoFast_PrimalDual,I,9.999999999999982e-9,0.03099999999994907,41.437338332284355
50,0.1,0.5,AR2,pcglassoFast_PrimalDual,I,1.5848931924611096e-7,0.02949999999998454,41.43733833936937
50,0.1,0.5,AR2,pcglassoFast_PrimalDual,I,2.5118864315095806e-6,0.021999999999934516,41.437338688271566
50,0.1,0.5,AR2,pcglassoFast_PrimalDual,I,3.98107170553497e-5,0.02100000000007185,41.43734060417125
50,0.1,0.5,AR2,pcglassoFast_PrimalDual,I,6.309573444801935e-4,0.01499999999987267,41.43743166728089
50,0.1,0.5,AR2,pcglassoFast_PrimalDual,I,0.010000000000000004,0.011999999999829924,41.437945273376606
50,0.1,0.5,hub_09,pcglasso,C,9.999999999999982e-9,0.07399999999984175,41.61087094480084
50,0.1,0.5,hub_09,pcglasso,C,1.5848931924611096e-7,0.049999999999954525,41.61087097443559
50,0.1,0.5,hub_09,pcglasso,C,2.5118864315095806e-6,0.04600000000004911,41.61087212745327
50,0.1,0.5,hub_09,pcglasso,C,3.98107170553497e-5,0.031000000000062755,41.61099994682903
50,0.1,0.5,hub_09,pcglasso,C,6.309573444801935e-4,0.01499999999987267,41.63486432993957
50,0.1,0.5,hub_09,pcglasso,C,0.010000000000000004,0.005000000000109139,57.86897031879203
50,0.1,0.5,hub_09,pcglasso,I,9.999999999999982e-9,0.06700000000000728,41.61087092621693
50,0.1,0.5,hub_09,pcglasso,I,1.5848931924611096e-7,0.05449999999973443,41.61087098039729
50,0.1,0.5,hub_09,pcglasso,I,2.5118864315095806e-6,0.04650000000003729,41.61087197926217
50,0.1,0.5,hub_09,pcglasso,I,3.98107170553497e-5,0.028999999999996362,41.61102990804511
50,0.1,0.5,hub_09,pcglasso,I,6.309573444801935e-4,0.007000000000061846,41.725927981138426
50,0.1,0.5,hub_09,pcglasso,I,0.010000000000000004,0.005000000000109139,41.96503000004425
50,0.1,0.5,hub_09,pcglassoFast_Dual,C,9.999999999999982e-9,0.009999999999990905,41.61087092387358
50,0.1,0.5,hub_09,pcglassoFast_Dual,C,1.5848931924611096e-7,0.009000000000014552,41.61087095247297
50,0.1,0.5,hub_09,pcglassoFast_Dual,C,2.5118864315095806e-6,0.008000000000038199,41.61087138283218
50,0.1,0.5,hub_09,pcglassoFast_Dual,C,3.98107170553497e-5,0.007000000000061846,41.610883427551016
50,0.1,0.5,hub_09,pcglassoFast_Dual,C,6.309573444801935e-4,0.005999999999971806,41.61091758306303
50,0.1,0.5,hub_09,pcglassoFast_Dual,C,0.010000000000000004,0.005000000000109139,41.611065847165584
50,0.1,0.5,hub_09,pcglassoFast_Dual,I,9.999999999999982e-9,0.009499999999889042,41.61087092416691
50,0.1,0.5,hub_09,pcglassoFast_Dual,I,1.5848931924611096e-7,0.009000000000014552,41.61087093046611
50,0.1,0.5,hub_09,pcglassoFast_Dual,I,2.5118864315095806e-6,0.008000000000151886,41.61087123872147
50,0.1,0.5,hub_09,pcglassoFast_Dual,I,3.98107170553497e-5,0.006999999999948159,41.6108755757774
50,0.1,0.5,hub_09,pcglassoFast_Dual,I,6.309573444801935e-4,0.005999999999858119,41.61089168722275
50,0.1,0.5,hub_09,pcglassoFast_Dual,I,0.010000000000000004,0.0049999999999954525,41.61192718813876
50,0.1,0.5,hub_09,pcglassoFast_Primal,C,9.999999999999982e-9,0.01700000000005275,41.61087092318643
50,0.1,0.5,hub_09,pcglassoFast_Primal,C,1.5848931924611096e-7,0.014499999999998181,41.610870927607074
50,0.1,0.5,hub_09,pcglassoFast_Primal,C,2.5118864315095806e-6,0.011999999999943611,41.61087120006805
50,0.1,0.5,hub_09,pcglassoFast_Primal,C,3.98107170553497e-5,0.010500000000092768,41.6108734617322
50,0.1,0.5,hub_09,pcglassoFast_Primal,C,6.309573444801935e-4,0.009000000000014552,41.61090382075437
50,0.1,0.5,hub_09,pcglassoFast_Primal,C,0.010000000000000004,0.009000000000014552,41.61090382075437
50,0.1,0.5,hub_09,pcglassoFast_Primal,I,9.999999999999982e-9,0.016999999999939064,41.61087092272805
50,0.1,0.5,hub_09,pcglassoFast_Primal,I,1.5848931924611096e-7,0.014000000000123691,41.61087093614766
50,0.1,0.5,hub_09,pcglassoFast_Primal,I,2.5118864315095806e-6,0.013000000000033651,41.61087101305551
50,0.1,0.5,hub_09,pcglassoFast_Primal,I,3.98107170553497e-5,0.010999999999967258,41.610875180671044
50,0.1,0.5,hub_09,pcglassoFast_Primal,I,6.309573444801935e-4,0.009500000000002728,41.61090110676352
50,0.1,0.5,hub_09,pcglassoFast_Primal,I,0.010000000000000004,0.007000000000061846,41.61241675577275
50,0.1,0.5,hub_09,pcglassoFast_PrimalDual,C,9.999999999999982e-9,0.025500000000192813,41.61087092308998
50,0.1,0.5,hub_09,pcglassoFast_PrimalDual,C,1.5848931924611096e-7,0.02400000000000091,41.61087092689958
50,0.1,0.5,hub_09,pcglassoFast_PrimalDual,C,2.5118864315095806e-6,0.01950000000010732,41.61087111278576
50,0.1,0.5,hub_09,pcglassoFast_PrimalDual,C,3.98107170553497e-5,0.018000000000029104,41.61087217023199
50,0.1,0.5,hub_09,pcglassoFast_PrimalDual,C,6.309573444801935e-4,0.015000000000327418,41.61087943180007
50,0.1,0.5,hub_09,pcglassoFast_PrimalDual,C,0.010000000000000004,0.013499999999908141,41.610936900294696
50,0.1,0.5,hub_09,pcglassoFast_PrimalDual,I,9.999999999999982e-9,0.02900000000011005,41.61087092282555
50,0.1,0.5,hub_09,pcglassoFast_PrimalDual,I,1.5848931924611096e-7,0.026000000000067303,41.610870938444826
50,0.1,0.5,hub_09,pcglassoFast_PrimalDual,I,2.5118864315095806e-6,0.023000000000138243,41.61087102623337
50,0.1,0.5,hub_09,pcglassoFast_PrimalDual,I,3.98107170553497e-5,0.019000000000005457,41.61087558874047
50,0.1,0.5,hub_09,pcglassoFast_PrimalDual,I,6.309573444801935e-4,0.019000000000005457,41.61090326374581
50,0.1,0.5,hub_09,pcglassoFast_PrimalDual,I,0.010000000000000004,0.012999999999919964,41.61233998634099
50,0.1,0.5,hub_1,pcglasso,C,9.999999999999982e-9,0.21499999999991815,27.481209165198287
50,0.1,0.5,hub_1,pcglasso,C,1.5848931924611096e-7,0.1450000000000955,27.481209830160974
50,0.1,0.5,hub_1,pcglasso,C,2.5118864315095806e-6,0.11149999999986449,27.48123723460582
50,0.1,0.5,hub_1,pcglasso,C,3.98107170553497e-5,0.06699999999989359,27.493612475571496
50,0.1,0.5,hub_1,pcglasso,C,6.309573444801935e-4,0.07299999999997908,27.938822808243263
50,0.1,0.5,hub_1,pcglasso,C,0.010000000000000004,0.02800000000002001,59.82316593246382
50,0.1,0.5,hub_1,pcglasso,I,9.999999999999982e-9,0.3914999999999509,27.48120916001423
50,0.1,0.5,hub_1,pcglasso,I,1.5848931924611096e-7,0.32550000000014734,27.481209178901093
50,0.1,0.5,hub_1,pcglasso,I,2.5118864315095806e-6,0.4134999999998854,27.48121764326869
50,0.1,0.5,hub_1,pcglasso,I,3.98107170553497e-5,0.14249999999992724,27.482481187377935
50,0.1,0.5,hub_1,pcglasso,I,6.309573444801935e-4,0.010999999999967258,29.346923578542675
50,0.1,0.5,hub_1,pcglasso,I,0.010000000000000004,0.006000000000312866,29.770546739957062
50,0.1,0.5,hub_1,pcglassoFast_Dual,C,9.999999999999982e-9,0.20900000000006003,27.481209299334605
50,0.1,0.5,hub_1,pcglassoFast_Dual,C,1.5848931924611096e-7,0.16899999999986903,27.481211179142807
50,0.1,0.5,hub_1,pcglassoFast_Dual,C,2.5118864315095806e-6,0.1690000000000964,27.481241260816052
50,0.1,0.5,hub_1,pcglassoFast_Dual,C,3.98107170553497e-5,0.10849999999993543,27.48136734261206
50,0.1,0.5,hub_1,pcglassoFast_Dual,C,6.309573444801935e-4,0.07850000000030377,27.482565836146787
50,0.1,0.5,hub_1,pcglassoFast_Dual,C,0.010000000000000004,0.07299999999997908,27.4928393111463
50,0.1,0.5,hub_1,pcglassoFast_Dual,I,9.999999999999982e-9,0.29550000000006094,27.48120927142994
50,0.1,0.5,hub_1,pcglassoFast_Dual,I,1.5848931924611096e-7,0.3694999999999027,27.48121088803463
50,0.1,0.5,hub_1,pcglassoFast_Dual,I,2.5118864315095806e-6,0.22249999999996817,27.48123806399612
50,0.1,0.5,hub_1,pcglassoFast_Dual,I,3.98107170553497e-5,0.1834999999999809,27.48144310213305
50,0.1,0.5,hub_1,pcglassoFast_Dual,I,6.309573444801935e-4,0.14250000000004093,27.482757810389888
50,0.1,0.5,hub_1,pcglassoFast_Dual,I,0.010000000000000004,0.08249999999986812,27.765220216882923
50,0.1,0.5,hub_1,pcglassoFast_Primal,C,9.999999999999982e-9,0.07950000000005275,27.481209181238988
50,0.1,0.5,hub_1,pcglassoFast_Primal,C,1.5848931924611096e-7,0.07099999999991269,27.481209468638745
50,0.1,0.5,hub_1,pcglassoFast_Primal,C,2.5118864315095806e-6,0.06149999999979627,27.48121461843507
50,0.1,0.5,hub_1,pcglassoFast_Primal,C,3.98107170553497e-5,0.04800000000022919,27.481287387480712
50,0.1,0.5,hub_1,pcglassoFast_Primal,C,6.309573444801935e-4,0.039499999999975444,27.482712656815245
50,0.1,0.5,hub_1,pcglassoFast_Primal,C,0.010000000000000004,0.028999999999996362,27.48877120619019
50,0.1,0.5,hub_1,pcglassoFast_Primal,I,9.999999999999982e-9,0.09149999999999636,27.481209179551783
50,0.1,0.5,hub_1,pcglassoFast_Primal,I,1.5848931924611096e-7,0.07600000000002183,27.481209566108898
50,0.1,0.5,hub_1,pcglassoFast_Primal,I,2.5118864315095806e-6,0.07049999999992451,27.48121568111324
50,0.1,0.5,hub_1,pcglassoFast_Primal,I,3.98107170553497e-5,0.060999999999921783,27.48128757933099
50,0.1,0.5,hub_1,pcglassoFast_Primal,I,6.309573444801935e-4,0.047000000000025466,27.482706424167105
50,0.1,0.5,hub_1,pcglassoFast_Primal,I,0.010000000000000004,0.0364999999999327,27.500096670771864
50,0.1,0.5,hub_1,pcglassoFast_PrimalDual,C,9.999999999999982e-9,0.033999999999991815,27.481209157982562
50,0.1,0.5,hub_1,pcglassoFast_PrimalDual,C,1.5848931924611096e-7,0.028999999999996362,27.481209203184246
50,0.1,0.5,hub_1,pcglassoFast_PrimalDual,C,2.5118864315095806e-6,0.023500000000012733,27.481209705370475
50,0.1,0.5,hub_1,pcglassoFast_PrimalDual,C,3.98107170553497e-5,0.01999999999998181,27.481217579174636
50,0.1,0.5,hub_1,pcglassoFast_PrimalDual,C,6.309573444801935e-4,0.01850000000001728,27.48124623866822
50,0.1,0.5,hub_1,pcglassoFast_PrimalDual,C,0.010000000000000004,0.013000000000147338,27.482037155510223
50,0.1,0.5,hub_1,pcglassoFast_PrimalDual,I,9.999999999999982e-9,0.07100000000014006,27.481209158181557
50,0.1,0.5,hub_1,pcglassoFast_PrimalDual,I,1.5848931924611096e-7,0.06700000000000728,27.4812092085555
50,0.1,0.5,hub_1,pcglassoFast_PrimalDual,I,2.5118864315095806e-6,0.06299999999987449,27.481209749149876
50,0.1,0.5,hub_1,pcglassoFast_PrimalDual,I,3.98107170553497e-5,0.057500000000118234,27.481215632181872
50,0.1,0.5,hub_1,pcglassoFast_PrimalDual,I,6.309573444801935e-4,0.05249999999989541,27.481430214209254
50,0.1,0.5,hub_1,pcglassoFast_PrimalDual,I,0.010000000000000004,0.05499999999994998,27.483380274014046
50,0.1,0.5,random,pcglasso,C,9.999999999999982e-9,0.11799999999993815,40.70704870852204
50,0.1,0.5,random,pcglasso,C,1.5848931924611096e-7,0.0665000000000191,40.70704874167077
50,0.1,0.5,random,pcglasso,C,2.5118864315095806e-6,0.05050000000005639,40.70705863475085
50,0.1,0.5,random,pcglasso,C,3.98107170553497e-5,0.033999999999991815,40.70799796380563
50,0.1,0.5,random,pcglasso,C,6.309573444801935e-4,0.014499999999998181,40.90528144272247
50,0.1,0.5,random,pcglasso,C,0.010000000000000004,0.0060000000000854925,60.81257998916668
50,0.1,0.5,random,pcglasso,I,9.999999999999982e-9,0.10000000000013642,40.70704870886797
50,0.1,0.5,random,pcglasso,I,1.5848931924611096e-7,0.051499999999919055,40.707048729931664
50,0.1,0.5,random,pcglasso,I,2.5118864315095806e-6,0.0424999999999045,40.707056527994254
50,0.1,0.5,random,pcglasso,I,3.98107170553497e-5,0.02200000000016189,40.7099577938305
50,0.1,0.5,random,pcglasso,I,6.309573444801935e-4,0.007499999999936335,40.882634286384956
50,0.1,0.5,random,pcglasso,I,0.010000000000000004,0.005999999999971806,41.07306773331842
50,0.1,0.5,random,pcglassoFast_Dual,C,9.999999999999982e-9,0.012500000000045475,40.70704871195178
50,0.1,0.5,random,pcglassoFast_Dual,C,1.5848931924611096e-7,0.011999999999943611,40.7070487363267
50,0.1,0.5,random,pcglassoFast_Dual,C,2.5118864315095806e-6,0.010999999999967258,40.707048969832236
50,0.1,0.5,random,pcglassoFast_Dual,C,3.98107170553497e-5,0.009500000000002728,40.707052770507154
50,0.1,0.5,random,pcglassoFast_Dual,C,6.309573444801935e-4,0.008000000000038199,40.70713636843148
50,0.1,0.5,random,pcglassoFast_Dual,C,0.010000000000000004,0.007000000000061846,40.708296540073896
50,0.1,0.5,random,pcglassoFast_Dual,I,9.999999999999982e-9,0.010999999999967258,40.707048715334736
50,0.1,0.5,random,pcglassoFast_Dual,I,1.5848931924611096e-7,0.009999999999877218,40.70704874007772
50,0.1,0.5,random,pcglassoFast_Dual,I,2.5118864315095806e-6,0.008000000000038199,40.707049444834404
50,0.1,0.5,random,pcglassoFast_Dual,I,3.98107170553497e-5,0.007000000000061846,40.70705586680339
50,0.1,0.5,random,pcglassoFast_Dual,I,6.309573444801935e-4,0.006000000000312866,40.70707967132557
50,0.1,0.5,random,pcglassoFast_Dual,I,0.010000000000000004,0.0049999999999954525,40.711562944478146
50,0.1,0.5,random,pcglassoFast_Primal,C,9.999999999999982e-9,0.023000000000138243,40.70704870889411
50,0.1,0.5,random,pcglassoFast_Primal,C,1.5848931924611096e-7,0.021000000000185537,40.70704872587055
50,0.1,0.5,random,pcglassoFast_Primal,C,2.5118864315095806e-6,0.018000000000029104,40.707048965648426
50,0.1,0.5,random,pcglassoFast_Primal,C,3.98107170553497e-5,0.016500000000064574,40.70705299968449
50,0.1,0.5,random,pcglassoFast_Primal,C,6.309573444801935e-4,0.012999999999919964,40.70711567922426
50,0.1,0.5,random,pcglassoFast_Primal,C,0.010000000000000004,0.010999999999967258,40.708128427387145
50,0.1,0.5,random,pcglassoFast_Primal,I,9.999999999999982e-9,0.021999999999934516,40.70704870878511
50,0.1,0.5,random,pcglassoFast_Primal,I,1.5848931924611096e-7,0.019000000000005457,40.70704875449332
50,0.1,0.5,random,pcglassoFast_Primal,I,2.5118864315095806e-6,0.016999999999825377,40.70704926858781
50,0.1,0.5,random,pcglassoFast_Primal,I,3.98107170553497e-5,0.014000000000123691,40.70705599777445
50,0.1,0.5,random,pcglassoFast_Primal,I,6.309573444801935e-4,0.011999999999943611,40.70713824864527
50,0.1,0.5,random,pcglassoFast_Primal,I,0.010000000000000004,0.007999999999924512,40.710534911307214
50,0.1,0.5,random,pcglassoFast_PrimalDual,C,9.999999999999982e-9,0.05250000000023647,40.70704871100341
50,0.1,0.5,random,pcglassoFast_PrimalDual,C,1.5848931924611096e-7,0.044000000000096406,40.70704874111648
50,0.1,0.5,random,pcglassoFast_PrimalDual,C,2.5118864315095806e-6,0.038000000000010914,40.70704923150932
50,0.1,0.5,random,pcglassoFast_PrimalDual,C,3.98107170553497e-5,0.03200000000003911,40.70705835019696
50,0.1,0.5,random,pcglassoFast_PrimalDual,C,6.309573444801935e-4,0.02800000000002001,40.70709176816435
50,0.1,0.5,random,pcglassoFast_PrimalDual,C,0.010000000000000004,0.021999999999934516,40.70795890951935
50,0.1,0.5,random,pcglassoFast_PrimalDual,I,9.999999999999982e-9,0.05599999999992633,40.70704871116376
50,0.1,0.5,random,pcglassoFast_PrimalDual,I,1.5848931924611096e-7,0.04450000000008458,40.707048742853004
50,0.1,0.5,random,pcglassoFast_PrimalDual,I,2.5118864315095806e-6,0.0364999999999327,40.70704922610586
50,0.1,0.5,random,pcglassoFast_PrimalDual,I,3.98107170553497e-5,0.03099999999994907,40.7070577472869
50,0.1,0.5,random,pcglassoFast_PrimalDual,I,6.309573444801935e-4,0.02549999999996544,40.70721343308723
50,0.1,0.5,random,pcglassoFast_PrimalDual,I,0.010000000000000004,0.017500000000154614,40.709879709751476
50,0.2,0,AR2,pcglasso,C,9.999999999999982e-9,0.13350000000002638,45.034960465543186
50,0.2,0,AR2,pcglasso,C,1.5848931924611096e-7,0.11000000000001364,45.03496070194366
50,0.2,0,AR2,pcglasso,C,2.5118864315095806e-6,0.09699999999997999,45.035020617989
50,0.2,0,AR2,pcglasso,C,3.98107170553497e-5,0.052500000000009095,45.04066909578401
50,0.2,0,AR2,pcglasso,C,6.309573444801935e-4,0.013000000000033651,48.417007981219506
50,0.2,0,AR2,pcglasso,C,0.010000000000000004,0.006500000000187356,58.46387907306932
50,0.2,0,AR2,pcglasso,I,9.999999999999982e-9,0.10849999999993543,45.03496046303817
50,0.2,0,AR2,pcglasso,I,1.5848931924611096e-7,0.08600000000001273,45.034960747158614
50,0.2,0,AR2,pcglasso,I,2.5118864315095806e-6,0.06349999999997635,45.03499484187464
50,0.2,0,AR2,pcglasso,I,3.98107170553497e-5,0.03099999999994907,45.041052812439055
50,0.2,0,AR2,pcglasso,I,6.309573444801935e-4,0.010000000000104592,45.27376355034654
50,0.2,0,AR2,pcglasso,I,0.010000000000000004,0.005999999999971806,45.65669071341905
50,0.2,0,AR2,pcglassoFast_Dual,C,9.999999999999982e-9,0.01850000000001728,45.03496046058757
50,0.2,0,AR2,pcglassoFast_Dual,C,1.5848931924611096e-7,0.016999999999939064,45.03496052540087
50,0.2,0,AR2,pcglassoFast_Dual,C,2.5118864315095806e-6,0.015000000000213731,45.03496162487931
50,0.2,0,AR2,pcglassoFast_Dual,C,3.98107170553497e-5,0.012500000000045475,45.034978161096504
50,0.2,0,AR2,pcglassoFast_Dual,C,6.309573444801935e-4,0.011000000000194632,45.03510101926634
50,0.2,0,AR2,pcglassoFast_Dual,C,0.010000000000000004,0.009999999999990905,45.03708671684376
50,0.2,0,AR2,pcglassoFast_Dual,I,9.999999999999982e-9,0.014999999999986358,45.03496045827561
50,0.2,0,AR2,pcglassoFast_Dual,I,1.5848931924611096e-7,0.012999999999919964,45.03496053707264
50,0.2,0,AR2,pcglassoFast_Dual,I,2.5118864315095806e-6,0.011999999999943611,45.034961019582276
50,0.2,0,AR2,pcglassoFast_Dual,I,3.98107170553497e-5,0.010000000000104592,45.03496536463819
50,0.2,0,AR2,pcglassoFast_Dual,I,6.309573444801935e-4,0.009000000000014552,45.0350144569894
50,0.2,0,AR2,pcglassoFast_Dual,I,0.010000000000000004,0.007500000000050022,45.03591372445001
50,0.2,0,AR2,pcglassoFast_Primal,C,9.999999999999982e-9,0.035499999999956344,45.03496046289021
50,0.2,0,AR2,pcglassoFast_Primal,C,1.5848931924611096e-7,0.028999999999996362,45.034960580255586
50,0.2,0,AR2,pcglassoFast_Primal,C,2.5118864315095806e-6,0.026000000000067303,45.03496173367559
50,0.2,0,AR2,pcglassoFast_Primal,C,3.98107170553497e-5,0.02250000000003638,45.034974492345725
50,0.2,0,AR2,pcglassoFast_Primal,C,6.309573444801935e-4,0.016499999999950887,45.03534499319859
50,0.2,0,AR2,pcglassoFast_Primal,C,0.010000000000000004,0.012999999999919964,45.04054597809491
50,0.2,0,AR2,pcglassoFast_Primal,I,9.999999999999982e-9,0.03350000000000364,45.03496046450749
50,0.2,0,AR2,pcglassoFast_Primal,I,1.5848931924611096e-7,0.028999999999996362,45.03496052633986
50,0.2,0,AR2,pcglassoFast_Primal,I,2.5118864315095806e-6,0.023999999999887223,45.03496202944873
50,0.2,0,AR2,pcglassoFast_Primal,I,3.98107170553497e-5,0.01999999999998181,45.03497825907465
50,0.2,0,AR2,pcglassoFast_Primal,I,6.309573444801935e-4,0.016500000000064574,45.03517188188874
50,0.2,0,AR2,pcglassoFast_Primal,I,0.010000000000000004,0.010999999999967258,45.04142632934448
50,0.2,0,AR2,pcglassoFast_PrimalDual,C,9.999999999999982e-9,0.08049999999991542,45.03496046265204
50,0.2,0,AR2,pcglassoFast_PrimalDual,C,1.5848931924611096e-7,0.07400000000006912,45.034960519745695
50,0.2,0,AR2,pcglassoFast_PrimalDual,C,2.5118864315095806e-6,0.06200000000001182,45.034961235130005
50,0.2,0,AR2,pcglassoFast_PrimalDual,C,3.98107170553497e-5,0.048499999999989996,45.03498598824039
50,0.2,0,AR2,pcglassoFast_PrimalDual,C,6.309573444801935e-4,0.04100000000005366,45.03533007713025
50,0.2,0,AR2,pcglassoFast_PrimalDual,C,0.010000000000000004,0.02800000000002001,45.04092128180904
50,0.2,0,AR2,pcglassoFast_PrimalDual,I,9.999999999999982e-9,0.08000000000004093,45.034960462944404
50,0.2,0,AR2,pcglassoFast_PrimalDual,I,1.5848931924611096e-7,0.07000000000005002,45.03496053580918
50,0.2,0,AR2,pcglassoFast_PrimalDual,I,2.5118864315095806e-6,0.05999999999994543,45.034961419126965
50,0.2,0,AR2,pcglassoFast_PrimalDual,I,3.98107170553497e-5,0.04949999999996635,45.034973378006455
50,0.2,0,AR2,pcglassoFast_PrimalDual,I,6.309573444801935e-4,0.035000000000081855,45.03539824716847
50,0.2,0,AR2,pcglassoFast_PrimalDual,I,0.010000000000000004,0.024500000000102773,45.04150989024653
50,0.2,0,hub_09,pcglasso,C,9.999999999999982e-9,0.07900000000017826,47.30056847612016
50,0.2,0,hub_09,pcglasso,C,1.5848931924611096e-7,0.07150000000001455,47.30056848385417
50,0.2,0,hub_09,pcglasso,C,2.5118864315095806e-6,0.052500000000009095,47.30057000164052
50,0.2,0,hub_09,pcglasso,C,3.98107170553497e-5,0.03500000000019554,47.30177644734003
50,0.2,0,hub_09,pcglasso,C,6.309573444801935e-4,0.016000000000076398,47.46167756095613
50,0.2,0,hub_09,pcglasso,C,0.010000000000000004,0.004999999999768079,58.95347849004065
50,0.2,0,hub_09,pcglasso,I,9.999999999999982e-9,0.06899999999973261,47.30056847650883
50,0.2,0,hub_09,pcglasso,I,1.5848931924611096e-7,0.06799999999998363,47.3005684873787
50,0.2,0,hub_09,pcglasso,I,2.5118864315095806e-6,0.047499999999899956,47.30057114984721
50,0.2,0,hub_09,pcglasso,I,3.98107170553497e-5,0.03000000000020009,47.30075964832167
50,0.2,0,hub_09,pcglasso,I,6.309573444801935e-4,0.007000000000061846,47.8350640895044
50,0.2,0,hub_09,pcglasso,I,0.010000000000000004,0.008000000000038199,47.49176899226156
50,0.2,0,hub_09,pcglassoFast_Dual,C,9.999999999999982e-9,0.016000000000076398,47.30056847210562
50,0.2,0,hub_09,pcglassoFast_Dual,C,1.5848931924611096e-7,0.017500000000040927,47.30056873911263
50,0.2,0,hub_09,pcglassoFast_Dual,C,2.5118864315095806e-6,0.011999999999716238,47.30056937344808
50,0.2,0,hub_09,pcglassoFast_Dual,C,3.98107170553497e-5,0.009999999999990905,47.30057675589839
50,0.2,0,hub_09,pcglassoFast_Dual,C,6.309573444801935e-4,0.008499999999912689,47.30089907825131
50,0.2,0,hub_09,pcglassoFast_Dual,C,0.010000000000000004,0.007000000000061846,47.30360324752253
50,0.2,0,hub_09,pcglassoFast_Dual,I,9.999999999999982e-9,0.015000000000100044,47.30056847288563
50,0.2,0,hub_09,pcglassoFast_Dual,I,1.5848931924611096e-7,0.011499999999955435,47.3005685885094
50,0.2,0,hub_09,pcglassoFast_Dual,I,2.5118864315095806e-6,0.012999999999919964,47.30056892190193
50,0.2,0,hub_09,pcglassoFast_Dual,I,3.98107170553497e-5,0.009000000000014552,47.30058551782413
50,0.2,0,hub_09,pcglassoFast_Dual,I,6.309573444801935e-4,0.006500000000073669,47.301203154457205
50,0.2,0,hub_09,pcglassoFast_Dual,I,0.010000000000000004,0.005000000000109139,47.30183225564524
50,0.2,0,hub_09,pcglassoFast_Primal,C,9.999999999999982e-9,0.01999999999998181,47.30056847174792
50,0.2,0,hub_09,pcglassoFast_Primal,C,1.5848931924611096e-7,0.018000000000029104,47.30056848735568
50,0.2,0,hub_09,pcglassoFast_Primal,C,2.5118864315095806e-6,0.01499999999987267,47.300568849631915
50,0.2,0,hub_09,pcglassoFast_Primal,C,3.98107170553497e-5,0.014000000000010004,47.30057051031519
50,0.2,0,hub_09,pcglassoFast_Primal,C,6.309573444801935e-4,0.011000000000194632,47.3006348364482
50,0.2,0,hub_09,pcglassoFast_Primal,C,0.010000000000000004,0.010000000000218279,47.30095524108067
50,0.2,0,hub_09,pcglassoFast_Primal,I,9.999999999999982e-9,0.01799999999980173,47.30056847198384
50,0.2,0,hub_09,pcglassoFast_Primal,I,1.5848931924611096e-7,0.015000000000327418,47.300568488630326
50,0.2,0,hub_09,pcglassoFast_Primal,I,2.5118864315095806e-6,0.012999999999919964,47.30056885969539
50,0.2,0,hub_09,pcglassoFast_Primal,I,3.98107170553497e-5,0.010500000000092768,47.300576809297084
50,0.2,0,hub_09,pcglassoFast_Primal,I,6.309573444801935e-4,0.009999999999990905,47.30061111616485
50,0.2,0,hub_09,pcglassoFast_Primal,I,0.010000000000000004,0.007500000000050022,47.30198523933716
50,0.2,0,hub_09,pcglassoFast_PrimalDual,C,9.999999999999982e-9,0.032500000000027285,47.300568471349926
50,0.2,0,hub_09,pcglassoFast_PrimalDual,C,1.5848931924611096e-7,0.026000000000067303,47.300568484496594
50,0.2,0,hub_09,pcglassoFast_PrimalDual,C,2.5118864315095806e-6,0.02500000000009095,47.30056857626835
50,0.2,0,hub_09,pcglassoFast_PrimalDual,C,3.98107170553497e-5,0.022499999999922693,47.30056941906071
50,0.2,0,hub_09,pcglassoFast_PrimalDual,C,6.309573444801935e-4,0.01999999999998181,47.300577427765475
50,0.2,0,hub_09,pcglassoFast_PrimalDual,C,0.010000000000000004,0.016000000000076398,47.30137564984957
50,0.2,0,hub_09,pcglassoFast_PrimalDual,I,9.999999999999982e-9,0.03350000000000364,47.300568471493634
50,0.2,0,hub_09,pcglassoFast_PrimalDual,I,1.5848931924611096e-7,0.02599999999983993,47.30056849060851
50,0.2,0,hub_09,pcglassoFast_PrimalDual,I,2.5118864315095806e-6,0.023000000000138243,47.30056861821645
50,0.2,0,hub_09,pcglassoFast_PrimalDual,I,3.98107170553497e-5,0.022000000000048203,47.30056972495197
50,0.2,0,hub_09,pcglassoFast_PrimalDual,I,6.309573444801935e-4,0.019499999999993634,47.300579358233456
50,0.2,0,hub_09,pcglassoFast_PrimalDual,I,0.010000000000000004,0.016500000000064574,47.30145607866233
50,0.2,0,hub_1,pcglasso,C,9.999999999999982e-9,0.41200000000003456,16.64436974038445
50,0.2,0,hub_1,pcglasso,C,1.5848931924611096e-7,0.29300000000000637,16.64437219313625
50,0.2,0,hub_1,pcglasso,C,2.5118864315095806e-6,0.20299999999997453,16.644506829022788
50,0.2,0,hub_1,pcglasso,C,3.98107170553497e-5,0.14799999999991087,16.64652211012476
50,0.2,0,hub_1,pcglasso,C,6.309573444801935e-4,0.09750000000008185,19.506588895674653
50,0.2,0,hub_1,pcglasso,C,0.010000000000000004,0.022000000000048203,51.235991711285166
50,0.2,0,hub_1,pcglasso,I,9.999999999999982e-9,0.849999999999909,16.644369736209182
50,0.2,0,hub_1,pcglasso,I,1.5848931924611096e-7,0.7924999999997908,16.64437062532
50,0.2,0,hub_1,pcglasso,I,2.5118864315095806e-6,0.5794999999999391,16.64439801536201
50,0.2,0,hub_1,pcglasso,I,3.98107170553497e-5,0.21600000000000819,16.65698839158129
50,0.2,0,hub_1,pcglasso,I,6.309573444801935e-4,0.02299999999991087,20.330976206241367
50,0.2,0,hub_1,pcglasso,I,0.010000000000000004,0.013000000000033651,21.854370859678543
50,0.2,0,hub_1,pcglassoFast_Dual,C,9.999999999999982e-9,0.4640000000000555,16.64436983199587
50,0.2,0,hub_1,pcglassoFast_Dual,C,1.5848931924611096e-7,0.4255000000000564,16.644372509644747
50,0.2,0,hub_1,pcglassoFast_Dual,C,2.5118864315095806e-6,0.21050000000002456,16.6444117599926
50,0.2,0,hub_1,pcglassoFast_Dual,C,3.98107170553497e-5,0.1150000000000091,16.64499881675684
50,0.2,0,hub_1,pcglassoFast_Dual,C,6.309573444801935e-4,0.08400000000006003,16.6467512146068
50,0.2,0,hub_1,pcglassoFast_Dual,C,0.010000000000000004,0.06949999999994816,16.653207021455717
50,0.2,0,hub_1,pcglassoFast_Dual,I,9.999999999999982e-9,0.7010000000000218,16.64436986378569
50,0.2,0,hub_1,pcglassoFast_Dual,I,1.5848931924611096e-7,0.6194999999999027,16.64437056543827
50,0.2,0,hub_1,pcglassoFast_Dual,I,2.5118864315095806e-6,0.5570000000000164,16.644374686723122
50,0.2,0,hub_1,pcglassoFast_Dual,I,3.98107170553497e-5,0.32950000000005275,16.645030559259318
50,0.2,0,hub_1,pcglassoFast_Dual,I,6.309573444801935e-4,0.23650000000009186,16.65835804790268
50,0.2,0,hub_1,pcglassoFast_Dual,I,0.010000000000000004,0.20150000000001,16.669473628765022
50,0.2,0,hub_1,pcglassoFast_Primal,C,9.999999999999982e-9,0.2034999999999627,16.644369769562164
50,0.2,0,hub_1,pcglassoFast_Primal,C,1.5848931924611096e-7,0.17450000000008004,16.644370512668026
50,0.2,0,hub_1,pcglassoFast_Primal,C,2.5118864315095806e-6,0.13950000000011187,16.644373865217954
50,0.2,0,hub_1,pcglassoFast_Primal,C,3.98107170553497e-5,0.11000000000012733,16.64439392515957
50,0.2,0,hub_1,pcglassoFast_Primal,C,6.309573444801935e-4,0.0809999999999036,16.64518306907106
50,0.2,0,hub_1,pcglassoFast_Primal,C,0.010000000000000004,0.05000000000006821,16.65462957874578
50,0.2,0,hub_1,pcglassoFast_Primal,I,9.999999999999982e-9,0.19000000000005457,16.64436976546647
50,0.2,0,hub_1,pcglassoFast_Primal,I,1.5848931924611096e-7,0.16250000000002274,16.64437043082593
50,0.2,0,hub_1,pcglassoFast_Primal,I,2.5118864315095806e-6,0.1490000000001146,16.644373710452033
50,0.2,0,hub_1,pcglassoFast_Primal,I,3.98107170553497e-5,0.11900000000014188,16.644390598211317
50,0.2,0,hub_1,pcglassoFast_Primal,I,6.309573444801935e-4,0.0929999999998472,16.64513353674084
50,0.2,0,hub_1,pcglassoFast_Primal,I,0.010000000000000004,0.0644999999999527,16.652999520576277
50,0.2,0,hub_1,pcglassoFast_PrimalDual,C,9.999999999999982e-9,0.05999999999994543,16.64436971320771
50,0.2,0,hub_1,pcglassoFast_PrimalDual,C,1.5848931924611096e-7,0.052000000000134605,16.644369776825975
50,0.2,0,hub_1,pcglassoFast_PrimalDual,C,2.5118864315095806e-6,0.04399999999986903,16.644370907083363
50,0.2,0,hub_1,pcglassoFast_PrimalDual,C,3.98107170553497e-5,0.03449999999997999,16.644398205959604
50,0.2,0,hub_1,pcglassoFast_PrimalDual,C,6.309573444801935e-4,0.027000000000043656,16.644702610153693
50,0.2,0,hub_1,pcglassoFast_PrimalDual,C,0.010000000000000004,0.02200000000016189,16.646326958316184
50,0.2,0,hub_1,pcglassoFast_PrimalDual,I,9.999999999999982e-9,0.11449999999990723,16.644369712877356
50,0.2,0,hub_1,pcglassoFast_PrimalDual,I,1.5848931924611096e-7,0.11250000000006821,16.644369773478115
50,0.2,0,hub_1,pcglassoFast_PrimalDual,I,2.5118864315095806e-6,0.09699999999997999,16.64437154854776
50,0.2,0,hub_1,pcglassoFast_PrimalDual,I,3.98107170553497e-5,0.09400000000005093,16.644389604959112
50,0.2,0,hub_1,pcglassoFast_PrimalDual,I,6.309573444801935e-4,0.08100000000001728,16.644801423816098
50,0.2,0,hub_1,pcglassoFast_PrimalDual,I,0.010000000000000004,0.06999999999993634,16.6523473079513
50,0.2,0,random,pcglasso,C,9.999999999999982e-9,0.09850000000005821,43.02520623382223
50,0.2,0,random,pcglasso,C,1.5848931924611096e-7,0.07600000000002183,43.025206793723626
50,0.2,0,random,pcglasso,C,2.5118864315095806e-6,0.06500000000005457,43.025218767997316
50,0.2,0,random,pcglasso,C,3.98107170553497e-5,0.038000000000010914,43.02719212601227
50,0.2,0,random,pcglasso,C,6.309573444801935e-4,0.011000000000194632,45.59813300194355
50,0.2,0,random,pcglasso,C,0.010000000000000004,0.005499999999983629,69.34096826683057
50,0.2,0,random,pcglasso,I,9.999999999999982e-9,0.09049999999990632,43.02520623569569
50,0.2,0,random,pcglasso,I,1.5848931924611096e-7,0.06700000000000728,43.02520666754064
50,0.2,0,random,pcglasso,I,2.5118864315095806e-6,0.05249999999978172,43.02528521684916
50,0.2,0,random,pcglasso,I,3.98107170553497e-5,0.02500000000009095,43.03485323241169
50,0.2,0,random,pcglasso,I,6.309573444801935e-4,0.008000000000038199,44.01035809575193
50,0.2,0,random,pcglasso,I,0.010000000000000004,0.006999999999948159,44.237751025422924
50,0.2,0,random,pcglassoFast_Dual,C,9.999999999999982e-9,0.02500000000009095,43.02520623749209
50,0.2,0,random,pcglassoFast_Dual,C,1.5848931924611096e-7,0.027000000000043656,43.025206295410435
50,0.2,0,random,pcglassoFast_Dual,C,2.5118864315095806e-6,0.019000000000119144,43.02520722637576
50,0.2,0,random,pcglassoFast_Dual,C,3.98107170553497e-5,0.013999999999896318,43.02528913121964
50,0.2,0,random,pcglassoFast_Dual,C,6.309573444801935e-4,0.010999999999967258,43.02581941797196
50,0.2,0,random,pcglassoFast_Dual,C,0.010000000000000004,0.008000000000265572,43.02901812813987
50,0.2,0,random,pcglassoFast_Dual,I,9.999999999999982e-9,0.021500000000060027,43.02520623979794
50,0.2,0,random,pcglassoFast_Dual,I,1.5848931924611096e-7,0.01900000000023283,43.02520626331855
50,0.2,0,random,pcglassoFast_Dual,I,2.5118864315095806e-6,0.014000000000123691,43.02520962425723
50,0.2,0,random,pcglassoFast_Dual,I,3.98107170553497e-5,0.010999999999967258,43.02523502248981
50,0.2,0,random,pcglassoFast_Dual,I,6.309573444801935e-4,0.008000000000038199,43.02562413683345
50,0.2,0,random,pcglassoFast_Dual,I,0.010000000000000004,0.0060000000000854925,43.028277874582066
50,0.2,0,random,pcglassoFast_Primal,C,9.999999999999982e-9,0.03450000000009368,43.025206238494704
50,0.2,0,random,pcglassoFast_Primal,C,1.5848931924611096e-7,0.027500000000031832,43.025206383969824
50,0.2,0,random,pcglassoFast_Primal,C,2.5118864315095806e-6,0.023999999999887223,43.02520803266944
50,0.2,0,random,pcglassoFast_Primal,C,3.98107170553497e-5,0.019000000000005457,43.02523289387166
50,0.2,0,random,pcglassoFast_Primal,C,6.309573444801935e-4,0.013499999999794454,43.0256635171005
50,0.2,0,random,pcglassoFast_Primal,C,0.010000000000000004,0.010999999999967258,43.02730971592647
50,0.2,0,random,pcglassoFast_Primal,I,9.999999999999982e-9,0.03549999999984266,43.02520624310994
50,0.2,0,random,pcglassoFast_Primal,I,1.5848931924611096e-7,0.031000000000176442,43.02520635828355
50,0.2,0,random,pcglassoFast_Primal,I,2.5118864315095806e-6,0.02500000000009095,43.02520841676187
50,0.2,0,random,pcglassoFast_Primal,I,3.98107170553497e-5,0.019000000000005457,43.02524775986249
50,0.2,0,random,pcglassoFast_Primal,I,6.309573444801935e-4,0.015000000000213731,43.025491581865204
50,0.2,0,random,pcglassoFast_Primal,I,0.010000000000000004,0.011000000000080945,43.02827778540179
50,0.2,0,random,pcglassoFast_PrimalDual,C,9.999999999999982e-9,0.05050000000005639,43.02520623433858
50,0.2,0,random,pcglassoFast_PrimalDual,C,1.5848931924611096e-7,0.04450000000019827,43.02520625624598
50,0.2,0,random,pcglassoFast_PrimalDual,C,2.5118864315095806e-6,0.03899999999987358,43.02520663564343
50,0.2,0,random,pcglassoFast_PrimalDual,C,3.98107170553497e-5,0.03150000000005093,43.02521531427519
50,0.2,0,random,pcglassoFast_PrimalDual,C,6.309573444801935e-4,0.028500000000008185,43.025252594750384
50,0.2,0,random,pcglassoFast_PrimalDual,C,0.010000000000000004,0.024499999999989086,43.0265300445007
50,0.2,0,random,pcglassoFast_PrimalDual,I,9.999999999999982e-9,0.053499999999758074,43.02520623409144
50,0.2,0,random,pcglassoFast_PrimalDual,I,1.5848931924611096e-7,0.04500000000007276,43.02520624987389
50,0.2,0,random,pcglassoFast_PrimalDual,I,2.5118864315095806e-6,0.039000000000100954,43.025206508081624
50,0.2,0,random,pcglassoFast_PrimalDual,I,3.98107170553497e-5,0.032999999999901775,43.025212907203056
50,0.2,0,random,pcglassoFast_PrimalDual,I,6.309573444801935e-4,0.028999999999996362,43.02524210419491
50,0.2,0,random,pcglassoFast_PrimalDual,I,0.010000000000000004,0.023000000000024556,43.02632313541061
50,0.2,0.5,AR2,pcglasso,C,9.999999999999982e-9,0.047999999999774445,42.27867188526343
50,0.2,0.5,AR2,pcglasso,C,1.5848931924611096e-7,0.04150000000004184,42.27867189377847
50,0.2,0.5,AR2,pcglasso,C,2.5118864315095806e-6,0.0364999999999327,42.27867190710313
50,0.2,0.5,AR2,pcglasso,C,3.98107170553497e-5,0.027499999999918145,42.278672481553635
50,0.2,0.5,AR2,pcglasso,C,6.309573444801935e-4,0.015000000000100044,42.29239561057548
50,0.2,0.5,AR2,pcglasso,C,0.010000000000000004,0.006999999999720785,75.79400748836748
50,0.2,0.5,AR2,pcglasso,I,9.999999999999982e-9,0.014000000000123691,42.27867188526301
50,0.2,0.5,AR2,pcglasso,I,1.5848931924611096e-7,0.010000000000218279,42.27867188804483
50,0.2,0.5,AR2,pcglasso,I,2.5118864315095806e-6,0.009500000000002728,42.2786719085601
50,0.2,0.5,AR2,pcglasso,I,3.98107170553497e-5,0.007000000000061846,42.27867204124395
50,0.2,0.5,AR2,pcglasso,I,6.309573444801935e-4,0.0039999999999054126,42.27916142488837
50,0.2,0.5,AR2,pcglasso,I,0.010000000000000004,0.004000000000019099,42.27968841574771
50,0.2,0.5,AR2,pcglassoFast_Dual,C,9.999999999999982e-9,0.007999999999924512,42.278671885364126
50,0.2,0.5,AR2,pcglassoFast_Dual,C,1.5848931924611096e-7,0.007999999999810825,42.27867188716368
50,0.2,0.5,AR2,pcglassoFast_Dual,C,2.5118864315095806e-6,0.007000000000061846,42.27867192657286
50,0.2,0.5,AR2,pcglassoFast_Dual,C,3.98107170553497e-5,0.006000000000312866,42.27867280406386
50,0.2,0.5,AR2,pcglassoFast_Dual,C,6.309573444801935e-4,0.005999999999858119,42.27869332863397
50,0.2,0.5,AR2,pcglassoFast_Dual,C,0.010000000000000004,0.0060000000000854925,42.27869332863397
50,0.2,0.5,AR2,pcglassoFast_Dual,I,9.999999999999982e-9,0.005000000000109139,42.2786718853663
50,0.2,0.5,AR2,pcglassoFast_Dual,I,1.5848931924611096e-7,0.004999999999654392,42.2786718872441
50,0.2,0.5,AR2,pcglassoFast_Dual,I,2.5118864315095806e-6,0.0039999999999054126,42.27867192257024
50,0.2,0.5,AR2,pcglassoFast_Dual,I,3.98107170553497e-5,0.003000000000156433,42.27867261005434
50,0.2,0.5,AR2,pcglassoFast_Dual,I,6.309573444801935e-4,0.0030000000000427463,42.27868669092913
50,0.2,0.5,AR2,pcglassoFast_Dual,I,0.010000000000000004,0.0019999999999527063,42.27899923316031
50,0.2,0.5,AR2,pcglassoFast_Primal,C,9.999999999999982e-9,0.016000000000076398,42.27867188538834
50,0.2,0.5,AR2,pcglassoFast_Primal,C,1.5848931924611096e-7,0.01499999999987267,42.27867188748311
50,0.2,0.5,AR2,pcglassoFast_Primal,C,2.5118864315095806e-6,0.014000000000123691,42.278671930948036
50,0.2,0.5,AR2,pcglassoFast_Primal,C,3.98107170553497e-5,0.012999999999919964,42.27867284766014
50,0.2,0.5,AR2,pcglassoFast_Primal,C,6.309573444801935e-4,0.010999999999967258,42.278693127626276
50,0.2,0.5,AR2,pcglassoFast_Primal,C,0.010000000000000004,0.011500000000069122,42.278693127626276
50,0.2,0.5,AR2,pcglassoFast_Primal,I,9.999999999999982e-9,0.009000000000014552,42.27867188539193
50,0.2,0.5,AR2,pcglassoFast_Primal,I,1.5848931924611096e-7,0.007999999999810825,42.2786718876105
50,0.2,0.5,AR2,pcglassoFast_Primal,I,2.5118864315095806e-6,0.007000000000061846,42.278671927608414
50,0.2,0.5,AR2,pcglassoFast_Primal,I,3.98107170553497e-5,0.005000000000109139,42.27867267451427
50,0.2,0.5,AR2,pcglassoFast_Primal,I,6.309573444801935e-4,0.0039999999999054126,42.27868741869406
50,0.2,0.5,AR2,pcglassoFast_Primal,I,0.010000000000000004,0.003000000000156433,42.27900470611209
50,0.2,0.5,AR2,pcglassoFast_PrimalDual,C,9.999999999999982e-9,0.01999999999998181,42.27867188542251
50,0.2,0.5,AR2,pcglassoFast_PrimalDual,C,1.5848931924611096e-7,0.019000000000005457,42.278671887990086
50,0.2,0.5,AR2,pcglassoFast_PrimalDual,C,2.5118864315095806e-6,0.017000000000280124,42.27867193967944
50,0.2,0.5,AR2,pcglassoFast_PrimalDual,C,3.98107170553497e-5,0.016000000000076398,42.27867299475474
50,0.2,0.5,AR2,pcglassoFast_PrimalDual,C,6.309573444801935e-4,0.01499999999987267,42.278695498725384
50,0.2,0.5,AR2,pcglassoFast_PrimalDual,C,0.010000000000000004,0.014000000000123691,42.278695498725384
50,0.2,0.5,AR2,pcglassoFast_PrimalDual,I,9.999999999999982e-9,0.010000000000218279,42.27867188540486
50,0.2,0.5,AR2,pcglassoFast_PrimalDual,I,1.5848931924611096e-7,0.009999999999990905,42.27867188778583
50,0.2,0.5,AR2,pcglassoFast_PrimalDual,I,2.5118864315095806e-6,0.007999999999810825,42.27867192985511
50,0.2,0.5,AR2,pcglassoFast_PrimalDual,I,3.98107170553497e-5,0.006500000000187356,42.27867270045662
50,0.2,0.5,AR2,pcglassoFast_PrimalDual,I,6.309573444801935e-4,0.005000000000109139,42.278687656620534
50,0.2,0.5,AR2,pcglassoFast_PrimalDual,I,0.010000000000000004,0.0039999999999054126,42.27900581010896
50,0.2,0.5,hub_09,pcglasso,C,9.999999999999982e-9,0.10550000000000637,42.32745338198698
50,0.2,0.5,hub_09,pcglasso,C,1.5848931924611096e-7,0.11199999999996635,42.32745338201902
50,0.2,0.5,hub_09,pcglasso,C,2.5118864315095806e-6,0.10749999999995907,42.32745338773194
50,0.2,0.5,hub_09,pcglasso,C,3.98107170553497e-5,0.08249999999998181,42.32745471244665
50,0.2,0.5,hub_09,pcglasso,C,6.309573444801935e-4,0.019000000000005457,42.550549691670156
50,0.2,0.5,hub_09,pcglasso,C,0.010000000000000004,0.005000000000109139,65.36243489146939
50,0.2,0.5,hub_09,pcglasso,I,9.999999999999982e-9,0.018000000000029104,42.32745338198407
50,0.2,0.5,hub_09,pcglasso,I,1.5848931924611096e-7,0.016000000000076398,42.32745338198517
50,0.2,0.5,hub_09,pcglasso,I,2.5118864315095806e-6,0.015000000000100044,42.3274533820175
50,0.2,0.5,hub_09,pcglasso,I,3.98107170553497e-5,0.011999999999943611,42.32745358263195
50,0.2,0.5,hub_09,pcglasso,I,6.309573444801935e-4,0.004000000000132786,42.327772958102656
50,0.2,0.5,hub_09,pcglasso,I,0.010000000000000004,0.0019999999999527063,42.95394587019234
50,0.2,0.5,hub_09,pcglassoFast_Dual,C,9.999999999999982e-9,0.010999999999967258,42.32745338202823
50,0.2,0.5,hub_09,pcglassoFast_Dual,C,1.5848931924611096e-7,0.009999999999990905,42.327453384021936
50,0.2,0.5,hub_09,pcglassoFast_Dual,C,2.5118864315095806e-6,0.010499999999979082,42.327453384021936
50,0.2,0.5,hub_09,pcglassoFast_Dual,C,3.98107170553497e-5,0.009999999999990905,42.32745348191887
50,0.2,0.5,hub_09,pcglassoFast_Dual,C,6.309573444801935e-4,0.008500000000140062,42.32745861094307
50,0.2,0.5,hub_09,pcglassoFast_Dual,C,0.010000000000000004,0.008500000000026375,42.32763455657376
50,0.2,0.5,hub_09,pcglassoFast_Dual,I,9.999999999999982e-9,0.004000000000132786,42.32745338200484
50,0.2,0.5,hub_09,pcglassoFast_Dual,I,1.5848931924611096e-7,0.003500000000030923,42.32745338297546
50,0.2,0.5,hub_09,pcglassoFast_Dual,I,2.5118864315095806e-6,0.0029999999999290594,42.327453430390655
50,0.2,0.5,hub_09,pcglassoFast_Dual,I,3.98107170553497e-5,0.0029999999999290594,42.327453430390655
50,0.2,0.5,hub_09,pcglassoFast_Dual,I,6.309573444801935e-4,0.0025000000000545697,42.32745589876021
50,0.2,0.5,hub_09,pcglassoFast_Dual,I,0.010000000000000004,0.002000000000066393,42.32745589876021
50,0.2,0.5,hub_09,pcglassoFast_Primal,C,9.999999999999982e-9,0.01999999999998181,42.32745338205282
50,0.2,0.5,hub_09,pcglassoFast_Primal,C,1.5848931924611096e-7,0.019000000000005457,42.32745338512118
50,0.2,0.5,hub_09,pcglassoFast_Primal,C,2.5118864315095806e-6,0.019499999999993634,42.32745338512118
50,0.2,0.5,hub_09,pcglassoFast_Primal,C,3.98107170553497e-5,0.01700000000005275,42.327453534249514
50,0.2,0.5,hub_09,pcglassoFast_Primal,C,6.309573444801935e-4,0.016999999999939064,42.327461314352526
50,0.2,0.5,hub_09,pcglassoFast_Primal,C,0.010000000000000004,0.015500000000088221,42.32772124242293
50,0.2,0.5,hub_09,pcglassoFast_Primal,I,9.999999999999982e-9,0.007000000000061846,42.327453382005466
50,0.2,0.5,hub_09,pcglassoFast_Primal,I,1.5848931924611096e-7,0.005999999999971806,42.327453382995266
50,0.2,0.5,hub_09,pcglassoFast_Primal,I,2.5118864315095806e-6,0.005000000000109139,42.327453430914545
50,0.2,0.5,hub_09,pcglassoFast_Primal,I,3.98107170553497e-5,0.0049999999999954525,42.327453430914545
50,0.2,0.5,hub_09,pcglassoFast_Primal,I,6.309573444801935e-4,0.003000000000156433,42.327455906363696
50,0.2,0.5,hub_09,pcglassoFast_Primal,I,0.010000000000000004,0.003000000000156433,42.327455906363696
50,0.2,0.5,hub_09,pcglassoFast_PrimalDual,C,9.999999999999982e-9,0.023500000000012733,42.32745338205161
50,0.2,0.5,hub_09,pcglassoFast_PrimalDual,C,1.5848931924611096e-7,0.022499999999922693,42.32745338506583
50,0.2,0.5,hub_09,pcglassoFast_PrimalDual,C,2.5118864315095806e-6,0.021500000000060027,42.32745338506583
50,0.2,0.5,hub_09,pcglassoFast_PrimalDual,C,3.98107170553497e-5,0.020999999999958163,42.32745353156322
50,0.2,0.5,hub_09,pcglassoFast_PrimalDual,C,6.309573444801935e-4,0.020500000000083674,42.327461172734
50,0.2,0.5,hub_09,pcglassoFast_PrimalDual,C,0.010000000000000004,0.017999999999915417,42.327716626389496
50,0.2,0.5,hub_09,pcglassoFast_PrimalDual,I,9.999999999999982e-9,0.007499999999936335,42.32745338200546
50,0.2,0.5,hub_09,pcglassoFast_PrimalDual,I,1.5848931924611096e-7,0.006500000000073669,42.327453382995266
50,0.2,0.5,hub_09,pcglassoFast_PrimalDual,I,2.5118864315095806e-6,0.005999999999971806,42.32745343091455
50,0.2,0.5,hub_09,pcglassoFast_PrimalDual,I,3.98107170553497e-5,0.004999999999881766,42.32745343091455
50,0.2,0.5,hub_09,pcglassoFast_PrimalDual,I,6.309573444801935e-4,0.004000000000132786,42.3274559063637
50,0.2,0.5,hub_09,pcglassoFast_PrimalDual,I,0.010000000000000004,0.004000000000132786,42.3274559063637
50,0.2,0.5,hub_1,pcglasso,C,9.999999999999982e-9,0.1514999999999418,28.913686824952663
50,0.2,0.5,hub_1,pcglasso,C,1.5848931924611096e-7,0.11550000000011096,28.91368884139951
50,0.2,0.5,hub_1,pcglasso,C,2.5118864315095806e-6,0.09899999999981901,28.913977915653454
50,0.2,0.5,hub_1,pcglasso,C,3.98107170553497e-5,0.0740000000002965,28.918495158522333
50,0.2,0.5,hub_1,pcglasso,C,6.309573444801935e-4,0.07449999999994361,30.407534133190957
50,0.2,0.5,hub_1,pcglasso,C,0.010000000000000004,0.01999999999998181,87.73879836608278
50,0.2,0.5,hub_1,pcglasso,I,9.999999999999982e-9,0.15099999999983993,28.913686822490035
50,0.2,0.5,hub_1,pcglasso,I,1.5848931924611096e-7,0.1310000000000855,28.913687752643597
50,0.2,0.5,hub_1,pcglasso,I,2.5118864315095806e-6,0.11500000000023647,28.913718751702827
50,0.2,0.5,hub_1,pcglasso,I,3.98107170553497e-5,0.07349999999996726,28.922107322570106
50,0.2,0.5,hub_1,pcglasso,I,6.309573444801935e-4,0.010000000000104592,33.41840839484576
50,0.2,0.5,hub_1,pcglasso,I,0.010000000000000004,0.005000000000109139,34.690178308580315
50,0.2,0.5,hub_1,pcglassoFast_Dual,C,9.999999999999982e-9,0.09400000000005093,28.913686820246053
50,0.2,0.5,hub_1,pcglassoFast_Dual,C,1.5848931924611096e-7,0.08300000000008367,28.913686849322133
50,0.2,0.5,hub_1,pcglassoFast_Dual,C,2.5118864315095806e-6,0.07199999999988904,28.91368766924792
50,0.2,0.5,hub_1,pcglassoFast_Dual,C,3.98107170553497e-5,0.060500000000047294,28.913704122958926
50,0.2,0.5,hub_1,pcglassoFast_Dual,C,6.309573444801935e-4,0.05050000000005639,28.915090997789935
50,0.2,0.5,hub_1,pcglassoFast_Dual,C,0.010000000000000004,0.04599999999982174,28.917720224928544
50,0.2,0.5,hub_1,pcglassoFast_Dual,I,9.999999999999982e-9,0.07250000000021828,28.913686819746253
50,0.2,0.5,hub_1,pcglassoFast_Dual,I,1.5848931924611096e-7,0.06999999999982265,28.913686837000046
50,0.2,0.5,hub_1,pcglassoFast_Dual,I,2.5118864315095806e-6,0.062499999999772626,28.91368736712156
50,0.2,0.5,hub_1,pcglassoFast_Dual,I,3.98107170553497e-5,0.04549999999994725,28.91369465204409
50,0.2,0.5,hub_1,pcglassoFast_Dual,I,6.309573444801935e-4,0.038000000000010914,28.91380842405032
50,0.2,0.5,hub_1,pcglassoFast_Dual,I,0.010000000000000004,0.03499999999985448,28.921215280931737
50,0.2,0.5,hub_1,pcglassoFast_Primal,C,9.999999999999982e-9,0.24450000000001637,28.913686939237266
50,0.2,0.5,hub_1,pcglassoFast_Primal,C,1.5848931924611096e-7,0.19600000000014006,28.913688997890766
50,0.2,0.5,hub_1,pcglassoFast_Primal,C,2.5118864315095806e-6,0.15200000000004366,28.913690689509007
50,0.2,0.5,hub_1,pcglassoFast_Primal,C,3.98107170553497e-5,0.10000000000013642,28.913769674776415
50,0.2,0.5,hub_1,pcglassoFast_Primal,C,6.309573444801935e-4,0.058999999999741704,28.914204122861356
50,0.2,0.5,hub_1,pcglassoFast_Primal,C,0.010000000000000004,0.026000000000294676,28.93759410115058
50,0.2,0.5,hub_1,pcglassoFast_Primal,I,9.999999999999982e-9,0.2580000000000382,28.913686935236054
50,0.2,0.5,hub_1,pcglassoFast_Primal,I,1.5848931924611096e-7,0.21450000000027103,28.91368892577271
50,0.2,0.5,hub_1,pcglassoFast_Primal,I,2.5118864315095806e-6,0.1634999999998854,28.913691717814405
50,0.2,0.5,hub_1,pcglassoFast_Primal,I,3.98107170553497e-5,0.11349999999993088,28.913753099024945
50,0.2,0.5,hub_1,pcglassoFast_Primal,I,6.309573444801935e-4,0.07000000000016371,28.91403333382213
50,0.2,0.5,hub_1,pcglassoFast_Primal,I,0.010000000000000004,0.029499999999870852,28.97104683938674
50,0.2,0.5,hub_1,pcglassoFast_PrimalDual,C,9.999999999999982e-9,0.021500000000060027,28.913686818232687
50,0.2,0.5,hub_1,pcglassoFast_PrimalDual,C,1.5848931924611096e-7,0.019000000000119144,28.913686831076756
50,0.2,0.5,hub_1,pcglassoFast_PrimalDual,C,2.5118864315095806e-6,0.016999999999825377,28.91368709172606
50,0.2,0.5,hub_1,pcglassoFast_PrimalDual,C,3.98107170553497e-5,0.01499999999987267,28.913693392038574
50,0.2,0.5,hub_1,pcglassoFast_PrimalDual,C,6.309573444801935e-4,0.012999999999919964,28.913720461546614
50,0.2,0.5,hub_1,pcglassoFast_PrimalDual,C,0.010000000000000004,0.010500000000092768,28.915002637250236
50,0.2,0.5,hub_1,pcglassoFast_PrimalDual,I,9.999999999999982e-9,0.03149999999982356,28.913686818134515
50,0.2,0.5,hub_1,pcglassoFast_PrimalDual,I,1.5848931924611096e-7,0.028999999999996362,28.91368683207638
50,0.2,0.5,hub_1,pcglassoFast_PrimalDual,I,2.5118864315095806e-6,0.026500000000169166,28.913687232960157
50,0.2,0.5,hub_1,pcglassoFast_PrimalDual,I,3.98107170553497e-5,0.02549999999996544,28.913689284891056
50,0.2,0.5,hub_1,pcglassoFast_PrimalDual,I,6.309573444801935e-4,0.023999999999887223,28.913702751051126
50,0.2,0.5,hub_1,pcglassoFast_PrimalDual,I,0.010000000000000004,0.023000000000138243,28.913799253638512
50,0.2,0.5,random,pcglasso,C,9.999999999999982e-9,0.12450000000012551,41.925714662933785
50,0.2,0.5,random,pcglasso,C,1.5848931924611096e-7,0.10399999999992815,41.92571466925688
50,0.2,0.5,random,pcglasso,C,2.5118864315095806e-6,0.08400000000006003,41.9257204502754
50,0.2,0.5,random,pcglasso,C,3.98107170553497e-5,0.04799999999988813,41.92761701911082
50,0.2,0.5,random,pcglasso,C,6.309573444801935e-4,0.016499999999950887,42.148936025680776
50,0.2,0.5,random,pcglasso,C,0.010000000000000004,0.005000000000109139,66.5517088483189
50,0.2,0.5,random,pcglasso,I,9.999999999999982e-9,0.08550000000002456,41.92571466296741
50,0.2,0.5,random,pcglasso,I,1.5848931924611096e-7,0.07150000000001455,41.92571467587105
50,0.2,0.5,random,pcglasso,I,2.5118864315095806e-6,0.05499999999994998,41.925727223208
50,0.2,0.5,random,pcglasso,I,3.98107170553497e-5,0.027000000000043656,41.92657766677888
50,0.2,0.5,random,pcglasso,I,6.309573444801935e-4,0.008999999999900865,41.94748984110996
50,0.2,0.5,random,pcglasso,I,0.010000000000000004,0.004500000000120963,42.05472532219994
50,0.2,0.5,random,pcglassoFast_Dual,C,9.999999999999982e-9,0.012000000000057298,41.92571465571623
50,0.2,0.5,random,pcglassoFast_Dual,C,1.5848931924611096e-7,0.011499999999955435,41.92571466352612
50,0.2,0.5,random,pcglassoFast_Dual,C,2.5118864315095806e-6,0.010000000000218279,41.92571558749407
50,0.2,0.5,random,pcglassoFast_Dual,C,3.98107170553497e-5,0.007999999999810825,41.925724487911395
50,0.2,0.5,random,pcglassoFast_Dual,C,6.309573444801935e-4,0.007000000000061846,41.92583575383506
50,0.2,0.5,random,pcglassoFast_Dual,C,0.010000000000000004,0.007000000000061846,41.92637832268976
50,0.2,0.5,random,pcglassoFast_Dual,I,9.999999999999982e-9,0.011999999999943611,41.925714655459366
50,0.2,0.5,random,pcglassoFast_Dual,I,1.5848931924611096e-7,0.009999999999990905,41.92571471663439
50,0.2,0.5,random,pcglassoFast_Dual,I,2.5118864315095806e-6,0.008000000000038199,41.925716025341316
50,0.2,0.5,random,pcglassoFast_Dual,I,3.98107170553497e-5,0.007999999999810825,41.9257184037808
50,0.2,0.5,random,pcglassoFast_Dual,I,6.309573444801935e-4,0.005999999999858119,41.92578305586038
50,0.2,0.5,random,pcglassoFast_Dual,I,0.010000000000000004,0.005000000000109139,41.927290028591095
50,0.2,0.5,random,pcglassoFast_Primal,C,9.999999999999982e-9,0.028500000000008185,41.92571466081589
50,0.2,0.5,random,pcglassoFast_Primal,C,1.5848931924611096e-7,0.024999999999977263,41.92571474363651
50,0.2,0.5,random,pcglassoFast_Primal,C,2.5118864315095806e-6,0.020999999999958163,41.925715956126155
50,0.2,0.5,random,pcglassoFast_Primal,C,3.98107170553497e-5,0.01700000000005275,41.92573699213772
50,0.2,0.5,random,pcglassoFast_Primal,C,6.309573444801935e-4,0.015000000000100044,41.92587902511301
50,0.2,0.5,random,pcglassoFast_Primal,C,0.010000000000000004,0.010500000000092768,41.929875193800854
50,0.2,0.5,random,pcglassoFast_Primal,I,9.999999999999982e-9,0.026000000000067303,41.925714658436185
50,0.2,0.5,random,pcglassoFast_Primal,I,1.5848931924611096e-7,0.023500000000012733,41.925714705759376
50,0.2,0.5,random,pcglassoFast_Primal,I,2.5118864315095806e-6,0.01950000000010732,41.92571536718564
50,0.2,0.5,random,pcglassoFast_Primal,I,3.98107170553497e-5,0.015999999999849024,41.92572562908258
50,0.2,0.5,random,pcglassoFast_Primal,I,6.309573444801935e-4,0.012000000000057298,41.92588859179145
50,0.2,0.5,random,pcglassoFast_Primal,I,0.010000000000000004,0.007000000000061846,41.93231720727892
50,0.2,0.5,random,pcglassoFast_PrimalDual,C,9.999999999999982e-9,0.05150000000003274,41.92571466022799
50,0.2,0.5,random,pcglassoFast_PrimalDual,C,1.5848931924611096e-7,0.044499999999970896,41.92571471901499
50,0.2,0.5,random,pcglassoFast_PrimalDual,C,2.5118864315095806e-6,0.04100000000016735,41.92571556922571
50,0.2,0.5,random,pcglassoFast_PrimalDual,C,3.98107170553497e-5,0.032500000000027285,41.925729163875076
50,0.2,0.5,random,pcglassoFast_PrimalDual,C,6.309573444801935e-4,0.024999999999977263,41.925961922755455
50,0.2,0.5,random,pcglassoFast_PrimalDual,C,0.010000000000000004,0.019499999999993634,41.93083830660876
50,0.2,0.5,random,pcglassoFast_PrimalDual,I,9.999999999999982e-9,0.04350000000010823,41.92571465969669
50,0.2,0.5,random,pcglassoFast_PrimalDual,I,1.5848931924611096e-7,0.03750000000002274,41.92571471217449
50,0.2,0.5,random,pcglassoFast_PrimalDual,I,2.5118864315095806e-6,0.031000000000062755,41.92571543834998
50,0.2,0.5,random,pcglassoFast_PrimalDual,I,3.98107170553497e-5,0.02599999999983993,41.92572636616468
50,0.2,0.5,random,pcglassoFast_PrimalDual,I,6.309573444801935e-4,0.020999999999958163,41.925895296958736
50,0.2,0.5,random,pcglassoFast_PrimalDual,I,0.010000000000000004,0.010000000000218279,41.93239405264258
100,0.1,0,AR2,pcglasso,C,9.999999999999982e-9,0.47050000000001546,78.85602022482215
100,0.1,0,AR2,pcglasso,C,1.5848931924611096e-7,0.40049999999973807,78.85602059216619
100,0.1,0,AR2,pcglasso,C,2.5118864315095806e-6,0.32650000000001,78.85615324548
100,0.1,0,AR2,pcglasso,C,3.98107170553497e-5,0.17649999999991905,78.87308010514384
100,0.1,0,AR2,pcglasso,C,6.309573444801935e-4,0.05149999999980537,82.31209447814058
100,0.1,0,AR2,pcglasso,C,0.010000000000000004,0.023000000000138243,97.5127351276115
100,0.1,0,AR2,pcglasso,I,9.999999999999982e-9,0.40600000000017644,78.85602022568989
100,0.1,0,AR2,pcglasso,I,1.5848931924611096e-7,0.3344999999999345,78.85602070445626
100,0.1,0,AR2,pcglasso,I,2.5118864315095806e-6,0.27099999999995816,78.85609478480569
100,0.1,0,AR2,pcglasso,I,3.98107170553497e-5,0.1310000000000855,78.8857374154062
100,0.1,0,AR2,pcglasso,I,6.309573444801935e-4,0.044000000000096406,79.57583132459236
100,0.1,0,AR2,pcglasso,I,0.010000000000000004,0.023500000000012733,81.79420985540321
100,0.1,0,AR2,pcglassoFast_Dual,C,9.999999999999982e-9,0.07950000000005275,78.85602020660487
100,0.1,0,AR2,pcglassoFast_Dual,C,1.5848931924611096e-7,0.06899999999995998,78.85602025613538
100,0.1,0,AR2,pcglassoFast_Dual,C,2.5118864315095806e-6,0.06599999999980355,78.85602060802317
100,0.1,0,AR2,pcglassoFast_Dual,C,3.98107170553497e-5,0.05899999999996908,78.85603298528639
100,0.1,0,AR2,pcglassoFast_Dual,C,6.309573444801935e-4,0.05400000000008731,78.8561743459872
100,0.1,0,AR2,pcglassoFast_Dual,C,0.010000000000000004,0.047499999999899956,78.85853065302257
100,0.1,0,AR2,pcglassoFast_Dual,I,9.999999999999982e-9,0.057500000000118234,78.85602020853584
100,0.1,0,AR2,pcglassoFast_Dual,I,1.5848931924611096e-7,0.05700000000001637,78.8560202355058
100,0.1,0,AR2,pcglassoFast_Dual,I,2.5118864315095806e-6,0.04949999999985266,78.85602100676698
100,0.1,0,AR2,pcglassoFast_Dual,I,3.98107170553497e-5,0.041999999999916326,78.85602757883213
100,0.1,0,AR2,pcglassoFast_Dual,I,6.309573444801935e-4,0.03700000000003456,78.85610625373391
100,0.1,0,AR2,pcglassoFast_Dual,I,0.010000000000000004,0.03350000000023101,78.85726045324978
100,0.1,0,AR2,pcglassoFast_Primal,C,9.999999999999982e-9,0.1770000000001346,78.85602020733836
100,0.1,0,AR2,pcglassoFast_Primal,C,1.5848931924611096e-7,0.15399999999999636,78.85602025517792
100,0.1,0,AR2,pcglassoFast_Primal,C,2.5118864315095806e-6,0.1330000000000382,78.85602110172832
100,0.1,0,AR2,pcglassoFast_Primal,C,3.98107170553497e-5,0.11099999999987631,78.85603804255818
100,0.1,0,AR2,pcglassoFast_Primal,C,6.309573444801935e-4,0.09349999999994907,78.8561592374264
100,0.1,0,AR2,pcglassoFast_Primal,C,0.010000000000000004,0.07500000000004547,78.85941641242445
100,0.1,0,AR2,pcglassoFast_Primal,I,9.999999999999982e-9,0.16999999999995907,78.8560202108483
100,0.1,0,AR2,pcglassoFast_Primal,I,1.5848931924611096e-7,0.14750000000003638,78.85602029688252
100,0.1,0,AR2,pcglassoFast_Primal,I,2.5118864315095806e-6,0.1325000000001637,78.8560208461154
100,0.1,0,AR2,pcglassoFast_Primal,I,3.98107170553497e-5,0.11250000000006821,78.85603339407714
100,0.1,0,AR2,pcglassoFast_Primal,I,6.309573444801935e-4,0.09000000000014552,78.85632426077225
100,0.1,0,AR2,pcglassoFast_Primal,I,0.010000000000000004,0.0729999999998654,78.8586292656569
100,0.1,0,AR2,pcglassoFast_PrimalDual,C,9.999999999999982e-9,0.32749999999987267,78.85602020778249
100,0.1,0,AR2,pcglassoFast_PrimalDual,C,1.5848931924611096e-7,0.29700000000002547,78.85602022970198
100,0.1,0,AR2,pcglassoFast_PrimalDual,C,2.5118864315095806e-6,0.24649999999996908,78.85602098134343
100,0.1,0,AR2,pcglassoFast_PrimalDual,C,3.98107170553497e-5,0.20700000000010732,78.8560290284675
100,0.1,0,AR2,pcglassoFast_PrimalDual,C,6.309573444801935e-4,0.1754999999999427,78.85612387288738
100,0.1,0,AR2,pcglassoFast_PrimalDual,C,0.010000000000000004,0.1414999999998372,78.8572620869236
100,0.1,0,AR2,pcglassoFast_PrimalDual,I,9.999999999999982e-9,0.33599999999989905,78.85602021041286
100,0.1,0,AR2,pcglassoFast_PrimalDual,I,1.5848931924611096e-7,0.3029999999998836,78.85602024513625
100,0.1,0,AR2,pcglassoFast_PrimalDual,I,2.5118864315095806e-6,0.27099999999995816,78.85602058558348
100,0.1,0,AR2,pcglassoFast_PrimalDual,I,3.98107170553497e-5,0.21549999999979264,78.85603411503868
100,0.1,0,AR2,pcglassoFast_PrimalDual,I,6.309573444801935e-4,0.1794999999999618,78.85618391207039
100,0.1,0,AR2,pcglassoFast_PrimalDual,I,0.010000000000000004,0.14750000000003638,78.8579703203139
100,0.1,0,hub_09,pcglasso,C,9.999999999999982e-9,0.3240000000000691,95.3260903851051
100,0.1,0,hub_09,pcglasso,C,1.5848931924611096e-7,0.27549999999996544,95.32609038407685
100,0.1,0,hub_09,pcglasso,C,2.5118864315095806e-6,0.21899999999993724,95.3260975034492
100,0.1,0,hub_09,pcglasso,C,3.98107170553497e-5,0.1494999999998754,95.32670285988434
100,0.1,0,hub_09,pcglasso,C,6.309573444801935e-4,0.06349999999986267,95.83241861564784
100,0.1,0,hub_09,pcglasso,C,0.010000000000000004,0.02100000000007185,113.3377792987649
100,0.1,0,hub_09,pcglasso,I,9.999999999999982e-9,0.29849999999999,95.32609037722858
100,0.1,0,hub_09,pcglasso,I,1.5848931924611096e-7,0.23950000000002092,95.32609042364426
100,0.1,0,hub_09,pcglasso,I,2.5118864315095806e-6,0.19649999999990087,95.32610989645212
100,0.1,0,hub_09,pcglasso,I,3.98107170553497e-5,0.11100000000010368,95.32771308319847
100,0.1,0,hub_09,pcglasso,I,6.309573444801935e-4,0.03199999999992542,95.64294037220769
100,0.1,0,hub_09,pcglasso,I,0.010000000000000004,0.027500000000031832,95.50481569494826
100,0.1,0,hub_09,pcglassoFast_Dual,C,9.999999999999982e-9,0.10350000000005366,95.32609038282315
100,0.1,0,hub_09,pcglassoFast_Dual,C,1.5848931924611096e-7,0.08500000000003638,95.32609059216166
100,0.1,0,hub_09,pcglassoFast_Dual,C,2.5118864315095806e-6,0.0724999999999909,95.3260942876416
100,0.1,0,hub_09,pcglassoFast_Dual,C,3.98107170553497e-5,0.060999999999921783,95.32610576662553
100,0.1,0,hub_09,pcglassoFast_Dual,C,6.309573444801935e-4,0.048499999999989996,95.32663964368331
100,0.1,0,hub_09,pcglassoFast_Dual,C,0.010000000000000004,0.03499999999985448,95.33298257699245
100,0.1,0,hub_09,pcglassoFast_Dual,I,9.999999999999982e-9,0.07550000000003365,95.32609038099454
100,0.1,0,hub_09,pcglassoFast_Dual,I,1.5848931924611096e-7,0.06550000000015643,95.32609055910133
100,0.1,0,hub_09,pcglassoFast_Dual,I,2.5118864315095806e-6,0.055000000000063665,95.32609372236871
100,0.1,0,hub_09,pcglassoFast_Dual,I,3.98107170553497e-5,0.04299999999989268,95.32610391116357
100,0.1,0,hub_09,pcglassoFast_Dual,I,6.309573444801935e-4,0.02949999999998454,95.32640807138571
100,0.1,0,hub_09,pcglassoFast_Dual,I,0.010000000000000004,0.02549999999996544,95.33032742002615
100,0.1,0,hub_09,pcglassoFast_Primal,C,9.999999999999982e-9,0.1269999999999527,95.32609037224734
100,0.1,0,hub_09,pcglassoFast_Primal,C,1.5848931924611096e-7,0.10849999999993543,95.32609039971868
100,0.1,0,hub_09,pcglassoFast_Primal,C,2.5118864315095806e-6,0.10200000000008913,95.32609050832923
100,0.1,0,hub_09,pcglassoFast_Primal,C,3.98107170553497e-5,0.08899999999994179,95.32609389118599
100,0.1,0,hub_09,pcglassoFast_Primal,C,6.309573444801935e-4,0.0745000000000573,95.32619828226905
100,0.1,0,hub_09,pcglassoFast_Primal,C,0.010000000000000004,0.0645000000000664,95.32673790104272
100,0.1,0,hub_09,pcglassoFast_Primal,I,9.999999999999982e-9,0.12000000000011823,95.32609037164318
100,0.1,0,hub_09,pcglassoFast_Primal,I,1.5848931924611096e-7,0.10799999999994725,95.32609038844947
100,0.1,0,hub_09,pcglassoFast_Primal,I,2.5118864315095806e-6,0.08999999999991815,95.32609068611715
100,0.1,0,hub_09,pcglassoFast_Primal,I,3.98107170553497e-5,0.07899999999995089,95.32609627879307
100,0.1,0,hub_09,pcglassoFast_Primal,I,6.309573444801935e-4,0.06349999999997635,95.32621046802842
100,0.1,0,hub_09,pcglassoFast_Primal,I,0.010000000000000004,0.05349999999998545,95.32665664235839
100,0.1,0,hub_09,pcglassoFast_PrimalDual,C,9.999999999999982e-9,0.2235000000000582,95.32609037137621
100,0.1,0,hub_09,pcglassoFast_PrimalDual,C,1.5848931924611096e-7,0.19850000000008095,95.32609038652113
100,0.1,0,hub_09,pcglassoFast_PrimalDual,C,2.5118864315095806e-6,0.1879999999998745,95.32609046929001
100,0.1,0,hub_09,pcglassoFast_PrimalDual,C,3.98107170553497e-5,0.14999999999997726,95.32609535197707
100,0.1,0,hub_09,pcglassoFast_PrimalDual,C,6.309573444801935e-4,0.13049999999998363,95.32613022529497
100,0.1,0,hub_09,pcglassoFast_PrimalDual,C,0.010000000000000004,0.11849999999992633,95.32642322233097
100,0.1,0,hub_09,pcglassoFast_PrimalDual,I,9.999999999999982e-9,0.25299999999992906,95.32609037148453
100,0.1,0,hub_09,pcglassoFast_PrimalDual,I,1.5848931924611096e-7,0.21900000000005093,95.32609039264264
100,0.1,0,hub_09,pcglassoFast_PrimalDual,I,2.5118864315095806e-6,0.18850000000009004,95.32609090511832
100,0.1,0,hub_09,pcglassoFast_PrimalDual,I,3.98107170553497e-5,0.16999999999995907,95.32609310580193
100,0.1,0,hub_09,pcglassoFast_PrimalDual,I,6.309573444801935e-4,0.13250000000005002,95.32616242445505
100,0.1,0,hub_09,pcglassoFast_PrimalDual,I,0.010000000000000004,0.09649999999999181,95.32804555641611
100,0.1,0,hub_1,pcglasso,C,9.999999999999982e-9,4.871500000000083,29.035299879450186
100,0.1,0,hub_1,pcglasso,C,1.5848931924611096e-7,3.1095000000000255,29.035305144047214
100,0.1,0,hub_1,pcglasso,C,2.5118864315095806e-6,1.7509999999999764,29.035801154706224
100,0.1,0,hub_1,pcglasso,C,3.98107170553497e-5,0.7580000000000382,29.15126065302507
100,0.1,0,hub_1,pcglasso,C,6.309573444801935e-4,0.47899999999981446,39.49344593987713
100,0.1,0,hub_1,pcglasso,C,0.010000000000000004,0.16050000000018372,68.57135554842272
100,0.1,0,hub_1,pcglasso,I,9.999999999999982e-9,14.998999999999796,29.035299879824237
100,0.1,0,hub_1,pcglasso,I,1.5848931924611096e-7,9.219499999999925,29.035302285090154
100,0.1,0,hub_1,pcglasso,I,2.5118864315095806e-6,4.051500000000033,29.036772812085403
100,0.1,0,hub_1,pcglasso,I,3.98107170553497e-5,0.17400000000020555,31.813812189835616
100,0.1,0,hub_1,pcglasso,I,6.309573444801935e-4,0.125,32.18233586399845
100,0.1,0,hub_1,pcglasso,I,0.010000000000000004,0.07000000000016371,33.98969428199237
100,0.1,0,hub_1,pcglassoFast_Dual,C,9.999999999999982e-9,7.867999999999938,29.035299982440375
100,0.1,0,hub_1,pcglassoFast_Dual,C,1.5848931924611096e-7,5.125,29.035303369455807
100,0.1,0,hub_1,pcglassoFast_Dual,C,2.5118864315095806e-6,2.7210000000000036,29.0353372971726
100,0.1,0,hub_1,pcglassoFast_Dual,C,3.98107170553497e-5,1.5399999999999636,29.035514879244495
100,0.1,0,hub_1,pcglassoFast_Dual,C,6.309573444801935e-4,1.384499999999889,29.03580488606162
100,0.1,0,hub_1,pcglassoFast_Dual,C,0.010000000000000004,1.2609999999999673,29.038078307085716
100,0.1,0,hub_1,pcglassoFast_Dual,I,9.999999999999982e-9,13.166000000000167,29.035299949763917
100,0.1,0,hub_1,pcglassoFast_Dual,I,1.5848931924611096e-7,10.654000000000224,29.035304365776415
100,0.1,0,hub_1,pcglassoFast_Dual,I,2.5118864315095806e-6,9.36349999999993,29.035317187304784
100,0.1,0,hub_1,pcglassoFast_Dual,I,3.98107170553497e-5,7.663000000000011,29.03567071871398
100,0.1,0,hub_1,pcglassoFast_Dual,I,6.309573444801935e-4,5.819000000000187,29.04054136041271
100,0.1,0,hub_1,pcglassoFast_Dual,I,0.010000000000000004,4.015999999999963,29.233184947458284
100,0.1,0,hub_1,pcglassoFast_Primal,C,9.999999999999982e-9,3.3275000000001,29.035300249769495
100,0.1,0,hub_1,pcglassoFast_Primal,C,1.5848931924611096e-7,2.2105000000001382,29.035305661846223
100,0.1,0,hub_1,pcglassoFast_Primal,C,2.5118864315095806e-6,1.5555000000001655,29.035337051471195
100,0.1,0,hub_1,pcglassoFast_Primal,C,3.98107170553497e-5,1.191000000000031,29.03548530584591
100,0.1,0,hub_1,pcglassoFast_Primal,C,6.309573444801935e-4,0.6970000000001164,29.036826916689552
100,0.1,0,hub_1,pcglassoFast_Primal,C,0.010000000000000004,0.4815000000000964,29.04146291866458
100,0.1,0,hub_1,pcglassoFast_Primal,I,9.999999999999982e-9,3.578000000000202,29.035300246338526
100,0.1,0,hub_1,pcglassoFast_Primal,I,1.5848931924611096e-7,2.489500000000021,29.0353056711429
100,0.1,0,hub_1,pcglassoFast_Primal,I,2.5118864315095806e-6,1.754000000000019,29.03533936252966
100,0.1,0,hub_1,pcglassoFast_Primal,I,3.98107170553497e-5,1.4949999999998909,29.035498452292586
100,0.1,0,hub_1,pcglassoFast_Primal,I,6.309573444801935e-4,1.1649999999999636,29.038359244440194
100,0.1,0,hub_1,pcglassoFast_Primal,I,0.010000000000000004,0.7824999999997999,29.092450427041165
100,0.1,0,hub_1,pcglassoFast_PrimalDual,C,9.999999999999982e-9,1.23599999999999,29.035299919725723
100,0.1,0,hub_1,pcglassoFast_PrimalDual,C,1.5848931924611096e-7,0.9545000000000528,29.0353005589025
100,0.1,0,hub_1,pcglassoFast_PrimalDual,C,2.5118864315095806e-6,0.7234999999999445,29.035313141668986
100,0.1,0,hub_1,pcglassoFast_PrimalDual,C,3.98107170553497e-5,0.4735000000000582,29.03548929162381
100,0.1,0,hub_1,pcglassoFast_PrimalDual,C,6.309573444801935e-4,0.22300000000018372,29.03801082537364
100,0.1,0,hub_1,pcglassoFast_PrimalDual,C,0.010000000000000004,0.14650000000006003,29.04794605052392
100,0.1,0,hub_1,pcglassoFast_PrimalDual,I,9.999999999999982e-9,2.4034999999998945,29.03529991787
100,0.1,0,hub_1,pcglassoFast_PrimalDual,I,1.5848931924611096e-7,2.0179999999999154,29.03530066234785
100,0.1,0,hub_1,pcglassoFast_PrimalDual,I,2.5118864315095806e-6,1.8785000000002583,29.035312535210863
100,0.1,0,hub_1,pcglassoFast_PrimalDual,I,3.98107170553497e-5,1.5320000000001528,29.035508431856755
100,0.1,0,hub_1,pcglassoFast_PrimalDual,I,6.309573444801935e-4,1.2844999999998663,29.03861783519169
100,0.1,0,hub_1,pcglassoFast_PrimalDual,I,0.010000000000000004,0.9815000000000964,29.093809602674504
100,0.1,0,random,pcglasso,C,9.999999999999982e-9,0.4574999999999818,78.38977149016293
100,0.1,0,random,pcglasso,C,1.5848931924611096e-7,0.34349999999994907,78.38977439342722
100,0.1,0,random,pcglasso,C,2.5118864315095806e-6,0.2899999999999636,78.38986742322518
100,0.1,0,random,pcglasso,C,3.98107170553497e-5,0.15399999999999636,78.40155446790298
100,0.1,0,random,pcglasso,C,6.309573444801935e-4,0.049500000000080036,82.46791756400938
100,0.1,0,random,pcglasso,C,0.010000000000000004,0.023000000000024556,117.02887109577493
100,0.1,0,random,pcglasso,I,9.999999999999982e-9,0.4460000000000264,78.38977151210621
100,0.1,0,random,pcglasso,I,1.5848931924611096e-7,0.31899999999996,78.38977948774269
100,0.1,0,random,pcglasso,I,2.5118864315095806e-6,0.2515000000000782,78.38984529469846
100,0.1,0,random,pcglasso,I,3.98107170553497e-5,0.11850000000004002,78.40700563729206
100,0.1,0,random,pcglasso,I,6.309573444801935e-4,0.05099999999993088,79.03981962426737
100,0.1,0,random,pcglasso,I,0.010000000000000004,0.028999999999996362,80.01324054335052
100,0.1,0,random,pcglassoFast_Dual,C,9.999999999999982e-9,0.14049999999997453,78.38977148837328
100,0.1,0,random,pcglassoFast_Dual,C,1.5848931924611096e-7,0.10950000000002547,78.38977151273826
100,0.1,0,random,pcglassoFast_Dual,C,2.5118864315095806e-6,0.09500000000002728,78.3897736898238
100,0.1,0,random,pcglassoFast_Dual,C,3.98107170553497e-5,0.07950000000005275,78.38981777046331
100,0.1,0,random,pcglassoFast_Dual,C,6.309573444801935e-4,0.06700000000000728,78.39038755888483
100,0.1,0,random,pcglassoFast_Dual,C,0.010000000000000004,0.0584999999999809,78.39424906740452
100,0.1,0,random,pcglassoFast_Dual,I,9.999999999999982e-9,0.10500000000001819,78.38977148415631
100,0.1,0,random,pcglassoFast_Dual,I,1.5848931924611096e-7,0.09699999999997999,78.38977153917172
100,0.1,0,random,pcglassoFast_Dual,I,2.5118864315095806e-6,0.06799999999998363,78.38978103455209
100,0.1,0,random,pcglassoFast_Dual,I,3.98107170553497e-5,0.059499999999957254,78.38979063177848
100,0.1,0,random,pcglassoFast_Dual,I,6.309573444801935e-4,0.039499999999975444,78.39063461597871
100,0.1,0,random,pcglassoFast_Dual,I,0.010000000000000004,0.03300000000001546,78.39379143456571
100,0.1,0,random,pcglassoFast_Primal,C,9.999999999999982e-9,0.2949999999999591,78.38977149708361
100,0.1,0,random,pcglassoFast_Primal,C,1.5848931924611096e-7,0.25650000000007367,78.38977170089161
100,0.1,0,random,pcglassoFast_Primal,C,2.5118864315095806e-6,0.20800000000008367,78.38977572346526
100,0.1,0,random,pcglassoFast_Primal,C,3.98107170553497e-5,0.15950000000009368,78.38982745916725
100,0.1,0,random,pcglassoFast_Primal,C,6.309573444801935e-4,0.12149999999996908,78.39037407354539
100,0.1,0,random,pcglassoFast_Primal,C,0.010000000000000004,0.08300000000008367,78.39984841348472
100,0.1,0,random,pcglassoFast_Primal,I,9.999999999999982e-9,0.2835000000001173,78.38977149298273
100,0.1,0,random,pcglassoFast_Primal,I,1.5848931924611096e-7,0.23149999999998272,78.38977167411377
100,0.1,0,random,pcglassoFast_Primal,I,2.5118864315095806e-6,0.1874999999998863,78.38977595584889
100,0.1,0,random,pcglassoFast_Primal,I,3.98107170553497e-5,0.14050000000008822,78.38983635198994
100,0.1,0,random,pcglassoFast_Primal,I,6.309573444801935e-4,0.09749999999996817,78.39054155502157
100,0.1,0,random,pcglassoFast_Primal,I,0.010000000000000004,0.06949999999994816,78.398613551106
100,0.1,0,random,pcglassoFast_PrimalDual,C,9.999999999999982e-9,0.28700000000003456,78.3897714826125
100,0.1,0,random,pcglassoFast_PrimalDual,C,1.5848931924611096e-7,0.25499999999999545,78.38977150282376
100,0.1,0,random,pcglassoFast_PrimalDual,C,2.5118864315095806e-6,0.21000000000003638,78.3897718170619
100,0.1,0,random,pcglassoFast_PrimalDual,C,3.98107170553497e-5,0.1774999999998954,78.38977906209878
100,0.1,0,random,pcglassoFast_PrimalDual,C,6.309573444801935e-4,0.1554999999999609,78.38981251446985
100,0.1,0,random,pcglassoFast_PrimalDual,C,0.010000000000000004,0.11300000000005639,78.39117494818186
100,0.1,0,random,pcglassoFast_PrimalDual,I,9.999999999999982e-9,0.30950000000007094,78.38977148298457
100,0.1,0,random,pcglassoFast_PrimalDual,I,1.5848931924611096e-7,0.27499999999997726,78.38977150433746
100,0.1,0,random,pcglassoFast_PrimalDual,I,2.5118864315095806e-6,0.24149999999997362,78.38977185874228
100,0.1,0,random,pcglassoFast_PrimalDual,I,3.98107170553497e-5,0.19299999999998363,78.38978055177398
100,0.1,0,random,pcglassoFast_PrimalDual,I,6.309573444801935e-4,0.17850000000009913,78.38982019976325
100,0.1,0,random,pcglassoFast_PrimalDual,I,0.010000000000000004,0.1414999999998372,78.39136801974661
100,0.1,0.5,AR2,pcglasso,C,9.999999999999982e-9,0.23099999999999454,83.35373860576664
100,0.1,0.5,AR2,pcglasso,C,1.5848931924611096e-7,0.20400000000006457,83.35373873094315
100,0.1,0.5,AR2,pcglasso,C,2.5118864315095806e-6,0.19749999999976353,83.35373883197187
100,0.1,0.5,AR2,pcglasso,C,3.98107170553497e-5,0.13649999999995543,83.35376412909537
100,0.1,0.5,AR2,pcglasso,C,6.309573444801935e-4,0.06349999999997635,84.04874557130012
100,0.1,0.5,AR2,pcglasso,C,0.010000000000000004,0.022500000000263753,132.91286747663145
100,0.1,0.5,AR2,pcglasso,I,9.999999999999982e-9,0.11650000000008731,83.35373860579597
100,0.1,0.5,AR2,pcglasso,I,1.5848931924611096e-7,0.09450000000003911,83.3537388280602
100,0.1,0.5,AR2,pcglasso,I,2.5118864315095806e-6,0.08799999999996544,83.35373898356615
100,0.1,0.5,AR2,pcglasso,I,3.98107170553497e-5,0.05449999999973443,83.35377371149428
100,0.1,0.5,AR2,pcglasso,I,6.309573444801935e-4,0.020999999999844476,83.37145543888474
100,0.1,0.5,AR2,pcglasso,I,0.010000000000000004,0.015999999999849024,83.38090077171418
100,0.1,0.5,AR2,pcglassoFast_Dual,C,9.999999999999982e-9,0.03700000000014825,83.3537386062873
100,0.1,0.5,AR2,pcglassoFast_Dual,C,1.5848931924611096e-7,0.03600000000005821,83.35373861214532
100,0.1,0.5,AR2,pcglassoFast_Dual,C,2.5118864315095806e-6,0.033500000000117325,83.35373870345818
100,0.1,0.5,AR2,pcglassoFast_Dual,C,3.98107170553497e-5,0.03050000000007458,83.35374011744314
100,0.1,0.5,AR2,pcglassoFast_Dual,C,6.309573444801935e-4,0.028500000000008185,83.35376178316929
100,0.1,0.5,AR2,pcglassoFast_Dual,C,0.010000000000000004,0.028999999999996362,83.35410109389167
100,0.1,0.5,AR2,pcglassoFast_Dual,I,9.999999999999982e-9,0.023000000000138243,83.35373860624433
100,0.1,0.5,AR2,pcglassoFast_Dual,I,1.5848931924611096e-7,0.021000000000185537,83.35373861132756
100,0.1,0.5,AR2,pcglassoFast_Dual,I,2.5118864315095806e-6,0.019000000000119144,83.3537386667014
100,0.1,0.5,AR2,pcglassoFast_Dual,I,3.98107170553497e-5,0.017500000000040927,83.3537392728094
100,0.1,0.5,AR2,pcglassoFast_Dual,I,6.309573444801935e-4,0.015499999999860847,83.35374595774768
100,0.1,0.5,AR2,pcglassoFast_Dual,I,0.010000000000000004,0.013000000000261025,83.35381851582088
100,0.1,0.5,AR2,pcglassoFast_Primal,C,9.999999999999982e-9,0.11400000000014643,83.35373860583327
100,0.1,0.5,AR2,pcglassoFast_Primal,C,1.5848931924611096e-7,0.10550000000000637,83.35373860677643
100,0.1,0.5,AR2,pcglassoFast_Primal,C,2.5118864315095806e-6,0.0925000000000864,83.35373879062595
100,0.1,0.5,AR2,pcglassoFast_Primal,C,3.98107170553497e-5,0.08550000000002456,83.35374107650952
100,0.1,0.5,AR2,pcglassoFast_Primal,C,6.309573444801935e-4,0.07699999999999818,83.35377237376382
100,0.1,0.5,AR2,pcglassoFast_Primal,C,0.010000000000000004,0.0724999999999909,83.35420224486575
100,0.1,0.5,AR2,pcglassoFast_Primal,I,9.999999999999982e-9,0.07900000000017826,83.35373860586205
100,0.1,0.5,AR2,pcglassoFast_Primal,I,1.5848931924611096e-7,0.06600000000003092,83.353738618263435
100,0.1,0.5,AR2,pcglassoFast_Primal,I,2.5118864315095806e-6,0.06150000000002365,83.35373872743813
100,0.1,0.5,AR2,pcglassoFast_Primal,I,3.98107170553497e-5,0.05100000000015825,83.35373979268545
100,0.1,0.5,AR2,pcglassoFast_Primal,I,6.309573444801935e-4,0.04500000000007276,83.35375025527615
100,0.1,0.5,AR2,pcglassoFast_Primal,I,0.010000000000000004,0.03849999999999909,83.35385416985662
100,0.1,0.5,AR2,pcglassoFast_PrimalDual,C,9.999999999999982e-9,0.19249999999988177,83.353738606032607
100,0.1,0.5,AR2,pcglassoFast_PrimalDual,C,1.5848931924611096e-7,0.17699999999979354,83.3537386084418
100,0.1,0.5,AR2,pcglassoFast_PrimalDual,C,2.5118864315095806e-6,0.15949999999998,83.35373863748052
100,0.1,0.5,AR2,pcglassoFast_PrimalDual,C,3.98107170553497e-5,0.1470000000000482,83.35373897845591
100,0.1,0.5,AR2,pcglassoFast_PrimalDual,C,6.309573444801935e-4,0.11999999999989086,83.35379231907349
100,0.1,0.5,AR2,pcglassoFast_PrimalDual,C,0.010000000000000004,0.10749999999995907,83.3543867176697
100,0.1,0.5,AR2,pcglassoFast_PrimalDual,I,9.999999999999982e-9,0.13850000000002183,83.35373860588653
100,0.1,0.5,AR2,pcglassoFast_PrimalDual,I,1.5848931924611096e-7,0.11250000000006821,83.35373861819183
100,0.1,0.5,AR2,pcglassoFast_PrimalDual,I,2.5118864315095806e-6,0.09500000000002728,83.35373875257784
100,0.1,0.5,AR2,pcglassoFast_PrimalDual,I,3.98107170553497e-5,0.09000000000003183,83.35373991991275
100,0.1,0.5,AR2,pcglassoFast_PrimalDual,I,6.309573444801935e-4,0.07449999999994361,83.35375045503288
100,0.1,0.5,AR2,pcglassoFast_PrimalDual,I,0.010000000000000004,0.06049999999981992,83.35388186957917
100,0.1,0.5,hub_09,pcglasso,C,9.999999999999982e-9,0.4739999999999327,84.53021725947514
100,0.1,0.5,hub_09,pcglasso,C,1.5848931924611096e-7,0.4049999999999727,84.53021725962397
100,0.1,0.5,hub_09,pcglasso,C,2.5118864315095806e-6,0.3610000000001037,84.53021904822748
100,0.1,0.5,hub_09,pcglasso,C,3.98107170553497e-5,0.19300000000009732,84.53042984346466
100,0.1,0.5,hub_09,pcglasso,C,6.309573444801935e-4,0.06299999999998818,84.55269018793237
100,0.1,0.5,hub_09,pcglasso,C,0.010000000000000004,0.0204999999998563,111.24502526522413
100,0.1,0.5,hub_09,pcglasso,I,9.999999999999982e-9,0.5814999999998918,84.5302172479682
100,0.1,0.5,hub_09,pcglasso,I,1.5848931924611096e-7,0.4980000000000473,84.53021725869408
100,0.1,0.5,hub_09,pcglasso,I,2.5118864315095806e-6,0.4375,84.53021940903065
100,0.1,0.5,hub_09,pcglasso,I,3.98107170553497e-5,0.18399999999996908,84.53040883891174
100,0.1,0.5,hub_09,pcglasso,I,6.309573444801935e-4,0.028000000000247383,84.54606387930637
100,0.1,0.5,hub_09,pcglasso,I,0.010000000000000004,0.018000000000029104,84.64955488309258
100,0.1,0.5,hub_09,pcglassoFast_Dual,C,9.999999999999982e-9,0.0404999999999518,84.5302172493835
100,0.1,0.5,hub_09,pcglassoFast_Dual,C,1.5848931924611096e-7,0.036500000000046384,84.53021729292523
100,0.1,0.5,hub_09,pcglassoFast_Dual,C,2.5118864315095806e-6,0.033999999999991815,84.53021745115123
100,0.1,0.5,hub_09,pcglassoFast_Dual,C,3.98107170553497e-5,0.028000000000133696,84.53022179382806
100,0.1,0.5,hub_09,pcglassoFast_Dual,C,6.309573444801935e-4,0.027999999999792635,84.53030724365095
100,0.1,0.5,hub_09,pcglassoFast_Dual,C,0.010000000000000004,0.01999999999998181,84.53283436798094
100,0.1,0.5,hub_09,pcglassoFast_Dual,I,9.999999999999982e-9,0.045999999999935426,84.53021724835023
100,0.1,0.5,hub_09,pcglassoFast_Dual,I,1.5848931924611096e-7,0.04099999999993997,84.53021727885636
100,0.1,0.5,hub_09,pcglassoFast_Dual,I,2.5118864315095806e-6,0.03700000000003456,84.5302178736418
100,0.1,0.5,hub_09,pcglassoFast_Dual,I,3.98107170553497e-5,0.03350000000000364,84.53022739170888
100,0.1,0.5,hub_09,pcglassoFast_Dual,I,6.309573444801935e-4,0.024000000000114596,84.5307982256914
100,0.1,0.5,hub_09,pcglassoFast_Dual,I,0.010000000000000004,0.014000000000010004,84.54425772754598
100,0.1,0.5,hub_09,pcglassoFast_Primal,C,9.999999999999982e-9,0.16450000000008913,84.53021725241051
100,0.1,0.5,hub_09,pcglassoFast_Primal,C,1.5848931924611096e-7,0.15850000000011732,84.53021730583073
100,0.1,0.5,hub_09,pcglassoFast_Primal,C,2.5118864315095806e-6,0.11949999999990268,84.53021871190789
100,0.1,0.5,hub_09,pcglassoFast_Primal,C,3.98107170553497e-5,0.1009999999998854,84.53023402986706
100,0.1,0.5,hub_09,pcglassoFast_Primal,C,6.309573444801935e-4,0.07649999999989632,84.53041943910416
100,0.1,0.5,hub_09,pcglassoFast_Primal,C,0.010000000000000004,0.05400000000008731,84.53305436608865
100,0.1,0.5,hub_09,pcglassoFast_Primal,I,9.999999999999982e-9,0.17299999999988813,84.53021725140691
100,0.1,0.5,hub_09,pcglassoFast_Primal,I,1.5848931924611096e-7,0.14750000000003638,84.53021735437002
100,0.1,0.5,hub_09,pcglassoFast_Primal,I,2.5118864315095806e-6,0.13250000000005002,84.53021842865682
100,0.1,0.5,hub_09,pcglassoFast_Primal,I,3.98107170553497e-5,0.09500000000025466,84.53024586103643
100,0.1,0.5,hub_09,pcglassoFast_Primal,I,6.309573444801935e-4,0.07649999999989632,84.53050862374782
100,0.1,0.5,hub_09,pcglassoFast_Primal,I,0.010000000000000004,0.03300000000001546,84.54418586185155
100,0.1,0.5,hub_09,pcglassoFast_PrimalDual,C,9.999999999999982e-9,0.2059999999999036,84.53021725171834
100,0.1,0.5,hub_09,pcglassoFast_PrimalDual,C,1.5848931924611096e-7,0.17200000000002547,84.53021736651928
100,0.1,0.5,hub_09,pcglassoFast_PrimalDual,C,2.5118864315095806e-6,0.14800000000013824,84.53021861722672
100,0.1,0.5,hub_09,pcglassoFast_PrimalDual,C,3.98107170553497e-5,0.125,84.53023339395239
100,0.1,0.5,hub_09,pcglassoFast_PrimalDual,C,6.309573444801935e-4,0.09600000000011732,84.53041730294238
100,0.1,0.5,hub_09,pcglassoFast_PrimalDual,C,0.010000000000000004,0.07200000000000273,84.53309918128893
100,0.1,0.5,hub_09,pcglassoFast_PrimalDual,I,9.999999999999982e-9,0.21450000000004366,84.53021725068824
100,0.1,0.5,hub_09,pcglassoFast_PrimalDual,I,1.5848931924611096e-7,0.19300000000009732,84.53021734101378
100,0.1,0.5,hub_09,pcglassoFast_PrimalDual,I,2.5118864315095806e-6,0.15849999999988995,84.53021831186548
100,0.1,0.5,hub_09,pcglassoFast_PrimalDual,I,3.98107170553497e-5,0.12000000000000455,84.53024406953384
100,0.1,0.5,hub_09,pcglassoFast_PrimalDual,I,6.309573444801935e-4,0.08899999999994179,84.53081276165955
100,0.1,0.5,hub_09,pcglassoFast_PrimalDual,I,0.010000000000000004,0.04250000000001819,84.54426553599642
100,0.1,0.5,hub_1,pcglasso,C,9.999999999999982e-9,1.4075000000000273,53.143061592635085
100,0.1,0.5,hub_1,pcglasso,C,1.5848931924611096e-7,1.0684999999998581,53.14306225647194
100,0.1,0.5,hub_1,pcglasso,C,2.5118864315095806e-6,0.79200000000003,53.14323850438144
100,0.1,0.5,hub_1,pcglasso,C,3.98107170553497e-5,0.5099999999999909,53.14525059885622
100,0.1,0.5,hub_1,pcglasso,C,6.309573444801935e-4,0.6055000000000064,58.90249024719844
100,0.1,0.5,hub_1,pcglasso,C,0.010000000000000004,0.16800000000012005,138.48813210006958
100,0.1,0.5,hub_1,pcglasso,I,9.999999999999982e-9,2.341000000000008,53.14306159260173
100,0.1,0.5,hub_1,pcglasso,I,1.5848931924611096e-7,2.0204999999998563,53.14306210898454
100,0.1,0.5,hub_1,pcglasso,I,2.5118864315095806e-6,1.7560000000000855,53.14314835063189
100,0.1,0.5,hub_1,pcglasso,I,3.98107170553497e-5,0.8305000000000291,53.14890930844829
100,0.1,0.5,hub_1,pcglasso,I,6.309573444801935e-4,0.06100000000003547,58.282181511014834
100,0.1,0.5,hub_1,pcglasso,I,0.010000000000000004,0.03199999999992542,59.264208142079404
100,0.1,0.5,hub_1,pcglassoFast_Dual,C,9.999999999999982e-9,0.5705000000000382,53.14306159924152
100,0.1,0.5,hub_1,pcglassoFast_Dual,C,1.5848931924611096e-7,0.47450000000003456,53.14306178909859
100,0.1,0.5,hub_1,pcglassoFast_Dual,C,2.5118864315095806e-6,0.42999999999995,53.14306261511016
100,0.1,0.5,hub_1,pcglassoFast_Dual,C,3.98107170553497e-5,0.37399999999990996,53.143090099064835
100,0.1,0.5,hub_1,pcglassoFast_Dual,C,6.309573444801935e-4,0.3280000000002019,53.143307365060565
100,0.1,0.5,hub_1,pcglassoFast_Dual,C,0.010000000000000004,0.2724999999999227,53.15224206278027
100,0.1,0.5,hub_1,pcglassoFast_Dual,I,9.999999999999982e-9,1.2580000000000382,53.14306159471395
100,0.1,0.5,hub_1,pcglassoFast_Dual,I,1.5848931924611096e-7,1.2559999999998581,53.14306203676791
100,0.1,0.5,hub_1,pcglassoFast_Dual,I,2.5118864315095806e-6,1.1424999999999272,53.14306326168554
100,0.1,0.5,hub_1,pcglassoFast_Dual,I,3.98107170553497e-5,1.149499999999989,53.143071440228915
100,0.1,0.5,hub_1,pcglassoFast_Dual,I,6.309573444801935e-4,1.213999999999828,53.14335458766274
100,0.1,0.5,hub_1,pcglassoFast_Dual,I,0.010000000000000004,1.0455000000001746,53.14866649198945
100,0.1,0.5,hub_1,pcglassoFast_Primal,C,9.999999999999982e-9,0.7980000000000018,53.14306163580051
100,0.1,0.5,hub_1,pcglassoFast_Primal,C,1.5848931924611096e-7,0.59800000000007,53.14306252867655
100,0.1,0.5,hub_1,pcglassoFast_Primal,C,2.5118864315095806e-6,0.5124999999999318,53.1430656042302
100,0.1,0.5,hub_1,pcglassoFast_Primal,C,3.98107170553497e-5,0.37799999999992906,53.14312293596092
100,0.1,0.5,hub_1,pcglassoFast_Primal,C,6.309573444801935e-4,0.25549999999998363,53.14549418257841
100,0.1,0.5,hub_1,pcglassoFast_Primal,C,0.010000000000000004,0.17349999999999,53.16962374243203
100,0.1,0.5,hub_1,pcglassoFast_Primal,I,9.999999999999982e-9,0.8744999999998981,53.14306163613285
100,0.1,0.5,hub_1,pcglassoFast_Primal,I,1.5848931924611096e-7,0.7570000000000618,53.143062397124524
100,0.1,0.5,hub_1,pcglassoFast_Primal,I,2.5118864315095806e-6,0.6510000000000673,53.143071894564926
100,0.1,0.5,hub_1,pcglassoFast_Primal,I,3.98107170553497e-5,0.5130000000000337,53.14317537692033
100,0.1,0.5,hub_1,pcglassoFast_Primal,I,6.309573444801935e-4,0.39549999999997,53.14315183548004
100,0.1,0.5,hub_1,pcglassoFast_Primal,I,0.010000000000000004,0.2615000000000691,53.15955068800201
100,0.1,0.5,hub_1,pcglassoFast_PrimalDual,C,9.999999999999982e-9,0.11499999999989541,53.14306159183446
100,0.1,0.5,hub_1,pcglassoFast_PrimalDual,C,1.5848931924611096e-7,0.10549999999989268,53.143061599008185
100,0.1,0.5,hub_1,pcglassoFast_PrimalDual,C,2.5118864315095806e-6,0.09200000000009823,53.14306184910518
100,0.1,0.5,hub_1,pcglassoFast_PrimalDual,C,3.98107170553497e-5,0.08650000000000091,53.143063322205315
100,0.1,0.5,hub_1,pcglassoFast_PrimalDual,C,6.309573444801935e-4,0.07099999999991269,53.14314804962619
100,0.1,0.5,hub_1,pcglassoFast_PrimalDual,C,0.010000000000000004,0.06399999999985084,53.14371502188884
100,0.1,0.5,hub_1,pcglassoFast_PrimalDual,I,9.999999999999982e-9,0.32750000000010004,53.1430615911086
100,0.1,0.5,hub_1,pcglassoFast_PrimalDual,I,1.5848931924611096e-7,0.30750000000000455,53.14306160866161
100,0.1,0.5,hub_1,pcglassoFast_PrimalDual,I,2.5118864315095806e-6,0.30300000000011096,53.143061705867474
100,0.1,0.5,hub_1,pcglassoFast_PrimalDual,I,3.98107170553497e-5,0.2829999999999018,53.14306692786259
100,0.1,0.5,hub_1,pcglassoFast_PrimalDual,I,6.309573444801935e-4,0.28750000000002274,53.14310227556158
100,0.1,0.5,hub_1,pcglassoFast_PrimalDual,I,0.010000000000000004,0.2739999999998872,53.1434270060216
100,0.1,0.5,random,pcglasso,C,9.999999999999982e-9,0.5389999999999873,81.5589513735721
100,0.1,0.5,random,pcglasso,C,1.5848931924611096e-7,0.32600000000002183,81.55895168709492
100,0.1,0.5,random,pcglasso,C,2.5118864315095806e-6,0.2720000000001619,81.55895720732397
100,0.1,0.5,random,pcglasso,C,3.98107170553497e-5,0.16099999999994452,81.55984210617025
100,0.1,0.5,random,pcglasso,C,6.309573444801935e-4,0.06799999999998363,81.8423586906857
100,0.1,0.5,random,pcglasso,C,0.010000000000000004,0.021000000000185537,134.81981509732753
100,0.1,0.5,random,pcglasso,I,9.999999999999982e-9,0.4494999999999436,81.55895138101572
100,0.1,0.5,random,pcglasso,I,1.5848931924611096e-7,0.22300000000007003,81.55895166691317
100,0.1,0.5,random,pcglasso,I,2.5118864315095806e-6,0.17899999999985994,81.5589596027848
100,0.1,0.5,random,pcglasso,I,3.98107170553497e-5,0.10099999999999909,81.56129453596017
100,0.1,0.5,random,pcglasso,I,6.309573444801935e-4,0.03350000000000364,81.8041480016805
100,0.1,0.5,random,pcglasso,I,0.010000000000000004,0.023999999999887223,82.02497683504468
100,0.1,0.5,random,pcglassoFast_Dual,C,9.999999999999982e-9,0.05249999999989541,81.55895137253016
100,0.1,0.5,random,pcglassoFast_Dual,C,1.5848931924611096e-7,0.04800000000000182,81.55895137568767
100,0.1,0.5,random,pcglassoFast_Dual,C,2.5118864315095806e-6,0.03999999999996362,81.5589526317538
100,0.1,0.5,random,pcglassoFast_Dual,C,3.98107170553497e-5,0.03600000000005821,81.55896321711172
100,0.1,0.5,random,pcglassoFast_Dual,C,6.309573444801935e-4,0.030499999999960892,81.55904330033361
100,0.1,0.5,random,pcglassoFast_Dual,C,0.010000000000000004,0.02500000000009095,81.55992786857936
100,0.1,0.5,random,pcglassoFast_Dual,I,9.999999999999982e-9,0.03899999999987358,81.5589513763401
100,0.1,0.5,random,pcglassoFast_Dual,I,1.5848931924611096e-7,0.036999999999920874,81.558951432978
100,0.1,0.5,random,pcglassoFast_Dual,I,2.5118864315095806e-6,0.02800000000002001,81.55895263895196
100,0.1,0.5,random,pcglassoFast_Dual,I,3.98107170553497e-5,0.02500000000009095,81.55896007311553
100,0.1,0.5,random,pcglassoFast_Dual,I,6.309573444801935e-4,0.01999999999998181,81.5590906492997
100,0.1,0.5,random,pcglassoFast_Dual,I,0.010000000000000004,0.020999999999958163,81.5590906492997
100,0.1,0.5,random,pcglassoFast_Primal,C,9.999999999999982e-9,0.14800000000002456,81.55895137375045
100,0.1,0.5,random,pcglassoFast_Primal,C,1.5848931924611096e-7,0.12650000000007822,81.55895142681219
100,0.1,0.5,random,pcglassoFast_Primal,C,2.5118864315095806e-6,0.1169999999999618,81.55895181691274
100,0.1,0.5,random,pcglassoFast_Primal,C,3.98107170553497e-5,0.09300000000030195,81.55896347437168
100,0.1,0.5,random,pcglassoFast_Primal,C,6.309573444801935e-4,0.07750000000010004,81.55906282767351
100,0.1,0.5,random,pcglassoFast_Primal,C,0.010000000000000004,0.06150000000002365,81.56034725186049
100,0.1,0.5,random,pcglassoFast_Primal,I,9.999999999999982e-9,0.14649999999994634,81.5589513740564
100,0.1,0.5,random,pcglassoFast_Primal,I,1.5848931924611096e-7,0.1169999999999618,81.55895143449924
100,0.1,0.5,random,pcglassoFast_Primal,I,2.5118864315095806e-6,0.10149999999998727,81.55895188503304
100,0.1,0.5,random,pcglassoFast_Primal,I,3.98107170553497e-5,0.08400000000006003,81.55896566780116
100,0.1,0.5,random,pcglassoFast_Primal,I,6.309573444801935e-4,0.06800000000009732,81.55907511376175
100,0.1,0.5,random,pcglassoFast_Primal,I,0.010000000000000004,0.04600000000004911,81.56242994311509
100,0.1,0.5,random,pcglassoFast_PrimalDual,C,9.999999999999982e-9,0.3220000000001164,81.55895137550327
100,0.1,0.5,random,pcglassoFast_PrimalDual,C,1.5848931924611096e-7,0.2639999999998963,81.55895140870496
100,0.1,0.5,random,pcglassoFast_PrimalDual,C,2.5118864315095806e-6,0.22900000000004184,81.55895184336839
100,0.1,0.5,random,pcglassoFast_PrimalDual,C,3.98107170553497e-5,0.18849999999997635,81.55895932420476
100,0.1,0.5,random,pcglassoFast_PrimalDual,C,6.309573444801935e-4,0.16599999999993997,81.55898748850015
100,0.1,0.5,random,pcglassoFast_PrimalDual,C,0.010000000000000004,0.12999999999988177,81.55989096765838
100,0.1,0.5,random,pcglassoFast_PrimalDual,I,9.999999999999982e-9,0.3425000000000864,81.55895137519951
100,0.1,0.5,random,pcglassoFast_PrimalDual,I,1.5848931924611096e-7,0.2959999999999354,81.55895140547887
100,0.1,0.5,random,pcglassoFast_PrimalDual,I,2.5118864315095806e-6,0.24549999999999272,81.55895170397072
100,0.1,0.5,random,pcglassoFast_PrimalDual,I,3.98107170553497e-5,0.18100000000004002,81.55896518696676
100,0.1,0.5,random,pcglassoFast_PrimalDual,I,6.309573444801935e-4,0.1430000000000291,81.55912907021036
100,0.1,0.5,random,pcglassoFast_PrimalDual,I,0.010000000000000004,0.10000000000013642,81.56161811272587
100,0.2,0,AR2,pcglasso,C,9.999999999999982e-9,0.532500000000141,93.19516974794497
100,0.2,0,AR2,pcglasso,C,1.5848931924611096e-7,0.4759999999998854,93.19516978542237
100,0.2,0,AR2,pcglasso,C,2.5118864315095806e-6,0.48500000000001364,93.19520814565509
100,0.2,0,AR2,pcglasso,C,3.98107170553497e-5,0.23149999999998272,93.20769516984453
100,0.2,0,AR2,pcglasso,C,6.309573444801935e-4,0.056500000000028194,100.87005383803114
100,0.2,0,AR2,pcglasso,C,0.010000000000000004,0.02400000000000091,119.8349797817236
100,0.2,0,AR2,pcglasso,I,9.999999999999982e-9,0.31799999999998363,93.19516974579516
100,0.2,0,AR2,pcglasso,I,1.5848931924611096e-7,0.2959999999999354,93.19516978556253
100,0.2,0,AR2,pcglasso,I,2.5118864315095806e-6,0.23450000000002547,93.19519350490133
100,0.2,0,AR2,pcglasso,I,3.98107170553497e-5,0.11450000000002092,93.20431809974808
100,0.2,0,AR2,pcglasso,I,6.309573444801935e-4,0.023500000000012733,93.64115224100959
100,0.2,0,AR2,pcglasso,I,0.010000000000000004,0.02299999999991087,93.58491641493433
100,0.2,0,AR2,pcglassoFast_Dual,C,9.999999999999982e-9,0.0645000000000664,93.1951697431023
100,0.2,0,AR2,pcglassoFast_Dual,C,1.5848931924611096e-7,0.06199999999989814,93.19516976939839
100,0.2,0,AR2,pcglassoFast_Dual,C,2.5118864315095806e-6,0.05450000000007549,93.19517046606073
100,0.2,0,AR2,pcglassoFast_Dual,C,3.98107170553497e-5,0.04849999999987631,93.195176592948
100,0.2,0,AR2,pcglassoFast_Dual,C,6.309573444801935e-4,0.04150000000004184,93.19536351632311
100,0.2,0,AR2,pcglassoFast_Dual,C,0.010000000000000004,0.035499999999956344,93.1971384834199
100,0.2,0,AR2,pcglassoFast_Dual,I,9.999999999999982e-9,0.055000000000063665,93.19516974247344
100,0.2,0,AR2,pcglassoFast_Dual,I,1.5848931924611096e-7,0.04150000000004184,93.19516979844445
100,0.2,0,AR2,pcglassoFast_Dual,I,2.5118864315095806e-6,0.038000000000010914,93.19517023442204
100,0.2,0,AR2,pcglassoFast_Dual,I,3.98107170553497e-5,0.030000000000086402,93.19518325832887
100,0.2,0,AR2,pcglassoFast_Dual,I,6.309573444801935e-4,0.026000000000067303,93.19529630609006
100,0.2,0,AR2,pcglassoFast_Dual,I,0.010000000000000004,0.02250000000003638,93.1963645743516
100,0.2,0,AR2,pcglassoFast_Primal,C,9.999999999999982e-9,0.20050000000003365,93.19516974553932
100,0.2,0,AR2,pcglassoFast_Primal,C,1.5848931924611096e-7,0.16950000000008458,93.19516983331799
100,0.2,0,AR2,pcglassoFast_Primal,C,2.5118864315095806e-6,0.16300000000001091,93.1951703556725
100,0.2,0,AR2,pcglassoFast_Primal,C,3.98107170553497e-5,0.1374999999999318,93.1951813109473
100,0.2,0,AR2,pcglassoFast_Primal,C,6.309573444801935e-4,0.10850000000004911,93.19539646912034
100,0.2,0,AR2,pcglassoFast_Primal,C,0.010000000000000004,0.08799999999996544,93.19986256999287
100,0.2,0,AR2,pcglassoFast_Primal,I,9.999999999999982e-9,0.16599999999993997,93.1951697437427
100,0.2,0,AR2,pcglassoFast_Primal,I,1.5848931924611096e-7,0.14549999999997,93.19516980776956
100,0.2,0,AR2,pcglassoFast_Primal,I,2.5118864315095806e-6,0.11949999999990268,93.19517092039975
100,0.2,0,AR2,pcglassoFast_Primal,I,3.98107170553497e-5,0.0989999999999327,93.19519177089873
100,0.2,0,AR2,pcglassoFast_Primal,I,6.309573444801935e-4,0.0845000000000482,93.1953277321527
100,0.2,0,AR2,pcglassoFast_Primal,I,0.010000000000000004,0.06049999999993361,93.19827491644094
100,0.2,0,AR2,pcglassoFast_PrimalDual,C,9.999999999999982e-9,0.49900000000002365,93.19516974492274
100,0.2,0,AR2,pcglassoFast_PrimalDual,C,1.5848931924611096e-7,0.4354999999999336,93.19516981557443
100,0.2,0,AR2,pcglassoFast_PrimalDual,C,2.5118864315095806e-6,0.3709999999999809,93.19517092387322
100,0.2,0,AR2,pcglassoFast_PrimalDual,C,3.98107170553497e-5,0.30349999999998545,93.19518969306252
100,0.2,0,AR2,pcglassoFast_PrimalDual,C,6.309573444801935e-4,0.25299999999992906,93.19551604579925
100,0.2,0,AR2,pcglassoFast_PrimalDual,C,0.010000000000000004,0.2115000000000009,93.1975569119885
100,0.2,0,AR2,pcglassoFast_PrimalDual,I,9.999999999999982e-9,0.45799999999997,93.19516974380969
100,0.2,0,AR2,pcglassoFast_PrimalDual,I,1.5848931924611096e-7,0.3849999999999909,93.19516979148071
100,0.2,0,AR2,pcglassoFast_PrimalDual,I,2.5118864315095806e-6,0.32599999999990814,93.19517054741364
100,0.2,0,AR2,pcglassoFast_PrimalDual,I,3.98107170553497e-5,0.2700000000000955,93.19518311936042
100,0.2,0,AR2,pcglassoFast_PrimalDual,I,6.309573444801935e-4,0.1999999999998181,93.19539945705584
100,0.2,0,AR2,pcglassoFast_PrimalDual,I,0.010000000000000004,0.14150000000006457,93.19920506177203
100,0.2,0,hub_09,pcglasso,C,9.999999999999982e-9,0.38250000000005,99.06997089818202
100,0.2,0,hub_09,pcglasso,C,1.5848931924611096e-7,0.3184999999998581,99.069970952444
100,0.2,0,hub_09,pcglasso,C,2.5118864315095806e-6,0.2560000000000855,99.06997546570061
100,0.2,0,hub_09,pcglasso,C,3.98107170553497e-5,0.16599999999993997,99.0702333220605
100,0.2,0,hub_09,pcglasso,C,6.309573444801935e-4,0.07550000000014734,99.13677758669441
100,0.2,0,hub_09,pcglasso,C,0.010000000000000004,0.018000000000029104,124.58046666449295
100,0.2,0,hub_09,pcglasso,I,9.999999999999982e-9,0.44450000000006185,99.06997089667982
100,0.2,0,hub_09,pcglasso,I,1.5848931924611096e-7,0.33100000000013097,99.0699708898941
100,0.2,0,hub_09,pcglasso,I,2.5118864315095806e-6,0.26549999999986085,99.06997491098564
100,0.2,0,hub_09,pcglasso,I,3.98107170553497e-5,0.16599999999993997,99.07056646077581
100,0.2,0,hub_09,pcglasso,I,6.309573444801935e-4,0.056500000000028194,99.16047691967329
100,0.2,0,hub_09,pcglasso,I,0.010000000000000004,0.02400000000000091,99.48299721474889
100,0.2,0,hub_09,pcglassoFast_Dual,C,9.999999999999982e-9,0.04500000000007276,99.06997087728688
100,0.2,0,hub_09,pcglassoFast_Dual,C,1.5848931924611096e-7,0.03599999999994452,99.06997091336008
100,0.2,0,hub_09,pcglassoFast_Dual,C,2.5118864315095806e-6,0.03150000000005093,99.06997230140595
100,0.2,0,hub_09,pcglassoFast_Dual,C,3.98107170553497e-5,0.02500000000009095,99.06997501179028
100,0.2,0,hub_09,pcglassoFast_Dual,C,6.309573444801935e-4,0.01999999999998181,99.07020036629157
100,0.2,0,hub_09,pcglassoFast_Dual,C,0.010000000000000004,0.01950000000010732,99.07020036629157
100,0.2,0,hub_09,pcglassoFast_Dual,I,9.999999999999982e-9,0.04349999999999454,99.06997087920747
100,0.2,0,hub_09,pcglassoFast_Dual,I,1.5848931924611096e-7,0.03550000000018372,99.06997089976649
100,0.2,0,hub_09,pcglassoFast_Dual,I,2.5118864315095806e-6,0.02949999999998454,99.0699714666417
100,0.2,0,hub_09,pcglassoFast_Dual,I,3.98107170553497e-5,0.02400000000034197,99.06998471919935
100,0.2,0,hub_09,pcglassoFast_Dual,I,6.309573444801935e-4,0.01999999999998181,99.07008848536228
100,0.2,0,hub_09,pcglassoFast_Dual,I,0.010000000000000004,0.01850000000001728,99.07026083829246
100,0.2,0,hub_09,pcglassoFast_Primal,C,9.999999999999982e-9,0.08899999999994179,99.06997087602069
100,0.2,0,hub_09,pcglassoFast_Primal,C,1.5848931924611096e-7,0.07400000000006912,99.06997088794749
100,0.2,0,hub_09,pcglassoFast_Primal,C,2.5118864315095806e-6,0.068000000000211,99.06997099528857
100,0.2,0,hub_09,pcglassoFast_Primal,C,3.98107170553497e-5,0.06100000000003547,99.06997231980785
100,0.2,0,hub_09,pcglassoFast_Primal,C,6.309573444801935e-4,0.0609999999998081,99.06997231980785
100,0.2,0,hub_09,pcglassoFast_Primal,C,0.010000000000000004,0.05400000000008731,99.0700038696437
100,0.2,0,hub_09,pcglassoFast_Primal,I,9.999999999999982e-9,0.08699999999998909,99.06997087616885
100,0.2,0,hub_09,pcglassoFast_Primal,I,1.5848931924611096e-7,0.0805000000000291,99.06997087911704
100,0.2,0,hub_09,pcglassoFast_Primal,I,2.5118864315095806e-6,0.07449999999994361,99.06997091601532
100,0.2,0,hub_09,pcglassoFast_Primal,I,3.98107170553497e-5,0.06550000000015643,99.06997129443636
100,0.2,0,hub_09,pcglassoFast_Primal,I,6.309573444801935e-4,0.05999999999994543,99.06997585670294
100,0.2,0,hub_09,pcglassoFast_Primal,I,0.010000000000000004,0.04549999999994725,99.07076864591853
100,0.2,0,hub_09,pcglassoFast_PrimalDual,C,9.999999999999982e-9,0.11800000000005184,99.06997087638143
100,0.2,0,hub_09,pcglassoFast_PrimalDual,C,1.5848931924611096e-7,0.10749999999984539,99.06997087963762
100,0.2,0,hub_09,pcglassoFast_PrimalDual,C,2.5118864315095806e-6,0.10100000000011278,99.06997091059974
100,0.2,0,hub_09,pcglassoFast_PrimalDual,C,3.98107170553497e-5,0.08150000000000546,99.06997434097325
100,0.2,0,hub_09,pcglassoFast_PrimalDual,C,6.309573444801935e-4,0.08400000000017371,99.06997434097325
100,0.2,0,hub_09,pcglassoFast_PrimalDual,C,0.010000000000000004,0.07299999999997908,99.07001363169857
100,0.2,0,hub_09,pcglassoFast_PrimalDual,I,9.999999999999982e-9,0.1350000000001046,99.06997087610989
100,0.2,0,hub_09,pcglassoFast_PrimalDual,I,1.5848931924611096e-7,0.11549999999999727,99.06997088821467
100,0.2,0,hub_09,pcglassoFast_PrimalDual,I,2.5118864315095806e-6,0.10800000000006094,99.06997098708912
100,0.2,0,hub_09,pcglassoFast_PrimalDual,I,3.98107170553497e-5,0.09949999999992087,99.06997194868025
100,0.2,0,hub_09,pcglassoFast_PrimalDual,I,6.309573444801935e-4,0.09000000000014552,99.06998119872972
100,0.2,0,hub_09,pcglassoFast_PrimalDual,I,0.010000000000000004,0.06949999999983447,99.07082751561879
100,0.2,0,hub_1,pcglasso,C,9.999999999999982e-9,2.347500000000082,32.707823539622865
100,0.2,0,hub_1,pcglasso,C,1.5848931924611096e-7,1.9089999999999918,32.70782462724609
100,0.2,0,hub_1,pcglasso,C,2.5118864315095806e-6,1.3959999999998445,32.708380885964836
100,0.2,0,hub_1,pcglasso,C,3.98107170553497e-5,0.7509999999999764,32.7391586395489
100,0.2,0,hub_1,pcglasso,C,6.309573444801935e-4,0.6975000000001046,45.19431324800466
100,0.2,0,hub_1,pcglasso,C,0.010000000000000004,0.1230000000000473,141.98279801444835
100,0.2,0,hub_1,pcglasso,I,9.999999999999982e-9,4.283000000000129,32.70782354008669
100,0.2,0,hub_1,pcglasso,I,1.5848931924611096e-7,4.06899999999996,32.70782523063863
100,0.2,0,hub_1,pcglasso,I,2.5118864315095806e-6,3.427000000000021,32.70816518433885
100,0.2,0,hub_1,pcglasso,I,3.98107170553497e-5,1.2385000000000446,32.86937025598282
100,0.2,0,hub_1,pcglasso,I,6.309573444801935e-4,0.1410000000000764,41.7857774028283
100,0.2,0,hub_1,pcglasso,I,0.010000000000000004,0.07350000000008095,43.92770271479216
100,0.2,0,hub_1,pcglassoFast_Dual,C,9.999999999999982e-9,0.9700000000000273,32.707823532704765
100,0.2,0,hub_1,pcglassoFast_Dual,C,1.5848931924611096e-7,0.8429999999999609,32.707823566410475
100,0.2,0,hub_1,pcglassoFast_Dual,C,2.5118864315095806e-6,0.8944999999999936,32.70782408759587
100,0.2,0,hub_1,pcglassoFast_Dual,C,3.98107170553497e-5,0.7104999999999109,32.707848291558
100,0.2,0,hub_1,pcglassoFast_Dual,C,6.309573444801935e-4,0.6865000000001373,32.70817395053749
100,0.2,0,hub_1,pcglassoFast_Dual,C,0.010000000000000004,0.5065000000000737,32.732258880781956
100,0.2,0,hub_1,pcglassoFast_Dual,I,9.999999999999982e-9,2.0519999999999072,32.707823532578104
100,0.2,0,hub_1,pcglassoFast_Dual,I,1.5848931924611096e-7,1.9615000000001146,32.707823552849575
100,0.2,0,hub_1,pcglassoFast_Dual,I,2.5118864315095806e-6,1.90199999999993,32.70782480732148
100,0.2,0,hub_1,pcglassoFast_Dual,I,3.98107170553497e-5,1.7799999999999727,32.70783170107605
100,0.2,0,hub_1,pcglassoFast_Dual,I,6.309573444801935e-4,1.7354999999998881,32.708211027210595
100,0.2,0,hub_1,pcglassoFast_Dual,I,0.010000000000000004,1.7539999999999054,32.7138082350217
100,0.2,0,hub_1,pcglassoFast_Primal,C,9.999999999999982e-9,1.3059999999998126,32.707823629014314
100,0.2,0,hub_1,pcglassoFast_Primal,C,1.5848931924611096e-7,1.0849999999999227,32.70782504964051
100,0.2,0,hub_1,pcglassoFast_Primal,C,2.5118864315095806e-6,0.7584999999999127,32.707841649463035
100,0.2,0,hub_1,pcglassoFast_Primal,C,3.98107170553497e-5,0.66599999999994,32.70788912607953
100,0.2,0,hub_1,pcglassoFast_Primal,C,6.309573444801935e-4,0.49250000000006366,32.70920176836484
100,0.2,0,hub_1,pcglassoFast_Primal,C,0.010000000000000004,0.28449999999998,32.728478040203285
100,0.2,0,hub_1,pcglassoFast_Primal,I,9.999999999999982e-9,1.4089999999998781,32.707823611073486
100,0.2,0,hub_1,pcglassoFast_Primal,I,1.5848931924611096e-7,1.205000000000041,32.707824824964185
100,0.2,0,hub_1,pcglassoFast_Primal,I,2.5118864315095806e-6,0.95799999999997,32.70783556745108
100,0.2,0,hub_1,pcglassoFast_Primal,I,3.98107170553497e-5,0.7194999999999254,32.70795854016848
100,0.2,0,hub_1,pcglassoFast_Primal,I,6.309573444801935e-4,0.5664999999999054,32.70933855233544
100,0.2,0,hub_1,pcglassoFast_Primal,I,0.010000000000000004,0.4049999999999727,32.724945184317235
100,0.2,0,hub_1,pcglassoFast_PrimalDual,C,9.999999999999982e-9,0.15949999999998,32.70782352809197
100,0.2,0,hub_1,pcglassoFast_PrimalDual,C,1.5848931924611096e-7,0.1394999999998845,32.70782354659207
100,0.2,0,hub_1,pcglassoFast_PrimalDual,C,2.5118864315095806e-6,0.13250000000005002,32.707823626596934
100,0.2,0,hub_1,pcglassoFast_PrimalDual,C,3.98107170553497e-5,0.11849999999992633,32.70782746745855
100,0.2,0,hub_1,pcglassoFast_PrimalDual,C,6.309573444801935e-4,0.10600000000022192,32.707849382794734
100,0.2,0,hub_1,pcglassoFast_PrimalDual,C,0.010000000000000004,0.09450000000003911,32.709282351061844
100,0.2,0,hub_1,pcglassoFast_PrimalDual,I,9.999999999999982e-9,0.5985000000000582,32.70782352804165
100,0.2,0,hub_1,pcglassoFast_PrimalDual,I,1.5848931924611096e-7,0.5634999999999764,32.70782354535016
100,0.2,0,hub_1,pcglassoFast_PrimalDual,I,2.5118864315095806e-6,0.5350000000000819,32.70782389287311
100,0.2,0,hub_1,pcglassoFast_PrimalDual,I,3.98107170553497e-5,0.5335000000000036,32.70782575550641
100,0.2,0,hub_1,pcglassoFast_PrimalDual,I,6.309573444801935e-4,0.5295000000000982,32.70790675426737
100,0.2,0,hub_1,pcglassoFast_PrimalDual,I,0.010000000000000004,0.5044999999997799,32.708432871527364
100,0.2,0,random,pcglasso,C,9.999999999999982e-9,0.7850000000000819,86.90534354565882
100,0.2,0,random,pcglasso,C,1.5848931924611096e-7,0.45299999999997453,86.90537307976743
100,0.2,0,random,pcglasso,C,2.5118864315095806e-6,0.3625000000000682,86.90611402450725
100,0.2,0,random,pcglasso,C,3.98107170553497e-5,0.18150000000014188,86.93418386641466
100,0.2,0,random,pcglasso,C,6.309573444801935e-4,0.08400000000006003,88.271551472402
100,0.2,0,random,pcglasso,C,0.010000000000000004,0.02100000000007185,137.64432292246977
100,0.2,0,random,pcglasso,I,9.999999999999982e-9,0.6425000000000409,86.90534369419908
100,0.2,0,random,pcglasso,I,1.5848931924611096e-7,0.3380000000001928,86.90540941032776
100,0.2,0,random,pcglasso,I,2.5118864315095806e-6,0.2419999999999618,86.90598908601618
100,0.2,0,random,pcglasso,I,3.98107170553497e-5,0.11949999999990268,86.92905376212177
100,0.2,0,random,pcglasso,I,6.309573444801935e-4,0.03300000000012915,88.25565610498019
100,0.2,0,random,pcglasso,I,0.010000000000000004,0.026499999999941792,88.43209038287925
100,0.2,0,random,pcglassoFast_Dual,C,9.999999999999982e-9,0.08199999999987995,86.90534341138263
100,0.2,0,random,pcglassoFast_Dual,C,1.5848931924611096e-7,0.07199999999988904,86.90534350286326
100,0.2,0,random,pcglassoFast_Dual,C,2.5118864315095806e-6,0.05749999999989086,86.90534502510609
100,0.2,0,random,pcglassoFast_Dual,C,3.98107170553497e-5,0.04949999999996635,86.90534628105023
100,0.2,0,random,pcglassoFast_Dual,C,6.309573444801935e-4,0.0404999999999518,86.90553651249519
100,0.2,0,random,pcglassoFast_Dual,C,0.010000000000000004,0.027000000000043656,86.91308292421066
100,0.2,0,random,pcglassoFast_Dual,I,9.999999999999982e-9,0.06149999999979627,86.90534341986137
100,0.2,0,random,pcglassoFast_Dual,I,1.5848931924611096e-7,0.05199999999990723,86.90534344520057
100,0.2,0,random,pcglassoFast_Dual,I,2.5118864315095806e-6,0.044000000000096406,86.90534476127135
100,0.2,0,random,pcglassoFast_Dual,I,3.98107170553497e-5,0.03600000000005821,86.9053565487098
100,0.2,0,random,pcglassoFast_Dual,I,6.309573444801935e-4,0.030499999999960892,86.90572877864778
100,0.2,0,random,pcglassoFast_Dual,I,0.010000000000000004,0.024000000000114596,86.90660085678843
100,0.2,0,random,pcglassoFast_Primal,C,9.999999999999982e-9,0.1850000000001728,86.905343414361
100,0.2,0,random,pcglassoFast_Primal,C,1.5848931924611096e-7,0.15450000000009823,86.9053435063355
100,0.2,0,random,pcglassoFast_Primal,C,2.5118864315095806e-6,0.13549999999997908,86.90534435740805
100,0.2,0,random,pcglassoFast_Primal,C,3.98107170553497e-5,0.10799999999994725,86.90536873691099
100,0.2,0,random,pcglassoFast_Primal,C,6.309573444801935e-4,0.08249999999998181,86.90558634176654
100,0.2,0,random,pcglassoFast_Primal,C,0.010000000000000004,0.06399999999985084,86.9083550683414
100,0.2,0,random,pcglassoFast_Primal,I,9.999999999999982e-9,0.19249999999999545,86.9053434160756
100,0.2,0,random,pcglassoFast_Primal,I,1.5848931924611096e-7,0.16449999999986176,86.90534351547265
100,0.2,0,random,pcglassoFast_Primal,I,2.5118864315095806e-6,0.13500000000021828,86.9053450309131
100,0.2,0,random,pcglassoFast_Primal,I,3.98107170553497e-5,0.10850000000004911,86.90537185241638
100,0.2,0,random,pcglassoFast_Primal,I,6.309573444801935e-4,0.0789999999998372,86.9058538570476
100,0.2,0,random,pcglassoFast_Primal,I,0.010000000000000004,0.06549999999992906,86.90763671192747
100,0.2,0,random,pcglassoFast_PrimalDual,C,9.999999999999982e-9,0.3145000000001801,86.90534341532882
100,0.2,0,random,pcglassoFast_PrimalDual,C,1.5848931924611096e-7,0.26099999999996726,86.90534348016271
100,0.2,0,random,pcglassoFast_PrimalDual,C,2.5118864315095806e-6,0.2319999999998572,86.90534362936444
100,0.2,0,random,pcglassoFast_PrimalDual,C,3.98107170553497e-5,0.18849999999997635,86.9053470901809
100,0.2,0,random,pcglassoFast_PrimalDual,C,6.309573444801935e-4,0.15350000000000819,86.90544738068017
100,0.2,0,random,pcglassoFast_PrimalDual,C,0.010000000000000004,0.13400000000012824,86.90597387874341
100,0.2,0,random,pcglassoFast_PrimalDual,I,9.999999999999982e-9,0.33299999999997,86.90534341483625
100,0.2,0,random,pcglassoFast_PrimalDual,I,1.5848931924611096e-7,0.27350000000001273,86.90534346547271
100,0.2,0,random,pcglassoFast_PrimalDual,I,2.5118864315095806e-6,0.23700000000008004,86.90534386003452
100,0.2,0,random,pcglassoFast_PrimalDual,I,3.98107170553497e-5,0.19449999999994816,86.90535008021712
100,0.2,0,random,pcglassoFast_PrimalDual,I,6.309573444801935e-4,0.17049999999994725,86.90537379763802
100,0.2,0,random,pcglassoFast_PrimalDual,I,0.010000000000000004,0.13250000000005002,86.90615511129324
100,0.2,0.5,AR2,pcglasso,C,9.999999999999982e-9,0.1670000000001437,84.61364580863075
100,0.2,0.5,AR2,pcglasso,C,1.5848931924611096e-7,0.15250000000003183,84.61364580981312
100,0.2,0.5,AR2,pcglasso,C,2.5118864315095806e-6,0.15899999999987813,84.61364581210366
100,0.2,0.5,AR2,pcglasso,C,3.98107170553497e-5,0.10749999999984539,84.61364799083864
100,0.2,0.5,AR2,pcglasso,C,6.309573444801935e-4,0.0705000000000382,84.61387213081383
100,0.2,0.5,AR2,pcglasso,C,0.010000000000000004,0.023000000000138243,152.0556840746762
100,0.2,0.5,AR2,pcglasso,I,9.999999999999982e-9,0.04899999999997817,84.61364580862613
100,0.2,0.5,AR2,pcglasso,I,1.5848931924611096e-7,0.036999999999920874,84.61364581064461
100,0.2,0.5,AR2,pcglasso,I,2.5118864315095806e-6,0.032000000000152795,84.61364581745686
100,0.2,0.5,AR2,pcglasso,I,3.98107170553497e-5,0.027000000000043656,84.61364782559338
100,0.2,0.5,AR2,pcglasso,I,6.309573444801935e-4,0.013000000000374712,84.61445926178683
100,0.2,0.5,AR2,pcglasso,I,0.010000000000000004,0.014499999999998181,84.61582729947337
100,0.2,0.5,AR2,pcglassoFast_Dual,C,9.999999999999982e-9,0.028500000000008185,84.61364580875835
100,0.2,0.5,AR2,pcglassoFast_Dual,C,1.5848931924611096e-7,0.026000000000067303,84.61364581198362
100,0.2,0.5,AR2,pcglassoFast_Dual,C,2.5118864315095806e-6,0.031499999999937245,84.61364581198362
100,0.2,0.5,AR2,pcglassoFast_Dual,C,3.98107170553497e-5,0.0244999999998754,84.61364589701303
100,0.2,0.5,AR2,pcglassoFast_Dual,C,6.309573444801935e-4,0.021000000000185537,84.61364878646246
100,0.2,0.5,AR2,pcglassoFast_Dual,C,0.010000000000000004,0.023000000000024556,84.61376558886646
100,0.2,0.5,AR2,pcglassoFast_Dual,I,9.999999999999982e-9,0.016499999999950887,84.61364580880871
100,0.2,0.5,AR2,pcglassoFast_Dual,I,1.5848931924611096e-7,0.01599999999996271,84.61364581337389
100,0.2,0.5,AR2,pcglassoFast_Dual,I,2.5118864315095806e-6,0.014000000000123691,84.61364581337389
100,0.2,0.5,AR2,pcglassoFast_Dual,I,3.98107170553497e-5,0.013499999999908141,84.61364593872429
100,0.2,0.5,AR2,pcglassoFast_Dual,I,6.309573444801935e-4,0.010999999999967258,84.61364979194231
100,0.2,0.5,AR2,pcglassoFast_Dual,I,0.010000000000000004,0.009000000000014552,84.61378691437774
100,0.2,0.5,AR2,pcglassoFast_Primal,C,9.999999999999982e-9,0.08999999999969077,84.61364580879119
100,0.2,0.5,AR2,pcglassoFast_Primal,C,1.5848931924611096e-7,0.08300000000008367,84.6136458126455
100,0.2,0.5,AR2,pcglassoFast_Primal,C,2.5118864315095806e-6,0.08200000000010732,84.6136458126455
100,0.2,0.5,AR2,pcglassoFast_Primal,C,3.98107170553497e-5,0.074500000000170985,84.6136459100662
100,0.2,0.5,AR2,pcglassoFast_Primal,C,6.309573444801935e-4,0.06899999999995998,84.61364906564167
100,0.2,0.5,AR2,pcglassoFast_Primal,C,0.010000000000000004,0.060999999999921783,84.613770438299
100,0.2,0.5,AR2,pcglassoFast_Primal,I,9.999999999999982e-9,0.048499999999989996,84.61364580883136
100,0.2,0.5,AR2,pcglassoFast_Primal,I,1.5848931924611096e-7,0.038000000000010914,84.61364581380288
100,0.2,0.5,AR2,pcglassoFast_Primal,I,2.5118864315095806e-6,0.039499999999975444,84.61364581380288
100,0.2,0.5,AR2,pcglassoFast_Primal,I,3.98107170553497e-5,0.031000000000403816,84.61364594667593
100,0.2,0.5,AR2,pcglassoFast_Primal,I,6.309573444801935e-4,0.02500000000009095,84.61364993280047
100,0.2,0.5,AR2,pcglassoFast_Primal,I,0.010000000000000004,0.018000000000029104,84.6137885939043
100,0.2,0.5,AR2,pcglassoFast_PrimalDual,C,9.999999999999982e-9,0.09299999999996089,84.61364580881204
100,0.2,0.5,AR2,pcglassoFast_PrimalDual,C,1.5848931924611096e-7,0.07749999999987267,84.61364581305443
100,0.2,0.5,AR2,pcglassoFast_PrimalDual,C,2.5118864315095806e-6,0.0785000000000764,84.61364581305443
100,0.2,0.5,AR2,pcglassoFast_PrimalDual,C,3.98107170553497e-5,0.0724999999999909,84.61364591813286
100,0.2,0.5,AR2,pcglassoFast_PrimalDual,C,6.309573444801935e-4,0.07200000000000273,84.61364926002285
100,0.2,0.5,AR2,pcglassoFast_PrimalDual,C,0.010000000000000004,0.05999999999994543,84.61377605957381
100,0.2,0.5,AR2,pcglassoFast_PrimalDual,I,9.999999999999982e-9,0.03500000000030923,84.61364580884404
100,0.2,0.5,AR2,pcglassoFast_PrimalDual,I,1.5848931924611096e-7,0.031499999999937245,84.61364581401682
100,0.2,0.5,AR2,pcglassoFast_PrimalDual,I,2.5118864315095806e-6,0.031000000000176442,84.61364581401682
100,0.2,0.5,AR2,pcglassoFast_PrimalDual,I,3.98107170553497e-5,0.02500000000009095,84.61364594995574
100,0.2,0.5,AR2,pcglassoFast_PrimalDual,I,6.309573444801935e-4,0.01999999999998181,84.61364997375598
100,0.2,0.5,AR2,pcglassoFast_PrimalDual,I,0.010000000000000004,0.01499999999987267,84.61378886998821
100,0.2,0.5,hub_09,pcglasso,C,9.999999999999982e-9,0.07650000000001,84.65735902978895
100,0.2,0.5,hub_09,pcglasso,C,1.5848931924611096e-7,0.0684999999999718,84.65735929685624
100,0.2,0.5,hub_09,pcglasso,C,2.5118864315095806e-6,0.07150000000012824,84.65735929685624
100,0.2,0.5,hub_09,pcglasso,C,3.98107170553497e-5,0.06049999999981992,84.65784750483962
100,0.2,0.5,hub_09,pcglasso,C,6.309573444801935e-4,0.04100000000005366,84.74700725881283
100,0.2,0.5,hub_09,pcglasso,C,0.010000000000000004,0.02100000000007185,116.51035188327977
100,0.2,0.5,hub_09,pcglasso,I,9.999999999999982e-9,0.01700000000005275,84.65735902819696
100,0.2,0.5,hub_09,pcglasso,I,1.5848931924611096e-7,0.011999999999943611,84.65735905796593
100,0.2,0.5,hub_09,pcglasso,I,2.5118864315095806e-6,0.009999999999990905,84.65735939511478
100,0.2,0.5,hub_09,pcglasso,I,3.98107170553497e-5,0.009999999999990905,84.65736352512859
100,0.2,0.5,hub_09,pcglasso,I,6.309573444801935e-4,0.007500000000050022,84.66562975615322
100,0.2,0.5,hub_09,pcglasso,I,0.010000000000000004,0.007000000000061846,85.90789174038468
100,0.2,0.5,hub_09,pcglassoFast_Dual,C,9.999999999999982e-9,0.02400000000000091,84.65735902799726
100,0.2,0.5,hub_09,pcglassoFast_Dual,C,1.5848931924611096e-7,0.02200000000016189,84.65735902799726
100,0.2,0.5,hub_09,pcglassoFast_Dual,C,2.5118864315095806e-6,0.021999999999934516,84.65735902799726
100,0.2,0.5,hub_09,pcglassoFast_Dual,C,3.98107170553497e-5,0.02299999999991087,84.65735902799726
100,0.2,0.5,hub_09,pcglassoFast_Dual,C,6.309573444801935e-4,0.022499999999809006,84.65735902799727
100,0.2,0.5,hub_09,pcglassoFast_Dual,C,0.010000000000000004,0.019499999999993634,84.65735902799727
100,0.2,0.5,hub_09,pcglassoFast_Dual,I,9.999999999999982e-9,0.009000000000014552,84.65735902799727
100,0.2,0.5,hub_09,pcglassoFast_Dual,I,1.5848931924611096e-7,0.009500000000002728,84.65735902799727
100,0.2,0.5,hub_09,pcglassoFast_Dual,I,2.5118864315095806e-6,0.009000000000014552,84.65735902799727
100,0.2,0.5,hub_09,pcglassoFast_Dual,I,3.98107170553497e-5,0.009000000000014552,84.65735902799727
100,0.2,0.5,hub_09,pcglassoFast_Dual,I,6.309573444801935e-4,0.009000000000014552,84.65735902799727
100,0.2,0.5,hub_09,pcglassoFast_Dual,I,0.010000000000000004,0.008500000000140062,84.65735902799727
100,0.2,0.5,hub_09,pcglassoFast_Primal,C,9.999999999999982e-9,0.06100000000014916,84.65735902799726
100,0.2,0.5,hub_09,pcglassoFast_Primal,C,1.5848931924611096e-7,0.06150000000002365,84.65735902799726
100,0.2,0.5,hub_09,pcglassoFast_Primal,C,2.5118864315095806e-6,0.06299999999987449,84.65735902799726
100,0.2,0.5,hub_09,pcglassoFast_Primal,C,3.98107170553497e-5,0.060500000000047294,84.65735902799726
100,0.2,0.5,hub_09,pcglassoFast_Primal,C,6.309573444801935e-4,0.053999999999973625,84.65735902799727
100,0.2,0.5,hub_09,pcglassoFast_Primal,C,0.010000000000000004,0.05600000000004002,84.65735902799727
100,0.2,0.5,hub_09,pcglassoFast_Primal,I,9.999999999999982e-9,0.019000000000005457,84.65735902799727
100,0.2,0.5,hub_09,pcglassoFast_Primal,I,1.5848931924611096e-7,0.019499999999993634,84.65735902799727
100,0.2,0.5,hub_09,pcglassoFast_Primal,I,2.5118864315095806e-6,0.019000000000005457,84.65735902799727
100,0.2,0.5,hub_09,pcglassoFast_Primal,I,3.98107170553497e-5,0.01850000000001728,84.65735902799727
100,0.2,0.5,hub_09,pcglassoFast_Primal,I,6.309573444801935e-4,0.018000000000029104,84.65735902799727
100,0.2,0.5,hub_09,pcglassoFast_Primal,I,0.010000000000000004,0.019000000000005457,84.65735902799727
100,0.2,0.5,hub_09,pcglassoFast_PrimalDual,C,9.999999999999982e-9,0.052999999999883585,84.65735902799726
100,0.2,0.5,hub_09,pcglassoFast_PrimalDual,C,1.5848931924611096e-7,0.05199999999990723,84.65735902799726
100,0.2,0.5,hub_09,pcglassoFast_PrimalDual,C,2.5118864315095806e-6,0.0504999999999427,84.65735902799726
100,0.2,0.5,hub_09,pcglassoFast_PrimalDual,C,3.98107170553497e-5,0.049999999999954525,84.65735902799726
100,0.2,0.5,hub_09,pcglassoFast_PrimalDual,C,6.309573444801935e-4,0.045999999999935426,84.65735902799727
100,0.2,0.5,hub_09,pcglassoFast_PrimalDual,C,0.010000000000000004,0.04399999999998272,84.65735902799727
100,0.2,0.5,hub_09,pcglassoFast_PrimalDual,I,9.999999999999982e-9,0.014499999999998181,84.65735902799727
100,0.2,0.5,hub_09,pcglassoFast_PrimalDual,I,1.5848931924611096e-7,0.013999999999896318,84.65735902799727
100,0.2,0.5,hub_09,pcglassoFast_PrimalDual,I,2.5118864315095806e-6,0.014000000000123691,84.65735902799727
100,0.2,0.5,hub_09,pcglassoFast_PrimalDual,I,3.98107170553497e-5,0.014000000000123691,84.65735902799727
100,0.2,0.5,hub_09,pcglassoFast_PrimalDual,I,6.309573444801935e-4,0.014499999999998181,84.65735902799727
100,0.2,0.5,hub_09,pcglassoFast_PrimalDual,I,0.010000000000000004,0.015500000000088221,84.65735902799727
100,0.2,0.5,hub_1,pcglasso,C,9.999999999999982e-9,0.803000000000111,55.11620330746095
100,0.2,0.5,hub_1,pcglasso,C,1.5848931924611096e-7,0.6725000000001273,55.11620624178608
100,0.2,0.5,hub_1,pcglasso,C,2.5118864315095806e-6,0.59050000000002,55.1163789373094
100,0.2,0.5,hub_1,pcglasso,C,3.98107170553497e-5,0.38249999999993634,55.49624874334327
100,0.2,0.5,hub_1,pcglasso,C,6.309573444801935e-4,0.5734999999999673,70.72725266539368
100,0.2,0.5,hub_1,pcglasso,C,0.010000000000000004,0.1209999999999809,220.71970933276594
100,0.2,0.5,hub_1,pcglasso,I,9.999999999999982e-9,0.7485000000000355,55.11620335920471
100,0.2,0.5,hub_1,pcglasso,I,1.5848931924611096e-7,0.7239999999999327,55.11636631759154
100,0.2,0.5,hub_1,pcglasso,I,2.5118864315095806e-6,0.6055000000000064,55.11713073857604
100,0.2,0.5,hub_1,pcglasso,I,3.98107170553497e-5,0.40049999999996544,55.2148720418985
100,0.2,0.5,hub_1,pcglasso,I,6.309573444801935e-4,0.06299999999987449,66.77699183826742
100,0.2,0.5,hub_1,pcglasso,I,0.010000000000000004,0.04299999999989268,65.79713596835123
100,0.2,0.5,hub_1,pcglassoFast_Dual,C,9.999999999999982e-9,0.5795000000000528,55.11620330467411
100,0.2,0.5,hub_1,pcglassoFast_Dual,C,1.5848931924611096e-7,0.44500000000005,55.116203325341225
100,0.2,0.5,hub_1,pcglassoFast_Dual,C,2.5118864315095806e-6,0.35400000000004184,55.11620426678808
100,0.2,0.5,hub_1,pcglassoFast_Dual,C,3.98107170553497e-5,0.32349999999996726,55.11620842315487
100,0.2,0.5,hub_1,pcglassoFast_Dual,C,6.309573444801935e-4,0.21949999999992542,55.117103171978066
100,0.2,0.5,hub_1,pcglassoFast_Dual,C,0.010000000000000004,0.18600000000014916,55.121231694384264
100,0.2,0.5,hub_1,pcglassoFast_Dual,I,9.999999999999982e-9,0.6214999999997417,55.11620330027951
100,0.2,0.5,hub_1,pcglassoFast_Dual,I,1.5848931924611096e-7,0.6550000000002001,55.11620335745801
100,0.2,0.5,hub_1,pcglassoFast_Dual,I,2.5118864315095806e-6,0.5270000000000437,55.116203545545446
100,0.2,0.5,hub_1,pcglassoFast_Dual,I,3.98107170553497e-5,0.4350000000001728,55.11626684325966
100,0.2,0.5,hub_1,pcglassoFast_Dual,I,6.309573444801935e-4,0.3890000000001237,55.11657921240699
100,0.2,0.5,hub_1,pcglassoFast_Dual,I,0.010000000000000004,0.3364999999998872,55.121879417848056
100,0.2,0.5,hub_1,pcglassoFast_Primal,C,9.999999999999982e-9,6.1200000000000045,55.11620400338198
100,0.2,0.5,hub_1,pcglassoFast_Primal,C,1.5848931924611096e-7,4.269500000000107,55.11620587414166
100,0.2,0.5,hub_1,pcglassoFast_Primal,C,2.5118864315095806e-6,2.8999999999999773,55.11622048836234
100,0.2,0.5,hub_1,pcglassoFast_Primal,C,3.98107170553497e-5,1.4225000000001273,55.11681602735191
100,0.2,0.5,hub_1,pcglassoFast_Primal,C,6.309573444801935e-4,0.3975000000000364,55.12111849936337
100,0.2,0.5,hub_1,pcglassoFast_Primal,C,0.010000000000000004,0.1069999999999709,55.340610218318844
100,0.2,0.5,hub_1,pcglassoFast_Primal,I,9.999999999999982e-9,7.019999999999982,55.1162040077368
100,0.2,0.5,hub_1,pcglassoFast_Primal,I,1.5848931924611096e-7,4.867999999999938,55.11620543435672
100,0.2,0.5,hub_1,pcglassoFast_Primal,I,2.5118864315095806e-6,3.3430000000000746,55.11622193613397
100,0.2,0.5,hub_1,pcglassoFast_Primal,I,3.98107170553497e-5,1.9999999999998863,55.11652347647622
100,0.2,0.5,hub_1,pcglassoFast_Primal,I,6.309573444801935e-4,0.9244999999998527,55.118863422634206
100,0.2,0.5,hub_1,pcglassoFast_Primal,I,0.010000000000000004,0.23499999999989996,55.39463293469001
100,0.2,0.5,hub_1,pcglassoFast_PrimalDual,C,9.999999999999982e-9,0.08099999999967622,55.11620330002881
100,0.2,0.5,hub_1,pcglassoFast_PrimalDual,C,1.5848931924611096e-7,0.07550000000003365,55.116203306672595
100,0.2,0.5,hub_1,pcglassoFast_PrimalDual,C,2.5118864315095806e-6,0.0625,55.11620366306173
100,0.2,0.5,hub_1,pcglassoFast_PrimalDual,C,3.98107170553497e-5,0.05949999999984357,55.11620585991262
100,0.2,0.5,hub_1,pcglassoFast_PrimalDual,C,6.309573444801935e-4,0.05750000000000455,55.11622478501915
100,0.2,0.5,hub_1,pcglassoFast_PrimalDual,C,0.010000000000000004,0.04450000000019827,55.11742488267967
100,0.2,0.5,hub_1,pcglassoFast_PrimalDual,I,9.999999999999982e-9,0.15899999999999181,55.116203300656856
100,0.2,0.5,hub_1,pcglassoFast_PrimalDual,I,1.5848931924611096e-7,0.1505000000001928,55.1162033101059
100,0.2,0.5,hub_1,pcglassoFast_PrimalDual,I,2.5118864315095806e-6,0.15200000000004366,55.11620337108763
100,0.2,0.5,hub_1,pcglassoFast_PrimalDual,I,3.98107170553497e-5,0.14199999999982538,55.11620652340925
100,0.2,0.5,hub_1,pcglassoFast_PrimalDual,I,6.309573444801935e-4,0.12999999999988177,55.116226038103974
100,0.2,0.5,hub_1,pcglassoFast_PrimalDual,I,0.010000000000000004,0.1230000000000473,55.117494539820946
100,0.2,0.5,random,pcglasso,C,9.999999999999982e-9,0.7664999999999509,83.89820777531587
100,0.2,0.5,random,pcglasso,C,1.5848931924611096e-7,0.43849999999997635,83.8982078263855
100,0.2,0.5,random,pcglasso,C,2.5118864315095806e-6,0.37799999999992906,83.89821800833201
100,0.2,0.5,random,pcglasso,C,3.98107170553497e-5,0.20050000000003365,83.89999371054198
100,0.2,0.5,random,pcglasso,C,6.309573444801935e-4,0.07650000000001,84.26324574076732
100,0.2,0.5,random,pcglasso,C,0.010000000000000004,0.021500000000060027,147.1716962980969
100,0.2,0.5,random,pcglasso,I,9.999999999999982e-9,0.50100000000009,83.89820777579183
100,0.2,0.5,random,pcglasso,I,1.5848931924611096e-7,0.3289999999999509,83.89820779012355
100,0.2,0.5,random,pcglasso,I,2.5118864315095806e-6,0.2785000000001219,83.89822436141586
100,0.2,0.5,random,pcglasso,I,3.98107170553497e-5,0.13099999999985812,83.8999361568678
100,0.2,0.5,random,pcglasso,I,6.309573444801935e-4,0.03849999999999909,83.92026764983314
100,0.2,0.5,random,pcglasso,I,0.010000000000000004,0.018000000000029104,84.1039905724557
100,0.2,0.5,random,pcglassoFast_Dual,C,9.999999999999982e-9,0.043499999999880856,83.89820777783795
100,0.2,0.5,random,pcglassoFast_Dual,C,1.5848931924611096e-7,0.041999999999916326,83.89820778492111
100,0.2,0.5,random,pcglassoFast_Dual,C,2.5118864315095806e-6,0.036500000000046384,83.89820806478674
100,0.2,0.5,random,pcglassoFast_Dual,C,3.98107170553497e-5,0.02949999999998454,83.89822277851971
100,0.2,0.5,random,pcglassoFast_Dual,C,6.309573444801935e-4,0.027000000000043656,83.89824911428722
100,0.2,0.5,random,pcglassoFast_Dual,C,0.010000000000000004,0.026000000000067303,83.89842430097977
100,0.2,0.5,random,pcglassoFast_Dual,I,9.999999999999982e-9,0.040500000000065484,83.89820777665201
100,0.2,0.5,random,pcglassoFast_Dual,I,1.5848931924611096e-7,0.03199999999992542,83.89820785263875
100,0.2,0.5,random,pcglassoFast_Dual,I,2.5118864315095806e-6,0.02699999999992997,83.89820848692186
100,0.2,0.5,random,pcglassoFast_Dual,I,3.98107170553497e-5,0.02549999999996544,83.8982107779422
100,0.2,0.5,random,pcglassoFast_Dual,I,6.309573444801935e-4,0.02100000000007185,83.89833026271542
100,0.2,0.5,random,pcglassoFast_Dual,I,0.010000000000000004,0.016000000000076398,83.901353156805
100,0.2,0.5,random,pcglassoFast_Primal,C,9.999999999999982e-9,0.17799999999999727,83.8982077787137
100,0.2,0.5,random,pcglassoFast_Primal,C,1.5848931924611096e-7,0.15850000000000364,83.89820782161509
100,0.2,0.5,random,pcglassoFast_Primal,C,2.5118864315095806e-6,0.12999999999999545,83.89820851055964
100,0.2,0.5,random,pcglassoFast_Primal,C,3.98107170553497e-5,0.10900000000003729,83.89822056496537
100,0.2,0.5,random,pcglassoFast_Primal,C,6.309573444801935e-4,0.08899999999994179,83.8984438751228
100,0.2,0.5,random,pcglassoFast_Primal,C,0.010000000000000004,0.0705000000000382,83.90002539124559
100,0.2,0.5,random,pcglassoFast_Primal,I,9.999999999999982e-9,0.15049999999996544,83.89820778199176
100,0.2,0.5,random,pcglassoFast_Primal,I,1.5848931924611096e-7,0.13050000000009732,83.89820787405134
100,0.2,0.5,random,pcglassoFast_Primal,I,2.5118864315095806e-6,0.11000000000001364,83.89820933953465
100,0.2,0.5,random,pcglassoFast_Primal,I,3.98107170553497e-5,0.0829999999998563,83.89823313015253
100,0.2,0.5,random,pcglassoFast_Primal,I,6.309573444801935e-4,0.06300000000010186,83.89859115601689
100,0.2,0.5,random,pcglassoFast_Primal,I,0.010000000000000004,0.0420000000001437,83.90412102981757
100,0.2,0.5,random,pcglassoFast_PrimalDual,C,9.999999999999982e-9,0.26949999999999363,83.89820778237284
100,0.2,0.5,random,pcglassoFast_PrimalDual,C,1.5848931924611096e-7,0.22700000000008913,83.89820787473369
100,0.2,0.5,random,pcglassoFast_PrimalDual,C,2.5118864315095806e-6,0.21449999999992997,83.89820842617353
100,0.2,0.5,random,pcglassoFast_PrimalDual,C,3.98107170553497e-5,0.18299999999999272,83.89821972154108
100,0.2,0.5,random,pcglassoFast_PrimalDual,C,6.309573444801935e-4,0.14549999999997,83.89844684837652
100,0.2,0.5,random,pcglassoFast_PrimalDual,C,0.010000000000000004,0.13049999999998363,83.90016123205545
100,0.2,0.5,random,pcglassoFast_PrimalDual,I,9.999999999999982e-9,0.20299999999997453,83.89820778018132
100,0.2,0.5,random,pcglassoFast_PrimalDual,I,1.5848931924611096e-7,0.18100000000004002,83.89820783668085
100,0.2,0.5,random,pcglassoFast_PrimalDual,I,2.5118864315095806e-6,0.1430000000000291,83.89820880248955
100,0.2,0.5,random,pcglassoFast_PrimalDual,I,3.98107170553497e-5,0.11300000000005639,83.89822657472503
100,0.2,0.5,random,pcglassoFast_PrimalDual,I,6.309573444801935e-4,0.08849999999995362,83.89853937162806
100,0.2,0.5,random,pcglassoFast_PrimalDual,I,0.010000000000000004,0.04899999999997817,83.90399761330814
150,0.1,0,AR2,pcglasso,C,9.999999999999982e-9,1.6504999999999654,122.2517889867493
150,0.1,0,AR2,pcglasso,C,1.5848931924611096e-7,1.2019999999999982,122.25178997263482
150,0.1,0,AR2,pcglasso,C,2.5118864315095806e-6,1.0640000000000782,122.25191121426344
150,0.1,0,AR2,pcglasso,C,3.98107170553497e-5,0.5490000000000919,122.27452860048365
150,0.1,0,AR2,pcglasso,C,6.309573444801935e-4,0.15949999999998,128.67413558180274
150,0.1,0,AR2,pcglasso,C,0.010000000000000004,0.06400000000007822,153.67987407319305
150,0.1,0,AR2,pcglasso,I,9.999999999999982e-9,1.3785000000001446,122.25178897533706
150,0.1,0,AR2,pcglasso,I,1.5848931924611096e-7,0.9764999999999873,122.2517894316504
150,0.1,0,AR2,pcglasso,I,2.5118864315095806e-6,0.8245000000000573,122.25182841829927
150,0.1,0,AR2,pcglasso,I,3.98107170553497e-5,0.4834999999999354,122.28036898166968
150,0.1,0,AR2,pcglasso,I,6.309573444801935e-4,0.13150000000007367,123.10925821165974
150,0.1,0,AR2,pcglasso,I,0.010000000000000004,0.06149999999979627,126.22923954293194
150,0.1,0,AR2,pcglassoFast_Dual,C,9.999999999999982e-9,0.1954999999999245,122.25178896977562
150,0.1,0,AR2,pcglassoFast_Dual,C,1.5848931924611096e-7,0.17200000000002547,122.25178903066968
150,0.1,0,AR2,pcglassoFast_Dual,C,2.5118864315095806e-6,0.15850000000000364,122.25178967888522
150,0.1,0,AR2,pcglassoFast_Dual,C,3.98107170553497e-5,0.1449999999999818,122.2517986839391
150,0.1,0,AR2,pcglassoFast_Dual,C,6.309573444801935e-4,0.13449999999988904,122.25195158656999
150,0.1,0,AR2,pcglassoFast_Dual,C,0.010000000000000004,0.12200000000007094,122.2548926562164
150,0.1,0,AR2,pcglassoFast_Dual,I,9.999999999999982e-9,0.13549999999997908,122.25178897190133
150,0.1,0,AR2,pcglassoFast_Dual,I,1.5848931924611096e-7,0.13199999999994816,122.25178901445597
150,0.1,0,AR2,pcglassoFast_Dual,I,2.5118864315095806e-6,0.11150000000020555,122.25178957512192
150,0.1,0,AR2,pcglassoFast_Dual,I,3.98107170553497e-5,0.09900000000004638,122.25179904551332
150,0.1,0,AR2,pcglassoFast_Dual,I,6.309573444801935e-4,0.08999999999991815,122.25183945642358
150,0.1,0,AR2,pcglassoFast_Dual,I,0.010000000000000004,0.07349999999996726,122.25604484437511
150,0.1,0,AR2,pcglassoFast_Primal,C,9.999999999999982e-9,0.5579999999999927,122.25178897293452
150,0.1,0,AR2,pcglassoFast_Primal,C,1.5848931924611096e-7,0.49249999999995,122.25178900270981
150,0.1,0,AR2,pcglassoFast_Primal,C,2.5118864315095806e-6,0.42799999999999727,122.25178982012088
150,0.1,0,AR2,pcglassoFast_Primal,C,3.98107170553497e-5,0.3730000000000473,122.25179701075893
150,0.1,0,AR2,pcglassoFast_Primal,C,6.309573444801935e-4,0.3009999999999309,122.25203975993526
150,0.1,0,AR2,pcglassoFast_Primal,C,0.010000000000000004,0.25699999999994816,122.25436875421642
150,0.1,0,AR2,pcglassoFast_Primal,I,9.999999999999982e-9,0.5375000000000227,122.25178897336835
150,0.1,0,AR2,pcglassoFast_Primal,I,1.5848931924611096e-7,0.4455000000000382,122.25178904987823
150,0.1,0,AR2,pcglassoFast_Primal,I,2.5118864315095806e-6,0.39849999999989905,122.251789668251
150,0.1,0,AR2,pcglassoFast_Primal,I,3.98107170553497e-5,0.3544999999999163,122.25179555208297
150,0.1,0,AR2,pcglassoFast_Primal,I,6.309573444801935e-4,0.28300000000001546,122.25199707344814
150,0.1,0,AR2,pcglassoFast_Primal,I,0.010000000000000004,0.2359999999998763,122.2539761548077
150,0.1,0,AR2,pcglassoFast_PrimalDual,C,9.999999999999982e-9,1.0670000000000073,122.25178897133412
150,0.1,0,AR2,pcglassoFast_PrimalDual,C,1.5848931924611096e-7,0.9480000000000928,122.25178899315287
150,0.1,0,AR2,pcglassoFast_PrimalDual,C,2.5118864315095806e-6,0.7654999999999745,122.2517897891042
150,0.1,0,AR2,pcglassoFast_PrimalDual,C,3.98107170553497e-5,0.6419999999998254,122.2517994312457
150,0.1,0,AR2,pcglassoFast_PrimalDual,C,6.309573444801935e-4,0.5364999999999327,122.25192631907146
150,0.1,0,AR2,pcglassoFast_PrimalDual,C,0.010000000000000004,0.42600000000004457,122.2536091892582
150,0.1,0,AR2,pcglassoFast_PrimalDual,I,9.999999999999982e-9,1.0570000000000164,122.25178897141669
150,0.1,0,AR2,pcglassoFast_PrimalDual,I,1.5848931924611096e-7,1.0414999999999281,122.25178899363422
150,0.1,0,AR2,pcglassoFast_PrimalDual,I,2.5118864315095806e-6,0.7944999999999709,122.25178989838284
150,0.1,0,AR2,pcglassoFast_PrimalDual,I,3.98107170553497e-5,0.6675000000000182,122.25180076715412
150,0.1,0,AR2,pcglassoFast_PrimalDual,I,6.309573444801935e-4,0.5520000000000209,122.25194271113368
150,0.1,0,AR2,pcglassoFast_PrimalDual,I,0.010000000000000004,0.45049999999991996,122.25381423895958
150,0.1,0,hub_09,pcglasso,C,9.999999999999982e-9,1.1164999999999736,146.1006194970776
150,0.1,0,hub_09,pcglasso,C,1.5848931924611096e-7,1.0164999999999509,146.10061950333164
150,0.1,0,hub_09,pcglasso,C,2.5118864315095806e-6,0.7379999999999427,146.1006300576814
150,0.1,0,hub_09,pcglasso,C,3.98107170553497e-5,0.4900000000000091,146.1009223179726
150,0.1,0,hub_09,pcglasso,C,6.309573444801935e-4,0.21000000000003638,147.4968466170857
150,0.1,0,hub_09,pcglasso,C,0.010000000000000004,0.059499999999957254,185.53566104237592
150,0.1,0,hub_09,pcglasso,I,9.999999999999982e-9,1.0045000000000073,146.1006194949251
150,0.1,0,hub_09,pcglasso,I,1.5848931924611096e-7,0.8795000000000073,146.10061950055388
150,0.1,0,hub_09,pcglasso,I,2.5118864315095806e-6,0.5674999999999955,146.1006333435085
150,0.1,0,hub_09,pcglasso,I,3.98107170553497e-5,0.35400000000004184,146.10098933078197
150,0.1,0,hub_09,pcglasso,I,6.309573444801935e-4,0.10649999999998272,146.59887918855432
150,0.1,0,hub_09,pcglasso,I,0.010000000000000004,0.10649999999998272,146.25710536662274
150,0.1,0,hub_09,pcglassoFast_Dual,C,9.999999999999982e-9,0.2985000000001037,146.10061949816685
150,0.1,0,hub_09,pcglassoFast_Dual,C,1.5848931924611096e-7,0.17449999999996635,146.1006196094761
150,0.1,0,hub_09,pcglassoFast_Dual,C,2.5118864315095806e-6,0.14600000000007185,146.1006216004391
150,0.1,0,hub_09,pcglassoFast_Dual,C,3.98107170553497e-5,0.1334999999999127,146.10062888356973
150,0.1,0,hub_09,pcglassoFast_Dual,C,6.309573444801935e-4,0.11749999999994998,146.10080725023872
150,0.1,0,hub_09,pcglassoFast_Dual,C,0.010000000000000004,0.09100000000000819,146.10413594403974
150,0.1,0,hub_09,pcglassoFast_Dual,I,9.999999999999982e-9,0.1430000000000291,146.1006194999999
150,0.1,0,hub_09,pcglassoFast_Dual,I,1.5848931924611096e-7,0.12750000000005457,146.10061964110488
150,0.1,0,hub_09,pcglassoFast_Dual,I,2.5118864315095806e-6,0.10600000000010823,146.10062079915232
150,0.1,0,hub_09,pcglassoFast_Dual,I,3.98107170553497e-5,0.08899999999994179,146.10062749143358
150,0.1,0,hub_09,pcglassoFast_Dual,I,6.309573444801935e-4,0.06249999999988631,146.10091487504573
150,0.1,0,hub_09,pcglassoFast_Dual,I,0.010000000000000004,0.05099999999993088,146.10296132633908
150,0.1,0,hub_09,pcglassoFast_Primal,C,9.999999999999982e-9,0.36099999999999,146.1006194939179
150,0.1,0,hub_09,pcglassoFast_Primal,C,1.5848931924611096e-7,0.32500000000015916,146.1006194994848
150,0.1,0,hub_09,pcglassoFast_Primal,C,2.5118864315095806e-6,0.27800000000002,146.10061975822612
150,0.1,0,hub_09,pcglassoFast_Primal,C,3.98107170553497e-5,0.26099999999996726,146.1006215081105
150,0.1,0,hub_09,pcglassoFast_Primal,C,6.309573444801935e-4,0.22900000000004184,146.10063787737292
150,0.1,0,hub_09,pcglassoFast_Primal,C,0.010000000000000004,0.20549999999991542,146.10080205649734
150,0.1,0,hub_09,pcglassoFast_Primal,I,9.999999999999982e-9,0.3409999999998945,146.10061949480504
150,0.1,0,hub_09,pcglassoFast_Primal,I,1.5848931924611096e-7,0.3269999999999982,146.10061950222985
150,0.1,0,hub_09,pcglassoFast_Primal,I,2.5118864315095806e-6,0.26700000000005275,146.10061971329043
150,0.1,0,hub_09,pcglassoFast_Primal,I,3.98107170553497e-5,0.22149999999999181,146.10062392527138
150,0.1,0,hub_09,pcglassoFast_Primal,I,6.309573444801935e-4,0.20949999999993452,146.10064591575644
150,0.1,0,hub_09,pcglassoFast_Primal,I,0.010000000000000004,0.14800000000002456,146.1017861619872
150,0.1,0,hub_09,pcglassoFast_PrimalDual,C,9.999999999999982e-9,0.48649999999997817,146.10061949263425
150,0.1,0,hub_09,pcglassoFast_PrimalDual,C,1.5848931924611096e-7,0.4534999999999627,146.1006194941894
150,0.1,0,hub_09,pcglassoFast_PrimalDual,C,2.5118864315095806e-6,0.42800000000011096,146.10061951452514
150,0.1,0,hub_09,pcglassoFast_PrimalDual,C,3.98107170553497e-5,0.3769999999999527,146.10061980090347
150,0.1,0,hub_09,pcglassoFast_PrimalDual,C,6.309573444801935e-4,0.33799999999996544,146.10062400927126
150,0.1,0,hub_09,pcglassoFast_PrimalDual,C,0.010000000000000004,0.3025000000000091,146.10068778611708
150,0.1,0,hub_09,pcglassoFast_PrimalDual,I,9.999999999999982e-9,0.5270000000000437,146.1006194927527
150,0.1,0,hub_09,pcglassoFast_PrimalDual,I,1.5848931924611096e-7,0.43850000000009004,146.10061951089546
150,0.1,0,hub_09,pcglassoFast_PrimalDual,I,2.5118864315095806e-6,0.3995000000001028,146.1006196460395
150,0.1,0,hub_09,pcglassoFast_PrimalDual,I,3.98107170553497e-5,0.3869999999999436,146.10062084530315
150,0.1,0,hub_09,pcglassoFast_PrimalDual,I,6.309573444801935e-4,0.32200000000000273,146.10063081825754
150,0.1,0,hub_09,pcglassoFast_PrimalDual,I,0.010000000000000004,0.24500000000000455,146.10141564308773
150,0.1,0,hub_1,pcglasso,C,9.999999999999982e-9,15.823500000000081,51.95700743901058
150,0.1,0,hub_1,pcglasso,C,1.5848931924611096e-7,10.766000000000076,51.957014874009545
150,0.1,0,hub_1,pcglasso,C,2.5118864315095806e-6,6.00649999999996,51.95737361193331
150,0.1,0,hub_1,pcglasso,C,3.98107170553497e-5,2.7024999999998727,52.18174772200524
150,0.1,0,hub_1,pcglasso,C,6.309573444801935e-4,2.3974999999999227,62.285239181575875
150,0.1,0,hub_1,pcglasso,C,0.010000000000000004,0.5779999999999745,148.18927995153433
150,0.1,0,hub_1,pcglasso,I,9.999999999999982e-9,60.50749999999982,51.95700728964792
150,0.1,0,hub_1,pcglasso,I,1.5848931924611096e-7,39.19449999999995,51.957008488970345
150,0.1,0,hub_1,pcglasso,I,2.5118864315095806e-6,19.100999999999885,51.95734927337857
150,0.1,0,hub_1,pcglasso,I,3.98107170553497e-5,0.5964999999999918,56.1602191480904
150,0.1,0,hub_1,pcglasso,I,6.309573444801935e-4,0.48700000000008004,56.39470029585226
150,0.1,0,hub_1,pcglasso,I,0.010000000000000004,0.27499999999997726,58.19294418561026
150,0.1,0,hub_1,pcglassoFast_Dual,C,9.999999999999982e-9,21.48249999999996,51.95700755079873
150,0.1,0,hub_1,pcglassoFast_Dual,C,1.5848931924611096e-7,17.949499999999944,51.95701074350617
150,0.1,0,hub_1,pcglassoFast_Dual,C,2.5118864315095806e-6,14.817999999999984,51.95703002544201
150,0.1,0,hub_1,pcglassoFast_Dual,C,3.98107170553497e-5,12.87250000000006,51.95718102866194
150,0.1,0,hub_1,pcglassoFast_Dual,C,6.309573444801935e-4,7.399000000000001,51.96618660090866
150,0.1,0,hub_1,pcglassoFast_Dual,C,0.010000000000000004,4.992499999999836,52.01953520714771
150,0.1,0,hub_1,pcglassoFast_Dual,I,9.999999999999982e-9,42.37549999999999,51.95700741006663
150,0.1,0,hub_1,pcglassoFast_Dual,I,1.5848931924611096e-7,36.34550000000013,51.95700921255862
150,0.1,0,hub_1,pcglassoFast_Dual,I,2.5118864315095806e-6,33.357000000000085,51.957032301536564
150,0.1,0,hub_1,pcglassoFast_Dual,I,3.98107170553497e-5,29.12399999999991,51.957497195969765
150,0.1,0,hub_1,pcglassoFast_Dual,I,6.309573444801935e-4,26.009000000000015,51.962494368820906
150,0.1,0,hub_1,pcglassoFast_Dual,I,0.010000000000000004,21.375000000000114,51.99694039452043
150,0.1,0,hub_1,pcglassoFast_Primal,C,9.999999999999982e-9,8.22700000000009,51.95700749604445
150,0.1,0,hub_1,pcglassoFast_Primal,C,1.5848931924611096e-7,5.735500000000002,51.95701071380771
150,0.1,0,hub_1,pcglassoFast_Primal,C,2.5118864315095806e-6,4.303499999999872,51.95702903477145
150,0.1,0,hub_1,pcglassoFast_Primal,C,3.98107170553497e-5,3.5644999999999527,51.957081569378204
150,0.1,0,hub_1,pcglassoFast_Primal,C,6.309573444801935e-4,2.3610000000001037,51.95846116273811
150,0.1,0,hub_1,pcglassoFast_Primal,C,0.010000000000000004,1.3859999999999673,51.97670332526615
150,0.1,0,hub_1,pcglassoFast_Primal,I,9.999999999999982e-9,9.54700000000014,51.95700750684181
150,0.1,0,hub_1,pcglassoFast_Primal,I,1.5848931924611096e-7,7.1935000000000855,51.95701093152249
150,0.1,0,hub_1,pcglassoFast_Primal,I,2.5118864315095806e-6,5.1469999999999345,51.95703930424069
150,0.1,0,hub_1,pcglassoFast_Primal,I,3.98107170553497e-5,4.267500000000041,51.95711045112728
150,0.1,0,hub_1,pcglassoFast_Primal,I,6.309573444801935e-4,3.446999999999889,51.95874267777469
150,0.1,0,hub_1,pcglassoFast_Primal,I,0.010000000000000004,2.4879999999999427,51.992921353203954
150,0.1,0,hub_1,pcglassoFast_PrimalDual,C,9.999999999999982e-9,2.1280000000000427,51.95700730149598
150,0.1,0,hub_1,pcglassoFast_PrimalDual,C,1.5848931924611096e-7,1.615000000000009,51.957007744268104
150,0.1,0,hub_1,pcglassoFast_PrimalDual,C,2.5118864315095806e-6,1.2320000000000846,51.95701438412534
150,0.1,0,hub_1,pcglassoFast_PrimalDual,C,3.98107170553497e-5,0.74350000000004,51.957144530012656
150,0.1,0,hub_1,pcglassoFast_PrimalDual,C,6.309573444801935e-4,0.4819999999999709,51.95806238871896
150,0.1,0,hub_1,pcglassoFast_PrimalDual,C,0.010000000000000004,0.34699999999998,51.96199624757816
150,0.1,0,hub_1,pcglassoFast_PrimalDual,I,9.999999999999982e-9,5.488000000000056,51.957007302196374
150,0.1,0,hub_1,pcglassoFast_PrimalDual,I,1.5848931924611096e-7,5.11850000000004,51.957007679863494
150,0.1,0,hub_1,pcglassoFast_PrimalDual,I,2.5118864315095806e-6,4.524500000000103,51.9570149747321
150,0.1,0,hub_1,pcglassoFast_PrimalDual,I,3.98107170553497e-5,4.031999999999925,51.95712472439836
150,0.1,0,hub_1,pcglassoFast_PrimalDual,I,6.309573444801935e-4,3.4845000000000255,51.95924704977284
150,0.1,0,hub_1,pcglassoFast_PrimalDual,I,0.010000000000000004,2.982499999999959,51.99320222690956
150,0.1,0,random,pcglasso,C,9.999999999999982e-9,2.8029999999999973,117.07153895972341
150,0.1,0,random,pcglasso,C,1.5848931924611096e-7,1.75,117.07156963027195
150,0.1,0,random,pcglasso,C,2.5118864315095806e-6,1.1474999999999227,117.07348937854204
150,0.1,0,random,pcglasso,C,3.98107170553497e-5,0.5849999999999227,117.3282989511043
150,0.1,0,random,pcglasso,C,6.309573444801935e-4,0.21899999999993724,124.279585636443
150,0.1,0,random,pcglasso,C,0.010000000000000004,0.07900000000006457,191.12755262876854
150,0.1,0,random,pcglasso,I,9.999999999999982e-9,2.965000000000032,117.07153897291657
150,0.1,0,random,pcglasso,I,1.5848931924611096e-7,1.7625000000000455,117.0715739311774
150,0.1,0,random,pcglasso,I,2.5118864315095806e-6,1.0960000000000036,117.07554598495823
150,0.1,0,random,pcglasso,I,3.98107170553497e-5,0.39650000000006,117.23102492130886
150,0.1,0,random,pcglasso,I,6.309573444801935e-4,0.1510000000000673,119.09654173130797
150,0.1,0,random,pcglasso,I,0.010000000000000004,0.08650000000000091,121.00834596255858
150,0.1,0,random,pcglassoFast_Dual,C,9.999999999999982e-9,1.1000000000000227,117.07153900868013
150,0.1,0,random,pcglassoFast_Dual,C,1.5848931924611096e-7,0.7039999999999509,117.07154100896811
150,0.1,0,random,pcglassoFast_Dual,C,2.5118864315095806e-6,0.5629999999999882,117.07154751188958
150,0.1,0,random,pcglassoFast_Dual,C,3.98107170553497e-5,0.4050000000000864,117.07161241478154
150,0.1,0,random,pcglassoFast_Dual,C,6.309573444801935e-4,0.23699999999996635,117.0732555335097
150,0.1,0,random,pcglassoFast_Dual,C,0.010000000000000004,0.21900000000005093,117.07598460456262
150,0.1,0,random,pcglassoFast_Dual,I,9.999999999999982e-9,0.9020000000000437,117.07153894959367
150,0.1,0,random,pcglassoFast_Dual,I,1.5848931924611096e-7,0.6304999999999836,117.07153925932273
150,0.1,0,random,pcglassoFast_Dual,I,2.5118864315095806e-6,0.4295000000000755,117.07154307801942
150,0.1,0,random,pcglassoFast_Dual,I,3.98107170553497e-5,0.45050000000003365,117.07156608320675
150,0.1,0,random,pcglassoFast_Dual,I,6.309573444801935e-4,0.2869999999999209,117.0722343761235
150,0.1,0,random,pcglassoFast_Dual,I,0.010000000000000004,0.3180000000000973,117.07892244950646
150,0.1,0,random,pcglassoFast_Primal,C,9.999999999999982e-9,3.3190000000000737,117.07153897589426
150,0.1,0,random,pcglassoFast_Primal,C,1.5848931924611096e-7,2.336500000000001,117.07153917058021
150,0.1,0,random,pcglassoFast_Primal,C,2.5118864315095806e-6,1.6849999999999454,117.07154275723956
150,0.1,0,random,pcglassoFast_Primal,C,3.98107170553497e-5,1.0399999999999636,117.07159857643917
150,0.1,0,random,pcglassoFast_Primal,C,6.309573444801935e-4,0.6310000000000855,117.07213730044234
150,0.1,0,random,pcglassoFast_Primal,C,0.010000000000000004,0.3909999999999627,117.08766441075241
150,0.1,0,random,pcglassoFast_Primal,I,9.999999999999982e-9,4.591499999999996,117.0715389966511
150,0.1,0,random,pcglassoFast_Primal,I,1.5848931924611096e-7,3.446499999999901,117.07153916084336
150,0.1,0,random,pcglassoFast_Primal,I,2.5118864315095806e-6,2.46449999999993,117.07154198215571
150,0.1,0,random,pcglassoFast_Primal,I,3.98107170553497e-5,1.4530000000000882,117.07159139216202
150,0.1,0,random,pcglassoFast_Primal,I,6.309573444801935e-4,0.7520000000000664,117.0722973572026
150,0.1,0,random,pcglassoFast_Primal,I,0.010000000000000004,0.4230000000000018,117.08041706082685
150,0.1,0,random,pcglassoFast_PrimalDual,C,9.999999999999982e-9,1.9375,117.07153893340758
150,0.1,0,random,pcglassoFast_PrimalDual,C,1.5848931924611096e-7,1.2714999999999463,117.07153915704207
150,0.1,0,random,pcglassoFast_PrimalDual,C,2.5118864315095806e-6,0.9635000000000673,117.07154209695597
150,0.1,0,random,pcglassoFast_PrimalDual,C,3.98107170553497e-5,0.6639999999999873,117.07156572553264
150,0.1,0,random,pcglassoFast_PrimalDual,C,6.309573444801935e-4,0.48099999999999454,117.07177339958706
150,0.1,0,random,pcglassoFast_PrimalDual,C,0.010000000000000004,0.35199999999986176,117.07381350058809
150,0.1,0,random,pcglassoFast_PrimalDual,I,9.999999999999982e-9,2.469500000000039,117.07153893440376
150,0.1,0,random,pcglassoFast_PrimalDual,I,1.5848931924611096e-7,1.816000000000031,117.07153909540932
150,0.1,0,random,pcglassoFast_PrimalDual,I,2.5118864315095806e-6,1.4355000000000473,117.07154206772043
150,0.1,0,random,pcglassoFast_PrimalDual,I,3.98107170553497e-5,1.1130000000000564,117.07157541707107
150,0.1,0,random,pcglassoFast_PrimalDual,I,6.309573444801935e-4,0.8034999999999854,117.07206217570302
150,0.1,0,random,pcglassoFast_PrimalDual,I,0.010000000000000004,0.573500000000081,117.07685414892073
150,0.1,0.5,AR2,pcglasso,C,9.999999999999982e-9,0.6475000000000364,125.30718463357087
150,0.1,0.5,AR2,pcglasso,C,1.5848931924611096e-7,0.6200000000001182,125.30718486660957
150,0.1,0.5,AR2,pcglasso,C,2.5118864315095806e-6,0.5499999999999545,125.30718506487169
150,0.1,0.5,AR2,pcglasso,C,3.98107170553497e-5,0.3809999999999718,125.30747940952627
150,0.1,0.5,AR2,pcglasso,C,6.309573444801935e-4,0.1995000000000573,125.36888947235403
150,0.1,0.5,AR2,pcglasso,C,0.010000000000000004,0.06500000000005457,205.84577686920196
150,0.1,0.5,AR2,pcglasso,I,9.999999999999982e-9,0.33199999999999363,125.30718463355625
150,0.1,0.5,AR2,pcglasso,I,1.5848931924611096e-7,0.27349999999989905,125.3071846547619
150,0.1,0.5,AR2,pcglasso,I,2.5118864315095806e-6,0.23599999999999,125.30718529998568
150,0.1,0.5,AR2,pcglasso,I,3.98107170553497e-5,0.14899999999988722,125.30720909125854
150,0.1,0.5,AR2,pcglasso,I,6.309573444801935e-4,0.05599999999992633,125.32392813052469
150,0.1,0.5,AR2,pcglasso,I,0.010000000000000004,0.048499999999989996,125.33664024278042
150,0.1,0.5,AR2,pcglassoFast_Dual,C,9.999999999999982e-9,0.09500000000002728,125.30718463361025
150,0.1,0.5,AR2,pcglassoFast_Dual,C,1.5848931924611096e-7,0.08999999999991815,125.30718463465607
150,0.1,0.5,AR2,pcglassoFast_Dual,C,2.5118864315095806e-6,0.08350000000007185,125.30718465591183
150,0.1,0.5,AR2,pcglassoFast_Dual,C,3.98107170553497e-5,0.07899999999995089,125.30718508523445
150,0.1,0.5,AR2,pcglassoFast_Dual,C,6.309573444801935e-4,0.07699999999999818,125.30719419495938
150,0.1,0.5,AR2,pcglassoFast_Dual,C,0.010000000000000004,0.06600000000003092,125.30736384692699
150,0.1,0.5,AR2,pcglassoFast_Dual,I,9.999999999999982e-9,0.06600000000003092,125.30718463361322
150,0.1,0.5,AR2,pcglassoFast_Dual,I,1.5848931924611096e-7,0.059499999999957254,125.30718463464694
150,0.1,0.5,AR2,pcglassoFast_Dual,I,2.5118864315095806e-6,0.053500000000099135,125.30718464927126
150,0.1,0.5,AR2,pcglassoFast_Dual,I,3.98107170553497e-5,0.0504999999999427,125.30718485688575
150,0.1,0.5,AR2,pcglassoFast_Dual,I,6.309573444801935e-4,0.03599999999994452,125.30722887059524
150,0.1,0.5,AR2,pcglassoFast_Dual,I,0.010000000000000004,0.036500000000046384,125.30722887059524
150,0.1,0.5,AR2,pcglassoFast_Primal,C,9.999999999999982e-9,0.35149999999998727,125.30718463365066
150,0.1,0.5,AR2,pcglassoFast_Primal,C,1.5848931924611096e-7,0.3410000000000082,125.3071846351004
150,0.1,0.5,AR2,pcglassoFast_Primal,C,2.5118864315095806e-6,0.29149999999992815,125.3071846623667
150,0.1,0.5,AR2,pcglassoFast_Primal,C,3.98107170553497e-5,0.2695000000001073,125.30718516673501
150,0.1,0.5,AR2,pcglassoFast_Primal,C,6.309573444801935e-4,0.24650000000019645,125.30719455400556
150,0.1,0.5,AR2,pcglassoFast_Primal,C,0.010000000000000004,0.2215000000001055,125.30737067667958
150,0.1,0.5,AR2,pcglassoFast_Primal,I,9.999999999999982e-9,0.24450000000013006,125.30718463368197
150,0.1,0.5,AR2,pcglassoFast_Primal,I,1.5848931924611096e-7,0.21850000000006276,125.30718463547045
150,0.1,0.5,AR2,pcglassoFast_Primal,I,2.5118864315095806e-6,0.19099999999991724,125.30718465897299
150,0.1,0.5,AR2,pcglassoFast_Primal,I,3.98107170553497e-5,0.16399999999998727,125.30718496882677
150,0.1,0.5,AR2,pcglassoFast_Primal,I,6.309573444801935e-4,0.1490000000000009,125.30718907236978
150,0.1,0.5,AR2,pcglassoFast_Primal,I,0.010000000000000004,0.12599999999997635,125.30724381136665
150,0.1,0.5,AR2,pcglassoFast_PrimalDual,C,9.999999999999982e-9,0.46899999999993724,125.30718463385051
150,0.1,0.5,AR2,pcglassoFast_PrimalDual,C,1.5848931924611096e-7,0.42800000000011096,125.30718463732688
150,0.1,0.5,AR2,pcglassoFast_PrimalDual,C,2.5118864315095806e-6,0.40199999999992997,125.30718469464055
150,0.1,0.5,AR2,pcglassoFast_PrimalDual,C,3.98107170553497e-5,0.38550000000009277,125.30718562210238
150,0.1,0.5,AR2,pcglassoFast_PrimalDual,C,6.309573444801935e-4,0.3320000000001073,125.30720071099515
150,0.1,0.5,AR2,pcglassoFast_PrimalDual,C,0.010000000000000004,0.3005000000000564,125.30744782994972
150,0.1,0.5,AR2,pcglassoFast_PrimalDual,I,9.999999999999982e-9,0.2845000000000937,125.30718463382667
150,0.1,0.5,AR2,pcglassoFast_PrimalDual,I,1.5848931924611096e-7,0.25699999999994816,125.30718463702911
150,0.1,0.5,AR2,pcglassoFast_PrimalDual,I,2.5118864315095806e-6,0.21949999999992542,125.30718467542184
150,0.1,0.5,AR2,pcglassoFast_PrimalDual,I,3.98107170553497e-5,0.1999999999999318,125.30718513739366
150,0.1,0.5,AR2,pcglassoFast_PrimalDual,I,6.309573444801935e-4,0.16150000000004638,125.307190724392
150,0.1,0.5,AR2,pcglassoFast_PrimalDual,I,0.010000000000000004,0.13350000000002638,125.30725885662102
150,0.1,0.5,hub_09,pcglasso,C,9.999999999999982e-9,1.4985000000000355,126.88597969460358
150,0.1,0.5,hub_09,pcglasso,C,1.5848931924611096e-7,1.4984999999999218,126.88597969164432
150,0.1,0.5,hub_09,pcglasso,C,2.5118864315095806e-6,1.2329999999998336,126.88598115853694
150,0.1,0.5,hub_09,pcglasso,C,3.98107170553497e-5,0.5845000000000482,126.88637642059463
150,0.1,0.5,hub_09,pcglasso,C,6.309573444801935e-4,0.2090000000001737,126.91316769443576
150,0.1,0.5,hub_09,pcglasso,C,0.010000000000000004,0.05999999999994543,175.53293495051133
150,0.1,0.5,hub_09,pcglasso,I,9.999999999999982e-9,2.4265000000000327,126.88597971009528
150,0.1,0.5,hub_09,pcglasso,I,1.5848931924611096e-7,2.3174999999999955,126.88597969146636
150,0.1,0.5,hub_09,pcglasso,I,2.5118864315095806e-6,2.097500000000082,126.88598287056492
150,0.1,0.5,hub_09,pcglasso,I,3.98107170553497e-5,0.9265000000000327,126.88632282276382
150,0.1,0.5,hub_09,pcglasso,I,6.309573444801935e-4,0.09999999999990905,126.92487708766028
150,0.1,0.5,hub_09,pcglasso,I,0.010000000000000004,0.0705000000000382,126.94053945234393
150,0.1,0.5,hub_09,pcglassoFast_Dual,C,9.999999999999982e-9,0.11950000000001637,126.88597969259163
150,0.1,0.5,hub_09,pcglassoFast_Dual,C,1.5848931924611096e-7,0.10850000000004911,126.88597970593774
150,0.1,0.5,hub_09,pcglassoFast_Dual,C,2.5118864315095806e-6,0.08749999999997726,126.88598066431577
150,0.1,0.5,hub_09,pcglassoFast_Dual,C,3.98107170553497e-5,0.07849999999996271,126.88598483236954
150,0.1,0.5,hub_09,pcglassoFast_Dual,C,6.309573444801935e-4,0.06349999999986267,126.88634124183658
150,0.1,0.5,hub_09,pcglassoFast_Dual,C,0.010000000000000004,0.0544999999999618,126.88821533741704
150,0.1,0.5,hub_09,pcglassoFast_Dual,I,9.999999999999982e-9,0.15599999999994907,126.8859796913227
150,0.1,0.5,hub_09,pcglassoFast_Dual,I,1.5848931924611096e-7,0.13900000000001,126.885979704516
150,0.1,0.5,hub_09,pcglassoFast_Dual,I,2.5118864315095806e-6,0.12450000000001182,126.8859810053988
150,0.1,0.5,hub_09,pcglassoFast_Dual,I,3.98107170553497e-5,0.11749999999994998,126.8859847925207
150,0.1,0.5,hub_09,pcglassoFast_Dual,I,6.309573444801935e-4,0.10149999999998727,126.88639451262371
150,0.1,0.5,hub_09,pcglassoFast_Dual,I,0.010000000000000004,0.0404999999999518,126.92509748745198
150,0.1,0.5,hub_09,pcglassoFast_Primal,C,9.999999999999982e-9,0.5655000000000427,126.8859796945528
150,0.1,0.5,hub_09,pcglassoFast_Primal,C,1.5848931924611096e-7,0.5059999999999718,126.88597974906367
150,0.1,0.5,hub_09,pcglassoFast_Primal,C,2.5118864315095806e-6,0.37849999999991724,126.88598111368987
150,0.1,0.5,hub_09,pcglassoFast_Primal,C,3.98107170553497e-5,0.3205000000000382,126.88599547151208
150,0.1,0.5,hub_09,pcglassoFast_Primal,C,6.309573444801935e-4,0.24500000000011823,126.88616845405663
150,0.1,0.5,hub_09,pcglassoFast_Primal,C,0.010000000000000004,0.1754999999999427,126.88874705484547
150,0.1,0.5,hub_09,pcglassoFast_Primal,I,9.999999999999982e-9,0.7055000000000291,126.88597969303216
150,0.1,0.5,hub_09,pcglassoFast_Primal,I,1.5848931924611096e-7,0.5529999999999973,126.88597978724701
150,0.1,0.5,hub_09,pcglassoFast_Primal,I,2.5118864315095806e-6,0.5039999999999054,126.88598072811892
150,0.1,0.5,hub_09,pcglassoFast_Primal,I,3.98107170553497e-5,0.39800000000002456,126.8860034217405
150,0.1,0.5,hub_09,pcglassoFast_Primal,I,6.309573444801935e-4,0.30349999999998545,126.88645197242374
150,0.1,0.5,hub_09,pcglassoFast_Primal,I,0.010000000000000004,0.10150000000010095,126.92509057775197
150,0.1,0.5,hub_09,pcglassoFast_PrimalDual,C,9.999999999999982e-9,0.47199999999998,126.88597969443232
150,0.1,0.5,hub_09,pcglassoFast_PrimalDual,C,1.5848931924611096e-7,0.4014999999999418,126.88597974831629
150,0.1,0.5,hub_09,pcglassoFast_PrimalDual,C,2.5118864315095806e-6,0.31399999999996453,126.88598111135441
150,0.1,0.5,hub_09,pcglassoFast_PrimalDual,C,3.98107170553497e-5,0.2725000000000364,126.88599556450605
150,0.1,0.5,hub_09,pcglassoFast_PrimalDual,C,6.309573444801935e-4,0.22250000000019554,126.88617057489257
150,0.1,0.5,hub_09,pcglassoFast_PrimalDual,C,0.010000000000000004,0.17050000000006094,126.88876026176197
150,0.1,0.5,hub_09,pcglassoFast_PrimalDual,I,9.999999999999982e-9,0.5449999999999591,126.88597969264424
150,0.1,0.5,hub_09,pcglassoFast_PrimalDual,I,1.5848931924611096e-7,0.47899999999992815,126.88597977965061
150,0.1,0.5,hub_09,pcglassoFast_PrimalDual,I,2.5118864315095806e-6,0.40250000000003183,126.88598065664276
150,0.1,0.5,hub_09,pcglassoFast_PrimalDual,I,3.98107170553497e-5,0.35199999999997544,126.88600209956536
150,0.1,0.5,hub_09,pcglassoFast_PrimalDual,I,6.309573444801935e-4,0.2575000000001637,126.88643494026644
150,0.1,0.5,hub_09,pcglassoFast_PrimalDual,I,0.010000000000000004,0.08399999999994634,126.9250999234268
150,0.1,0.5,hub_1,pcglasso,C,9.999999999999982e-9,4.47849999999994,82.02859509496936
150,0.1,0.5,hub_1,pcglasso,C,1.5848931924611096e-7,2.9580000000000837,82.02860741789652
150,0.1,0.5,hub_1,pcglasso,C,2.5118864315095806e-6,2.5434999999999945,82.02867447967029
150,0.1,0.5,hub_1,pcglasso,C,3.98107170553497e-5,1.9034999999998945,82.03058744861202
150,0.1,0.5,hub_1,pcglasso,C,6.309573444801935e-4,2.5319999999999254,91.50878997300434
150,0.1,0.5,hub_1,pcglasso,C,0.010000000000000004,0.6024999999999636,233.98790451843212
150,0.1,0.5,hub_1,pcglasso,I,9.999999999999982e-9,6.902999999999906,82.02859511535137
150,0.1,0.5,hub_1,pcglasso,I,1.5848931924611096e-7,5.495499999999993,82.02860377223331
150,0.1,0.5,hub_1,pcglasso,I,2.5118864315095806e-6,5.074000000000069,82.0286824539084
150,0.1,0.5,hub_1,pcglasso,I,3.98107170553497e-5,2.207499999999982,82.11475435065324
150,0.1,0.5,hub_1,pcglasso,I,6.309573444801935e-4,0.23249999999995907,90.95145988368064
150,0.1,0.5,hub_1,pcglasso,I,0.010000000000000004,0.12850000000003092,91.2608553567437
150,0.1,0.5,hub_1,pcglassoFast_Dual,C,9.999999999999982e-9,1.606999999999971,82.02859505650825
150,0.1,0.5,hub_1,pcglassoFast_Dual,C,1.5848931924611096e-7,1.5640000000000782,82.0285950958502
150,0.1,0.5,hub_1,pcglassoFast_Dual,C,2.5118864315095806e-6,1.14650000000006,82.02859590966784
150,0.1,0.5,hub_1,pcglassoFast_Dual,C,3.98107170553497e-5,1.1079999999999472,82.02860422088757
150,0.1,0.5,hub_1,pcglassoFast_Dual,C,6.309573444801935e-4,1.0399999999999636,82.0287692078669
150,0.1,0.5,hub_1,pcglassoFast_Dual,C,0.010000000000000004,0.8745000000000118,82.03460954878273
150,0.1,0.5,hub_1,pcglassoFast_Dual,I,9.999999999999982e-9,6.261999999999944,82.02859505292909
150,0.1,0.5,hub_1,pcglassoFast_Dual,I,1.5848931924611096e-7,6.019999999999982,82.02859511376019
150,0.1,0.5,hub_1,pcglassoFast_Dual,I,2.5118864315095806e-6,5.71349999999984,82.0285979976166
150,0.1,0.5,hub_1,pcglassoFast_Dual,I,3.98107170553497e-5,5.611499999999978,82.02859955043783
150,0.1,0.5,hub_1,pcglassoFast_Dual,I,6.309573444801935e-4,5.333000000000084,82.02865170106115
150,0.1,0.5,hub_1,pcglassoFast_Dual,I,0.010000000000000004,5.321999999999889,82.03280158768992
150,0.1,0.5,hub_1,pcglassoFast_Primal,C,9.999999999999982e-9,5.4780000000000655,82.0285952462241
150,0.1,0.5,hub_1,pcglassoFast_Primal,C,1.5848931924611096e-7,3.933999999999969,82.02859652739403
150,0.1,0.5,hub_1,pcglassoFast_Primal,C,2.5118864315095806e-6,2.9174999999999045,82.02859971772116
150,0.1,0.5,hub_1,pcglassoFast_Primal,C,3.98107170553497e-5,1.6909999999999172,82.02870772082686
150,0.1,0.5,hub_1,pcglassoFast_Primal,C,6.309573444801935e-4,0.9519999999998845,82.03225601883791
150,0.1,0.5,hub_1,pcglassoFast_Primal,C,0.010000000000000004,0.5335000000000036,82.08441378243043
150,0.1,0.5,hub_1,pcglassoFast_Primal,I,9.999999999999982e-9,6.331999999999994,82.02859524532583
150,0.1,0.5,hub_1,pcglassoFast_Primal,I,1.5848931924611096e-7,4.6749999999999545,82.02859570390262
150,0.1,0.5,hub_1,pcglassoFast_Primal,I,2.5118864315095806e-6,3.458500000000072,82.02860622517748
150,0.1,0.5,hub_1,pcglassoFast_Primal,I,3.98107170553497e-5,2.338000000000079,82.02867815335027
150,0.1,0.5,hub_1,pcglassoFast_Primal,I,6.309573444801935e-4,1.308999999999969,82.03001027383776
150,0.1,0.5,hub_1,pcglassoFast_Primal,I,0.010000000000000004,0.9050000000000864,82.0348621692895
150,0.1,0.5,hub_1,pcglassoFast_PrimalDual,C,9.999999999999982e-9,0.2685000000000173,82.0285950534129
150,0.1,0.5,hub_1,pcglassoFast_PrimalDual,C,1.5848931924611096e-7,0.2599999999999909,82.028595061881
150,0.1,0.5,hub_1,pcglassoFast_PrimalDual,C,2.5118864315095806e-6,0.22950000000003,82.02859511959274
150,0.1,0.5,hub_1,pcglassoFast_PrimalDual,C,3.98107170553497e-5,0.19849999999996726,82.02859848617396
150,0.1,0.5,hub_1,pcglassoFast_PrimalDual,C,6.309573444801935e-4,0.1834999999999809,82.02862117411583
150,0.1,0.5,hub_1,pcglassoFast_PrimalDual,C,0.010000000000000004,0.16250000000013642,82.0288036160441
150,0.1,0.5,hub_1,pcglassoFast_PrimalDual,I,9.999999999999982e-9,1.030499999999961,82.02859505272735
150,0.1,0.5,hub_1,pcglassoFast_PrimalDual,I,1.5848931924611096e-7,1.0415000000000418,82.02859505814098
150,0.1,0.5,hub_1,pcglassoFast_PrimalDual,I,2.5118864315095806e-6,0.9850000000001273,82.02859538474615
150,0.1,0.5,hub_1,pcglassoFast_PrimalDual,I,3.98107170553497e-5,1.0335000000000036,82.0285976066626
150,0.1,0.5,hub_1,pcglassoFast_PrimalDual,I,6.309573444801935e-4,1.0079999999999245,82.02861547802432
150,0.1,0.5,hub_1,pcglassoFast_PrimalDual,I,0.010000000000000004,0.9369999999998981,82.02876511333874
150,0.1,0.5,random,pcglasso,C,9.999999999999982e-9,2.344500000000039,121.06957519441248
150,0.1,0.5,random,pcglasso,C,1.5848931924611096e-7,1.5764999999998963,121.0695816277009
150,0.1,0.5,random,pcglasso,C,2.5118864315095806e-6,1.2799999999999727,121.06976403558497
150,0.1,0.5,random,pcglasso,C,3.98107170553497e-5,0.6860000000000355,121.0790304443288
150,0.1,0.5,random,pcglasso,C,6.309573444801935e-4,0.22299999999995634,122.41061728219852
150,0.1,0.5,random,pcglasso,C,0.010000000000000004,0.05949999999984357,267.4620884430199
150,0.1,0.5,random,pcglasso,I,9.999999999999982e-9,1.5555000000000518,121.06957522278032
150,0.1,0.5,random,pcglasso,I,1.5848931924611096e-7,1.1050000000001319,121.06958026404375
150,0.1,0.5,random,pcglasso,I,2.5118864315095806e-6,0.7685000000000173,121.06993266316434
150,0.1,0.5,random,pcglasso,I,3.98107170553497e-5,0.3140000000000782,121.0966633926657
150,0.1,0.5,random,pcglasso,I,6.309573444801935e-4,0.08550000000002456,121.77082696816909
150,0.1,0.5,random,pcglasso,I,0.010000000000000004,0.07150000000001455,121.81665882508179
150,0.1,0.5,random,pcglassoFast_Dual,C,9.999999999999982e-9,0.44049999999992906,121.06957525688321
150,0.1,0.5,random,pcglassoFast_Dual,C,1.5848931924611096e-7,0.28949999999997544,121.06957577969457
150,0.1,0.5,random,pcglassoFast_Dual,C,2.5118864315095806e-6,0.18899999999996453,121.06958605984829
150,0.1,0.5,random,pcglassoFast_Dual,C,3.98107170553497e-5,0.14549999999997,121.06962782235604
150,0.1,0.5,random,pcglassoFast_Dual,C,6.309573444801935e-4,0.1065000000000964,121.07056243202781
150,0.1,0.5,random,pcglassoFast_Dual,C,0.010000000000000004,0.08350000000007185,121.07341351702084
150,0.1,0.5,random,pcglassoFast_Dual,I,9.999999999999982e-9,0.44049999999992906,121.06957518534102
150,0.1,0.5,random,pcglassoFast_Dual,I,1.5848931924611096e-7,0.24950000000001182,121.06957541175724
150,0.1,0.5,random,pcglassoFast_Dual,I,2.5118864315095806e-6,0.21000000000003638,121.06957816002479
150,0.1,0.5,random,pcglassoFast_Dual,I,3.98107170553497e-5,0.14250000000004093,121.06965651306881
150,0.1,0.5,random,pcglassoFast_Dual,I,6.309573444801935e-4,0.09900000000004638,121.0701416913612
150,0.1,0.5,random,pcglassoFast_Dual,I,0.010000000000000004,0.07650000000001,121.07340437038198
150,0.1,0.5,random,pcglassoFast_Primal,C,9.999999999999982e-9,1.2694999999999936,121.06957520071632
150,0.1,0.5,random,pcglassoFast_Primal,C,1.5848931924611096e-7,1.1830000000001064,121.06957548860666
150,0.1,0.5,random,pcglassoFast_Primal,C,2.5118864315095806e-6,0.7999999999999545,121.06958059832536
150,0.1,0.5,random,pcglassoFast_Primal,C,3.98107170553497e-5,0.5775000000001,121.06968884849897
150,0.1,0.5,random,pcglassoFast_Primal,C,6.309573444801935e-4,0.3625000000000682,121.07140858616489
150,0.1,0.5,random,pcglassoFast_Primal,C,0.010000000000000004,0.22549999999989723,121.07901152263565
150,0.1,0.5,random,pcglassoFast_Primal,I,9.999999999999982e-9,1.3005000000000564,121.06957520032806
150,0.1,0.5,random,pcglassoFast_Primal,I,1.5848931924611096e-7,1.1159999999999854,121.06957557545297
150,0.1,0.5,random,pcglassoFast_Primal,I,2.5118864315095806e-6,0.8654999999999973,121.06958093197531
150,0.1,0.5,random,pcglassoFast_Primal,I,3.98107170553497e-5,0.6140000000000327,121.06967885781478
150,0.1,0.5,random,pcglassoFast_Primal,I,6.309573444801935e-4,0.3530000000000655,121.07148527972527
150,0.1,0.5,random,pcglassoFast_Primal,I,0.010000000000000004,0.18850000000009004,121.08144424582275
150,0.1,0.5,random,pcglassoFast_PrimalDual,C,9.999999999999982e-9,1.8109999999999218,121.0695751850572
150,0.1,0.5,random,pcglassoFast_PrimalDual,C,1.5848931924611096e-7,1.3385000000000673,121.06957541371158
150,0.1,0.5,random,pcglassoFast_PrimalDual,C,2.5118864315095806e-6,0.9755000000001246,121.06957814642708
150,0.1,0.5,random,pcglassoFast_PrimalDual,C,3.98107170553497e-5,0.692000000000121,121.0696187649112
150,0.1,0.5,random,pcglassoFast_PrimalDual,C,6.309573444801935e-4,0.5304999999999609,121.06975293356797
150,0.1,0.5,random,pcglassoFast_PrimalDual,C,0.010000000000000004,0.40600000000006276,121.07118021029028
150,0.1,0.5,random,pcglassoFast_PrimalDual,I,9.999999999999982e-9,2.013499999999908,121.06957518761871
150,0.1,0.5,random,pcglassoFast_PrimalDual,I,1.5848931924611096e-7,1.517500000000041,121.06957536622558
150,0.1,0.5,random,pcglassoFast_PrimalDual,I,2.5118864315095806e-6,1.2020000000001119,121.06957866503514
150,0.1,0.5,random,pcglassoFast_PrimalDual,I,3.98107170553497e-5,0.9214999999999236,121.06962077002169
150,0.1,0.5,random,pcglassoFast_PrimalDual,I,6.309573444801935e-4,0.6399999999999864,121.06999560031973
150,0.1,0.5,random,pcglassoFast_PrimalDual,I,0.010000000000000004,0.4249999999999545,121.07288800965279
150,0.2,0,AR2,pcglasso,C,9.999999999999982e-9,1.5769999999999982,141.48055979219598
150,0.2,0,AR2,pcglasso,C,1.5848931924611096e-7,1.2839999999999918,141.48055986060305
150,0.2,0,AR2,pcglasso,C,2.5118864315095806e-6,1.2200000000000273,141.48059209074322
150,0.2,0,AR2,pcglasso,C,3.98107170553497e-5,0.6699999999999591,141.4925807011842
150,0.2,0,AR2,pcglasso,C,6.309573444801935e-4,0.1715000000000373,154.52895459670947
150,0.2,0,AR2,pcglasso,C,0.010000000000000004,0.0645000000000664,189.47052038672535
150,0.2,0,AR2,pcglasso,I,9.999999999999982e-9,0.8714999999999691,141.48055979449646
150,0.2,0,AR2,pcglasso,I,1.5848931924611096e-7,0.6575000000000273,141.4805599993484
150,0.2,0,AR2,pcglasso,I,2.5118864315095806e-6,0.5600000000000591,141.48058310593936
150,0.2,0,AR2,pcglasso,I,3.98107170553497e-5,0.31749999999999545,141.4840315634006
150,0.2,0,AR2,pcglasso,I,6.309573444801935e-4,0.06600000000003092,142.00317228010985
150,0.2,0,AR2,pcglasso,I,0.010000000000000004,0.06000000000005912,142.11168973971238
150,0.2,0,AR2,pcglassoFast_Dual,C,9.999999999999982e-9,0.15750000000002728,141.48055978751998
150,0.2,0,AR2,pcglassoFast_Dual,C,1.5848931924611096e-7,0.14249999999992724,141.4805598577794
150,0.2,0,AR2,pcglassoFast_Dual,C,2.5118864315095806e-6,0.1410000000000764,141.48056047313776
150,0.2,0,AR2,pcglassoFast_Dual,C,3.98107170553497e-5,0.11350000000004457,141.4805676194464
150,0.2,0,AR2,pcglassoFast_Dual,C,6.309573444801935e-4,0.10450000000003001,141.48065578858834
150,0.2,0,AR2,pcglassoFast_Dual,C,0.010000000000000004,0.09050000000002001,141.4817235882198
150,0.2,0,AR2,pcglassoFast_Dual,I,9.999999999999982e-9,0.11400000000003274,141.48055978736033
150,0.2,0,AR2,pcglassoFast_Dual,I,1.5848931924611096e-7,0.0989999999999327,141.4805598472143
150,0.2,0,AR2,pcglassoFast_Dual,I,2.5118864315095806e-6,0.09400000000005093,141.48056045608936
150,0.2,0,AR2,pcglassoFast_Dual,I,3.98107170553497e-5,0.07399999999995543,141.48056764741924
150,0.2,0,AR2,pcglassoFast_Dual,I,6.309573444801935e-4,0.06399999999996453,141.48065672558693
150,0.2,0,AR2,pcglassoFast_Dual,I,0.010000000000000004,0.05550000000005184,141.48182825017966
150,0.2,0,AR2,pcglassoFast_Primal,C,9.999999999999982e-9,0.5839999999999463,141.48055978777438
150,0.2,0,AR2,pcglassoFast_Primal,C,1.5848931924611096e-7,0.5185000000000173,141.48055980918488
150,0.2,0,AR2,pcglassoFast_Primal,C,2.5118864315095806e-6,0.4474999999998772,141.480560525516
150,0.2,0,AR2,pcglassoFast_Primal,C,3.98107170553497e-5,0.4130000000000109,141.48056763703596
150,0.2,0,AR2,pcglassoFast_Primal,C,6.309573444801935e-4,0.36399999999991905,141.48064569141138
150,0.2,0,AR2,pcglassoFast_Primal,C,0.010000000000000004,0.2840000000001055,141.48384996762343
150,0.2,0,AR2,pcglassoFast_Primal,I,9.999999999999982e-9,0.4855000000000018,141.48055978738478
150,0.2,0,AR2,pcglassoFast_Primal,I,1.5848931924611096e-7,0.4070000000000391,141.48055984048412
150,0.2,0,AR2,pcglassoFast_Primal,I,2.5118864315095806e-6,0.3345000000000482,141.48056034084857
150,0.2,0,AR2,pcglassoFast_Primal,I,3.98107170553497e-5,0.2940000000000964,141.4805658347458
150,0.2,0,AR2,pcglassoFast_Primal,I,6.309573444801935e-4,0.22700000000008913,141.48079468306378
150,0.2,0,AR2,pcglassoFast_Primal,I,0.010000000000000004,0.17300000000000182,141.48341930115674
150,0.2,0,AR2,pcglassoFast_PrimalDual,C,9.999999999999982e-9,1.41700000000003,141.4805597874855
150,0.2,0,AR2,pcglassoFast_PrimalDual,C,1.5848931924611096e-7,1.2235000000000582,141.48055983616337
150,0.2,0,AR2,pcglassoFast_PrimalDual,C,2.5118864315095806e-6,1.0960000000000036,141.4805602492504
150,0.2,0,AR2,pcglassoFast_PrimalDual,C,3.98107170553497e-5,0.8784999999999172,141.48057394375823
150,0.2,0,AR2,pcglassoFast_PrimalDual,C,6.309573444801935e-4,0.7500000000001137,141.48070220814685
150,0.2,0,AR2,pcglassoFast_PrimalDual,C,0.010000000000000004,0.6414999999999509,141.48201000020998
150,0.2,0,AR2,pcglassoFast_PrimalDual,I,9.999999999999982e-9,1.0899999999999181,141.48055979003024
150,0.2,0,AR2,pcglassoFast_PrimalDual,I,1.5848931924611096e-7,0.9599999999999227,141.48055982458652
150,0.2,0,AR2,pcglassoFast_PrimalDual,I,2.5118864315095806e-6,0.7729999999999109,141.4805609204667
150,0.2,0,AR2,pcglassoFast_PrimalDual,I,3.98107170553497e-5,0.6730000000000018,141.48057104339665
150,0.2,0,AR2,pcglassoFast_PrimalDual,I,6.309573444801935e-4,0.5410000000000537,141.48067473257188
150,0.2,0,AR2,pcglassoFast_PrimalDual,I,0.010000000000000004,0.3384999999999536,141.48453349227734
150,0.2,0,hub_09,pcglasso,C,9.999999999999982e-9,1.2830000000000155,149.0135980992995
150,0.2,0,hub_09,pcglasso,C,1.5848931924611096e-7,1.0989999999999327,149.0135981331483
150,0.2,0,hub_09,pcglasso,C,2.5118864315095806e-6,0.75649999999996,149.01360317846093
150,0.2,0,hub_09,pcglasso,C,3.98107170553497e-5,0.5304999999999609,149.01385437249738
150,0.2,0,hub_09,pcglasso,C,6.309573444801935e-4,0.2685000000000173,149.09153415875411
150,0.2,0,hub_09,pcglasso,C,0.010000000000000004,0.05600000000004002,208.44064742072055
150,0.2,0,hub_09,pcglasso,I,9.999999999999982e-9,1.4985000000000355,149.01359810200657
150,0.2,0,hub_09,pcglasso,I,1.5848931924611096e-7,1.129500000000121,149.0135981402909
150,0.2,0,hub_09,pcglasso,I,2.5118864315095806e-6,1.0655000000000427,149.01359961730827
150,0.2,0,hub_09,pcglasso,I,3.98107170553497e-5,0.601500000000101,149.01365674184834
150,0.2,0,hub_09,pcglasso,I,6.309573444801935e-4,0.18600000000003547,149.22532773054238
150,0.2,0,hub_09,pcglasso,I,0.010000000000000004,0.08799999999996544,149.65230590309736
150,0.2,0,hub_09,pcglassoFast_Dual,C,9.999999999999982e-9,0.11399999999991905,149.01359808930656
150,0.2,0,hub_09,pcglassoFast_Dual,C,1.5848931924611096e-7,0.09399999999993724,149.01359814626232
150,0.2,0,hub_09,pcglassoFast_Dual,C,2.5118864315095806e-6,0.07799999999997453,149.01359843910555
150,0.2,0,hub_09,pcglassoFast_Dual,C,3.98107170553497e-5,0.06950000000017553,149.01360144618715
150,0.2,0,hub_09,pcglassoFast_Dual,C,6.309573444801935e-4,0.053999999999973625,149.0137811064397
150,0.2,0,hub_09,pcglassoFast_Dual,C,0.010000000000000004,0.0460000000001628,149.01450303838556
150,0.2,0,hub_09,pcglassoFast_Dual,I,9.999999999999982e-9,0.125,149.01359808915953
150,0.2,0,hub_09,pcglassoFast_Dual,I,1.5848931924611096e-7,0.1049999999999045,149.01359812130008
150,0.2,0,hub_09,pcglassoFast_Dual,I,2.5118864315095806e-6,0.08249999999998181,149.01359878962543
150,0.2,0,hub_09,pcglassoFast_Dual,I,3.98107170553497e-5,0.07099999999991269,149.01360978710713
150,0.2,0,hub_09,pcglassoFast_Dual,I,6.309573444801935e-4,0.06499999999971351,149.01368338097836
150,0.2,0,hub_09,pcglassoFast_Dual,I,0.010000000000000004,0.057999999999992724,149.01400465072507
150,0.2,0,hub_09,pcglassoFast_Primal,C,9.999999999999982e-9,0.2964999999998099,149.0135980897222
150,0.2,0,hub_09,pcglassoFast_Primal,C,1.5848931924611096e-7,0.2675000000000409,149.01359809619566
150,0.2,0,hub_09,pcglassoFast_Primal,C,2.5118864315095806e-6,0.22249999999996817,149.01359856514904
150,0.2,0,hub_09,pcglassoFast_Primal,C,3.98107170553497e-5,0.19699999999988904,149.01360028991908
150,0.2,0,hub_09,pcglassoFast_Primal,C,6.309573444801935e-4,0.17199999999991178,149.01361279436242
150,0.2,0,hub_09,pcglassoFast_Primal,C,0.010000000000000004,0.14800000000013824,149.01394836271257
150,0.2,0,hub_09,pcglassoFast_Primal,I,9.999999999999982e-9,0.30499999999995,149.01359808973208
150,0.2,0,hub_09,pcglassoFast_Primal,I,1.5848931924611096e-7,0.2919999999999163,149.01359809527372
150,0.2,0,hub_09,pcglassoFast_Primal,I,2.5118864315095806e-6,0.2400000000000091,149.01359838304288
150,0.2,0,hub_09,pcglassoFast_Primal,I,3.98107170553497e-5,0.20899999999983265,149.0135993763274
150,0.2,0,hub_09,pcglassoFast_Primal,I,6.309573444801935e-4,0.1895000000000664,149.01361078747607
150,0.2,0,hub_09,pcglassoFast_Primal,I,0.010000000000000004,0.16700000000003,149.0138491285465
150,0.2,0,hub_09,pcglassoFast_PrimalDual,C,9.999999999999982e-9,0.27700000000004366,149.01359808861318
150,0.2,0,hub_09,pcglassoFast_PrimalDual,C,1.5848931924611096e-7,0.24299999999982447,149.01359809004109
150,0.2,0,hub_09,pcglassoFast_PrimalDual,C,2.5118864315095806e-6,0.209999999999809,149.0135983158073
150,0.2,0,hub_09,pcglassoFast_PrimalDual,C,3.98107170553497e-5,0.18649999999979627,149.01360081263113
150,0.2,0,hub_09,pcglassoFast_PrimalDual,C,6.309573444801935e-4,0.16400000000010095,149.01363097323696
150,0.2,0,hub_09,pcglassoFast_PrimalDual,C,0.010000000000000004,0.1449999999999818,149.0140096685927
150,0.2,0,hub_09,pcglassoFast_PrimalDual,I,9.999999999999982e-9,0.28149999999993724,149.01359808858606
150,0.2,0,hub_09,pcglassoFast_PrimalDual,I,1.5848931924611096e-7,0.23900000000003274,149.01359810045238
150,0.2,0,hub_09,pcglassoFast_PrimalDual,I,2.5118864315095806e-6,0.2175000000000864,149.01359823179172
150,0.2,0,hub_09,pcglassoFast_PrimalDual,I,3.98107170553497e-5,0.19850000000008095,149.01359979793614
150,0.2,0,hub_09,pcglassoFast_PrimalDual,I,6.309573444801935e-4,0.17400000000020555,149.0136183750139
150,0.2,0,hub_09,pcglassoFast_PrimalDual,I,0.010000000000000004,0.15750000000014097,149.0138347797239
150,0.2,0,hub_1,pcglasso,C,9.999999999999982e-9,8.272500000000036,55.52797789008634
150,0.2,0,hub_1,pcglasso,C,1.5848931924611096e-7,4.920000000000073,55.52822785342492
150,0.2,0,hub_1,pcglasso,C,2.5118864315095806e-6,4.125,55.52957150446278
150,0.2,0,hub_1,pcglasso,C,3.98107170553497e-5,2.8075000000000045,55.82185691210256
150,0.2,0,hub_1,pcglasso,C,6.309573444801935e-4,1.02049999999997,76.79024739812847
150,0.2,0,hub_1,pcglasso,C,0.010000000000000004,0.3995000000001028,301.8750898855494
150,0.2,0,hub_1,pcglasso,I,9.999999999999982e-9,12.511000000000081,55.527977966130464
150,0.2,0,hub_1,pcglasso,I,1.5848931924611096e-7,10.322000000000003,55.52803918558406
150,0.2,0,hub_1,pcglasso,I,2.5118864315095806e-6,9.212500000000091,55.52978922231207
150,0.2,0,hub_1,pcglasso,I,3.98107170553497e-5,3.8595000000000255,55.61473490566844
150,0.2,0,hub_1,pcglasso,I,6.309573444801935e-4,0.5165000000000646,71.19512948991806
150,0.2,0,hub_1,pcglasso,I,0.010000000000000004,0.29349999999999454,72.76160906741235
150,0.2,0,hub_1,pcglassoFast_Dual,C,9.999999999999982e-9,2.6689999999999827,55.52797769863674
150,0.2,0,hub_1,pcglassoFast_Dual,C,1.5848931924611096e-7,2.554499999999962,55.527977731482295
150,0.2,0,hub_1,pcglassoFast_Dual,C,2.5118864315095806e-6,2.3070000000000164,55.52797834190443
150,0.2,0,hub_1,pcglassoFast_Dual,C,3.98107170553497e-5,2.0359999999999445,55.528006891801915
150,0.2,0,hub_1,pcglassoFast_Dual,C,6.309573444801935e-4,1.885499999999979,55.528373838945065
150,0.2,0,hub_1,pcglassoFast_Dual,C,0.010000000000000004,1.684500000000071,55.53975511600333
150,0.2,0,hub_1,pcglassoFast_Dual,I,9.999999999999982e-9,13.705000000000041,55.527977695188
150,0.2,0,hub_1,pcglassoFast_Dual,I,1.5848931924611096e-7,13.112999999999943,55.52797771586506
150,0.2,0,hub_1,pcglassoFast_Dual,I,2.5118864315095806e-6,12.912500000000023,55.52797800713118
150,0.2,0,hub_1,pcglassoFast_Dual,I,3.98107170553497e-5,13.145000000000095,55.52798474865058
150,0.2,0,hub_1,pcglassoFast_Dual,I,6.309573444801935e-4,12.370999999999981,55.52813239891084
150,0.2,0,hub_1,pcglassoFast_Dual,I,0.010000000000000004,12.171999999999912,55.53026816454347
150,0.2,0,hub_1,pcglassoFast_Primal,C,9.999999999999982e-9,10.981499999999983,55.527978058963775
150,0.2,0,hub_1,pcglassoFast_Primal,C,1.5848931924611096e-7,6.5125000000000455,55.52797885193317
150,0.2,0,hub_1,pcglassoFast_Primal,C,2.5118864315095806e-6,4.299000000000092,55.52803798267826
150,0.2,0,hub_1,pcglassoFast_Primal,C,3.98107170553497e-5,2.816500000000133,55.52853882039767
150,0.2,0,hub_1,pcglassoFast_Primal,C,6.309573444801935e-4,1.4219999999999118,55.53066106101258
150,0.2,0,hub_1,pcglassoFast_Primal,C,0.010000000000000004,0.9144999999999754,55.54531665797996
150,0.2,0,hub_1,pcglassoFast_Primal,I,9.999999999999982e-9,10.359499999999912,55.52797796734487
150,0.2,0,hub_1,pcglassoFast_Primal,I,1.5848931924611096e-7,6.6784999999999854,55.527981333052814
150,0.2,0,hub_1,pcglassoFast_Primal,I,2.5118864315095806e-6,4.41700000000003,55.52800283590345
150,0.2,0,hub_1,pcglassoFast_Primal,I,3.98107170553497e-5,2.809500000000071,55.5280680844514
150,0.2,0,hub_1,pcglassoFast_Primal,I,6.309573444801935e-4,2.00100000000009,55.528796781534936
150,0.2,0,hub_1,pcglassoFast_Primal,I,0.010000000000000004,1.4119999999999209,55.53036401397697
150,0.2,0,hub_1,pcglassoFast_PrimalDual,C,9.999999999999982e-9,0.3079999999999927,55.527977694401045
150,0.2,0,hub_1,pcglassoFast_PrimalDual,C,1.5848931924611096e-7,0.2959999999999354,55.52797770165147
150,0.2,0,hub_1,pcglassoFast_PrimalDual,C,2.5118864315095806e-6,0.25349999999991724,55.52797806916128
150,0.2,0,hub_1,pcglassoFast_PrimalDual,C,3.98107170553497e-5,0.24500000000000455,55.52798030205147
150,0.2,0,hub_1,pcglassoFast_PrimalDual,C,6.309573444801935e-4,0.22149999999999181,55.52799650434759
150,0.2,0,hub_1,pcglassoFast_PrimalDual,C,0.010000000000000004,0.20699999999999363,55.528121508552644
150,0.2,0,hub_1,pcglassoFast_PrimalDual,I,9.999999999999982e-9,1.6649999999999636,55.527977693543164
150,0.2,0,hub_1,pcglassoFast_PrimalDual,I,1.5848931924611096e-7,1.5990000000000464,55.52797771682739
150,0.2,0,hub_1,pcglassoFast_PrimalDual,I,2.5118864315095806e-6,1.49249999999995,55.52797786639112
150,0.2,0,hub_1,pcglassoFast_PrimalDual,I,3.98107170553497e-5,1.5265000000000555,55.52797899767316
150,0.2,0,hub_1,pcglassoFast_PrimalDual,I,6.309573444801935e-4,1.504000000000019,55.52798814011467
150,0.2,0,hub_1,pcglassoFast_PrimalDual,I,0.010000000000000004,1.501999999999839,55.528073295904974
150,0.2,0,random,pcglasso,C,9.999999999999982e-9,3.913499999999999,127.92934221718873
150,0.2,0,random,pcglasso,C,1.5848931924611096e-7,2.705000000000041,127.92937795971754
150,0.2,0,random,pcglasso,C,2.5118864315095806e-6,1.55399999999986,127.93612744093502
150,0.2,0,random,pcglasso,C,3.98107170553497e-5,0.7740000000000009,128.43032389251783
150,0.2,0,random,pcglasso,C,6.309573444801935e-4,0.44850000000008095,130.51268465185842
150,0.2,0,random,pcglasso,C,0.010000000000000004,0.057999999999992724,272.5154002655106
150,0.2,0,random,pcglasso,I,9.999999999999982e-9,3.8589999999999236,127.92934528304568
150,0.2,0,random,pcglasso,I,1.5848931924611096e-7,2.2490000000001373,127.92962894383858
150,0.2,0,random,pcglasso,I,2.5118864315095806e-6,1.127999999999929,127.93675702564039
150,0.2,0,random,pcglasso,I,3.98107170553497e-5,0.4355000000000473,128.25859529864334
150,0.2,0,random,pcglasso,I,6.309573444801935e-4,0.10449999999991633,130.80221397926346
150,0.2,0,random,pcglasso,I,0.010000000000000004,0.07500000000004547,131.54205226282
150,0.2,0,random,pcglassoFast_Dual,C,9.999999999999982e-9,0.6965000000000146,127.92934172582723
150,0.2,0,random,pcglassoFast_Dual,C,1.5848931924611096e-7,0.5690000000000737,127.92934196612129
150,0.2,0,random,pcglassoFast_Dual,C,2.5118864315095806e-6,0.4169999999999163,127.92935260500555
150,0.2,0,random,pcglassoFast_Dual,C,3.98107170553497e-5,0.35800000000006094,127.92942452961596
150,0.2,0,random,pcglassoFast_Dual,C,6.309573444801935e-4,0.2960000000002765,127.92967389906738
150,0.2,0,random,pcglassoFast_Dual,C,0.010000000000000004,0.09649999999987813,127.9519640920186
150,0.2,0,random,pcglassoFast_Dual,I,9.999999999999982e-9,0.6209999999999809,127.92934172190807
150,0.2,0,random,pcglassoFast_Dual,I,1.5848931924611096e-7,0.4964999999999691,127.92934198606531
150,0.2,0,random,pcglassoFast_Dual,I,2.5118864315095806e-6,0.4259999999999309,127.92934625901484
150,0.2,0,random,pcglassoFast_Dual,I,3.98107170553497e-5,0.24149999999997362,127.9293710502108
150,0.2,0,random,pcglassoFast_Dual,I,6.309573444801935e-4,0.15400000000011005,127.92971376658632
150,0.2,0,random,pcglassoFast_Dual,I,0.010000000000000004,0.09050000000002001,127.9490643542788
150,0.2,0,random,pcglassoFast_Primal,C,9.999999999999982e-9,2.97849999999994,127.9293417755248
150,0.2,0,random,pcglassoFast_Primal,C,1.5848931924611096e-7,2.22950000000003,127.92934189815797
150,0.2,0,random,pcglassoFast_Primal,C,2.5118864315095806e-6,1.5709999999999127,127.92934495240802
150,0.2,0,random,pcglassoFast_Primal,C,3.98107170553497e-5,0.9385000000002037,127.92939529789125
150,0.2,0,random,pcglassoFast_Primal,C,6.309573444801935e-4,0.5449999999998454,127.92981898913561
150,0.2,0,random,pcglassoFast_Primal,C,0.010000000000000004,0.2235000000001719,127.9531840063024
150,0.2,0,random,pcglassoFast_Primal,I,9.999999999999982e-9,4.147499999999923,127.92934176724482
150,0.2,0,random,pcglassoFast_Primal,I,1.5848931924611096e-7,3.2504999999998745,127.92934200452072
150,0.2,0,random,pcglassoFast_Primal,I,2.5118864315095806e-6,2.27150000000006,127.92934566876318
150,0.2,0,random,pcglassoFast_Primal,I,3.98107170553497e-5,1.4295000000000755,127.9293963476175
150,0.2,0,random,pcglassoFast_Primal,I,6.309573444801935e-4,0.7044999999999391,127.93003301568439
150,0.2,0,random,pcglassoFast_Primal,I,0.010000000000000004,0.34699999999998,127.9423207489279
150,0.2,0,random,pcglassoFast_PrimalDual,C,9.999999999999982e-9,1.406500000000051,127.92934204433017
150,0.2,0,random,pcglassoFast_PrimalDual,C,1.5848931924611096e-7,1.288499999999999,127.92934216047564
150,0.2,0,random,pcglassoFast_PrimalDual,C,2.5118864315095806e-6,0.8925000000000409,127.92934550371828
150,0.2,0,random,pcglassoFast_PrimalDual,C,3.98107170553497e-5,0.6689999999999827,127.92936716243163
150,0.2,0,random,pcglassoFast_PrimalDual,C,6.309573444801935e-4,0.5270000000000437,127.92943780761613
150,0.2,0,random,pcglassoFast_PrimalDual,C,0.010000000000000004,0.3949999999999818,127.93022925531452
150,0.2,0,random,pcglassoFast_PrimalDual,I,9.999999999999982e-9,2.6669999999999163,127.92934172625212
150,0.2,0,random,pcglassoFast_PrimalDual,I,1.5848931924611096e-7,1.8289999999999509,127.92934229458915
150,0.2,0,random,pcglassoFast_PrimalDual,I,2.5118864315095806e-6,1.4664999999999964,127.92934590652273
150,0.2,0,random,pcglassoFast_PrimalDual,I,3.98107170553497e-5,1.0914999999999964,127.92939037923726
150,0.2,0,random,pcglassoFast_PrimalDual,I,6.309573444801935e-4,0.7845000000000937,127.9300319691838
150,0.2,0,random,pcglassoFast_PrimalDual,I,0.010000000000000004,0.5450000000000728,127.93561666167595
150,0.2,0.5,AR2,pcglasso,C,9.999999999999982e-9,0.4559999999999036,126.96304239372235
150,0.2,0.5,AR2,pcglasso,C,1.5848931924611096e-7,0.42999999999995,126.9630423937826
150,0.2,0.5,AR2,pcglasso,C,2.5118864315095806e-6,0.4230000000000018,126.96304240450307
150,0.2,0.5,AR2,pcglasso,C,3.98107170553497e-5,0.31700000000012096,126.96304432245962
150,0.2,0.5,AR2,pcglasso,C,6.309573444801935e-4,0.19900000000006912,126.96347002726324
150,0.2,0.5,AR2,pcglasso,C,0.010000000000000004,0.06300000000010186,235.35954382186958
150,0.2,0.5,AR2,pcglasso,I,9.999999999999982e-9,0.16399999999998727,126.96304239372087
150,0.2,0.5,AR2,pcglasso,I,1.5848931924611096e-7,0.1410000000000764,126.96304239374926
150,0.2,0.5,AR2,pcglasso,I,2.5118864315095806e-6,0.13250000000005002,126.96304239424458
150,0.2,0.5,AR2,pcglasso,I,3.98107170553497e-5,0.09699999999997999,126.96304388167135
150,0.2,0.5,AR2,pcglasso,I,6.309573444801935e-4,0.04599999999982174,126.96399398624756
150,0.2,0.5,AR2,pcglasso,I,0.010000000000000004,0.0204999999998563,128.86183761057703
150,0.2,0.5,AR2,pcglassoFast_Dual,C,9.999999999999982e-9,0.08199999999999363,126.96304239373548
150,0.2,0.5,AR2,pcglassoFast_Dual,C,1.5848931924611096e-7,0.07100000000014006,126.96304239436655
150,0.2,0.5,AR2,pcglassoFast_Dual,C,2.5118864315095806e-6,0.06700000000000728,126.9630424196911
150,0.2,0.5,AR2,pcglassoFast_Dual,C,3.98107170553497e-5,0.06850000000008549,126.9630424196911
150,0.2,0.5,AR2,pcglassoFast_Dual,C,6.309573444801935e-4,0.0625,126.96304365973553
150,0.2,0.5,AR2,pcglassoFast_Dual,C,0.010000000000000004,0.055000000000063665,126.96311160400188
150,0.2,0.5,AR2,pcglassoFast_Dual,I,9.999999999999982e-9,0.0464999999999236,126.96304239372884
150,0.2,0.5,AR2,pcglassoFast_Dual,I,1.5848931924611096e-7,0.039499999999975444,126.96304239414088
150,0.2,0.5,AR2,pcglassoFast_Dual,I,2.5118864315095806e-6,0.03599999999994452,126.96304241164489
150,0.2,0.5,AR2,pcglassoFast_Dual,I,3.98107170553497e-5,0.03449999999997999,126.96304241164489
150,0.2,0.5,AR2,pcglassoFast_Dual,I,6.309573444801935e-4,0.028000000000133696,126.96304323096577
150,0.2,0.5,AR2,pcglassoFast_Dual,I,0.010000000000000004,0.023000000000138243,126.96308621567731
150,0.2,0.5,AR2,pcglassoFast_Primal,C,9.999999999999982e-9,0.30150000000003274,126.96304239373532
150,0.2,0.5,AR2,pcglassoFast_Primal,C,1.5848931924611096e-7,0.2820000000000391,126.96304239435408
150,0.2,0.5,AR2,pcglassoFast_Primal,C,2.5118864315095806e-6,0.24700000000007094,126.96304241886133
150,0.2,0.5,AR2,pcglassoFast_Primal,C,3.98107170553497e-5,0.2420000000000755,126.96304241886133
150,0.2,0.5,AR2,pcglassoFast_Primal,C,6.309573444801935e-4,0.22050000000001546,126.96304359918854
150,0.2,0.5,AR2,pcglassoFast_Primal,C,0.010000000000000004,0.1954999999999245,126.96310723476856
150,0.2,0.5,AR2,pcglassoFast_Primal,I,9.999999999999982e-9,0.15199999999992997,126.9630423937294
150,0.2,0.5,AR2,pcglassoFast_Primal,I,1.5848931924611096e-7,0.12250000000005912,126.96304239415836
150,0.2,0.5,AR2,pcglassoFast_Primal,I,2.5118864315095806e-6,0.10400000000004184,126.96304241219107
150,0.2,0.5,AR2,pcglassoFast_Primal,I,3.98107170553497e-5,0.10099999999999909,126.96304241219107
150,0.2,0.5,AR2,pcglassoFast_Primal,I,6.309573444801935e-4,0.07699999999977081,126.96304324643219
150,0.2,0.5,AR2,pcglassoFast_Primal,I,0.010000000000000004,0.05649999999991451,126.96308649431364
150,0.2,0.5,AR2,pcglassoFast_PrimalDual,C,9.999999999999982e-9,0.23850000000004457,126.96304239373619
150,0.2,0.5,AR2,pcglassoFast_PrimalDual,C,1.5848931924611096e-7,0.2179999999999609,126.96304239438354
150,0.2,0.5,AR2,pcglassoFast_PrimalDual,C,2.5118864315095806e-6,0.2035000000000764,126.96304241995186
150,0.2,0.5,AR2,pcglassoFast_PrimalDual,C,3.98107170553497e-5,0.20250000000021373,126.96304241995186
150,0.2,0.5,AR2,pcglassoFast_PrimalDual,C,6.309573444801935e-4,0.1875,126.96304364846205
150,0.2,0.5,AR2,pcglassoFast_PrimalDual,C,0.010000000000000004,0.17199999999991178,126.96310962897961
150,0.2,0.5,AR2,pcglassoFast_PrimalDual,I,9.999999999999982e-9,0.10050000000001091,126.96304239372948
150,0.2,0.5,AR2,pcglassoFast_PrimalDual,I,1.5848931924611096e-7,0.0845000000000482,126.96304239416115
150,0.2,0.5,AR2,pcglassoFast_PrimalDual,I,2.5118864315095806e-6,0.06900000000007367,126.96304241226368
150,0.2,0.5,AR2,pcglassoFast_PrimalDual,I,3.98107170553497e-5,0.06950000000006185,126.96304241226368
150,0.2,0.5,AR2,pcglassoFast_PrimalDual,I,6.309573444801935e-4,0.0665000000000191,126.96304324796043
150,0.2,0.5,AR2,pcglassoFast_PrimalDual,I,0.010000000000000004,0.041999999999916326,126.96308651047042
150,0.2,0.5,hub_09,pcglasso,C,9.999999999999982e-9,0.24699999999984357,126.98603854437647
150,0.2,0.5,hub_09,pcglasso,C,1.5848931924611096e-7,0.22249999999996817,126.98603889922248
150,0.2,0.5,hub_09,pcglasso,C,2.5118864315095806e-6,0.21450000000004366,126.98604291854838
150,0.2,0.5,hub_09,pcglasso,C,3.98107170553497e-5,0.19650000000012824,126.98668400353964
150,0.2,0.5,hub_09,pcglasso,C,6.309573444801935e-4,0.14449999999999363,127.1263336440521
150,0.2,0.5,hub_09,pcglasso,C,0.010000000000000004,0.0625,179.47958314620345
150,0.2,0.5,hub_09,pcglasso,I,9.999999999999982e-9,0.059499999999957254,126.98603854229546
150,0.2,0.5,hub_09,pcglasso,I,1.5848931924611096e-7,0.039499999999975444,126.9860385869489
150,0.2,0.5,hub_09,pcglasso,I,2.5118864315095806e-6,0.030499999999960892,126.98603909267219
150,0.2,0.5,hub_09,pcglasso,I,3.98107170553497e-5,0.03099999999994907,126.98604528769286
150,0.2,0.5,hub_09,pcglasso,I,6.309573444801935e-4,0.02149999999994634,126.99844463422984
150,0.2,0.5,hub_09,pcglasso,I,0.010000000000000004,0.020999999999958163,128.86183761057703
150,0.2,0.5,hub_09,pcglassoFast_Dual,C,9.999999999999982e-9,0.06349999999997635,126.9860385419959
150,0.2,0.5,hub_09,pcglassoFast_Dual,C,1.5848931924611096e-7,0.06300000000010186,126.9860385419959
150,0.2,0.5,hub_09,pcglassoFast_Dual,C,2.5118864315095806e-6,0.06200000000012551,126.9860385419959
150,0.2,0.5,hub_09,pcglassoFast_Dual,C,3.98107170553497e-5,0.06600000000003092,126.9860385419959
150,0.2,0.5,hub_09,pcglassoFast_Dual,C,6.309573444801935e-4,0.05600000000004002,126.9860385419959
150,0.2,0.5,hub_09,pcglassoFast_Dual,C,0.010000000000000004,0.056500000000028194,126.9860385419959
150,0.2,0.5,hub_09,pcglassoFast_Dual,I,9.999999999999982e-9,0.02500000000009095,126.9860385419959
150,0.2,0.5,hub_09,pcglassoFast_Dual,I,1.5848931924611096e-7,0.024499999999989086,126.9860385419959
150,0.2,0.5,hub_09,pcglassoFast_Dual,I,2.5118864315095806e-6,0.024000000000114596,126.9860385419959
150,0.2,0.5,hub_09,pcglassoFast_Dual,I,3.98107170553497e-5,0.024000000000114596,126.9860385419959
150,0.2,0.5,hub_09,pcglassoFast_Dual,I,6.309573444801935e-4,0.024000000000114596,126.9860385419959
150,0.2,0.5,hub_09,pcglassoFast_Dual,I,0.010000000000000004,0.023500000000012733,126.9860385419959
150,0.2,0.5,hub_09,pcglassoFast_Primal,C,9.999999999999982e-9,0.19900000000006912,126.9860385419959
150,0.2,0.5,hub_09,pcglassoFast_Primal,C,1.5848931924611096e-7,0.20150000000001,126.9860385419959
150,0.2,0.5,hub_09,pcglassoFast_Primal,C,2.5118864315095806e-6,0.2039999999999509,126.9860385419959
150,0.2,0.5,hub_09,pcglassoFast_Primal,C,3.98107170553497e-5,0.19700000000011642,126.9860385419959
150,0.2,0.5,hub_09,pcglassoFast_Primal,C,6.309573444801935e-4,0.17650000000014643,126.9860385419959
150,0.2,0.5,hub_09,pcglassoFast_Primal,C,0.010000000000000004,0.1754999999999427,126.9860385419959
150,0.2,0.5,hub_09,pcglassoFast_Primal,I,9.999999999999982e-9,0.05999999999994543,126.9860385419959
150,0.2,0.5,hub_09,pcglassoFast_Primal,I,1.5848931924611096e-7,0.05800000000010641,126.9860385419959
150,0.2,0.5,hub_09,pcglassoFast_Primal,I,2.5118864315095806e-6,0.0584999999999809,126.9860385419959
150,0.2,0.5,hub_09,pcglassoFast_Primal,I,3.98107170553497e-5,0.06150000000002365,126.9860385419959
150,0.2,0.5,hub_09,pcglassoFast_Primal,I,6.309573444801935e-4,0.05700000000001637,126.9860385419959
150,0.2,0.5,hub_09,pcglassoFast_Primal,I,0.010000000000000004,0.05750000000000455,126.9860385419959
150,0.2,0.5,hub_09,pcglassoFast_PrimalDual,C,9.999999999999982e-9,0.14199999999993906,126.9860385419959
150,0.2,0.5,hub_09,pcglassoFast_PrimalDual,C,1.5848931924611096e-7,0.1430000000000291,126.9860385419959
150,0.2,0.5,hub_09,pcglassoFast_PrimalDual,C,2.5118864315095806e-6,0.13599999999996726,126.9860385419959
150,0.2,0.5,hub_09,pcglassoFast_PrimalDual,C,3.98107170553497e-5,0.13800000000003365,126.9860385419959
150,0.2,0.5,hub_09,pcglassoFast_PrimalDual,C,6.309573444801935e-4,0.12049999999999272,126.9860385419959
150,0.2,0.5,hub_09,pcglassoFast_PrimalDual,C,0.010000000000000004,0.12250000000005912,126.9860385419959
150,0.2,0.5,hub_09,pcglassoFast_PrimalDual,I,9.999999999999982e-9,0.03849999999999909,126.9860385419959
150,0.2,0.5,hub_09,pcglassoFast_PrimalDual,I,1.5848931924611096e-7,0.039499999999975444,126.9860385419959
150,0.2,0.5,hub_09,pcglassoFast_PrimalDual,I,2.5118864315095806e-6,0.0404999999999518,126.9860385419959
150,0.2,0.5,hub_09,pcglassoFast_PrimalDual,I,3.98107170553497e-5,0.039499999999975444,126.9860385419959
150,0.2,0.5,hub_09,pcglassoFast_PrimalDual,I,6.309573444801935e-4,0.03849999999999909,126.9860385419959
150,0.2,0.5,hub_09,pcglassoFast_PrimalDual,I,0.010000000000000004,0.03899999999998727,126.9860385419959
150,0.2,0.5,hub_1,pcglasso,C,9.999999999999982e-9,3.4560000000000173,84.44594903361839
150,0.2,0.5,hub_1,pcglasso,C,1.5848931924611096e-7,2.0065000000000737,84.44595742400747
150,0.2,0.5,hub_1,pcglasso,C,2.5118864315095806e-6,1.787499999999909,84.4499961975026
150,0.2,0.5,hub_1,pcglasso,C,3.98107170553497e-5,1.4315000000000282,84.6462693385343
150,0.2,0.5,hub_1,pcglasso,C,6.309573444801935e-4,0.9500000000000455,108.008145757229
150,0.2,0.5,hub_1,pcglasso,C,0.010000000000000004,0.3605000000000018,386.5606051443022
150,0.2,0.5,hub_1,pcglasso,I,9.999999999999982e-9,3.6760000000000446,84.4459490301168
150,0.2,0.5,hub_1,pcglasso,I,1.5848931924611096e-7,2.725999999999999,84.44595250649228
150,0.2,0.5,hub_1,pcglasso,I,2.5118864315095806e-6,2.3815000000001874,84.44603509123758
150,0.2,0.5,hub_1,pcglasso,I,3.98107170553497e-5,1.02049999999997,84.95268462330222
150,0.2,0.5,hub_1,pcglasso,I,6.309573444801935e-4,0.19749999999987722,104.1517280040099
150,0.2,0.5,hub_1,pcglasso,I,0.010000000000000004,0.07500000000004547,102.93549178497199
150,0.2,0.5,hub_1,pcglassoFast_Dual,C,9.999999999999982e-9,1.2000000000000455,84.44594901870072
150,0.2,0.5,hub_1,pcglassoFast_Dual,C,1.5848931924611096e-7,1.259999999999991,84.44594902672308
150,0.2,0.5,hub_1,pcglassoFast_Dual,C,2.5118864315095806e-6,1.0100000000001046,84.44594963082633
150,0.2,0.5,hub_1,pcglassoFast_Dual,C,3.98107170553497e-5,0.8510000000001128,84.4459662467067
150,0.2,0.5,hub_1,pcglassoFast_Dual,C,6.309573444801935e-4,0.7559999999998581,84.446089711780985
150,0.2,0.5,hub_1,pcglassoFast_Dual,C,0.010000000000000004,0.698500000000081,84.44732684859711
150,0.2,0.5,hub_1,pcglassoFast_Dual,I,9.999999999999982e-9,2.5090000000000146,84.44594902017634
150,0.2,0.5,hub_1,pcglassoFast_Dual,I,1.5848931924611096e-7,2.28449999999998,84.44594905358906
150,0.2,0.5,hub_1,pcglassoFast_Dual,I,2.5118864315095806e-6,2.006999999999948,84.44595235601237
150,0.2,0.5,hub_1,pcglassoFast_Dual,I,3.98107170553497e-5,1.8955000000000837,84.445956624819
150,0.2,0.5,hub_1,pcglassoFast_Dual,I,6.309573444801935e-4,1.6609999999999445,84.44655045550061
150,0.2,0.5,hub_1,pcglassoFast_Dual,I,0.010000000000000004,1.35450000000003,84.44726022310238
150,0.2,0.5,hub_1,pcglassoFast_Primal,C,9.999999999999982e-9,34.76349999999991,84.44595032687718
150,0.2,0.5,hub_1,pcglassoFast_Primal,C,1.5848931924611096e-7,22.56000000000006,84.44595016070093
150,0.2,0.5,hub_1,pcglassoFast_Primal,C,2.5118864315095806e-6,14.015999999999963,84.44598543214454
150,0.2,0.5,hub_1,pcglassoFast_Primal,C,3.98107170553497e-5,5.537999999999897,84.44712335552033
150,0.2,0.5,hub_1,pcglassoFast_Primal,C,6.309573444801935e-4,1.1149999999998954,84.47176070438451
150,0.2,0.5,hub_1,pcglassoFast_Primal,C,0.010000000000000004,0.3854999999999791,84.64181469153544
150,0.2,0.5,hub_1,pcglassoFast_Primal,I,9.999999999999982e-9,39.46600000000001,84.44595035112629
150,0.2,0.5,hub_1,pcglassoFast_Primal,I,1.5848931924611096e-7,27.071000000000026,84.44594966592375
150,0.2,0.5,hub_1,pcglassoFast_Primal,I,2.5118864315095806e-6,17.565500000000043,84.445950529051
150,0.2,0.5,hub_1,pcglassoFast_Primal,I,3.98107170553497e-5,9.646499999999946,84.4461504620281
150,0.2,0.5,hub_1,pcglassoFast_Primal,I,6.309573444801935e-4,3.9500000000000455,84.45104101515804
150,0.2,0.5,hub_1,pcglassoFast_Primal,I,0.010000000000000004,0.9484999999999673,84.4937231024142
150,0.2,0.5,hub_1,pcglassoFast_PrimalDual,C,9.999999999999982e-9,0.22249999999996817,84.44594901563471
150,0.2,0.5,hub_1,pcglassoFast_PrimalDual,C,1.5848931924611096e-7,0.19650000000012824,84.4459490393187
150,0.2,0.5,hub_1,pcglassoFast_PrimalDual,C,2.5118864315095806e-6,0.17799999999999727,84.44594919008968
150,0.2,0.5,hub_1,pcglassoFast_PrimalDual,C,3.98107170553497e-5,0.16050000000018372,84.44595032935504
150,0.2,0.5,hub_1,pcglassoFast_PrimalDual,C,6.309573444801935e-4,0.13650000000006912,84.44603272039521
150,0.2,0.5,hub_1,pcglassoFast_PrimalDual,C,0.010000000000000004,0.12049999999999272,84.44665654715361
150,0.2,0.5,hub_1,pcglassoFast_PrimalDual,I,9.999999999999982e-9,0.43100000000004,84.44594901579435
150,0.2,0.5,hub_1,pcglassoFast_PrimalDual,I,1.5848931924611096e-7,0.41400000000010095,84.44594901982872
150,0.2,0.5,hub_1,pcglassoFast_PrimalDual,I,2.5118864315095806e-6,0.39449999999999363,84.44594921993362
150,0.2,0.5,hub_1,pcglassoFast_PrimalDual,I,3.98107170553497e-5,0.3745000000000118,84.4459504168464
150,0.2,0.5,hub_1,pcglassoFast_PrimalDual,I,6.309573444801935e-4,0.3450000000000273,84.44602255217758
150,0.2,0.5,hub_1,pcglassoFast_PrimalDual,I,0.010000000000000004,0.33150000000000546,84.44654520750595
150,0.2,0.5,random,pcglasso,C,9.999999999999982e-9,2.544999999999959,124.45679053264546
150,0.2,0.5,random,pcglasso,C,1.5848931924611096e-7,2.244000000000028,124.45679118793566
150,0.2,0.5,random,pcglasso,C,2.5118864315095806e-6,1.4915000000000873,124.45692570513704
150,0.2,0.5,random,pcglasso,C,3.98107170553497e-5,0.6910000000000309,124.46588865719984
150,0.2,0.5,random,pcglasso,C,6.309573444801935e-4,0.2644999999999982,126.09749177258674
150,0.2,0.5,random,pcglasso,C,0.010000000000000004,0.060000000000172804,280.48911514183635
150,0.2,0.5,random,pcglasso,I,9.999999999999982e-9,4.592999999999961,124.45679054632568
150,0.2,0.5,random,pcglasso,I,1.5848931924611096e-7,3.048999999999978,124.45679514599351
150,0.2,0.5,random,pcglasso,I,2.5118864315095806e-6,1.2299999999999045,124.45782210865009
150,0.2,0.5,random,pcglasso,I,3.98107170553497e-5,0.4130000000000109,124.49313150248173
150,0.2,0.5,random,pcglasso,I,6.309573444801935e-4,0.10800000000006094,125.20498972708621
150,0.2,0.5,random,pcglasso,I,0.010000000000000004,0.06049999999993361,125.61486252523855
150,0.2,0.5,random,pcglassoFast_Dual,C,9.999999999999982e-9,0.5284999999998945,124.45679053944923
150,0.2,0.5,random,pcglassoFast_Dual,C,1.5848931924611096e-7,0.3484999999999445,124.456790864459
150,0.2,0.5,random,pcglassoFast_Dual,C,2.5118864315095806e-6,0.28100000000006276,124.45679414757213
150,0.2,0.5,random,pcglassoFast_Dual,C,3.98107170553497e-5,0.21650000000011005,124.45682455267747
150,0.2,0.5,random,pcglassoFast_Dual,C,6.309573444801935e-4,0.16049999999995634,124.45731287102345
150,0.2,0.5,random,pcglassoFast_Dual,C,0.010000000000000004,0.08600000000001273,124.46489994449095
150,0.2,0.5,random,pcglassoFast_Dual,I,9.999999999999982e-9,0.4660000000000082,124.4567905567348
150,0.2,0.5,random,pcglassoFast_Dual,I,1.5848931924611096e-7,0.3914999999999509,124.45679085922346
150,0.2,0.5,random,pcglassoFast_Dual,I,2.5118864315095806e-6,0.21249999999997726,124.45680003345464
150,0.2,0.5,random,pcglassoFast_Dual,I,3.98107170553497e-5,0.1795000000000755,124.45682376321307
150,0.2,0.5,random,pcglassoFast_Dual,I,6.309573444801935e-4,0.11950000000013006,124.45744027313002
150,0.2,0.5,random,pcglassoFast_Dual,I,0.010000000000000004,0.08400000000006003,124.46173352760312
150,0.2,0.5,random,pcglassoFast_Primal,C,9.999999999999982e-9,1.2975000000000136,124.45679056482268
150,0.2,0.5,random,pcglassoFast_Primal,C,1.5848931924611096e-7,0.98599999999999,124.45679112667739
150,0.2,0.5,random,pcglassoFast_Primal,C,2.5118864315095806e-6,0.6475000000000364,124.45679992389138
150,0.2,0.5,random,pcglassoFast_Primal,C,3.98107170553497e-5,0.4494999999999436,124.45686558181151
150,0.2,0.5,random,pcglassoFast_Primal,C,6.309573444801935e-4,0.3384999999999536,124.45738199771517
150,0.2,0.5,random,pcglassoFast_Primal,C,0.010000000000000004,0.22900000000004184,124.46218044533899
150,0.2,0.5,random,pcglassoFast_Primal,I,9.999999999999982e-9,1.7620000000000573,124.45679056215428
150,0.2,0.5,random,pcglassoFast_Primal,I,1.5848931924611096e-7,1.3740000000000236,124.45679123348638
150,0.2,0.5,random,pcglassoFast_Primal,I,2.5118864315095806e-6,1.0769999999999982,124.45680023665814
150,0.2,0.5,random,pcglassoFast_Primal,I,3.98107170553497e-5,0.7425000000000637,124.45693196711751
150,0.2,0.5,random,pcglassoFast_Primal,I,6.309573444801935e-4,0.4415000000000191,124.45813387987282
150,0.2,0.5,random,pcglassoFast_Primal,I,0.010000000000000004,0.18050000000005184,124.47381321498241
150,0.2,0.5,random,pcglassoFast_PrimalDual,C,9.999999999999982e-9,2.739500000000021,124.45679055175758
150,0.2,0.5,random,pcglassoFast_PrimalDual,C,1.5848931924611096e-7,2.014499999999998,124.45679094816893
150,0.2,0.5,random,pcglassoFast_PrimalDual,C,2.5118864315095806e-6,1.4930000000000518,124.45679751711421
150,0.2,0.5,random,pcglassoFast_PrimalDual,C,3.98107170553497e-5,1.009499999999889,124.45688827158124
150,0.2,0.5,random,pcglassoFast_PrimalDual,C,6.309573444801935e-4,0.6030000000000655,124.45768244626841
150,0.2,0.5,random,pcglassoFast_PrimalDual,C,0.010000000000000004,0.47649999999998727,124.45968407049797
150,0.2,0.5,random,pcglassoFast_PrimalDual,I,9.999999999999982e-9,2.8775000000000546,124.45679055050562
150,0.2,0.5,random,pcglassoFast_PrimalDual,I,1.5848931924611096e-7,2.597499999999968,124.45679092359941
150,0.2,0.5,random,pcglassoFast_PrimalDual,I,2.5118864315095806e-6,1.808499999999981,124.45679719277807
150,0.2,0.5,random,pcglassoFast_PrimalDual,I,3.98107170553497e-5,1.31149999999991,124.45690095550529
150,0.2,0.5,random,pcglassoFast_PrimalDual,I,6.309573444801935e-4,0.7045000000000528,124.45837130418066
150,0.2,0.5,random,pcglassoFast_PrimalDual,I,0.010000000000000004,0.43849999999997635,124.46351252268829
200,0.1,0,AR2,pcglasso,C,9.999999999999982e-9,4.070000000000007,163.96660534629484
200,0.1,0,AR2,pcglasso,C,1.5848931924611096e-7,3.180499999999995,163.96660634016365
200,0.1,0,AR2,pcglasso,C,2.5118864315095806e-6,2.85349999999994,163.9666435121603
200,0.1,0,AR2,pcglasso,C,3.98107170553497e-5,1.4490000000000691,163.9952212540592
200,0.1,0,AR2,pcglasso,C,6.309573444801935e-4,0.3589999999999236,173.38543419212897
200,0.1,0,AR2,pcglasso,C,0.010000000000000004,0.13999999999987267,207.55883647093833
200,0.1,0,AR2,pcglasso,I,9.999999999999982e-9,3.041499999999985,163.9666053545023
200,0.1,0,AR2,pcglasso,I,1.5848931924611096e-7,2.4744999999999777,163.96660611629687
200,0.1,0,AR2,pcglasso,I,2.5118864315095806e-6,1.9944999999999027,163.96665375951662
200,0.1,0,AR2,pcglasso,I,3.98107170553497e-5,0.8785000000000309,164.0014653374186
200,0.1,0,AR2,pcglasso,I,6.309573444801935e-4,0.2949999999999591,165.05258207640432
200,0.1,0,AR2,pcglasso,I,0.010000000000000004,0.13400000000001455,168.74017494271988
200,0.1,0,AR2,pcglassoFast_Dual,C,9.999999999999982e-9,0.5879999999999974,163.9666053397728
200,0.1,0,AR2,pcglassoFast_Dual,C,1.5848931924611096e-7,0.3599999999999568,163.96660539000757
200,0.1,0,AR2,pcglassoFast_Dual,C,2.5118864315095806e-6,0.3345000000000482,163.96660586772174
200,0.1,0,AR2,pcglassoFast_Dual,C,3.98107170553497e-5,0.30949999999995725,163.96661316122055
200,0.1,0,AR2,pcglassoFast_Dual,C,6.309573444801935e-4,0.37350000000003547,163.96672011030856
200,0.1,0,AR2,pcglassoFast_Dual,C,0.010000000000000004,0.24249999999994998,163.96915784854573
200,0.1,0,AR2,pcglassoFast_Dual,I,9.999999999999982e-9,0.41450000000000387,163.96660534009987
200,0.1,0,AR2,pcglassoFast_Dual,I,1.5848931924611096e-7,0.39800000000002456,163.96660535566411
200,0.1,0,AR2,pcglassoFast_Dual,I,2.5118864315095806e-6,0.24249999999994998,163.96660610718126
200,0.1,0,AR2,pcglassoFast_Dual,I,3.98107170553497e-5,0.22300000000007003,163.96660839559945
200,0.1,0,AR2,pcglassoFast_Dual,I,6.309573444801935e-4,0.19600000000002638,163.96690553062416
200,0.1,0,AR2,pcglassoFast_Dual,I,0.010000000000000004,0.14950000000010277,163.9720717113887
200,0.1,0,AR2,pcglassoFast_Primal,C,9.999999999999982e-9,1.758499999999998,163.96660534185673
200,0.1,0,AR2,pcglassoFast_Primal,C,1.5848931924611096e-7,1.305499999999995,163.96660537989527
200,0.1,0,AR2,pcglassoFast_Primal,C,2.5118864315095806e-6,1.1335000000000264,163.96660604544957
200,0.1,0,AR2,pcglassoFast_Primal,C,3.98107170553497e-5,0.9455000000000382,163.9666195082414
200,0.1,0,AR2,pcglassoFast_Primal,C,6.309573444801935e-4,0.8099999999999454,163.96672121568412
200,0.1,0,AR2,pcglassoFast_Primal,C,0.010000000000000004,0.64549999999997,163.96982147045586
200,0.1,0,AR2,pcglassoFast_Primal,I,9.999999999999982e-9,1.498500000000007,163.96660534427554
200,0.1,0,AR2,pcglassoFast_Primal,I,1.5848931924611096e-7,1.204999999999984,163.96660541603984
200,0.1,0,AR2,pcglassoFast_Primal,I,2.5118864315095806e-6,1.08299999999997,163.96660589696614
200,0.1,0,AR2,pcglassoFast_Primal,I,3.98107170553497e-5,0.9004999999999654,163.96661769307525
200,0.1,0,AR2,pcglassoFast_Primal,I,6.309573444801935e-4,0.75649999999996,163.96671113972002
200,0.1,0,AR2,pcglassoFast_Primal,I,0.010000000000000004,0.5715000000000146,163.96966961996162
200,0.1,0,AR2,pcglassoFast_PrimalDual,C,9.999999999999982e-9,2.8140000000000214,163.96660534360194
200,0.1,0,AR2,pcglassoFast_PrimalDual,C,1.5848931924611096e-7,2.3804999999999836,163.96660537558614
200,0.1,0,AR2,pcglassoFast_PrimalDual,C,2.5118864315095806e-6,2.0990000000000464,163.96660571964196
200,0.1,0,AR2,pcglassoFast_PrimalDual,C,3.98107170553497e-5,1.7925000000000182,163.9666098439778
200,0.1,0,AR2,pcglassoFast_PrimalDual,C,6.309573444801935e-4,1.3199999999999363,163.9668040694968
200,0.1,0,AR2,pcglassoFast_PrimalDual,C,0.010000000000000004,0.9994999999998981,163.96914232436666
200,0.1,0,AR2,pcglassoFast_PrimalDual,I,9.999999999999982e-9,2.7245000000000346,163.96660534413684
200,0.1,0,AR2,pcglassoFast_PrimalDual,I,1.5848931924611096e-7,2.4220000000000255,163.96660537905748
200,0.1,0,AR2,pcglassoFast_PrimalDual,I,2.5118864315095806e-6,2.1774999999998954,163.96660575415262
200,0.1,0,AR2,pcglassoFast_PrimalDual,I,3.98107170553497e-5,1.7404999999998836,163.9666102444265
200,0.1,0,AR2,pcglassoFast_PrimalDual,I,6.309573444801935e-4,1.3110000000000355,163.96682032318986
200,0.1,0,AR2,pcglassoFast_PrimalDual,I,0.010000000000000004,1.0734999999999673,163.96931998569903
200,0.1,0,hub_09,pcglasso,C,9.999999999999982e-9,2.3995000000000033,197.2643520603396
200,0.1,0,hub_09,pcglasso,C,1.5848931924611096e-7,1.8079999999999927,197.26435212663063
200,0.1,0,hub_09,pcglasso,C,2.5118864315095806e-6,1.4524999999999864,197.264353053967
200,0.1,0,hub_09,pcglasso,C,3.98107170553497e-5,0.8710000000000946,197.26522648434124
200,0.1,0,hub_09,pcglasso,C,6.309573444801935e-4,0.4254999999999427,197.76794425033705
200,0.1,0,hub_09,pcglasso,C,0.010000000000000004,0.10750000000007276,237.50262516022943
200,0.1,0,hub_09,pcglasso,I,9.999999999999982e-9,2.4014999999999986,197.26435206041072
200,0.1,0,hub_09,pcglasso,I,1.5848931924611096e-7,2.0224999999999795,197.26435206376624
200,0.1,0,hub_09,pcglasso,I,2.5118864315095806e-6,1.4309999999999263,197.26435816068266
200,0.1,0,hub_09,pcglasso,I,3.98107170553497e-5,0.8065000000000282,197.26445375953264
200,0.1,0,hub_09,pcglasso,I,6.309573444801935e-4,0.23949999999990723,197.63290915864718
200,0.1,0,hub_09,pcglasso,I,0.010000000000000004,0.22550000000001091,197.53245125163176
200,0.1,0,hub_09,pcglassoFast_Dual,C,9.999999999999982e-9,0.430499999999995,197.26435206529254
200,0.1,0,hub_09,pcglassoFast_Dual,C,1.5848931924611096e-7,0.3745000000000118,197.26435208466629
200,0.1,0,hub_09,pcglassoFast_Dual,C,2.5118864315095806e-6,0.2165000000000532,197.26435471328628
200,0.1,0,hub_09,pcglassoFast_Dual,C,3.98107170553497e-5,0.1854999999999336,197.26436008987145
200,0.1,0,hub_09,pcglassoFast_Dual,C,6.309573444801935e-4,0.15150000000005548,197.26465079866747
200,0.1,0,hub_09,pcglassoFast_Dual,C,0.010000000000000004,0.14000000000010004,197.26465414440963
200,0.1,0,hub_09,pcglassoFast_Dual,I,9.999999999999982e-9,0.3474999999999966,197.26435205530026
200,0.1,0,hub_09,pcglassoFast_Dual,I,1.5848931924611096e-7,0.20899999999997476,197.26435206770594
200,0.1,0,hub_09,pcglassoFast_Dual,I,2.5118864315095806e-6,0.15300000000002,197.26435313400455
200,0.1,0,hub_09,pcglassoFast_Dual,I,3.98107170553497e-5,0.12050000000010641,197.26439054482088
200,0.1,0,hub_09,pcglassoFast_Dual,I,6.309573444801935e-4,0.10199999999986176,197.26448802758406
200,0.1,0,hub_09,pcglassoFast_Dual,I,0.010000000000000004,0.08849999999995362,197.2647210994268
200,0.1,0,hub_09,pcglassoFast_Primal,C,9.999999999999982e-9,1.2059999999999995,197.26435205158268
200,0.1,0,hub_09,pcglassoFast_Primal,C,1.5848931924611096e-7,0.6844999999999857,197.2643520644208
200,0.1,0,hub_09,pcglassoFast_Primal,C,2.5118864315095806e-6,0.624499999999955,197.26435215518063
200,0.1,0,hub_09,pcglassoFast_Primal,C,3.98107170553497e-5,0.56899999999996,197.26435343307676
200,0.1,0,hub_09,pcglassoFast_Primal,C,6.309573444801935e-4,0.5109999999999673,197.26437579989442
200,0.1,0,hub_09,pcglassoFast_Primal,C,0.010000000000000004,0.44849999999996726,197.26480453342853
200,0.1,0,hub_09,pcglassoFast_Primal,I,9.999999999999982e-9,0.616999999999976,197.2643520528415
200,0.1,0,hub_09,pcglassoFast_Primal,I,1.5848931924611096e-7,0.5594999999999573,197.26435206091014
200,0.1,0,hub_09,pcglassoFast_Primal,I,2.5118864315095806e-6,0.49350000000004,197.26435213689672
200,0.1,0,hub_09,pcglassoFast_Primal,I,3.98107170553497e-5,0.4354999999999336,197.2643531868451
200,0.1,0,hub_09,pcglassoFast_Primal,I,6.309573444801935e-4,0.3734999999999218,197.26436921249513
200,0.1,0,hub_09,pcglassoFast_Primal,I,0.010000000000000004,0.30949999999995725,197.26459548292334
200,0.1,0,hub_09,pcglassoFast_PrimalDual,C,9.999999999999982e-9,0.9744999999999919,197.26435205106458
200,0.1,0,hub_09,pcglassoFast_PrimalDual,C,1.5848931924611096e-7,0.8985000000000127,197.2643520517077
200,0.1,0,hub_09,pcglassoFast_PrimalDual,C,2.5118864315095806e-6,0.9239999999999782,197.26435206723335
200,0.1,0,hub_09,pcglassoFast_PrimalDual,C,3.98107170553497e-5,0.7509999999998627,197.26435247125684
200,0.1,0,hub_09,pcglassoFast_PrimalDual,C,6.309573444801935e-4,0.6525000000000318,197.2643633897019
200,0.1,0,hub_09,pcglassoFast_PrimalDual,C,0.010000000000000004,0.5554999999999382,197.26466553233092
200,0.1,0,hub_09,pcglassoFast_PrimalDual,I,9.999999999999982e-9,0.8889999999999816,197.2643520513729
200,0.1,0,hub_09,pcglassoFast_PrimalDual,I,1.5848931924611096e-7,0.9370000000000118,197.26435205575314
200,0.1,0,hub_09,pcglassoFast_PrimalDual,I,2.5118864315095806e-6,0.7309999999999945,197.26435212004918
200,0.1,0,hub_09,pcglassoFast_PrimalDual,I,3.98107170553497e-5,0.6495000000001028,197.26435306504618
200,0.1,0,hub_09,pcglassoFast_PrimalDual,I,6.309573444801935e-4,0.5500000000000682,197.2643669634811
200,0.1,0,hub_09,pcglassoFast_PrimalDual,I,0.010000000000000004,0.5749999999999318,197.26457043394583
200,0.1,0,hub_1,pcglasso,C,9.999999999999982e-9,51.037000000000006,68.66445710051312
200,0.1,0,hub_1,pcglasso,C,1.5848931924611096e-7,25.894000000000005,68.66458323675842
200,0.1,0,hub_1,pcglasso,C,2.5118864315095806e-6,21.849000000000046,68.66467979513507
200,0.1,0,hub_1,pcglasso,C,3.98107170553497e-5,10.25100000000009,68.9502360095897
200,0.1,0,hub_1,pcglasso,C,6.309573444801935e-4,8.903999999999996,84.43990635523804
200,0.1,0,hub_1,pcglasso,C,0.010000000000000004,2.1725000000000136,209.4701331057515
200,0.1,0,hub_1,pcglasso,I,9.999999999999982e-9,184.01850000000002,68.66445696744753
200,0.1,0,hub_1,pcglasso,I,1.5848931924611096e-7,118.543,68.66445741852802
200,0.1,0,hub_1,pcglasso,I,2.5118864315095806e-6,60.414499999999975,68.66458786010644
200,0.1,0,hub_1,pcglasso,I,3.98107170553497e-5,1.3959999999999582,75.50731662581254
200,0.1,0,hub_1,pcglasso,I,6.309573444801935e-4,1.3119999999998981,76.09532671209743
200,0.1,0,hub_1,pcglasso,I,0.010000000000000004,0.7285000000000537,78.24518838479725
200,0.1,0,hub_1,pcglassoFast_Dual,C,9.999999999999982e-9,52.676500000000004,68.66445700782455
200,0.1,0,hub_1,pcglassoFast_Dual,C,1.5848931924611096e-7,39.74250000000001,68.6644580305911
200,0.1,0,hub_1,pcglassoFast_Dual,C,2.5118864315095806e-6,32.86800000000005,68.66446742262929
200,0.1,0,hub_1,pcglassoFast_Dual,C,3.98107170553497e-5,23.177999999999997,68.66483517487546
200,0.1,0,hub_1,pcglassoFast_Dual,C,6.309573444801935e-4,17.210500000000025,68.67910570070184
200,0.1,0,hub_1,pcglassoFast_Dual,C,0.010000000000000004,14.76299999999992,68.69639779586714
200,0.1,0,hub_1,pcglassoFast_Dual,I,9.999999999999982e-9,158.107,68.6644569796464
200,0.1,0,hub_1,pcglassoFast_Dual,I,1.5848931924611096e-7,150.41300000000007,68.66445781344137
200,0.1,0,hub_1,pcglassoFast_Dual,I,2.5118864315095806e-6,141.6124999999999,68.66447519401322
200,0.1,0,hub_1,pcglassoFast_Dual,I,3.98107170553497e-5,131.51199999999994,68.66460893636686
200,0.1,0,hub_1,pcglassoFast_Dual,I,6.309573444801935e-4,117.59800000000007,68.67341045385618
200,0.1,0,hub_1,pcglassoFast_Dual,I,0.010000000000000004,111.86950000000002,68.70439997917717
200,0.1,0,hub_1,pcglassoFast_Primal,C,9.999999999999982e-9,22.301000000000002,68.66445710019707
200,0.1,0,hub_1,pcglassoFast_Primal,C,1.5848931924611096e-7,15.021000000000015,68.66445932555531
200,0.1,0,hub_1,pcglassoFast_Primal,C,2.5118864315095806e-6,11.302499999999895,68.66448627475783
200,0.1,0,hub_1,pcglassoFast_Primal,C,3.98107170553497e-5,9.836500000000001,68.66449220932728
200,0.1,0,hub_1,pcglassoFast_Primal,C,6.309573444801935e-4,6.530499999999961,68.6650755004579
200,0.1,0,hub_1,pcglassoFast_Primal,C,0.010000000000000004,4.0359999999999445,68.67789851025897
200,0.1,0,hub_1,pcglassoFast_Primal,I,9.999999999999982e-9,18.904499999999985,68.6644570945149
200,0.1,0,hub_1,pcglassoFast_Primal,I,1.5848931924611096e-7,14.593499999999977,68.66445914154946
200,0.1,0,hub_1,pcglassoFast_Primal,I,2.5118864315095806e-6,11.312000000000012,68.6644804781295
200,0.1,0,hub_1,pcglassoFast_Primal,I,3.98107170553497e-5,9.700000000000045,68.66451771248882
200,0.1,0,hub_1,pcglassoFast_Primal,I,6.309573444801935e-4,8.014499999999884,68.66528354897079
200,0.1,0,hub_1,pcglassoFast_Primal,I,0.010000000000000004,5.692000000000007,68.68563026549155
200,0.1,0,hub_1,pcglassoFast_PrimalDual,C,9.999999999999982e-9,4.599999999999994,68.66445695954694
200,0.1,0,hub_1,pcglassoFast_PrimalDual,C,1.5848931924611096e-7,3.8740000000000236,68.66445719867994
200,0.1,0,hub_1,pcglassoFast_PrimalDual,C,2.5118864315095806e-6,3.164000000000044,68.66446176017791
200,0.1,0,hub_1,pcglassoFast_PrimalDual,C,3.98107170553497e-5,2.2694999999999936,68.664545534577
200,0.1,0,hub_1,pcglassoFast_PrimalDual,C,6.309573444801935e-4,1.6215000000000828,68.66561856809726
200,0.1,0,hub_1,pcglassoFast_PrimalDual,C,0.010000000000000004,1.0340000000001055,68.68087609330637
200,0.1,0,hub_1,pcglassoFast_PrimalDual,I,9.999999999999982e-9,11.193999999999988,68.6644569603133
200,0.1,0,hub_1,pcglassoFast_PrimalDual,I,1.5848931924611096e-7,10.558499999999981,68.6644571702873
200,0.1,0,hub_1,pcglassoFast_PrimalDual,I,2.5118864315095806e-6,9.676500000000033,68.66446102132232
200,0.1,0,hub_1,pcglassoFast_PrimalDual,I,3.98107170553497e-5,8.926000000000158,68.66453293152959
200,0.1,0,hub_1,pcglassoFast_PrimalDual,I,6.309573444801935e-4,7.876999999999953,68.66583240551144
200,0.1,0,hub_1,pcglassoFast_PrimalDual,I,0.010000000000000004,7.081000000000017,68.68694735960612
200,0.1,0,random,pcglasso,C,9.999999999999982e-9,19.081500000000005,146.15225822880404
200,0.1,0,random,pcglasso,C,1.5848931924611096e-7,12.00800000000001,146.15234414823576
200,0.1,0,random,pcglasso,C,2.5118864315095806e-6,6.425000000000011,146.1621107793429
200,0.1,0,random,pcglasso,C,3.98107170553497e-5,2.111499999999978,147.41982419682398
200,0.1,0,random,pcglasso,C,6.309573444801935e-4,1.148499999999899,168.028581315188
200,0.1,0,random,pcglasso,C,0.010000000000000004,0.18700000000001182,295.69267128375003
200,0.1,0,random,pcglasso,I,9.999999999999982e-9,20.53249999999997,146.15225827598206
200,0.1,0,random,pcglasso,I,1.5848931924611096e-7,15.842000000000041,146.15230503509278
200,0.1,0,random,pcglasso,I,2.5118864315095806e-6,6.746000000000095,146.209058712333
200,0.1,0,random,pcglasso,I,3.98107170553497e-5,2.15949999999998,147.80179357997352
200,0.1,0,random,pcglasso,I,6.309573444801935e-4,0.8290000000000646,151.48529972441048
200,0.1,0,random,pcglasso,I,0.010000000000000004,0.41650000000004184,155.92607412029957
200,0.1,0,random,pcglassoFast_Dual,C,9.999999999999982e-9,10.274999999999999,146.15225793740774
200,0.1,0,random,pcglassoFast_Dual,C,1.5848931924611096e-7,7.326999999999998,146.15225907315366
200,0.1,0,random,pcglassoFast_Dual,C,2.5118864315095806e-6,3.375,146.15231009141905
200,0.1,0,random,pcglassoFast_Dual,C,3.98107170553497e-5,2.7205000000000155,146.15233911634203
200,0.1,0,random,pcglassoFast_Dual,C,6.309573444801935e-4,1.41599999999994,146.15765671997875
200,0.1,0,random,pcglassoFast_Dual,C,0.010000000000000004,1.254000000000019,146.1601037116266
200,0.1,0,random,pcglassoFast_Dual,I,9.999999999999982e-9,8.01400000000001,146.15225794836226
200,0.1,0,random,pcglassoFast_Dual,I,1.5848931924611096e-7,6.874499999999955,146.1522590556591
200,0.1,0,random,pcglassoFast_Dual,I,2.5118864315095806e-6,6.694500000000005,146.15226652089552
200,0.1,0,random,pcglassoFast_Dual,I,3.98107170553497e-5,6.316000000000031,146.15233714399326
200,0.1,0,random,pcglassoFast_Dual,I,6.309573444801935e-4,5.586999999999989,146.15310911471465
200,0.1,0,random,pcglassoFast_Dual,I,0.010000000000000004,4.304000000000087,146.2615685101295
200,0.1,0,random,pcglassoFast_Primal,C,9.999999999999982e-9,30.338,146.1522586532408
200,0.1,0,random,pcglassoFast_Primal,C,1.5848931924611096e-7,17.525500000000022,146.1522596675544
200,0.1,0,random,pcglassoFast_Primal,C,2.5118864315095806e-6,8.372000000000014,146.15226400838452
200,0.1,0,random,pcglassoFast_Primal,C,3.98107170553497e-5,4.74899999999991,146.1523508247057
200,0.1,0,random,pcglassoFast_Primal,C,6.309573444801935e-4,2.524500000000046,146.1540321707763
200,0.1,0,random,pcglassoFast_Primal,C,0.010000000000000004,1.3669999999999618,146.16957431860607
200,0.1,0,random,pcglassoFast_Primal,I,9.999999999999982e-9,54.05799999999999,146.15225862392853
200,0.1,0,random,pcglassoFast_Primal,I,1.5848931924611096e-7,35.71949999999998,146.15225953868327
200,0.1,0,random,pcglassoFast_Primal,I,2.5118864315095806e-6,23.582499999999982,146.15226486438704
200,0.1,0,random,pcglassoFast_Primal,I,3.98107170553497e-5,11.329499999999996,146.15234004238226
200,0.1,0,random,pcglassoFast_Primal,I,6.309573444801935e-4,5.413499999999999,146.1538537558013
200,0.1,0,random,pcglassoFast_Primal,I,0.010000000000000004,3.019999999999868,146.19634915916313
200,0.1,0,random,pcglassoFast_PrimalDual,C,9.999999999999982e-9,8.508500000000005,146.15225788698268
200,0.1,0,random,pcglassoFast_PrimalDual,C,1.5848931924611096e-7,5.791499999999985,146.15225868067807
200,0.1,0,random,pcglassoFast_PrimalDual,C,2.5118864315095806e-6,4.336500000000115,146.15226559181673
200,0.1,0,random,pcglassoFast_PrimalDual,C,3.98107170553497e-5,2.7010000000001355,146.15236606009077
200,0.1,0,random,pcglassoFast_PrimalDual,C,6.309573444801935e-4,1.5585000000000377,146.15352110531975
200,0.1,0,random,pcglassoFast_PrimalDual,C,0.010000000000000004,0.9474999999999909,146.1572534104054
200,0.1,0,random,pcglassoFast_PrimalDual,I,9.999999999999982e-9,15.117500000000007,146.15225787426363
200,0.1,0,random,pcglassoFast_PrimalDual,I,1.5848931924611096e-7,9.588999999999999,146.15225861465586
200,0.1,0,random,pcglassoFast_PrimalDual,I,2.5118864315095806e-6,7.879500000000007,146.1522647888949
200,0.1,0,random,pcglassoFast_PrimalDual,I,3.98107170553497e-5,6.26400000000001,146.1523737116406
200,0.1,0,random,pcglassoFast_PrimalDual,I,6.309573444801935e-4,5.124000000000137,146.15372074661235
200,0.1,0,random,pcglassoFast_PrimalDual,I,0.010000000000000004,3.0950000000000273,146.19971127051662
200,0.1,0.5,AR2,pcglasso,C,9.999999999999982e-9,1.600999999999999,167.0540789038516
200,0.1,0.5,AR2,pcglasso,C,1.5848931924611096e-7,1.4460000000000264,167.05407921453823
200,0.1,0.5,AR2,pcglasso,C,2.5118864315095806e-6,1.267500000000041,167.05407947544785
200,0.1,0.5,AR2,pcglasso,C,3.98107170553497e-5,0.8519999999998618,167.05441990183414
200,0.1,0.5,AR2,pcglasso,C,6.309573444801935e-4,0.4479999999998654,167.1187698225142
200,0.1,0.5,AR2,pcglasso,C,0.010000000000000004,0.1349999999999909,277.7360623584828
200,0.1,0.5,AR2,pcglasso,I,9.999999999999982e-9,0.7200000000000273,167.05407890384703
200,0.1,0.5,AR2,pcglasso,I,1.5848931924611096e-7,0.6134999999999877,167.05407893284325
200,0.1,0.5,AR2,pcglasso,I,2.5118864315095806e-6,0.5380000000000109,167.05407988254493
200,0.1,0.5,AR2,pcglasso,I,3.98107170553497e-5,0.3425000000000864,167.0541149071716
200,0.1,0.5,AR2,pcglasso,I,6.309573444801935e-4,0.12450000000001182,167.07670393209258
200,0.1,0.5,AR2,pcglasso,I,0.010000000000000004,0.10249999999996362,167.09303716718608
200,0.1,0.5,AR2,pcglassoFast_Dual,C,9.999999999999982e-9,0.22849999999999682,167.0540789038921
200,0.1,0.5,AR2,pcglassoFast_Dual,C,1.5848931924611096e-7,0.22149999999999181,167.0540789051186
200,0.1,0.5,AR2,pcglassoFast_Dual,C,2.5118864315095806e-6,0.19549999999998136,167.05407892970555
200,0.1,0.5,AR2,pcglassoFast_Dual,C,3.98107170553497e-5,0.1795000000000755,167.05407942592024
200,0.1,0.5,AR2,pcglassoFast_Dual,C,6.309573444801935e-4,0.16899999999998272,167.054089599595
200,0.1,0.5,AR2,pcglassoFast_Dual,C,0.010000000000000004,0.14899999999988722,167.0542913476329
200,0.1,0.5,AR2,pcglassoFast_Dual,I,9.999999999999982e-9,0.15499999999997272,167.05407890390558
200,0.1,0.5,AR2,pcglassoFast_Dual,I,1.5848931924611096e-7,0.1349999999999909,167.0540789052256
200,0.1,0.5,AR2,pcglassoFast_Dual,I,2.5118864315095806e-6,0.12399999999990996,167.0540789233807
200,0.1,0.5,AR2,pcglassoFast_Dual,I,3.98107170553497e-5,0.1069999999999709,167.05407917746248
200,0.1,0.5,AR2,pcglassoFast_Dual,I,6.309573444801935e-4,0.09300000000007458,167.05408280171616
200,0.1,0.5,AR2,pcglassoFast_Dual,I,0.010000000000000004,0.08000000000015461,167.05413399485022
200,0.1,0.5,AR2,pcglassoFast_Primal,C,9.999999999999982e-9,1.0039999999999978,167.05407890395892
200,0.1,0.5,AR2,pcglassoFast_Primal,C,1.5848931924611096e-7,0.8104999999999905,167.05407890581574
200,0.1,0.5,AR2,pcglassoFast_Primal,C,2.5118864315095806e-6,0.7490000000000236,167.05407893936598
200,0.1,0.5,AR2,pcglassoFast_Primal,C,3.98107170553497e-5,0.6900000000000546,167.0540795421146
200,0.1,0.5,AR2,pcglassoFast_Primal,C,6.309573444801935e-4,0.6175000000000637,167.05409056264193
200,0.1,0.5,AR2,pcglassoFast_Primal,C,0.010000000000000004,0.5449999999999591,167.0542964131409
200,0.1,0.5,AR2,pcglassoFast_Primal,I,9.999999999999982e-9,0.6114999999999924,167.05407890403632
200,0.1,0.5,AR2,pcglassoFast_Primal,I,1.5848931924611096e-7,0.5410000000000252,167.0540789066745
200,0.1,0.5,AR2,pcglassoFast_Primal,I,2.5118864315095806e-6,0.4849999999999568,167.0540789394087
200,0.1,0.5,AR2,pcglassoFast_Primal,I,3.98107170553497e-5,0.4255000000000564,167.05407935334546
200,0.1,0.5,AR2,pcglassoFast_Primal,I,6.309573444801935e-4,0.36599999999998545,167.05408469063107
200,0.1,0.5,AR2,pcglassoFast_Primal,I,0.010000000000000004,0.2944999999999709,167.0541552411616
200,0.1,0.5,AR2,pcglassoFast_PrimalDual,C,9.999999999999982e-9,1.054000000000002,167.0540789043322
200,0.1,0.5,AR2,pcglassoFast_PrimalDual,C,1.5848931924611096e-7,0.9755000000000109,167.05407890957895
200,0.1,0.5,AR2,pcglassoFast_PrimalDual,C,2.5118864315095806e-6,0.9395000000000664,167.05407898970716
200,0.1,0.5,AR2,pcglassoFast_PrimalDual,C,3.98107170553497e-5,0.8440000000000509,167.05408020948528
200,0.1,0.5,AR2,pcglassoFast_PrimalDual,C,6.309573444801935e-4,0.7454999999999927,167.05409919471663
200,0.1,0.5,AR2,pcglassoFast_PrimalDual,C,0.010000000000000004,0.6829999999999927,167.05440121164392
200,0.1,0.5,AR2,pcglassoFast_PrimalDual,I,9.999999999999982e-9,0.6175000000000068,167.05407890430968
200,0.1,0.5,AR2,pcglassoFast_PrimalDual,I,1.5848931924611096e-7,0.5515000000000896,167.05407890935783
200,0.1,0.5,AR2,pcglassoFast_PrimalDual,I,2.5118864315095806e-6,0.4864999999998645,167.0540789656791
200,0.1,0.5,AR2,pcglassoFast_PrimalDual,I,3.98107170553497e-5,0.42049999999994725,167.05407960772058
200,0.1,0.5,AR2,pcglassoFast_PrimalDual,I,6.309573444801935e-4,0.34800000000007003,167.0540870932211
200,0.1,0.5,AR2,pcglassoFast_PrimalDual,I,0.010000000000000004,0.2724999999999227,167.05417691852242
200,0.1,0.5,hub_09,pcglasso,C,9.999999999999982e-9,3.252500000000026,169.31078643532203
200,0.1,0.5,hub_09,pcglasso,C,1.5848931924611096e-7,3.0219999999999914,169.31078643536696
200,0.1,0.5,hub_09,pcglasso,C,2.5118864315095806e-6,2.9085000000000036,169.31078643545524
200,0.1,0.5,hub_09,pcglasso,C,3.98107170553497e-5,1.50649999999996,169.31078651701503
200,0.1,0.5,hub_09,pcglasso,C,6.309573444801935e-4,0.44200000000012096,169.40235438351027
200,0.1,0.5,hub_09,pcglasso,C,0.010000000000000004,0.1294999999998936,219.59312206272276
200,0.1,0.5,hub_09,pcglasso,I,9.999999999999982e-9,0.8294999999999959,169.31078643532226
200,0.1,0.5,hub_09,pcglasso,I,1.5848931924611096e-7,0.5815000000000055,169.31078643537109
200,0.1,0.5,hub_09,pcglasso,I,2.5118864315095806e-6,0.4855000000001155,169.31078643695756
200,0.1,0.5,hub_09,pcglasso,I,3.98107170553497e-5,0.34050000000002,169.31078724937575
200,0.1,0.5,hub_09,pcglasso,I,6.309573444801935e-4,0.16199999999992087,169.31088801241506
200,0.1,0.5,hub_09,pcglasso,I,0.010000000000000004,0.0474999999999568,171.81578348076937
200,0.1,0.5,hub_09,pcglassoFast_Dual,C,9.999999999999982e-9,0.40500000000001535,169.31078643560028
200,0.1,0.5,hub_09,pcglassoFast_Dual,C,1.5848931924611096e-7,0.39400000000000546,169.31078643785793
200,0.1,0.5,hub_09,pcglassoFast_Dual,C,2.5118864315095806e-6,0.242999999999995,169.31078665067423
200,0.1,0.5,hub_09,pcglassoFast_Dual,C,3.98107170553497e-5,0.22600000000011278,169.310788420028
200,0.1,0.5,hub_09,pcglassoFast_Dual,C,6.309573444801935e-4,0.20600000000001728,169.3108046469363
200,0.1,0.5,hub_09,pcglassoFast_Dual,C,0.010000000000000004,0.18700000000001182,169.311822702202
200,0.1,0.5,hub_09,pcglassoFast_Dual,I,9.999999999999982e-9,0.26650000000000773,169.31078643649752
200,0.1,0.5,hub_09,pcglassoFast_Dual,I,1.5848931924611096e-7,0.1099999999999568,169.3107864460232
200,0.1,0.5,hub_09,pcglassoFast_Dual,I,2.5118864315095806e-6,0.09600000000000364,169.31078653270274
200,0.1,0.5,hub_09,pcglassoFast_Dual,I,3.98107170553497e-5,0.08249999999986812,169.3107873219174
200,0.1,0.5,hub_09,pcglassoFast_Dual,I,6.309573444801935e-4,0.06600000000003092,169.31079485164116
200,0.1,0.5,hub_09,pcglassoFast_Dual,I,0.010000000000000004,0.05199999999990723,169.31086642468748
200,0.1,0.5,hub_09,pcglassoFast_Primal,C,9.999999999999982e-9,1.028999999999968,169.3107864357541
200,0.1,0.5,hub_09,pcglassoFast_Primal,C,1.5848931924611096e-7,0.9609999999999843,169.31078643917778
200,0.1,0.5,hub_09,pcglassoFast_Primal,C,2.5118864315095806e-6,0.90300000000002,169.31078647011094
200,0.1,0.5,hub_09,pcglassoFast_Primal,C,3.98107170553497e-5,0.7794999999999845,169.3107892639347
200,0.1,0.5,hub_09,pcglassoFast_Primal,C,6.309573444801935e-4,0.7175000000000864,169.3108119081558
200,0.1,0.5,hub_09,pcglassoFast_Primal,C,0.010000000000000004,0.5880000000000791,169.31212454431363
200,0.1,0.5,hub_09,pcglassoFast_Primal,I,9.999999999999982e-9,0.49350000000004,169.3107864354674
200,0.1,0.5,hub_09,pcglassoFast_Primal,I,1.5848931924611096e-7,0.37199999999995725,169.31078644689293
200,0.1,0.5,hub_09,pcglassoFast_Primal,I,2.5118864315095806e-6,0.31550000000004275,169.31078653849457
200,0.1,0.5,hub_09,pcglassoFast_Primal,I,3.98107170553497e-5,0.2604999999999791,169.31078735692458
200,0.1,0.5,hub_09,pcglassoFast_Primal,I,6.309573444801935e-4,0.19399999999995998,169.31079502065012
200,0.1,0.5,hub_09,pcglassoFast_Primal,I,0.010000000000000004,0.13999999999992951,169.3108669393638
200,0.1,0.5,hub_09,pcglassoFast_PrimalDual,C,9.999999999999982e-9,0.8059999999999974,169.31078643574483
200,0.1,0.5,hub_09,pcglassoFast_PrimalDual,C,1.5848931924611096e-7,0.7674999999999841,169.31078643909532
200,0.1,0.5,hub_09,pcglassoFast_PrimalDual,C,2.5118864315095806e-6,0.6769999999999641,169.31078674244793
200,0.1,0.5,hub_09,pcglassoFast_PrimalDual,C,3.98107170553497e-5,0.5394999999999754,169.3107892038602
200,0.1,0.5,hub_09,pcglassoFast_PrimalDual,C,6.309573444801935e-4,0.49499999999989086,169.3108113685079
200,0.1,0.5,hub_09,pcglassoFast_PrimalDual,C,0.010000000000000004,0.43449999999995725,169.31210172036265
200,0.1,0.5,hub_09,pcglassoFast_PrimalDual,I,9.999999999999982e-9,0.28000000000000114,169.31078643546738
200,0.1,0.5,hub_09,pcglassoFast_PrimalDual,I,1.5848931924611096e-7,0.22000000000002728,169.31078644689123
200,0.1,0.5,hub_09,pcglassoFast_PrimalDual,I,2.5118864315095806e-6,0.1895000000000664,169.31078653848346
200,0.1,0.5,hub_09,pcglassoFast_PrimalDual,I,3.98107170553497e-5,0.15150000000005548,169.3107873568584
200,0.1,0.5,hub_09,pcglassoFast_PrimalDual,I,6.309573444801935e-4,0.125,169.31079502033253
200,0.1,0.5,hub_09,pcglassoFast_PrimalDual,I,0.010000000000000004,0.09150000000011005,169.31086693855065
200,0.1,0.5,hub_1,pcglasso,C,9.999999999999982e-9,15.084999999999994,107.79923040168978
200,0.1,0.5,hub_1,pcglasso,C,1.5848931924611096e-7,10.656499999999994,107.79925722784684
200,0.1,0.5,hub_1,pcglasso,C,2.5118864315095806e-6,8.395999999999958,107.80018864356661
200,0.1,0.5,hub_1,pcglasso,C,3.98107170553497e-5,5.9454999999999245,107.96511763690151
200,0.1,0.5,hub_1,pcglasso,C,6.309573444801935e-4,8.914499999999975,124.71661405434547
200,0.1,0.5,hub_1,pcglasso,C,0.010000000000000004,2.347499999999968,335.1589038637586
200,0.1,0.5,hub_1,pcglasso,I,9.999999999999982e-9,17.274,107.79923042243252
200,0.1,0.5,hub_1,pcglasso,I,1.5848931924611096e-7,13.19900000000007,107.79924849257102
200,0.1,0.5,hub_1,pcglasso,I,2.5118864315095806e-6,10.795000000000073,107.79962089149416
200,0.1,0.5,hub_1,pcglasso,I,3.98107170553497e-5,5.551499999999919,108.41036199412414
200,0.1,0.5,hub_1,pcglasso,I,6.309573444801935e-4,0.6340000000000146,119.99182099317454
200,0.1,0.5,hub_1,pcglasso,I,0.010000000000000004,0.3220000000001164,121.84522077433706
200,0.1,0.5,hub_1,pcglassoFast_Dual,C,9.999999999999982e-9,231.39600000000002,107.79923023719005
200,0.1,0.5,hub_1,pcglassoFast_Dual,C,1.5848931924611096e-7,226.64349999999996,107.7992302465765
200,0.1,0.5,hub_1,pcglassoFast_Dual,C,2.5118864315095806e-6,227.01550000000003,107.79923296155177
200,0.1,0.5,hub_1,pcglassoFast_Dual,C,3.98107170553497e-5,224.60199999999998,107.79924675966275
200,0.1,0.5,hub_1,pcglassoFast_Dual,C,6.309573444801935e-4,220.30150000000003,107.79967584719819
200,0.1,0.5,hub_1,pcglassoFast_Dual,C,0.010000000000000004,219.99,107.80366606988026
200,0.1,0.5,hub_1,pcglassoFast_Dual,I,9.999999999999982e-9,26.938500000000033,107.79923020853141
200,0.1,0.5,hub_1,pcglassoFast_Dual,I,1.5848931924611096e-7,26.224000000000046,107.79923022266954
200,0.1,0.5,hub_1,pcglassoFast_Dual,I,2.5118864315095806e-6,25.84599999999989,107.79923167048923
200,0.1,0.5,hub_1,pcglassoFast_Dual,I,3.98107170553497e-5,25.17750000000001,107.79925471773709
200,0.1,0.5,hub_1,pcglassoFast_Dual,I,6.309573444801935e-4,24.542500000000018,107.7992870810386
200,0.1,0.5,hub_1,pcglassoFast_Dual,I,0.010000000000000004,23.52550000000008,107.81865326603236
200,0.1,0.5,hub_1,pcglassoFast_Primal,C,9.999999999999982e-9,83.2205,107.79923205304065
200,0.1,0.5,hub_1,pcglassoFast_Primal,C,1.5848931924611096e-7,53.52799999999999,107.79924128411149
200,0.1,0.5,hub_1,pcglassoFast_Primal,C,2.5118864315095806e-6,33.3125,107.79935034534223
200,0.1,0.5,hub_1,pcglassoFast_Primal,C,3.98107170553497e-5,13.500500000000102,107.7992902304479
200,0.1,0.5,hub_1,pcglassoFast_Primal,C,6.309573444801935e-4,2.9074999999999136,107.80140447423567
200,0.1,0.5,hub_1,pcglassoFast_Primal,C,0.010000000000000004,1.8630000000000564,107.81805168846151
200,0.1,0.5,hub_1,pcglassoFast_Primal,I,9.999999999999982e-9,84.06399999999996,107.79923162548796
200,0.1,0.5,hub_1,pcglassoFast_Primal,I,1.5848931924611096e-7,55.666000000000054,107.7992429941023
200,0.1,0.5,hub_1,pcglassoFast_Primal,I,2.5118864315095806e-6,35.42399999999998,107.79934998315987
200,0.1,0.5,hub_1,pcglassoFast_Primal,I,3.98107170553497e-5,15.531500000000051,107.79926584434433
200,0.1,0.5,hub_1,pcglassoFast_Primal,I,6.309573444801935e-4,3.8899999999999864,107.81335045506381
200,0.1,0.5,hub_1,pcglassoFast_Primal,I,0.010000000000000004,2.3589999999999236,108.02353603987754
200,0.1,0.5,hub_1,pcglassoFast_PrimalDual,C,9.999999999999982e-9,0.6830000000000069,107.79923020294159
200,0.1,0.5,hub_1,pcglassoFast_PrimalDual,C,1.5848931924611096e-7,0.5149999999999864,107.79923020894728
200,0.1,0.5,hub_1,pcglassoFast_PrimalDual,C,2.5118864315095806e-6,0.47699999999997544,107.7992302562849
200,0.1,0.5,hub_1,pcglassoFast_PrimalDual,C,3.98107170553497e-5,0.41250000000002274,107.79923360659858
200,0.1,0.5,hub_1,pcglassoFast_PrimalDual,C,6.309573444801935e-4,0.3704999999999927,107.79926131643394
200,0.1,0.5,hub_1,pcglassoFast_PrimalDual,C,0.010000000000000004,0.32600000000002183,107.79948846096701
200,0.1,0.5,hub_1,pcglassoFast_PrimalDual,I,9.999999999999982e-9,2.6340000000000146,107.79923020226207
200,0.1,0.5,hub_1,pcglassoFast_PrimalDual,I,1.5848931924611096e-7,2.4904999999999973,107.79923020478971
200,0.1,0.5,hub_1,pcglassoFast_PrimalDual,I,2.5118864315095806e-6,2.3999999999999773,107.799230397729
200,0.1,0.5,hub_1,pcglassoFast_PrimalDual,I,3.98107170553497e-5,2.3795000000000073,107.79923185277865
200,0.1,0.5,hub_1,pcglassoFast_PrimalDual,I,6.309573444801935e-4,2.303000000000111,107.79924433211539
200,0.1,0.5,hub_1,pcglassoFast_PrimalDual,I,0.010000000000000004,2.1715000000000373,107.80031528174783
200,0.1,0.5,random,pcglasso,C,9.999999999999982e-9,14.269499999999994,156.35691180723074
200,0.1,0.5,random,pcglasso,C,1.5848931924611096e-7,9.836500000000001,156.35694119804722
200,0.1,0.5,random,pcglasso,C,2.5118864315095806e-6,5.380000000000052,156.36081147612225
200,0.1,0.5,random,pcglasso,C,3.98107170553497e-5,2.1959999999999695,156.49310260711803
200,0.1,0.5,random,pcglasso,C,6.309573444801935e-4,0.5670000000000073,163.60317465675226
200,0.1,0.5,random,pcglasso,C,0.010000000000000004,0.1614999999999327,386.59108708401084
200,0.1,0.5,random,pcglasso,I,9.999999999999982e-9,20.777000000000015,156.3569116955466
200,0.1,0.5,random,pcglasso,I,1.5848931924611096e-7,14.338499999999954,156.35693010973273
200,0.1,0.5,random,pcglasso,I,2.5118864315095806e-6,6.353999999999985,156.36903667956574
200,0.1,0.5,random,pcglasso,I,3.98107170553497e-5,0.8870000000000573,156.72897309449215
200,0.1,0.5,random,pcglasso,I,6.309573444801935e-4,0.20649999999989177,158.75134608832494
200,0.1,0.5,random,pcglasso,I,0.010000000000000004,0.15250000000003183,159.03489478117677
200,0.1,0.5,random,pcglassoFast_Dual,C,9.999999999999982e-9,3.21550000000002,156.3569116446857
200,0.1,0.5,random,pcglassoFast_Dual,C,1.5848931924611096e-7,2.593999999999994,156.3569118614054
200,0.1,0.5,random,pcglassoFast_Dual,C,2.5118864315095806e-6,2.136000000000081,156.356915106328
200,0.1,0.5,random,pcglassoFast_Dual,C,3.98107170553497e-5,1.8029999999999973,156.35698258499548
200,0.1,0.5,random,pcglassoFast_Dual,C,6.309573444801935e-4,0.8064999999999145,156.36186601339367
200,0.1,0.5,random,pcglassoFast_Dual,C,0.010000000000000004,0.5670000000000073,156.38401380743747
200,0.1,0.5,random,pcglassoFast_Dual,I,9.999999999999982e-9,3.966000000000008,156.3569116171971
200,0.1,0.5,random,pcglassoFast_Dual,I,1.5848931924611096e-7,2.6134999999999877,156.35691754998763
200,0.1,0.5,random,pcglassoFast_Dual,I,2.5118864315095806e-6,2.17999999999995,156.35693580823892
200,0.1,0.5,random,pcglassoFast_Dual,I,3.98107170553497e-5,1.6364999999999554,156.3569777725548
200,0.1,0.5,random,pcglassoFast_Dual,I,6.309573444801935e-4,1.2649999999999864,156.35934803494462
200,0.1,0.5,random,pcglassoFast_Dual,I,0.010000000000000004,0.7440000000000282,156.3991989060774
200,0.1,0.5,random,pcglassoFast_Primal,C,9.999999999999982e-9,15.188500000000001,156.35691170668287
200,0.1,0.5,random,pcglassoFast_Primal,C,1.5848931924611096e-7,10.672000000000025,156.35691199385653
200,0.1,0.5,random,pcglassoFast_Primal,C,2.5118864315095806e-6,7.033999999999992,156.35691617339435
200,0.1,0.5,random,pcglassoFast_Primal,C,3.98107170553497e-5,4.012499999999989,156.35701483392054
200,0.1,0.5,random,pcglassoFast_Primal,C,6.309573444801935e-4,2.03449999999998,156.35884984524915
200,0.1,0.5,random,pcglassoFast_Primal,C,0.010000000000000004,0.6709999999999354,156.41399325880636
200,0.1,0.5,random,pcglassoFast_Primal,I,9.999999999999982e-9,21.404999999999987,156.35691170665487
200,0.1,0.5,random,pcglassoFast_Primal,I,1.5848931924611096e-7,16.588499999999954,156.3569119524643
200,0.1,0.5,random,pcglassoFast_Primal,I,2.5118864315095806e-6,11.663500000000113,156.35691533135358
200,0.1,0.5,random,pcglassoFast_Primal,I,3.98107170553497e-5,7.142000000000053,156.3570153243774
200,0.1,0.5,random,pcglassoFast_Primal,I,6.309573444801935e-4,3.8039999999999736,156.3587860006312
200,0.1,0.5,random,pcglassoFast_Primal,I,0.010000000000000004,1.5629999999999882,156.40957836882833
200,0.1,0.5,random,pcglassoFast_PrimalDual,C,9.999999999999982e-9,10.295500000000004,156.35691161722107
200,0.1,0.5,random,pcglassoFast_PrimalDual,C,1.5848931924611096e-7,7.486000000000018,156.35691220585167
200,0.1,0.5,random,pcglassoFast_PrimalDual,C,2.5118864315095806e-6,5.973500000000001,156.35691837098489
200,0.1,0.5,random,pcglassoFast_PrimalDual,C,3.98107170553497e-5,4.536499999999933,156.35701782797454
200,0.1,0.5,random,pcglassoFast_PrimalDual,C,6.309573444801935e-4,2.694499999999948,156.35875013045185
200,0.1,0.5,random,pcglassoFast_PrimalDual,C,0.010000000000000004,1.0589999999999122,156.37741877274706
200,0.1,0.5,random,pcglassoFast_PrimalDual,I,9.999999999999982e-9,12.137500000000017,156.35691161614474
200,0.1,0.5,random,pcglassoFast_PrimalDual,I,1.5848931924611096e-7,9.802000000000021,156.3569121848483
200,0.1,0.5,random,pcglassoFast_PrimalDual,I,2.5118864315095806e-6,8.355500000000006,156.35691879177685
200,0.1,0.5,random,pcglassoFast_PrimalDual,I,3.98107170553497e-5,6.533500000000004,156.35702534133392
200,0.1,0.5,random,pcglassoFast_PrimalDual,I,6.309573444801935e-4,4.759500000000116,156.35893531186315
200,0.1,0.5,random,pcglassoFast_PrimalDual,I,0.010000000000000004,2.5570000000000164,156.40245139652072
200,0.2,0,AR2,pcglasso,C,9.999999999999982e-9,3.401999999999994,188.57412731794338
200,0.2,0,AR2,pcglasso,C,1.5848931924611096e-7,2.8874999999999886,188.57412777852713
200,0.2,0,AR2,pcglasso,C,2.5118864315095806e-6,2.721499999999992,188.574159036723
200,0.2,0,AR2,pcglasso,C,3.98107170553497e-5,1.497000000000014,188.58658460131497
200,0.2,0,AR2,pcglasso,C,6.309573444801935e-4,0.3770000000000664,206.6334747951096
200,0.2,0,AR2,pcglasso,C,0.010000000000000004,0.13900000000001,258.372623585919
200,0.2,0,AR2,pcglasso,I,9.999999999999982e-9,1.72199999999998,188.5741273182208
200,0.2,0,AR2,pcglasso,I,1.5848931924611096e-7,1.455000000000041,188.57412748203333
200,0.2,0,AR2,pcglasso,I,2.5118864315095806e-6,1.41599999999994,188.57414885751348
200,0.2,0,AR2,pcglasso,I,3.98107170553497e-5,0.6770000000000209,188.57780819292717
200,0.2,0,AR2,pcglasso,I,6.309573444801935e-4,0.13999999999998636,189.26923986668623
200,0.2,0,AR2,pcglasso,I,0.010000000000000004,0.12400000000002365,189.42515675122564
200,0.2,0,AR2,pcglassoFast_Dual,C,9.999999999999982e-9,0.4689999999999941,188.5741273095197
200,0.2,0,AR2,pcglassoFast_Dual,C,1.5848931924611096e-7,0.3020000000000209,188.57412735483254
200,0.2,0,AR2,pcglassoFast_Dual,C,2.5118864315095806e-6,0.2880000000000109,188.57412788670024
200,0.2,0,AR2,pcglassoFast_Dual,C,3.98107170553497e-5,0.25149999999996453,188.5741343954892
200,0.2,0,AR2,pcglassoFast_Dual,C,6.309573444801935e-4,0.22349999999994452,188.574218562613
200,0.2,0,AR2,pcglassoFast_Dual,C,0.010000000000000004,0.19299999999998363,188.57534048123804
200,0.2,0,AR2,pcglassoFast_Dual,I,9.999999999999982e-9,0.37700000000000955,188.57412730935783
200,0.2,0,AR2,pcglassoFast_Dual,I,1.5848931924611096e-7,0.33199999999999363,188.57412735400095
200,0.2,0,AR2,pcglassoFast_Dual,I,2.5118864315095806e-6,0.19500000000010687,188.5741278819918
200,0.2,0,AR2,pcglassoFast_Dual,I,3.98107170553497e-5,0.17199999999991178,188.57413459417077
200,0.2,0,AR2,pcglassoFast_Dual,I,6.309573444801935e-4,0.14449999999999363,188.5742238138759
200,0.2,0,AR2,pcglassoFast_Dual,I,0.010000000000000004,0.11599999999998545,188.57549196804203
200,0.2,0,AR2,pcglassoFast_Primal,C,9.999999999999982e-9,1.7115,188.57412730663145
200,0.2,0,AR2,pcglassoFast_Primal,C,1.5848931924611096e-7,1.282000000000039,188.57412736018838
200,0.2,0,AR2,pcglassoFast_Primal,C,2.5118864315095806e-6,1.1555000000000177,188.5741278964425
200,0.2,0,AR2,pcglassoFast_Primal,C,3.98107170553497e-5,1.0335000000000036,188.57413409408673
200,0.2,0,AR2,pcglassoFast_Primal,C,6.309573444801935e-4,0.91700000000003,188.57420745018862
200,0.2,0,AR2,pcglassoFast_Primal,C,0.010000000000000004,0.7375000000000682,188.57756585845766
200,0.2,0,AR2,pcglassoFast_Primal,I,9.999999999999982e-9,1.100999999999999,188.5741273096456
200,0.2,0,AR2,pcglassoFast_Primal,I,1.5848931924611096e-7,0.9635000000000105,188.57412735108772
200,0.2,0,AR2,pcglassoFast_Primal,I,2.5118864315095806e-6,0.8380000000000791,188.57412779790747
200,0.2,0,AR2,pcglassoFast_Primal,I,3.98107170553497e-5,0.726500000000101,188.57413300472783
200,0.2,0,AR2,pcglassoFast_Primal,I,6.309573444801935e-4,0.6084999999999354,188.5741962795213
200,0.2,0,AR2,pcglassoFast_Primal,I,0.010000000000000004,0.4154999999999518,188.57741068075273
200,0.2,0,AR2,pcglassoFast_PrimalDual,C,9.999999999999982e-9,3.212999999999994,188.57412730811632
200,0.2,0,AR2,pcglassoFast_PrimalDual,C,1.5848931924611096e-7,2.9505000000000052,188.5741273360426
200,0.2,0,AR2,pcglassoFast_PrimalDual,C,2.5118864315095806e-6,2.4700000000000273,188.57412833078521
200,0.2,0,AR2,pcglassoFast_PrimalDual,C,3.98107170553497e-5,2.183499999999981,188.574138311666
200,0.2,0,AR2,pcglassoFast_PrimalDual,C,6.309573444801935e-4,1.79099999999994,188.57424789045854
200,0.2,0,AR2,pcglassoFast_PrimalDual,C,0.010000000000000004,1.4839999999999804,188.57547697251402
200,0.2,0,AR2,pcglassoFast_PrimalDual,I,9.999999999999982e-9,2.641999999999996,188.57412730770054
200,0.2,0,AR2,pcglassoFast_PrimalDual,I,1.5848931924611096e-7,2.2525000000000546,188.5741273326909
200,0.2,0,AR2,pcglassoFast_PrimalDual,I,2.5118864315095806e-6,1.9115000000000464,188.57412823682503
200,0.2,0,AR2,pcglassoFast_PrimalDual,I,3.98107170553497e-5,1.54849999999999,188.57413746863097
200,0.2,0,AR2,pcglassoFast_PrimalDual,I,6.309573444801935e-4,1.2430000000000518,188.5742412260061
200,0.2,0,AR2,pcglassoFast_PrimalDual,I,0.010000000000000004,0.9209999999999354,188.5754561281002
200,0.2,0,hub_09,pcglasso,C,9.999999999999982e-9,6.186,199.8719210333041
200,0.2,0,hub_09,pcglasso,C,1.5848931924611096e-7,3.493499999999983,199.87192104311737
200,0.2,0,hub_09,pcglasso,C,2.5118864315095806e-6,2.4424999999999955,199.871932507805
200,0.2,0,hub_09,pcglasso,C,3.98107170553497e-5,1.1585000000001173,199.87398491727552
200,0.2,0,hub_09,pcglasso,C,6.309573444801935e-4,0.5364999999999327,199.92065430202592
200,0.2,0,hub_09,pcglasso,C,0.010000000000000004,0.12549999999998818,268.71784388521803
200,0.2,0,hub_09,pcglasso,I,9.999999999999982e-9,10.116500000000002,199.87192103413005
200,0.2,0,hub_09,pcglasso,I,1.5848931924611096e-7,8.644499999999994,199.87192107023645
200,0.2,0,hub_09,pcglasso,I,2.5118864315095806e-6,7.455499999999915,199.8719260218268
200,0.2,0,hub_09,pcglasso,I,3.98107170553497e-5,3.24450000000013,199.87422587883333
200,0.2,0,hub_09,pcglasso,I,6.309573444801935e-4,0.19650000000012824,199.97468063716985
200,0.2,0,hub_09,pcglasso,I,0.010000000000000004,0.08799999999996544,199.97801069639434
200,0.2,0,hub_09,pcglassoFast_Dual,C,9.999999999999982e-9,0.37750000000001194,199.87192103429246
200,0.2,0,hub_09,pcglassoFast_Dual,C,1.5848931924611096e-7,0.2230000000000132,199.87192105604052
200,0.2,0,hub_09,pcglassoFast_Dual,C,2.5118864315095806e-6,0.1954999999999245,199.87192105675413
200,0.2,0,hub_09,pcglassoFast_Dual,C,3.98107170553497e-5,0.17300000000000182,199.87192202371074
200,0.2,0,hub_09,pcglassoFast_Dual,C,6.309573444801935e-4,0.1330000000000382,199.87208387349213
200,0.2,0,hub_09,pcglassoFast_Dual,C,0.010000000000000004,0.11350000000004457,199.87261371371287
200,0.2,0,hub_09,pcglassoFast_Dual,I,9.999999999999982e-9,0.6320000000000618,199.87192103549393
200,0.2,0,hub_09,pcglassoFast_Dual,I,1.5848931924611096e-7,0.6140000000000327,199.87192103549393
200,0.2,0,hub_09,pcglassoFast_Dual,I,2.5118864315095806e-6,0.5674999999999955,199.87192126493895
200,0.2,0,hub_09,pcglassoFast_Dual,I,3.98107170553497e-5,0.5225000000000364,199.871925849401
200,0.2,0,hub_09,pcglassoFast_Dual,I,6.309573444801935e-4,0.4914999999999736,199.8720392960485
200,0.2,0,hub_09,pcglassoFast_Dual,I,0.010000000000000004,0.05199999999990723,199.98038015571032
200,0.2,0,hub_09,pcglassoFast_Primal,C,9.999999999999982e-9,1.180499999999995,199.87192103561296
200,0.2,0,hub_09,pcglassoFast_Primal,C,1.5848931924611096e-7,1.0995000000000346,199.87192109703784
200,0.2,0,hub_09,pcglassoFast_Primal,C,2.5118864315095806e-6,0.8514999999999873,199.8719216250139
200,0.2,0,hub_09,pcglassoFast_Primal,C,3.98107170553497e-5,0.6714999999999236,199.87193829042985
200,0.2,0,hub_09,pcglassoFast_Primal,C,6.309573444801935e-4,0.5315000000000509,199.8720878925286
200,0.2,0,hub_09,pcglassoFast_Primal,C,0.010000000000000004,0.41800000000000637,199.8737003789399
200,0.2,0,hub_09,pcglassoFast_Primal,I,9.999999999999982e-9,2.202500000000015,199.8719210372221
200,0.2,0,hub_09,pcglassoFast_Primal,I,1.5848931924611096e-7,2.0625,199.87192106944778
200,0.2,0,hub_09,pcglassoFast_Primal,I,2.5118864315095806e-6,1.8869999999999436,199.8719220442355
200,0.2,0,hub_09,pcglassoFast_Primal,I,3.98107170553497e-5,1.7329999999998336,199.8719304435342
200,0.2,0,hub_09,pcglassoFast_Primal,I,6.309573444801935e-4,1.572499999999991,199.87219091354018
200,0.2,0,hub_09,pcglassoFast_Primal,I,0.010000000000000004,0.13600000000008095,199.98041161564282
200,0.2,0,hub_09,pcglassoFast_PrimalDual,C,9.999999999999982e-9,1.2109999999999843,199.87192103748424
200,0.2,0,hub_09,pcglassoFast_PrimalDual,C,1.5848931924611096e-7,0.9220000000000255,199.8719210681709
200,0.2,0,hub_09,pcglassoFast_PrimalDual,C,2.5118864315095806e-6,0.7765000000000555,199.87192188164536
200,0.2,0,hub_09,pcglassoFast_PrimalDual,C,3.98107170553497e-5,0.6544999999999845,199.87192825337658
200,0.2,0,hub_09,pcglassoFast_PrimalDual,C,6.309573444801935e-4,0.5990000000000464,199.8721055706742
200,0.2,0,hub_09,pcglassoFast_PrimalDual,C,0.010000000000000004,0.39649999999994634,199.87363844422754
200,0.2,0,hub_09,pcglassoFast_PrimalDual,I,9.999999999999982e-9,2.0234999999999843,199.87192103565928
200,0.2,0,hub_09,pcglassoFast_PrimalDual,I,1.5848931924611096e-7,1.753499999999974,199.87192108922278
200,0.2,0,hub_09,pcglassoFast_PrimalDual,I,2.5118864315095806e-6,1.642500000000041,199.87192149934197
200,0.2,0,hub_09,pcglassoFast_PrimalDual,I,3.98107170553497e-5,1.4354999999999336,199.87193229592287
200,0.2,0,hub_09,pcglassoFast_PrimalDual,I,6.309573444801935e-4,1.1995000000000573,199.87217626024022
200,0.2,0,hub_09,pcglassoFast_PrimalDual,I,0.010000000000000004,0.09249999999997272,199.98041161651173
200,0.2,0,hub_1,pcglasso,C,9.999999999999982e-9,26.749499999999983,72.11594152597542
200,0.2,0,hub_1,pcglasso,C,1.5848931924611096e-7,17.54499999999996,72.11605687043343
200,0.2,0,hub_1,pcglasso,C,2.5118864315095806e-6,14.026499999999942,72.12018190243978
200,0.2,0,hub_1,pcglasso,C,3.98107170553497e-5,10.474000000000046,72.15772830984562
200,0.2,0,hub_1,pcglasso,C,6.309573444801935e-4,3.5849999999999227,100.4613831993083
200,0.2,0,hub_1,pcglasso,C,0.010000000000000004,1.4475000000001046,442.44621687178363
200,0.2,0,hub_1,pcglasso,I,9.999999999999982e-9,32.45799999999997,72.11594210654432
200,0.2,0,hub_1,pcglasso,I,1.5848931924611096e-7,26.180000000000064,72.11600282967548
200,0.2,0,hub_1,pcglasso,I,2.5118864315095806e-6,22.583000000000027,72.1164976240158
200,0.2,0,hub_1,pcglasso,I,3.98107170553497e-5,9.847499999999968,73.59979970147737
200,0.2,0,hub_1,pcglasso,I,6.309573444801935e-4,1.3909999999999627,94.95256009514264
200,0.2,0,hub_1,pcglasso,I,0.010000000000000004,0.7475000000000591,97.08468199702403
200,0.2,0,hub_1,pcglassoFast_Dual,C,9.999999999999982e-9,7.2080000000000055,72.1159406525806
200,0.2,0,hub_1,pcglassoFast_Dual,C,1.5848931924611096e-7,5.723000000000013,72.11594067482507
200,0.2,0,hub_1,pcglassoFast_Dual,C,2.5118864315095806e-6,5.063499999999976,72.11594313109023
200,0.2,0,hub_1,pcglassoFast_Dual,C,3.98107170553497e-5,4.489000000000033,72.11596155099008
200,0.2,0,hub_1,pcglassoFast_Dual,C,6.309573444801935e-4,4.158999999999992,72.11609330499103
200,0.2,0,hub_1,pcglassoFast_Dual,C,0.010000000000000004,3.6715000000000373,72.12022406987455
200,0.2,0,hub_1,pcglassoFast_Dual,I,9.999999999999982e-9,40.533500000000004,72.11594065298434
200,0.2,0,hub_1,pcglassoFast_Dual,I,1.5848931924611096e-7,39.004999999999995,72.11594102620762
200,0.2,0,hub_1,pcglassoFast_Dual,I,2.5118864315095806e-6,38.90549999999985,72.11594191431709
200,0.2,0,hub_1,pcglassoFast_Dual,I,3.98107170553497e-5,37.77649999999994,72.11595293511242
200,0.2,0,hub_1,pcglassoFast_Dual,I,6.309573444801935e-4,36.13850000000002,72.11622767093179
200,0.2,0,hub_1,pcglassoFast_Dual,I,0.010000000000000004,35.443500000000085,72.1208707293664
200,0.2,0,hub_1,pcglassoFast_Primal,C,9.999999999999982e-9,245.94549999999998,72.11594694918831
200,0.2,0,hub_1,pcglassoFast_Primal,C,1.5848931924611096e-7,102.74349999999998,72.11596256598853
200,0.2,0,hub_1,pcglassoFast_Primal,C,2.5118864315095806e-6,47.684000000000026,72.11597204596626
200,0.2,0,hub_1,pcglassoFast_Primal,C,3.98107170553497e-5,11.523500000000013,72.11595784742302
200,0.2,0,hub_1,pcglassoFast_Primal,C,6.309573444801935e-4,4.259999999999991,72.12047769249142
200,0.2,0,hub_1,pcglassoFast_Primal,C,0.010000000000000004,2.486499999999978,72.49137232748645
200,0.2,0,hub_1,pcglassoFast_Primal,I,9.999999999999982e-9,243.05850000000004,72.11594694492902
200,0.2,0,hub_1,pcglassoFast_Primal,I,1.5848931924611096e-7,107.03449999999998,72.11596176405831
200,0.2,0,hub_1,pcglassoFast_Primal,I,2.5118864315095806e-6,50.579499999999996,72.11594656369554
200,0.2,0,hub_1,pcglassoFast_Primal,I,3.98107170553497e-5,16.491499999999974,72.11638080906732
200,0.2,0,hub_1,pcglassoFast_Primal,I,6.309573444801935e-4,5.120499999999993,72.19424737699067
200,0.2,0,hub_1,pcglassoFast_Primal,I,0.010000000000000004,3.1475000000000364,72.15422863030155
200,0.2,0,hub_1,pcglassoFast_PrimalDual,C,9.999999999999982e-9,0.7609999999999992,72.11594065237692
200,0.2,0,hub_1,pcglassoFast_PrimalDual,C,1.5848931924611096e-7,0.7275000000000205,72.11594065683242
200,0.2,0,hub_1,pcglassoFast_PrimalDual,C,2.5118864315095806e-6,0.533999999999935,72.11594087480766
200,0.2,0,hub_1,pcglassoFast_PrimalDual,C,3.98107170553497e-5,0.5040000000000191,72.11594214449363
200,0.2,0,hub_1,pcglassoFast_PrimalDual,C,6.309573444801935e-4,0.4329999999999927,72.11601665343247
200,0.2,0,hub_1,pcglassoFast_PrimalDual,C,0.010000000000000004,0.3925000000000409,72.11650249103519
200,0.2,0,hub_1,pcglassoFast_PrimalDual,I,9.999999999999982e-9,3.7820000000000107,72.11594065179636
200,0.2,0,hub_1,pcglassoFast_PrimalDual,I,1.5848931924611096e-7,3.6415000000000077,72.11594066763382
200,0.2,0,hub_1,pcglassoFast_PrimalDual,I,2.5118864315095806e-6,3.5049999999999955,72.11594077413386
200,0.2,0,hub_1,pcglassoFast_PrimalDual,I,3.98107170553497e-5,3.4560000000000173,72.11594160584887
200,0.2,0,hub_1,pcglassoFast_PrimalDual,I,6.309573444801935e-4,3.350500000000011,72.11600273042978
200,0.2,0,hub_1,pcglassoFast_PrimalDual,I,0.010000000000000004,3.2889999999999873,72.11600273042978
200,0.2,0,random,pcglasso,C,9.999999999999982e-9,29.44149999999999,159.60513325849294
200,0.2,0,random,pcglasso,C,1.5848931924611096e-7,18.574499999999944,159.60528844510213
200,0.2,0,random,pcglasso,C,2.5118864315095806e-6,7.7005000000000905,159.63286928724224
200,0.2,0,random,pcglasso,C,3.98107170553497e-5,3.0494999999999663,162.57491808480665
200,0.2,0,random,pcglasso,C,6.309573444801935e-4,1.7969999999999118,169.3411236353896
200,0.2,0,random,pcglasso,C,0.010000000000000004,0.16399999999998727,370.2851885857506
200,0.2,0,random,pcglasso,I,9.999999999999982e-9,29.283499999999975,159.60514011211544
200,0.2,0,random,pcglasso,I,1.5848931924611096e-7,20.926499999999976,159.60534491142656
200,0.2,0,random,pcglasso,I,2.5118864315095806e-6,11.364500000000021,159.61628178433472
200,0.2,0,random,pcglasso,I,3.98107170553497e-5,2.3050000000000637,161.5762222945036
200,0.2,0,random,pcglasso,I,6.309573444801935e-4,0.23249999999995907,166.45885531819363
200,0.2,0,random,pcglasso,I,0.010000000000000004,0.18399999999996908,167.96997295822408
200,0.2,0,random,pcglassoFast_Dual,C,9.999999999999982e-9,4.961000000000002,159.60513145119813
200,0.2,0,random,pcglassoFast_Dual,C,1.5848931924611096e-7,3.6405000000000314,159.60513221426697
200,0.2,0,random,pcglassoFast_Dual,C,2.5118864315095806e-6,2.499499999999898,159.60514790104543
200,0.2,0,random,pcglassoFast_Dual,C,3.98107170553497e-5,1.4809999999999945,159.6053322114398
200,0.2,0,random,pcglassoFast_Dual,C,6.309573444801935e-4,0.9205000000000609,159.60644942213088
200,0.2,0,random,pcglassoFast_Dual,C,0.010000000000000004,0.41250000000002274,159.62317653514003
200,0.2,0,random,pcglassoFast_Dual,I,9.999999999999982e-9,6.287000000000006,159.60513132598098
200,0.2,0,random,pcglassoFast_Dual,I,1.5848931924611096e-7,5.00750000000005,159.60513168260448
200,0.2,0,random,pcglassoFast_Dual,I,2.5118864315095806e-6,3.4860000000001037,159.60514511137643
200,0.2,0,random,pcglassoFast_Dual,I,3.98107170553497e-5,2.906500000000051,159.60536118226455
200,0.2,0,random,pcglassoFast_Dual,I,6.309573444801935e-4,2.644999999999982,159.60622541317787
200,0.2,0,random,pcglassoFast_Dual,I,0.010000000000000004,2.134999999999991,159.6271278670221
200,0.2,0,random,pcglassoFast_Primal,C,9.999999999999982e-9,24.661,159.60513167157765
200,0.2,0,random,pcglassoFast_Primal,C,1.5848931924611096e-7,16.44550000000001,159.60513236730898
200,0.2,0,random,pcglassoFast_Primal,C,2.5118864315095806e-6,9.948499999999967,159.60513428253373
200,0.2,0,random,pcglassoFast_Primal,C,3.98107170553497e-5,4.3735000000000355,159.60520169443598
200,0.2,0,random,pcglassoFast_Primal,C,6.309573444801935e-4,2.396000000000072,159.6062220443189
200,0.2,0,random,pcglassoFast_Primal,C,0.010000000000000004,1.0604999999999336,159.64151873083856
200,0.2,0,random,pcglassoFast_Primal,I,9.999999999999982e-9,41.93300000000001,159.6051315591509
200,0.2,0,random,pcglassoFast_Primal,I,1.5848931924611096e-7,31.348499999999945,159.60513212113455
200,0.2,0,random,pcglassoFast_Primal,I,2.5118864315095806e-6,21.454000000000065,159.6051394635382
200,0.2,0,random,pcglassoFast_Primal,I,3.98107170553497e-5,10.695999999999913,159.60526701025455
200,0.2,0,random,pcglassoFast_Primal,I,6.309573444801935e-4,5.377499999999941,159.6058764478392
200,0.2,0,random,pcglassoFast_Primal,I,0.010000000000000004,2.9820000000000846,159.6264151702066
200,0.2,0,random,pcglassoFast_PrimalDual,C,9.999999999999982e-9,8.676500000000019,159.60513133668215
200,0.2,0,random,pcglassoFast_PrimalDual,C,1.5848931924611096e-7,6.522000000000048,159.60513144170375
200,0.2,0,random,pcglassoFast_PrimalDual,C,2.5118864315095806e-6,4.252499999999941,159.60514054628183
200,0.2,0,random,pcglassoFast_PrimalDual,C,3.98107170553497e-5,2.957499999999868,159.60520340623341
200,0.2,0,random,pcglassoFast_PrimalDual,C,6.309573444801935e-4,2.0590000000000828,159.6057675936936
200,0.2,0,random,pcglassoFast_PrimalDual,C,0.010000000000000004,1.0919999999999845,159.6170553160369
200,0.2,0,random,pcglassoFast_PrimalDual,I,9.999999999999982e-9,9.300000000000011,159.6051313624801
200,0.2,0,random,pcglassoFast_PrimalDual,I,1.5848931924611096e-7,8.629000000000019,159.60513140332517
200,0.2,0,random,pcglassoFast_PrimalDual,I,2.5118864315095806e-6,6.684499999999957,159.60513954431138
200,0.2,0,random,pcglassoFast_PrimalDual,I,3.98107170553497e-5,5.6340000000000146,159.60518907981094
200,0.2,0,random,pcglassoFast_PrimalDual,I,6.309573444801935e-4,4.532000000000039,159.60585980005237
200,0.2,0,random,pcglassoFast_PrimalDual,I,0.010000000000000004,3.622000000000071,159.6263590385604
200,0.2,0.5,AR2,pcglasso,C,9.999999999999982e-9,1.1350000000000051,169.29222414372902
200,0.2,0.5,AR2,pcglasso,C,1.5848931924611096e-7,1.143000000000029,169.2922241438435
200,0.2,0.5,AR2,pcglasso,C,2.5118864315095806e-6,0.9864999999999782,169.29222414473313
200,0.2,0.5,AR2,pcglasso,C,3.98107170553497e-5,0.7650000000001,169.2922242192837
200,0.2,0.5,AR2,pcglasso,C,6.309573444801935e-4,0.4540000000000646,169.29278334761173
200,0.2,0.5,AR2,pcglasso,C,0.010000000000000004,0.13649999999995543,317.5102349871718
200,0.2,0.5,AR2,pcglasso,I,9.999999999999982e-9,0.3905000000000314,169.2922241437315
200,0.2,0.5,AR2,pcglasso,I,1.5848931924611096e-7,0.3420000000000982,169.29222414377998
200,0.2,0.5,AR2,pcglasso,I,2.5118864315095806e-6,0.3199999999999932,169.29222414430936
200,0.2,0.5,AR2,pcglasso,I,3.98107170553497e-5,0.22649999999998727,169.29222512221966
200,0.2,0.5,AR2,pcglasso,I,6.309573444801935e-4,0.10750000000007276,169.29334934277267
200,0.2,0.5,AR2,pcglasso,I,0.010000000000000004,0.04500000000007276,171.81578348076937
200,0.2,0.5,AR2,pcglassoFast_Dual,C,9.999999999999982e-9,0.33200000000000784,169.29222414379754
200,0.2,0.5,AR2,pcglassoFast_Dual,C,1.5848931924611096e-7,0.17499999999995453,169.29222414595236
200,0.2,0.5,AR2,pcglassoFast_Dual,C,2.5118864315095806e-6,0.17300000000000182,169.29222414595236
200,0.2,0.5,AR2,pcglassoFast_Dual,C,3.98107170553497e-5,0.16150000000004638,169.2922242162747
200,0.2,0.5,AR2,pcglassoFast_Dual,C,6.309573444801935e-4,0.14150000000006457,169.29222687506223
200,0.2,0.5,AR2,pcglassoFast_Dual,C,0.010000000000000004,0.12950000000012096,169.29234344427277
200,0.2,0.5,AR2,pcglassoFast_Dual,I,9.999999999999982e-9,0.10849999999999227,169.29222414376483
200,0.2,0.5,AR2,pcglassoFast_Dual,I,1.5848931924611096e-7,0.09600000000000364,169.29222414495698
200,0.2,0.5,AR2,pcglassoFast_Dual,I,2.5118864315095806e-6,0.08299999999996999,169.29222418493723
200,0.2,0.5,AR2,pcglassoFast_Dual,I,3.98107170553497e-5,0.08100000000013097,169.29222418493723
200,0.2,0.5,AR2,pcglassoFast_Dual,I,6.309573444801935e-4,0.06750000000010914,169.29222560898586
200,0.2,0.5,AR2,pcglassoFast_Dual,I,0.010000000000000004,0.05299999999999727,169.29228217215004
200,0.2,0.5,AR2,pcglassoFast_Primal,C,9.999999999999982e-9,0.8705000000000211,169.29222414379896
200,0.2,0.5,AR2,pcglassoFast_Primal,C,1.5848931924611096e-7,0.6864999999999384,169.29222414597663
200,0.2,0.5,AR2,pcglassoFast_Primal,C,2.5118864315095806e-6,0.6904999999998722,169.29222414597663
200,0.2,0.5,AR2,pcglassoFast_Primal,C,3.98107170553497e-5,0.6245000000000118,169.29222421636257
200,0.2,0.5,AR2,pcglassoFast_Primal,C,6.309573444801935e-4,0.561999999999955,169.29222684870822
200,0.2,0.5,AR2,pcglassoFast_Primal,C,0.010000000000000004,0.4759999999999991,169.2923405612255
200,0.2,0.5,AR2,pcglassoFast_Primal,I,9.999999999999982e-9,0.37350000000003547,169.29222414376648
200,0.2,0.5,AR2,pcglassoFast_Primal,I,1.5848931924611096e-7,0.31450000000000955,169.29222414499807
200,0.2,0.5,AR2,pcglassoFast_Primal,I,2.5118864315095806e-6,0.25950000000000273,169.29222418592252
200,0.2,0.5,AR2,pcglassoFast_Primal,I,3.98107170553497e-5,0.25300000000004275,169.29222418592252
200,0.2,0.5,AR2,pcglassoFast_Primal,I,6.309573444801935e-4,0.19600000000002638,169.29222562965515
200,0.2,0.5,AR2,pcglassoFast_Primal,I,0.010000000000000004,0.13799999999991996,169.29228247650605
200,0.2,0.5,AR2,pcglassoFast_PrimalDual,C,9.999999999999982e-9,0.6900000000000013,169.29222414380553
200,0.2,0.5,AR2,pcglassoFast_PrimalDual,C,1.5848931924611096e-7,0.5299999999999727,169.29222414616675
200,0.2,0.5,AR2,pcglassoFast_PrimalDual,C,2.5118864315095806e-6,0.6509999999999536,169.29222414616675
200,0.2,0.5,AR2,pcglassoFast_PrimalDual,C,3.98107170553497e-5,0.4900000000000091,169.29222422195917
200,0.2,0.5,AR2,pcglassoFast_PrimalDual,C,6.309573444801935e-4,0.44699999999988904,169.29222703412785
200,0.2,0.5,AR2,pcglassoFast_PrimalDual,C,0.010000000000000004,0.40249999999991815,169.29234744416877
200,0.2,0.5,AR2,pcglassoFast_PrimalDual,I,9.999999999999982e-9,0.2259999999999991,169.29222414376738
200,0.2,0.5,AR2,pcglassoFast_PrimalDual,I,1.5848931924611096e-7,0.194500000000005,169.2922241450195
200,0.2,0.5,AR2,pcglassoFast_PrimalDual,I,2.5118864315095806e-6,0.16650000000004184,169.29222418637994
200,0.2,0.5,AR2,pcglassoFast_PrimalDual,I,3.98107170553497e-5,0.15600000000017644,169.29222418637994
200,0.2,0.5,AR2,pcglassoFast_PrimalDual,I,6.309573444801935e-4,0.12599999999997635,169.292225637451
200,0.2,0.5,AR2,pcglassoFast_PrimalDual,I,0.010000000000000004,0.08950000000004366,169.29228254348868
200,0.2,0.5,hub_09,pcglasso,C,9.999999999999982e-9,0.48550000000001603,169.31471807488612
200,0.2,0.5,hub_09,pcglasso,C,1.5848931924611096e-7,0.4275000000000091,169.31472089111395
200,0.2,0.5,hub_09,pcglasso,C,2.5118864315095806e-6,0.4210000000000491,169.31472089111395
200,0.2,0.5,hub_09,pcglasso,C,3.98107170553497e-5,0.31799999999998363,169.31517918254016
200,0.2,0.5,hub_09,pcglasso,C,6.309573444801935e-4,0.26699999999993906,169.38985652842138
200,0.2,0.5,hub_09,pcglasso,C,0.010000000000000004,0.13200000000006185,221.840461019172
200,0.2,0.5,hub_09,pcglasso,I,9.999999999999982e-9,0.1310000000000855,169.31471805639396
200,0.2,0.5,hub_09,pcglasso,I,1.5848931924611096e-7,0.09000000000014552,169.31471811593184
200,0.2,0.5,hub_09,pcglasso,I,2.5118864315095806e-6,0.06949999999994816,169.31471879022956
200,0.2,0.5,hub_09,pcglasso,I,3.98107170553497e-5,0.06700000000000728,169.31472705025718
200,0.2,0.5,hub_09,pcglasso,I,6.309573444801935e-4,0.047000000000025466,169.33125951230645
200,0.2,0.5,hub_09,pcglasso,I,0.010000000000000004,0.04549999999994725,171.81578348076937
200,0.2,0.5,hub_09,pcglassoFast_Dual,C,9.999999999999982e-9,0.1390000000000029,169.31471805599452
200,0.2,0.5,hub_09,pcglassoFast_Dual,C,1.5848931924611096e-7,0.13350000000002638,169.31471805599452
200,0.2,0.5,hub_09,pcglassoFast_Dual,C,2.5118864315095806e-6,0.13350000000002638,169.31471805599452
200,0.2,0.5,hub_09,pcglassoFast_Dual,C,3.98107170553497e-5,0.13250000000005002,169.31471805599452
200,0.2,0.5,hub_09,pcglassoFast_Dual,C,6.309573444801935e-4,0.12749999999994088,169.31471805599452
200,0.2,0.5,hub_09,pcglassoFast_Dual,C,0.010000000000000004,0.1150000000000091,169.3147180559949
200,0.2,0.5,hub_09,pcglassoFast_Dual,I,9.999999999999982e-9,0.057999999999992724,169.31471805599455
200,0.2,0.5,hub_09,pcglassoFast_Dual,I,1.5848931924611096e-7,0.05600000000004002,169.31471805599455
200,0.2,0.5,hub_09,pcglassoFast_Dual,I,2.5118864315095806e-6,0.055000000000063665,169.31471805599455
200,0.2,0.5,hub_09,pcglassoFast_Dual,I,3.98107170553497e-5,0.054999999999893134,169.31471805599455
200,0.2,0.5,hub_09,pcglassoFast_Dual,I,6.309573444801935e-4,0.054500000000018645,169.31471805599455
200,0.2,0.5,hub_09,pcglassoFast_Dual,I,0.010000000000000004,0.05549999999982447,169.31471805599455
200,0.2,0.5,hub_09,pcglassoFast_Primal,C,9.999999999999982e-9,0.5530000000000044,169.31471805599455
200,0.2,0.5,hub_09,pcglassoFast_Primal,C,1.5848931924611096e-7,0.43300000000004957,169.31471805599455
200,0.2,0.5,hub_09,pcglassoFast_Primal,C,2.5118864315095806e-6,0.4309999999999832,169.31471805599455
200,0.2,0.5,hub_09,pcglassoFast_Primal,C,3.98107170553497e-5,0.4294999999999618,169.31471805599455
200,0.2,0.5,hub_09,pcglassoFast_Primal,C,6.309573444801935e-4,0.4289999999999168,169.31471805599455
200,0.2,0.5,hub_09,pcglassoFast_Primal,C,0.010000000000000004,0.3650000000000091,169.31471805599563
200,0.2,0.5,hub_09,pcglassoFast_Primal,I,9.999999999999982e-9,0.14449999999999363,169.31471805599455
200,0.2,0.5,hub_09,pcglassoFast_Primal,I,1.5848931924611096e-7,0.1430000000000291,169.31471805599455
200,0.2,0.5,hub_09,pcglassoFast_Primal,I,2.5118864315095806e-6,0.14650000000000318,169.31471805599455
200,0.2,0.5,hub_09,pcglassoFast_Primal,I,3.98107170553497e-5,0.13999999999992951,169.31471805599455
200,0.2,0.5,hub_09,pcglassoFast_Primal,I,6.309573444801935e-4,0.13850000000002183,169.31471805599455
200,0.2,0.5,hub_09,pcglassoFast_Primal,I,0.010000000000000004,0.1369999999999436,169.31471805599455
200,0.2,0.5,hub_09,pcglassoFast_PrimalDual,C,9.999999999999982e-9,0.2804999999999964,169.31471805599452
200,0.2,0.5,hub_09,pcglassoFast_PrimalDual,C,1.5848931924611096e-7,0.27499999999997726,169.31471805599452
200,0.2,0.5,hub_09,pcglassoFast_PrimalDual,C,2.5118864315095806e-6,0.27450000000004593,169.31471805599452
200,0.2,0.5,hub_09,pcglassoFast_PrimalDual,C,3.98107170553497e-5,0.3795000000000073,169.31471805599452
200,0.2,0.5,hub_09,pcglassoFast_PrimalDual,C,6.309573444801935e-4,0.26699999999993906,169.31471805599452
200,0.2,0.5,hub_09,pcglassoFast_PrimalDual,C,0.010000000000000004,0.21800000000007458,169.31471805599557
200,0.2,0.5,hub_09,pcglassoFast_PrimalDual,I,9.999999999999982e-9,0.09299999999998931,169.31471805599455
200,0.2,0.5,hub_09,pcglassoFast_PrimalDual,I,1.5848931924611096e-7,0.08900000000005548,169.31471805599455
200,0.2,0.5,hub_09,pcglassoFast_PrimalDual,I,2.5118864315095806e-6,0.09149999999999636,169.31471805599455
200,0.2,0.5,hub_09,pcglassoFast_PrimalDual,I,3.98107170553497e-5,0.09000000000014552,169.31471805599455
200,0.2,0.5,hub_09,pcglassoFast_PrimalDual,I,6.309573444801935e-4,0.08949999999992997,169.31471805599455
200,0.2,0.5,hub_09,pcglassoFast_PrimalDual,I,0.010000000000000004,0.08899999999994179,169.31471805599455
200,0.2,0.5,hub_1,pcglasso,C,9.999999999999982e-9,13.114000000000033,110.60045650670786
200,0.2,0.5,hub_1,pcglasso,C,1.5848931924611096e-7,10.59899999999999,110.60046489539198
200,0.2,0.5,hub_1,pcglasso,C,2.5118864315095806e-6,6.551000000000045,110.61826384580301
200,0.2,0.5,hub_1,pcglasso,C,3.98107170553497e-5,5.857999999999947,110.9693425861027
200,0.2,0.5,hub_1,pcglasso,C,6.309573444801935e-4,2.536000000000058,145.0875654853262
200,0.2,0.5,hub_1,pcglasso,C,0.010000000000000004,1.303000000000111,580.9310803910286
200,0.2,0.5,hub_1,pcglasso,I,9.999999999999982e-9,10.826000000000022,110.6004565317313
200,0.2,0.5,hub_1,pcglasso,I,1.5848931924611096e-7,7.926500000000033,110.60045809042853
200,0.2,0.5,hub_1,pcglasso,I,2.5118864315095806e-6,6.203500000000076,110.6018414997557
200,0.2,0.5,hub_1,pcglasso,I,3.98107170553497e-5,4.113499999999988,111.05109666451243
200,0.2,0.5,hub_1,pcglasso,I,6.309573444801935e-4,0.5024999999999409,137.3656758389306
200,0.2,0.5,hub_1,pcglasso,I,0.010000000000000004,0.16850000000010823,138.83069140775876
200,0.2,0.5,hub_1,pcglassoFast_Dual,C,9.999999999999982e-9,4.129500000000004,110.60045643576814
200,0.2,0.5,hub_1,pcglassoFast_Dual,C,1.5848931924611096e-7,3.31899999999996,110.60045647224298
200,0.2,0.5,hub_1,pcglassoFast_Dual,C,2.5118864315095806e-6,2.755999999999972,110.60045858265852
200,0.2,0.5,hub_1,pcglassoFast_Dual,C,3.98107170553497e-5,2.566000000000031,110.60046756302793
200,0.2,0.5,hub_1,pcglassoFast_Dual,C,6.309573444801935e-4,2.1259999999998627,110.60068080167703
200,0.2,0.5,hub_1,pcglassoFast_Dual,C,0.010000000000000004,2.0030000000000427,110.60105054819122
200,0.2,0.5,hub_1,pcglassoFast_Dual,I,9.999999999999982e-9,8.436000000000007,110.60045643805526
200,0.2,0.5,hub_1,pcglassoFast_Dual,I,1.5848931924611096e-7,7.902999999999963,110.60045645935833
200,0.2,0.5,hub_1,pcglassoFast_Dual,I,2.5118864315095806e-6,7.883000000000038,110.60045682468719
200,0.2,0.5,hub_1,pcglassoFast_Dual,I,3.98107170553497e-5,7.0470000000000255,110.6004722750632
200,0.2,0.5,hub_1,pcglassoFast_Dual,I,6.309573444801935e-4,6.839500000000044,110.60070973868325
200,0.2,0.5,hub_1,pcglassoFast_Dual,I,0.010000000000000004,5.9184999999999945,110.61414586352763
200,0.2,0.5,hub_1,pcglassoFast_Primal,C,9.999999999999982e-9,164.551,110.60045747160032
200,0.2,0.5,hub_1,pcglassoFast_Primal,C,1.5848931924611096e-7,108.38,110.60046029146584
200,0.2,0.5,hub_1,pcglassoFast_Primal,C,2.5118864315095806e-6,66.79199999999997,110.60049465716384
200,0.2,0.5,hub_1,pcglassoFast_Primal,C,3.98107170553497e-5,31.952500000000043,110.60200840954832
200,0.2,0.5,hub_1,pcglassoFast_Primal,C,6.309573444801935e-4,10.132999999999925,110.60092384753501
200,0.2,0.5,hub_1,pcglassoFast_Primal,C,0.010000000000000004,1.6359999999999673,110.62140724820196
200,0.2,0.5,hub_1,pcglassoFast_Primal,I,9.999999999999982e-9,156.71,110.60045887573867
200,0.2,0.5,hub_1,pcglassoFast_Primal,I,1.5848931924611096e-7,110.28750000000002,110.60046333629693
200,0.2,0.5,hub_1,pcglassoFast_Primal,I,2.5118864315095806e-6,70.17600000000004,110.60060391117601
200,0.2,0.5,hub_1,pcglassoFast_Primal,I,3.98107170553497e-5,35.607500000000016,110.60109675063788
200,0.2,0.5,hub_1,pcglassoFast_Primal,I,6.309573444801935e-4,14.30099999999993,110.6105095558913
200,0.2,0.5,hub_1,pcglassoFast_Primal,I,0.010000000000000004,4.103999999999928,110.64719004283374
200,0.2,0.5,hub_1,pcglassoFast_PrimalDual,C,9.999999999999982e-9,0.6414999999999793,110.60045643537701
200,0.2,0.5,hub_1,pcglassoFast_PrimalDual,C,1.5848931924611096e-7,0.436999999999955,110.60045645366128
200,0.2,0.5,hub_1,pcglassoFast_PrimalDual,C,2.5118864315095806e-6,0.3949999999999818,110.60045658306568
200,0.2,0.5,hub_1,pcglassoFast_PrimalDual,C,3.98107170553497e-5,0.36149999999997817,110.60045762761462
200,0.2,0.5,hub_1,pcglassoFast_PrimalDual,C,6.309573444801935e-4,0.3025000000000091,110.60053797171227
200,0.2,0.5,hub_1,pcglassoFast_PrimalDual,C,0.010000000000000004,0.26450000000011187,110.60114896632773
200,0.2,0.5,hub_1,pcglassoFast_PrimalDual,I,9.999999999999982e-9,1.0670000000000641,110.60045643552047
200,0.2,0.5,hub_1,pcglassoFast_PrimalDual,I,1.5848931924611096e-7,1.0895000000000437,110.60045643869475
200,0.2,0.5,hub_1,pcglassoFast_PrimalDual,I,2.5118864315095806e-6,0.97950000000003,110.6004566665609
200,0.2,0.5,hub_1,pcglassoFast_PrimalDual,I,3.98107170553497e-5,0.9139999999999873,110.60045832271939
200,0.2,0.5,hub_1,pcglassoFast_PrimalDual,I,6.309573444801935e-4,0.8570000000000846,110.6004721776358
200,0.2,0.5,hub_1,pcglassoFast_PrimalDual,I,0.010000000000000004,0.8184999999999718,110.6016201692484
200,0.2,0.5,random,pcglasso,C,9.999999999999982e-9,11.576500000000003,161.00734420156894
200,0.2,0.5,random,pcglasso,C,1.5848931924611096e-7,7.869500000000016,161.0073596290514
200,0.2,0.5,random,pcglasso,C,2.5118864315095806e-6,5.646000000000072,161.00922847779515
200,0.2,0.5,random,pcglasso,C,3.98107170553497e-5,2.5039999999999054,161.20023664627092
200,0.2,0.5,random,pcglasso,C,6.309573444801935e-4,0.7480000000000473,168.54776741679686
200,0.2,0.5,random,pcglasso,C,0.010000000000000004,0.16350000000011278,418.47704423645536
200,0.2,0.5,random,pcglasso,I,9.999999999999982e-9,10.6755,161.00734424435402
200,0.2,0.5,random,pcglasso,I,1.5848931924611096e-7,7.491499999999974,161.00736987373955
200,0.2,0.5,random,pcglasso,I,2.5118864315095806e-6,5.832500000000039,161.00788681940548
200,0.2,0.5,random,pcglasso,I,3.98107170553497e-5,1.677500000000009,161.2626772465053
200,0.2,0.5,random,pcglasso,I,6.309573444801935e-4,0.24250000000006366,164.86500934000432
200,0.2,0.5,random,pcglasso,I,0.010000000000000004,0.1875000000001137,165.18090954299998
200,0.2,0.5,random,pcglassoFast_Dual,C,9.999999999999982e-9,3.063999999999993,161.00734391266062
200,0.2,0.5,random,pcglassoFast_Dual,C,1.5848931924611096e-7,2.259999999999991,161.0073443942342
200,0.2,0.5,random,pcglassoFast_Dual,C,2.5118864315095806e-6,1.503499999999974,161.00734698654733
200,0.2,0.5,random,pcglassoFast_Dual,C,3.98107170553497e-5,1.080000000000041,161.00750596431425
200,0.2,0.5,random,pcglassoFast_Dual,C,6.309573444801935e-4,0.8099999999999454,161.00975726879582
200,0.2,0.5,random,pcglassoFast_Dual,C,0.010000000000000004,0.46050000000002456,161.01653771196578
200,0.2,0.5,random,pcglassoFast_Dual,I,9.999999999999982e-9,2.490500000000054,161.00734390012357
200,0.2,0.5,random,pcglassoFast_Dual,I,1.5848931924611096e-7,2.1914999999999623,161.00734421082217
200,0.2,0.5,random,pcglassoFast_Dual,I,2.5118864315095806e-6,1.6675000000000182,161.0073505737511
200,0.2,0.5,random,pcglassoFast_Dual,I,3.98107170553497e-5,1.3285000000000764,161.00747351422365
200,0.2,0.5,random,pcglassoFast_Dual,I,6.309573444801935e-4,0.7779999999999063,161.00962691654294
200,0.2,0.5,random,pcglassoFast_Dual,I,0.010000000000000004,0.42050000000006094,161.03402835877893
200,0.2,0.5,random,pcglassoFast_Primal,C,9.999999999999982e-9,12.718999999999994,161.00734395979956
200,0.2,0.5,random,pcglassoFast_Primal,C,1.5848931924611096e-7,9.027999999999992,161.00734435211407
200,0.2,0.5,random,pcglassoFast_Primal,C,2.5118864315095806e-6,6.3530000000000655,161.0073488714056
200,0.2,0.5,random,pcglassoFast_Primal,C,3.98107170553497e-5,4.080000000000041,161.00739863619447
200,0.2,0.5,random,pcglassoFast_Primal,C,6.309573444801935e-4,2.158999999999878,161.00806896912968
200,0.2,0.5,random,pcglassoFast_Primal,C,0.010000000000000004,1.1485000000000127,161.02183767842925
200,0.2,0.5,random,pcglassoFast_Primal,I,9.999999999999982e-9,16.021000000000015,161.00734395957403
200,0.2,0.5,random,pcglassoFast_Primal,I,1.5848931924611096e-7,12.745499999999936,161.00734437362877
200,0.2,0.5,random,pcglassoFast_Primal,I,2.5118864315095806e-6,9.27600000000001,161.00734855973167
200,0.2,0.5,random,pcglassoFast_Primal,I,3.98107170553497e-5,5.996499999999969,161.00745043104823
200,0.2,0.5,random,pcglassoFast_Primal,I,6.309573444801935e-4,3.0960000000001173,161.00875674884367
200,0.2,0.5,random,pcglassoFast_Primal,I,0.010000000000000004,1.620999999999981,161.0155989792542
200,0.2,0.5,random,pcglassoFast_PrimalDual,C,9.999999999999982e-9,6.637500000000017,161.00734390649694
200,0.2,0.5,random,pcglassoFast_PrimalDual,C,1.5848931924611096e-7,4.988499999999931,161.00734427651477
200,0.2,0.5,random,pcglassoFast_PrimalDual,C,2.5118864315095806e-6,3.8940000000000055,161.00734825005665
200,0.2,0.5,random,pcglassoFast_PrimalDual,C,3.98107170553497e-5,2.9750000000000227,161.00740181438266
200,0.2,0.5,random,pcglassoFast_PrimalDual,C,6.309573444801935e-4,2.255999999999972,161.00810062508643
200,0.2,0.5,random,pcglassoFast_PrimalDual,C,0.010000000000000004,1.663000000000011,161.01419386242296
200,0.2,0.5,random,pcglassoFast_PrimalDual,I,9.999999999999982e-9,6.75,161.00734392578912
200,0.2,0.5,random,pcglassoFast_PrimalDual,I,1.5848931924611096e-7,5.653999999999996,161.0073443378415
200,0.2,0.5,random,pcglassoFast_PrimalDual,I,2.5118864315095806e-6,4.499999999999943,161.0073491229689
200,0.2,0.5,random,pcglassoFast_PrimalDual,I,3.98107170553497e-5,3.8264999999998963,161.00739499638908
200,0.2,0.5,random,pcglassoFast_PrimalDual,I,6.309573444801935e-4,2.963999999999942,161.0080745357742
200,0.2,0.5,random,pcglassoFast_PrimalDual,I,0.010000000000000004,2.350500000000011,161.01143882405546
