p,lambda,alpha,K_structure,solver,starting_point,tolerance,time_median,f_end
50,0.1,0,AR2,pcglasso,C,9.999999999999982e-9,0.1855000000000473,37.18144846037992
50,0.1,0,AR2,pcglasso,C,3.5111917342151263e-8,0.11100000000010368,37.18144845929006
50,0.1,0,AR2,pcglasso,C,1.2328467394420646e-7,0.09799999999995634,37.18144874861069
50,0.1,0,AR2,pcglasso,C,4.328761281083054e-7,0.08849999999995362,37.18145076935369
50,0.1,0,AR2,pcglasso,C,1.5199110829529328e-6,0.07449999999994361,37.181479138743384
50,0.1,0,AR2,pcglasso,C,5.336699231206308e-6,0.09649999999987813,37.18187992775643
50,0.1,0,AR2,pcglasso,C,1.873817422860384e-5,0.05099999999993088,37.186083775865136
50,0.1,0,AR2,pcglasso,C,6.579332246575681e-5,0.03099999999994907,37.23391647351631
50,0.1,0,AR2,pcglasso,C,2.310129700083161e-4,0.013499999999908141,39.03937282816632
50,0.1,0,AR2,pcglasso,C,8.11130830789687e-4,0.008000000000038199,40.77215650145825
50,0.1,0,AR2,pcglasso,C,0.002848035868435802,0.007000000000061846,50.73249385643346
50,0.1,0,AR2,pcglasso,C,0.010000000000000004,0.005999999999971806,46.574345549651
50,0.1,0,AR2,pcglasso,I,9.999999999999982e-9,0.17300000000000182,37.181448447132055
50,0.1,0,AR2,pcglasso,I,3.5111917342151263e-8,0.10349999999982629,37.18144846032905
50,0.1,0,AR2,pcglasso,I,1.2328467394420646e-7,0.09249999999997272,37.18144876802519
50,0.1,0,AR2,pcglasso,I,4.328761281083054e-7,0.07899999999995089,37.18145089958261
50,0.1,0,AR2,pcglasso,I,1.5199110829529328e-6,0.07349999999996726,37.18147980727408
50,0.1,0,AR2,pcglasso,I,5.336699231206308e-6,0.08650000000000091,37.18189008561126
50,0.1,0,AR2,pcglasso,I,1.873817422860384e-5,0.04750000000001364,37.18588194579705
50,0.1,0,AR2,pcglasso,I,6.579332246575681e-5,0.17650000000003274,37.217373120824895
50,0.1,0,AR2,pcglasso,I,2.310129700083161e-4,0.016000000000076398,37.417219151533544
50,0.1,0,AR2,pcglasso,I,8.11130830789687e-4,0.006999999999948159,39.04675820593725
50,0.1,0,AR2,pcglasso,I,0.002848035868435802,0.0060000000000854925,39.48144951473458
50,0.1,0,AR2,pcglasso,I,0.010000000000000004,0.005999999999971806,39.0858458156763
50,0.1,0,AR2,pcglassoFast_Dual,C,9.999999999999982e-9,0.03550000000007003,37.18144845600822
50,0.1,0,AR2,pcglassoFast_Dual,C,3.5111917342151263e-8,0.023500000000012733,37.181448483078995
50,0.1,0,AR2,pcglassoFast_Dual,C,1.2328467394420646e-7,0.02200000000016189,37.181448576270526
50,0.1,0,AR2,pcglassoFast_Dual,C,4.328761281083054e-7,0.020999999999958163,37.18144891171923
50,0.1,0,AR2,pcglassoFast_Dual,C,1.5199110829529328e-6,0.019499999999993634,37.181450123059705
50,0.1,0,AR2,pcglassoFast_Dual,C,5.336699231206308e-6,0.017999999999915417,37.181454123274655
50,0.1,0,AR2,pcglassoFast_Dual,C,1.873817422860384e-5,0.019000000000119144,37.18145909798961
50,0.1,0,AR2,pcglassoFast_Dual,C,6.579332246575681e-5,0.01599999999996271,37.18149394925243
50,0.1,0,AR2,pcglassoFast_Dual,C,2.310129700083161e-4,0.016000000000076398,37.1815462222624
50,0.1,0,AR2,pcglassoFast_Dual,C,8.11130830789687e-4,0.014000000000123691,37.18191381563293
50,0.1,0,AR2,pcglassoFast_Dual,C,0.002848035868435802,0.013000000000033651,37.18265653521196
50,0.1,0,AR2,pcglassoFast_Dual,C,0.010000000000000004,0.012000000000057298,37.19103675188856
50,0.1,0,AR2,pcglassoFast_Dual,I,9.999999999999982e-9,0.019499999999993634,37.18144845439715
50,0.1,0,AR2,pcglassoFast_Dual,I,3.5111917342151263e-8,0.018000000000029104,37.181448476931216
50,0.1,0,AR2,pcglassoFast_Dual,I,1.2328467394420646e-7,0.01700000000005275,37.18144855543856
50,0.1,0,AR2,pcglassoFast_Dual,I,4.328761281083054e-7,0.016000000000076398,37.18144883123695
50,0.1,0,AR2,pcglassoFast_Dual,I,1.5199110829529328e-6,0.014499999999998181,37.18144978983985
50,0.1,0,AR2,pcglassoFast_Dual,I,5.336699231206308e-6,0.013999999999896318,37.18145104167433
50,0.1,0,AR2,pcglassoFast_Dual,I,1.873817422860384e-5,0.014000000000010004,37.18145920798242
50,0.1,0,AR2,pcglassoFast_Dual,I,6.579332246575681e-5,0.012499999999931788,37.181471479791654
50,0.1,0,AR2,pcglassoFast_Dual,I,2.310129700083161e-4,0.010999999999967258,37.18157135696434
50,0.1,0,AR2,pcglassoFast_Dual,I,8.11130830789687e-4,0.009999999999990905,37.18176819346262
50,0.1,0,AR2,pcglassoFast_Dual,I,0.002848035868435802,0.008000000000038199,37.183706805445084
50,0.1,0,AR2,pcglassoFast_Dual,I,0.010000000000000004,0.008500000000026375,37.183706805445084
50,0.1,0,AR2,pcglassoFast_Primal,C,9.999999999999982e-9,0.06299999999998818,37.181448450840776
50,0.1,0,AR2,pcglassoFast_Primal,C,3.5111917342151263e-8,0.03899999999998727,37.18144846812644
50,0.1,0,AR2,pcglassoFast_Primal,C,1.2328467394420646e-7,0.03600000000005821,37.18144853170819
50,0.1,0,AR2,pcglassoFast_Primal,C,4.328761281083054e-7,0.0340000000001055,37.181448775164206
50,0.1,0,AR2,pcglassoFast_Primal,C,1.5199110829529328e-6,0.03200000000003911,37.18144971823873
50,0.1,0,AR2,pcglassoFast_Primal,C,5.336699231206308e-6,0.044499999999970896,37.18145343203278
50,0.1,0,AR2,pcglassoFast_Primal,C,1.873817422860384e-5,0.02800000000002001,37.18145840357242
50,0.1,0,AR2,pcglassoFast_Primal,C,6.579332246575681e-5,0.027000000000043656,37.181488760583285
50,0.1,0,AR2,pcglassoFast_Primal,C,2.310129700083161e-4,0.022499999999922693,37.18161265529304
50,0.1,0,AR2,pcglassoFast_Primal,C,8.11130830789687e-4,0.01999999999998181,37.18213439636787
50,0.1,0,AR2,pcglassoFast_Primal,C,0.002848035868435802,0.019000000000005457,37.182885791587346
50,0.1,0,AR2,pcglassoFast_Primal,C,0.010000000000000004,0.016000000000076398,37.18835578610094
50,0.1,0,AR2,pcglassoFast_Primal,I,9.999999999999982e-9,0.0504999999999427,37.18144845432034
50,0.1,0,AR2,pcglassoFast_Primal,I,3.5111917342151263e-8,0.041999999999916326,37.181448487776215
50,0.1,0,AR2,pcglassoFast_Primal,I,1.2328467394420646e-7,0.035000000000081855,37.18144856336025
50,0.1,0,AR2,pcglassoFast_Primal,I,4.328761281083054e-7,0.032500000000027285,37.18144880591308
50,0.1,0,AR2,pcglassoFast_Primal,I,1.5199110829529328e-6,0.03099999999994907,37.181449547840415
50,0.1,0,AR2,pcglassoFast_Primal,I,5.336699231206308e-6,0.04100000000005366,37.18145468737791
50,0.1,0,AR2,pcglassoFast_Primal,I,1.873817422860384e-5,0.024499999999989086,37.18146870531203
50,0.1,0,AR2,pcglassoFast_Primal,I,6.579332246575681e-5,0.021999999999934516,37.18151533883476
50,0.1,0,AR2,pcglassoFast_Primal,I,2.310129700083161e-4,0.019499999999993634,37.18167555465151
50,0.1,0,AR2,pcglassoFast_Primal,I,8.11130830789687e-4,0.016499999999950887,37.18225834077819
50,0.1,0,AR2,pcglassoFast_Primal,I,0.002848035868435802,0.015500000000088221,37.18302702051351
50,0.1,0,AR2,pcglassoFast_Primal,I,0.010000000000000004,0.012499999999931788,37.18803889701466
50,0.1,0,AR2,pcglassoFast_PrimalDual,C,9.999999999999982e-9,0.04300000000012005,37.18144849163653
50,0.1,0,AR2,pcglassoFast_PrimalDual,C,3.5111917342151263e-8,0.0464999999999236,37.18144849923439
50,0.1,0,AR2,pcglassoFast_PrimalDual,C,1.2328467394420646e-7,0.04349999999999454,37.18144851397718
50,0.1,0,AR2,pcglassoFast_PrimalDual,C,4.328761281083054e-7,0.035999999999830834,37.181448677625085
50,0.1,0,AR2,pcglassoFast_PrimalDual,C,1.5199110829529328e-6,0.0340000000001055,37.181449019759185
50,0.1,0,AR2,pcglassoFast_PrimalDual,C,5.336699231206308e-6,0.03199999999992542,37.181450060390816
50,0.1,0,AR2,pcglassoFast_PrimalDual,C,1.873817422860384e-5,0.038499999999885404,37.18145308217401
50,0.1,0,AR2,pcglassoFast_PrimalDual,C,6.579332246575681e-5,0.02800000000002001,37.18146221691111
50,0.1,0,AR2,pcglassoFast_PrimalDual,C,2.310129700083161e-4,0.025999999999953616,37.18148949479714
50,0.1,0,AR2,pcglassoFast_PrimalDual,C,8.11130830789687e-4,0.02699999999992997,37.18182263387965
50,0.1,0,AR2,pcglassoFast_PrimalDual,C,0.002848035868435802,0.019000000000005457,37.182593869851715
50,0.1,0,AR2,pcglassoFast_PrimalDual,C,0.010000000000000004,0.01700000000005275,37.184985639821726
50,0.1,0,AR2,pcglassoFast_PrimalDual,I,9.999999999999982e-9,0.04750000000001364,37.18144848600184
50,0.1,0,AR2,pcglassoFast_PrimalDual,I,3.5111917342151263e-8,0.044000000000096406,37.181448502366976
50,0.1,0,AR2,pcglassoFast_PrimalDual,I,1.2328467394420646e-7,0.04099999999993997,37.18144855522614
50,0.1,0,AR2,pcglassoFast_PrimalDual,I,4.328761281083054e-7,0.038000000000010914,37.18144864188597
50,0.1,0,AR2,pcglassoFast_PrimalDual,I,1.5199110829529328e-6,0.03700000000003456,37.181448919535775
50,0.1,0,AR2,pcglassoFast_PrimalDual,I,5.336699231206308e-6,0.04549999999994725,37.181449715340484
50,0.1,0,AR2,pcglassoFast_PrimalDual,I,1.873817422860384e-5,0.03300000000001546,37.181452028134196
50,0.1,0,AR2,pcglassoFast_PrimalDual,I,6.579332246575681e-5,0.028999999999996362,37.1814791510624
50,0.1,0,AR2,pcglassoFast_PrimalDual,I,2.310129700083161e-4,0.03349999999988995,37.181539638009085
50,0.1,0,AR2,pcglassoFast_PrimalDual,I,8.11130830789687e-4,0.024999999999977263,37.18171990239439
50,0.1,0,AR2,pcglassoFast_PrimalDual,I,0.002848035868435802,0.021999999999934516,37.18226121634404
50,0.1,0,AR2,pcglassoFast_PrimalDual,I,0.010000000000000004,0.01999999999998181,37.18389387005603
50,0.1,0,hub_09,pcglasso,C,9.999999999999982e-9,0.10250000000002046,43.586357467040656
50,0.1,0,hub_09,pcglasso,C,3.5111917342151263e-8,0.2154999999999916,43.586357469079445
50,0.1,0,hub_09,pcglasso,C,1.2328467394420646e-7,0.08749999999997726,43.586357554156336
50,0.1,0,hub_09,pcglasso,C,4.328761281083054e-7,0.07150000000001455,43.58635890932088
50,0.1,0,hub_09,pcglasso,C,1.5199110829529328e-6,0.060000000000002274,43.58638601046275
50,0.1,0,hub_09,pcglasso,C,5.336699231206308e-6,0.05750000000003297,43.58656282971046
50,0.1,0,hub_09,pcglasso,C,1.873817422860384e-5,0.04100000000002524,43.588398607930664
50,0.1,0,hub_09,pcglasso,C,6.579332246575681e-5,0.02750000000000341,43.59676278390899
50,0.1,0,hub_09,pcglasso,C,2.310129700083161e-4,0.01799999999997226,43.76005793897534
50,0.1,0,hub_09,pcglasso,C,8.11130830789687e-4,0.006499999999988404,50.27773026897091
50,0.1,0,hub_09,pcglasso,C,0.002848035868435802,0.0049999999999954525,55.272700779278544
50,0.1,0,hub_09,pcglasso,C,0.010000000000000004,0.006000000000000227,53.92392846519867
50,0.1,0,hub_09,pcglasso,I,9.999999999999982e-9,0.103999999999985,43.58635747483086
50,0.1,0,hub_09,pcglasso,I,3.5111917342151263e-8,0.09049999999996317,43.58635747917188
50,0.1,0,hub_09,pcglasso,I,1.2328467394420646e-7,0.07799999999997453,43.58635755722834
50,0.1,0,hub_09,pcglasso,I,4.328761281083054e-7,0.0759999999999934,43.586358466155794
50,0.1,0,hub_09,pcglasso,I,1.5199110829529328e-6,0.06400000000002137,43.58636766005565
50,0.1,0,hub_09,pcglasso,I,5.336699231206308e-6,0.1675000000000182,43.58644130238701
50,0.1,0,hub_09,pcglasso,I,1.873817422860384e-5,0.03649999999998954,43.58841519069384
50,0.1,0,hub_09,pcglasso,I,6.579332246575681e-5,0.02149999999997476,43.61225547445255
50,0.1,0,hub_09,pcglasso,I,2.310129700083161e-4,0.011500000000012278,43.77185296838739
50,0.1,0,hub_09,pcglasso,I,8.11130830789687e-4,0.0069999999999765805,44.097914052864
50,0.1,0,hub_09,pcglasso,I,0.002848035868435802,0.006499999999959982,44.001696923714576
50,0.1,0,hub_09,pcglasso,I,0.010000000000000004,0.006000000000028649,44.001696923714576
50,0.1,0,hub_09,pcglassoFast_Dual,C,9.999999999999982e-9,0.2009999999999934,43.58635747170696
50,0.1,0,hub_09,pcglassoFast_Dual,C,3.5111917342151263e-8,0.061499999999995225,43.586357509071085
50,0.1,0,hub_09,pcglassoFast_Dual,C,1.2328467394420646e-7,0.17300000000000182,43.58635753114155
50,0.1,0,hub_09,pcglassoFast_Dual,C,4.328761281083054e-7,0.059499999999985675,43.58635762070605
50,0.1,0,hub_09,pcglassoFast_Dual,C,1.5199110829529328e-6,0.05350000000001387,43.58635807900278
50,0.1,0,hub_09,pcglassoFast_Dual,C,5.336699231206308e-6,0.039500000000003865,43.586362605153575
50,0.1,0,hub_09,pcglassoFast_Dual,C,1.873817422860384e-5,0.03699999999997772,43.586366819067145
50,0.1,0,hub_09,pcglassoFast_Dual,C,6.579332246575681e-5,0.03100000000000591,43.5864421128449
50,0.1,0,hub_09,pcglassoFast_Dual,C,2.310129700083161e-4,0.023000000000024556,43.58652940210663
50,0.1,0,hub_09,pcglassoFast_Dual,C,8.11130830789687e-4,0.019499999999993634,43.587090305853444
50,0.1,0,hub_09,pcglassoFast_Dual,C,0.002848035868435802,0.01500000000001478,43.58996081172903
50,0.1,0,hub_09,pcglassoFast_Dual,C,0.010000000000000004,0.013999999999981583,43.59196074887555
50,0.1,0,hub_09,pcglassoFast_Dual,I,9.999999999999982e-9,0.0595000000000141,43.5863574715412
50,0.1,0,hub_09,pcglassoFast_Dual,I,3.5111917342151263e-8,0.18549999999999045,43.586357496518254
50,0.1,0,hub_09,pcglassoFast_Dual,I,1.2328467394420646e-7,0.20150000000001,43.58635753007532
50,0.1,0,hub_09,pcglassoFast_Dual,I,4.328761281083054e-7,0.04049999999998022,43.58635762747197
50,0.1,0,hub_09,pcglassoFast_Dual,I,1.5199110829529328e-6,0.036000000000001364,43.58635808216812
50,0.1,0,hub_09,pcglassoFast_Dual,I,5.336699231206308e-6,0.03499999999999659,43.58636123691092
50,0.1,0,hub_09,pcglassoFast_Dual,I,1.873817422860384e-5,0.025000000000005684,43.5863655246159
50,0.1,0,hub_09,pcglassoFast_Dual,I,6.579332246575681e-5,0.021500000000003183,43.58638675771644
50,0.1,0,hub_09,pcglassoFast_Dual,I,2.310129700083161e-4,0.017500000000012506,43.58646948256619
50,0.1,0,hub_09,pcglassoFast_Dual,I,8.11130830789687e-4,0.014000000000010004,43.58705846240781
50,0.1,0,hub_09,pcglassoFast_Dual,I,0.002848035868435802,0.010500000000007503,43.59190145102103
50,0.1,0,hub_09,pcglassoFast_Dual,I,0.010000000000000004,0.009499999999974307,43.59386569897063
50,0.1,0,hub_09,pcglassoFast_Primal,C,9.999999999999982e-9,0.034000000000020236,43.586357469437154
50,0.1,0,hub_09,pcglassoFast_Primal,C,3.5111917342151263e-8,0.02949999999998454,43.58635749343429
50,0.1,0,hub_09,pcglassoFast_Primal,C,1.2328467394420646e-7,0.03100000000000591,43.586357528003745
50,0.1,0,hub_09,pcglassoFast_Primal,C,4.328761281083054e-7,0.028500000000008185,43.58635776516134
50,0.1,0,hub_09,pcglassoFast_Primal,C,1.5199110829529328e-6,0.025000000000005684,43.58635812296254
50,0.1,0,hub_09,pcglassoFast_Primal,C,5.336699231206308e-6,0.023500000000012733,43.58636066320475
50,0.1,0,hub_09,pcglassoFast_Primal,C,1.873817422860384e-5,0.02199999999999136,43.58636461592896
50,0.1,0,hub_09,pcglassoFast_Primal,C,6.579332246575681e-5,0.018000000000000682,43.586394011365286
50,0.1,0,hub_09,pcglassoFast_Primal,C,2.310129700083161e-4,0.017499999999984084,43.586441036363404
50,0.1,0,hub_09,pcglassoFast_Primal,C,8.11130830789687e-4,0.016000000000019554,43.58680526629657
50,0.1,0,hub_09,pcglassoFast_Primal,C,0.002848035868435802,0.014000000000010004,43.587401602122185
50,0.1,0,hub_09,pcglassoFast_Primal,C,0.010000000000000004,0.012000000000000455,43.59219267041598
50,0.1,0,hub_09,pcglassoFast_Primal,I,9.999999999999982e-9,0.03849999999997067,43.58635746761963
50,0.1,0,hub_09,pcglassoFast_Primal,I,3.5111917342151263e-8,0.16900000000001114,43.586357485625484
50,0.1,0,hub_09,pcglassoFast_Primal,I,1.2328467394420646e-7,0.03499999999999659,43.58635751227763
50,0.1,0,hub_09,pcglassoFast_Primal,I,4.328761281083054e-7,0.028999999999996362,43.58635770060208
50,0.1,0,hub_09,pcglassoFast_Primal,I,1.5199110829529328e-6,0.02549999999999386,43.586358617055055
50,0.1,0,hub_09,pcglassoFast_Primal,I,5.336699231206308e-6,0.02349999999998431,43.586359986873724
50,0.1,0,hub_09,pcglassoFast_Primal,I,1.873817422860384e-5,0.02199999999999136,43.58636931924603
50,0.1,0,hub_09,pcglassoFast_Primal,I,6.579332246575681e-5,0.019000000000005457,43.586411672366964
50,0.1,0,hub_09,pcglassoFast_Primal,I,2.310129700083161e-4,0.016999999999995907,43.58647231639731
50,0.1,0,hub_09,pcglassoFast_Primal,I,8.11130830789687e-4,0.01500000000001478,43.58686412758561
50,0.1,0,hub_09,pcglassoFast_Primal,I,0.002848035868435802,0.012000000000000455,43.588583662240204
50,0.1,0,hub_09,pcglassoFast_Primal,I,0.010000000000000004,0.01099999999999568,43.59108648068944
50,0.1,0,hub_09,pcglassoFast_PrimalDual,C,9.999999999999982e-9,0.036000000000001364,43.58635748268098
50,0.1,0,hub_09,pcglassoFast_PrimalDual,C,3.5111917342151263e-8,0.035499999999984766,43.58635749013024
50,0.1,0,hub_09,pcglassoFast_PrimalDual,C,1.2328467394420646e-7,0.033499999999975216,43.58635750939135
50,0.1,0,hub_09,pcglassoFast_PrimalDual,C,4.328761281083054e-7,0.035499999999984766,43.58635758093757
50,0.1,0,hub_09,pcglassoFast_PrimalDual,C,1.5199110829529328e-6,0.02949999999998454,43.58635776016248
50,0.1,0,hub_09,pcglassoFast_PrimalDual,C,5.336699231206308e-6,0.030499999999989313,43.58636006234393
50,0.1,0,hub_09,pcglassoFast_PrimalDual,C,1.873817422860384e-5,0.023500000000012733,43.5863653803724
50,0.1,0,hub_09,pcglassoFast_PrimalDual,C,6.579332246575681e-5,0.02200000000001978,43.586382219216425
50,0.1,0,hub_09,pcglassoFast_PrimalDual,C,2.310129700083161e-4,0.019000000000005457,43.58643767972899
50,0.1,0,hub_09,pcglassoFast_PrimalDual,C,8.11130830789687e-4,0.01700000000002433,43.5866343149044
50,0.1,0,hub_09,pcglassoFast_PrimalDual,C,0.002848035868435802,0.01799999999997226,43.5866343149044
50,0.1,0,hub_09,pcglassoFast_PrimalDual,C,0.010000000000000004,0.014999999999986358,43.5874189382095
50,0.1,0,hub_09,pcglassoFast_PrimalDual,I,9.999999999999982e-9,0.04249999999998977,43.58635747939733
50,0.1,0,hub_09,pcglassoFast_PrimalDual,I,3.5111917342151263e-8,0.039500000000003865,43.58635749207738
50,0.1,0,hub_09,pcglassoFast_PrimalDual,I,1.2328467394420646e-7,0.039500000000003865,43.586357507534906
50,0.1,0,hub_09,pcglassoFast_PrimalDual,I,4.328761281083054e-7,0.03799999999998249,43.58635770339053
50,0.1,0,hub_09,pcglassoFast_PrimalDual,I,1.5199110829529328e-6,0.030000000000001137,43.586358131733625
50,0.1,0,hub_09,pcglassoFast_PrimalDual,I,5.336699231206308e-6,0.030500000000017735,43.58635943427741
50,0.1,0,hub_09,pcglassoFast_PrimalDual,I,1.873817422860384e-5,0.027500000000031832,43.586363356288174
50,0.1,0,hub_09,pcglassoFast_PrimalDual,I,6.579332246575681e-5,0.025000000000005684,43.58637520700906
50,0.1,0,hub_09,pcglassoFast_PrimalDual,I,2.310129700083161e-4,0.024499999999989086,43.58641088562294
50,0.1,0,hub_09,pcglassoFast_PrimalDual,I,8.11130830789687e-4,0.021500000000003183,43.58651824935216
50,0.1,0,hub_09,pcglassoFast_PrimalDual,I,0.002848035868435802,0.02250000000003638,43.58684216259894
50,0.1,0,hub_09,pcglassoFast_PrimalDual,I,0.010000000000000004,0.015500000000002956,43.590734138920176
50,0.1,0,hub_1,pcglasso,C,9.999999999999982e-9,1.4750000000000227,13.02061700865756
50,0.1,0,hub_1,pcglasso,C,3.5111917342151263e-8,0.7444999999999027,13.020617137272058
50,0.1,0,hub_1,pcglasso,C,1.2328467394420646e-7,0.7344999999999118,13.020618963131579
50,0.1,0,hub_1,pcglasso,C,4.328761281083054e-7,0.5539999999999736,13.020634443085804
50,0.1,0,hub_1,pcglasso,C,1.5199110829529328e-6,0.3165000000000191,13.020850661593121
50,0.1,0,hub_1,pcglasso,C,5.336699231206308e-6,0.18799999999998818,13.023721135275693
50,0.1,0,hub_1,pcglasso,C,1.873817422860384e-5,0.10799999999994725,13.035739639357871
50,0.1,0,hub_1,pcglasso,C,6.579332246575681e-5,0.07100000000002638,13.084844786342503
50,0.1,0,hub_1,pcglasso,C,2.310129700083161e-4,0.05349999999998545,13.810297656447174
50,0.1,0,hub_1,pcglasso,C,8.11130830789687e-4,0.025999999999953616,24.08982822089355
50,0.1,0,hub_1,pcglasso,C,0.002848035868435802,0.03199999999992542,24.08982822089355
50,0.1,0,hub_1,pcglasso,C,0.010000000000000004,0.027000000000043656,24.08982822089355
50,0.1,0,hub_1,pcglasso,I,9.999999999999982e-9,1.9400000000000546,13.020617009233813
50,0.1,0,hub_1,pcglasso,I,3.5111917342151263e-8,1.3599999999999,13.020617079038264
50,0.1,0,hub_1,pcglasso,I,1.2328467394420646e-7,0.9710000000000036,13.020618630105755
50,0.1,0,hub_1,pcglasso,I,4.328761281083054e-7,0.7409999999999854,13.020635464491669
50,0.1,0,hub_1,pcglasso,I,1.5199110829529328e-6,0.6610000000000582,13.020895751277772
50,0.1,0,hub_1,pcglasso,I,5.336699231206308e-6,0.29949999999996635,13.023677898048
50,0.1,0,hub_1,pcglasso,I,1.873817422860384e-5,0.1309999999999718,13.14187922205834
50,0.1,0,hub_1,pcglasso,I,6.579332246575681e-5,0.02800000000002001,14.192247634144763
50,0.1,0,hub_1,pcglasso,I,2.310129700083161e-4,0.023000000000138243,14.614721542686961
50,0.1,0,hub_1,pcglasso,I,8.11130830789687e-4,0.018000000000029104,15.339048967841974
50,0.1,0,hub_1,pcglasso,I,0.002848035868435802,0.009999999999990905,16.380113752058566
50,0.1,0,hub_1,pcglasso,I,0.010000000000000004,0.009999999999990905,17.680177659518076
50,0.1,0,hub_1,pcglassoFast_Dual,C,9.999999999999982e-9,1.7830000000000155,13.020617053953359
50,0.1,0,hub_1,pcglassoFast_Dual,C,3.5111917342151263e-8,1.6815000000000282,13.020617316660317
50,0.1,0,hub_1,pcglassoFast_Dual,C,1.2328467394420646e-7,1.2915000000000418,13.020617675078508
50,0.1,0,hub_1,pcglassoFast_Dual,C,4.328761281083054e-7,1.0285000000001219,13.020648949651992
50,0.1,0,hub_1,pcglassoFast_Dual,C,1.5199110829529328e-6,1.4225000000000136,13.020625880032988
50,0.1,0,hub_1,pcglassoFast_Dual,C,5.336699231206308e-6,0.9640000000000555,13.020650685576424
50,0.1,0,hub_1,pcglassoFast_Dual,C,1.873817422860384e-5,1.0664999999999054,13.020736829141716
50,0.1,0,hub_1,pcglassoFast_Dual,C,6.579332246575681e-5,0.3409999999998945,13.026609784940938
50,0.1,0,hub_1,pcglassoFast_Dual,C,2.310129700083161e-4,0.18799999999998818,13.044938353903724
50,0.1,0,hub_1,pcglassoFast_Dual,C,8.11130830789687e-4,0.3104999999999336,13.025463740160095
50,0.1,0,hub_1,pcglassoFast_Dual,C,0.002848035868435802,0.11850000000004002,13.065090650885473
50,0.1,0,hub_1,pcglassoFast_Dual,C,0.010000000000000004,0.11400000000003274,13.067598317600345
50,0.1,0,hub_1,pcglassoFast_Dual,I,9.999999999999982e-9,1.801499999999919,13.020617052983232
50,0.1,0,hub_1,pcglassoFast_Dual,I,3.5111917342151263e-8,1.3134999999998627,13.020617323128285
50,0.1,0,hub_1,pcglassoFast_Dual,I,1.2328467394420646e-7,1.3995000000001028,13.020617760187736
50,0.1,0,hub_1,pcglassoFast_Dual,I,4.328761281083054e-7,1.0019999999999527,13.020629694568836
50,0.1,0,hub_1,pcglassoFast_Dual,I,1.5199110829529328e-6,1.156500000000051,13.020625888426839
50,0.1,0,hub_1,pcglassoFast_Dual,I,5.336699231206308e-6,1.8745000000000118,13.020650017986494
50,0.1,0,hub_1,pcglassoFast_Dual,I,1.873817422860384e-5,0.7749999999999773,13.020737021132884
50,0.1,0,hub_1,pcglassoFast_Dual,I,6.579332246575681e-5,0.8660000000000991,13.021057267302027
50,0.1,0,hub_1,pcglassoFast_Dual,I,2.310129700083161e-4,0.5535000000000991,13.02206489897057
50,0.1,0,hub_1,pcglassoFast_Dual,I,8.11130830789687e-4,0.31349999999997635,13.055986276930511
50,0.1,0,hub_1,pcglassoFast_Dual,I,0.002848035868435802,0.15099999999995362,13.439454177302053
50,0.1,0,hub_1,pcglassoFast_Dual,I,0.010000000000000004,0.25499999999999545,13.09304316376869
50,0.1,0,hub_1,pcglassoFast_Primal,C,9.999999999999982e-9,0.5424999999999045,13.020617403545334
50,0.1,0,hub_1,pcglassoFast_Primal,C,3.5111917342151263e-8,0.47100000000000364,13.020618410848108
50,0.1,0,hub_1,pcglassoFast_Primal,C,1.2328467394420646e-7,0.3969999999999345,13.020622056946863
50,0.1,0,hub_1,pcglassoFast_Primal,C,4.328761281083054e-7,0.32300000000009277,13.020629842546661
50,0.1,0,hub_1,pcglassoFast_Primal,C,1.5199110829529328e-6,0.2680000000000291,13.020643388886874
50,0.1,0,hub_1,pcglassoFast_Primal,C,5.336699231206308e-6,0.23950000000002092,13.0206447959198
50,0.1,0,hub_1,pcglassoFast_Primal,C,1.873817422860384e-5,0.24749999999994543,13.020669246919406
50,0.1,0,hub_1,pcglassoFast_Primal,C,6.579332246575681e-5,0.18650000000002365,13.020823551014614
50,0.1,0,hub_1,pcglassoFast_Primal,C,2.310129700083161e-4,0.16199999999992087,13.021412538061025
50,0.1,0,hub_1,pcglassoFast_Primal,C,8.11130830789687e-4,0.125,13.023151377074807
50,0.1,0,hub_1,pcglassoFast_Primal,C,0.002848035868435802,0.10000000000002274,13.02741262487156
50,0.1,0,hub_1,pcglassoFast_Primal,C,0.010000000000000004,0.07899999999995089,13.040640292588112
50,0.1,0,hub_1,pcglassoFast_Primal,I,9.999999999999982e-9,0.6589999999998781,13.020617455467889
50,0.1,0,hub_1,pcglassoFast_Primal,I,3.5111917342151263e-8,0.5515000000001464,13.020618547207798
50,0.1,0,hub_1,pcglassoFast_Primal,I,1.2328467394420646e-7,0.5424999999999045,13.020621890828439
50,0.1,0,hub_1,pcglassoFast_Primal,I,4.328761281083054e-7,0.3450000000000273,13.020630524029999
50,0.1,0,hub_1,pcglassoFast_Primal,I,1.5199110829529328e-6,0.3039999999999736,13.020639476202795
50,0.1,0,hub_1,pcglassoFast_Primal,I,5.336699231206308e-6,0.2715000000001737,13.020650099375729
50,0.1,0,hub_1,pcglassoFast_Primal,I,1.873817422860384e-5,0.2905000000000655,13.020715293009722
50,0.1,0,hub_1,pcglassoFast_Primal,I,6.579332246575681e-5,0.2195000000001528,13.020982168408587
50,0.1,0,hub_1,pcglassoFast_Primal,I,2.310129700083161e-4,0.20100000000002183,13.02189723906309
50,0.1,0,hub_1,pcglassoFast_Primal,I,8.11130830789687e-4,0.15750000000002728,13.024552716307257
50,0.1,0,hub_1,pcglassoFast_Primal,I,0.002848035868435802,0.11949999999990268,13.036405913871366
50,0.1,0,hub_1,pcglassoFast_Primal,I,0.010000000000000004,0.11049999999988813,13.0792193954295
50,0.1,0,hub_1,pcglassoFast_PrimalDual,C,9.999999999999982e-9,0.26400000000001,13.020617062343472
50,0.1,0,hub_1,pcglassoFast_PrimalDual,C,3.5111917342151263e-8,0.15999999999996817,13.02061726025785
50,0.1,0,hub_1,pcglassoFast_PrimalDual,C,1.2328467394420646e-7,0.14949999999998909,13.020617557846638
50,0.1,0,hub_1,pcglassoFast_PrimalDual,C,4.328761281083054e-7,0.1349999999999909,13.020619215524146
50,0.1,0,hub_1,pcglassoFast_PrimalDual,C,1.5199110829529328e-6,0.12399999999990996,13.02062375952169
50,0.1,0,hub_1,pcglassoFast_PrimalDual,C,5.336699231206308e-6,0.15850000000011732,13.020643631285067
50,0.1,0,hub_1,pcglassoFast_PrimalDual,C,1.873817422860384e-5,0.08900000000005548,13.020705153760742
50,0.1,0,hub_1,pcglassoFast_PrimalDual,C,6.579332246575681e-5,0.2259999999999991,13.02096645926883
50,0.1,0,hub_1,pcglassoFast_PrimalDual,C,2.310129700083161e-4,0.19100000000003092,13.021788882759743
50,0.1,0,hub_1,pcglassoFast_PrimalDual,C,8.11130830789687e-4,0.051499999999919055,13.02463688315687
50,0.1,0,hub_1,pcglassoFast_PrimalDual,C,0.002848035868435802,0.03199999999992542,13.03195017198411
50,0.1,0,hub_1,pcglassoFast_PrimalDual,C,0.010000000000000004,0.020999999999958163,13.054319660347396
50,0.1,0,hub_1,pcglassoFast_PrimalDual,I,9.999999999999982e-9,0.3645000000000209,13.020617082249782
50,0.1,0,hub_1,pcglassoFast_PrimalDual,I,3.5111917342151263e-8,0.2074999999999818,13.020617291906909
50,0.1,0,hub_1,pcglassoFast_PrimalDual,I,1.2328467394420646e-7,0.1999999999999318,13.020617540960497
50,0.1,0,hub_1,pcglassoFast_PrimalDual,I,4.328761281083054e-7,0.18399999999996908,13.020619470456
50,0.1,0,hub_1,pcglassoFast_PrimalDual,I,1.5199110829529328e-6,0.17000000000007276,13.020624654250563
50,0.1,0,hub_1,pcglassoFast_PrimalDual,I,5.336699231206308e-6,0.2335000000000491,13.020645809653328
50,0.1,0,hub_1,pcglassoFast_PrimalDual,I,1.873817422860384e-5,0.14350000000001728,13.02070860412136
50,0.1,0,hub_1,pcglassoFast_PrimalDual,I,6.579332246575681e-5,0.1230000000000473,13.02095542319212
50,0.1,0,hub_1,pcglassoFast_PrimalDual,I,2.310129700083161e-4,0.11649999999997362,13.021706154135366
50,0.1,0,hub_1,pcglassoFast_PrimalDual,I,8.11130830789687e-4,0.10000000000002274,13.025129677613979
50,0.1,0,hub_1,pcglassoFast_PrimalDual,I,0.002848035868435802,0.07999999999992724,13.033797414559938
50,0.1,0,hub_1,pcglassoFast_PrimalDual,I,0.010000000000000004,0.07000000000005002,13.073003482036107
50,0.1,0,random,pcglasso,C,9.999999999999982e-9,0.22199999999998,37.66778766634397
50,0.1,0,random,pcglasso,C,3.5111917342151263e-8,0.09350000000000591,37.66778768289129
50,0.1,0,random,pcglasso,C,1.2328467394420646e-7,0.0770000000000266,37.66778844011853
50,0.1,0,random,pcglasso,C,4.328761281083054e-7,0.06850000000000023,37.66779178942879
50,0.1,0,random,pcglasso,C,1.5199110829529328e-6,0.06450000000000955,37.667820457757315
50,0.1,0,random,pcglasso,C,5.336699231206308e-6,0.054000000000002046,37.667938129683975
50,0.1,0,random,pcglasso,C,1.873817422860384e-5,0.04400000000001114,37.67029632106432
50,0.1,0,random,pcglasso,C,6.579332246575681e-5,0.035499999999984766,37.68958558781973
50,0.1,0,random,pcglasso,C,2.310129700083161e-4,0.021000000000015007,38.20303127336939
50,0.1,0,random,pcglasso,C,8.11130830789687e-4,0.007000000000005002,41.90899726943383
50,0.1,0,random,pcglasso,C,0.002848035868435802,0.006500000000016826,50.621369449646934
50,0.1,0,random,pcglasso,C,0.010000000000000004,0.008000000000038199,50.621369449646934
50,0.1,0,random,pcglasso,I,9.999999999999982e-9,0.1144999999999925,37.667787666916524
50,0.1,0,random,pcglasso,I,3.5111917342151263e-8,0.09250000000000114,37.66778772929611
50,0.1,0,random,pcglasso,I,1.2328467394420646e-7,0.08500000000000796,37.66778822950591
50,0.1,0,random,pcglasso,I,4.328761281083054e-7,0.06550000000001432,37.66779224659504
50,0.1,0,random,pcglasso,I,1.5199110829529328e-6,0.058000000000021146,37.66782942583305
50,0.1,0,random,pcglasso,I,5.336699231206308e-6,0.055999999999983174,37.66804579094581
50,0.1,0,random,pcglasso,I,1.873817422860384e-5,0.03899999999998727,37.669962404732644
50,0.1,0,random,pcglasso,I,6.579332246575681e-5,0.026999999999986812,37.71517483882732
50,0.1,0,random,pcglasso,I,2.310129700083161e-4,0.01650000000000773,37.849039609252415
50,0.1,0,random,pcglasso,I,8.11130830789687e-4,0.01099999999999568,39.13084863818393
50,0.1,0,random,pcglasso,I,0.002848035868435802,0.006499999999988404,39.21250694643148
50,0.1,0,random,pcglasso,I,0.010000000000000004,0.007000000000005002,39.21250694643148
50,0.1,0,random,pcglassoFast_Dual,C,9.999999999999982e-9,0.16699999999997317,37.6677876667491
50,0.1,0,random,pcglassoFast_Dual,C,3.5111917342151263e-8,0.03849999999999909,37.6677876667491
50,0.1,0,random,pcglassoFast_Dual,C,1.2328467394420646e-7,0.03550000000001319,37.66778774949684
50,0.1,0,random,pcglassoFast_Dual,C,4.328761281083054e-7,0.030499999999989313,37.66778836496497
50,0.1,0,random,pcglassoFast_Dual,C,1.5199110829529328e-6,0.03249999999999886,37.667790507956056
50,0.1,0,random,pcglassoFast_Dual,C,5.336699231206308e-6,0.03249999999999886,37.667793460131385
50,0.1,0,random,pcglassoFast_Dual,C,1.873817422860384e-5,0.023500000000012733,37.66781053397639
50,0.1,0,random,pcglassoFast_Dual,C,6.579332246575681e-5,0.02600000000001046,37.66783041225396
50,0.1,0,random,pcglassoFast_Dual,C,2.310129700083161e-4,0.02200000000001978,37.66798314564151
50,0.1,0,random,pcglassoFast_Dual,C,8.11130830789687e-4,0.016999999999995907,37.6685512515548
50,0.1,0,random,pcglassoFast_Dual,C,0.002848035868435802,0.014999999999986358,37.669308885273225
50,0.1,0,random,pcglassoFast_Dual,C,0.010000000000000004,0.02200000000001978,37.67177477300726
50,0.1,0,random,pcglassoFast_Dual,I,9.999999999999982e-9,0.034000000000020236,37.667787662949735
50,0.1,0,random,pcglassoFast_Dual,I,3.5111917342151263e-8,0.03200000000003911,37.667787738530976
50,0.1,0,random,pcglassoFast_Dual,I,1.2328467394420646e-7,0.029000000000024784,37.66778774926581
50,0.1,0,random,pcglassoFast_Dual,I,4.328761281083054e-7,0.02950000000001296,37.66778780196576
50,0.1,0,random,pcglassoFast_Dual,I,1.5199110829529328e-6,0.022999999999996135,37.66778984674984
50,0.1,0,random,pcglassoFast_Dual,I,5.336699231206308e-6,0.022499999999979536,37.66779026577712
50,0.1,0,random,pcglassoFast_Dual,I,1.873817422860384e-5,0.02400000000000091,37.667816234803155
50,0.1,0,random,pcglassoFast_Dual,I,6.579332246575681e-5,0.01700000000002433,37.66782502252846
50,0.1,0,random,pcglassoFast_Dual,I,2.310129700083161e-4,0.014499999999998181,37.66800595338126
50,0.1,0,random,pcglassoFast_Dual,I,8.11130830789687e-4,0.012500000000017053,37.668869593409056
50,0.1,0,random,pcglassoFast_Dual,I,0.002848035868435802,0.011500000000012278,37.66954219867024
50,0.1,0,random,pcglassoFast_Dual,I,0.010000000000000004,0.011000000000024102,37.66954219867024
50,0.1,0,random,pcglassoFast_Primal,C,9.999999999999982e-9,0.05550000000002342,37.667787676418996
50,0.1,0,random,pcglassoFast_Primal,C,3.5111917342151263e-8,0.05299999999999727,37.66778772057891
50,0.1,0,random,pcglassoFast_Primal,C,1.2328467394420646e-7,0.04449999999999932,37.66778780732826
50,0.1,0,random,pcglassoFast_Primal,C,4.328761281083054e-7,0.03999999999999204,37.66778826099343
50,0.1,0,random,pcglassoFast_Primal,C,1.5199110829529328e-6,0.04349999999999454,37.6677892845836
50,0.1,0,random,pcglassoFast_Primal,C,5.336699231206308e-6,0.03649999999998954,37.66779223644835
50,0.1,0,random,pcglassoFast_Primal,C,1.873817422860384e-5,0.03299999999995862,37.66781083761319
50,0.1,0,random,pcglassoFast_Primal,C,6.579332246575681e-5,0.030500000000017735,37.66785963917529
50,0.1,0,random,pcglassoFast_Primal,C,2.310129700083161e-4,0.027000000000015234,37.66802773130856
50,0.1,0,random,pcglassoFast_Primal,C,8.11130830789687e-4,0.026999999999986812,37.66897476642042
50,0.1,0,random,pcglassoFast_Primal,C,0.002848035868435802,0.02050000000002683,37.67064540589062
50,0.1,0,random,pcglassoFast_Primal,C,0.010000000000000004,0.016000000000019554,37.679883108580896
50,0.1,0,random,pcglassoFast_Primal,I,9.999999999999982e-9,0.052500000000009095,37.667787675838866
50,0.1,0,random,pcglassoFast_Primal,I,3.5111917342151263e-8,0.049000000000006594,37.66778772368432
50,0.1,0,random,pcglassoFast_Primal,I,1.2328467394420646e-7,0.04749999999998522,37.66778781249385
50,0.1,0,random,pcglassoFast_Primal,I,4.328761281083054e-7,0.04200000000000159,37.667788214587766
50,0.1,0,random,pcglassoFast_Primal,I,1.5199110829529328e-6,0.037499999999994316,37.667789618380915
50,0.1,0,random,pcglassoFast_Primal,I,5.336699231206308e-6,0.035499999999984766,37.66779453461237
50,0.1,0,random,pcglassoFast_Primal,I,1.873817422860384e-5,0.03099999999997749,37.667812285207916
50,0.1,0,random,pcglassoFast_Primal,I,6.579332246575681e-5,0.026500000000027057,37.66787772246447
50,0.1,0,random,pcglassoFast_Primal,I,2.310129700083161e-4,0.02400000000000091,37.66813975669717
50,0.1,0,random,pcglassoFast_Primal,I,8.11130830789687e-4,0.020000000000010232,37.66872686833364
50,0.1,0,random,pcglassoFast_Primal,I,0.002848035868435802,0.01650000000000773,37.67053239313735
50,0.1,0,random,pcglassoFast_Primal,I,0.010000000000000004,0.014499999999998181,37.68284646578981
50,0.1,0,random,pcglassoFast_PrimalDual,C,9.999999999999982e-9,0.038000000000010914,37.6677876928279
50,0.1,0,random,pcglassoFast_PrimalDual,C,3.5111917342151263e-8,0.03649999999998954,37.66778769659475
50,0.1,0,random,pcglassoFast_PrimalDual,C,1.2328467394420646e-7,0.033999999999991815,37.66778772968911
50,0.1,0,random,pcglassoFast_PrimalDual,C,4.328761281083054e-7,0.032500000000027285,37.66778777969574
50,0.1,0,random,pcglassoFast_PrimalDual,C,1.5199110829529328e-6,0.030000000000001137,37.66778805398074
50,0.1,0,random,pcglassoFast_PrimalDual,C,5.336699231206308e-6,0.03200000000001069,37.66778913763439
50,0.1,0,random,pcglassoFast_PrimalDual,C,1.873817422860384e-5,0.028500000000036607,37.66778913763439
50,0.1,0,random,pcglassoFast_PrimalDual,C,6.579332246575681e-5,0.02600000000001046,37.66779378888687
50,0.1,0,random,pcglassoFast_PrimalDual,C,2.310129700083161e-4,0.022500000000007958,37.66781403341186
50,0.1,0,random,pcglassoFast_PrimalDual,C,8.11130830789687e-4,0.026499999999998636,37.66790312581386
50,0.1,0,random,pcglassoFast_PrimalDual,C,0.002848035868435802,0.01849999999998886,37.66829736201126
50,0.1,0,random,pcglassoFast_PrimalDual,C,0.010000000000000004,0.015999999999991132,37.67003556161662
50,0.1,0,random,pcglassoFast_PrimalDual,I,9.999999999999982e-9,0.04399999999998272,37.66778767283674
50,0.1,0,random,pcglassoFast_PrimalDual,I,3.5111917342151263e-8,0.03899999999998727,37.66778770083207
50,0.1,0,random,pcglassoFast_PrimalDual,I,1.2328467394420646e-7,0.036000000000001364,37.66778771829361
50,0.1,0,random,pcglassoFast_PrimalDual,I,4.328761281083054e-7,0.03350000000000364,37.667787791316975
50,0.1,0,random,pcglassoFast_PrimalDual,I,1.5199110829529328e-6,0.03299999999995862,37.66778806828741
50,0.1,0,random,pcglassoFast_PrimalDual,I,5.336699231206308e-6,0.03249999999999886,37.66778806828741
50,0.1,0,random,pcglassoFast_PrimalDual,I,1.873817422860384e-5,0.028499999999979764,37.66778929480902
50,0.1,0,random,pcglassoFast_PrimalDual,I,6.579332246575681e-5,0.026999999999986812,37.66779491399697
50,0.1,0,random,pcglassoFast_PrimalDual,I,2.310129700083161e-4,0.024999999999977263,37.66782102394123
50,0.1,0,random,pcglassoFast_PrimalDual,I,8.11130830789687e-4,0.02199999999999136,37.66794483684961
50,0.1,0,random,pcglassoFast_PrimalDual,I,0.002848035868435802,0.02049999999999841,37.668537942784
50,0.1,0,random,pcglassoFast_PrimalDual,I,0.010000000000000004,0.020000000000010232,37.668537942784
50,0.1,0.5,AR2,pcglasso,C,9.999999999999982e-9,0.0625,41.437338330606266
50,0.1,0.5,AR2,pcglasso,C,3.5111917342151263e-8,0.05349999999998545,41.437338335852715
50,0.1,0.5,AR2,pcglasso,C,1.2328467394420646e-7,0.05299999999999727,41.43733841450854
50,0.1,0.5,AR2,pcglasso,C,4.328761281083054e-7,0.048499999999989996,41.437338485229525
50,0.1,0.5,AR2,pcglasso,C,1.5199110829529328e-6,0.04949999999996635,41.437338485229525
50,0.1,0.5,AR2,pcglasso,C,5.336699231206308e-6,0.049000000000205546,41.43734283279434
50,0.1,0.5,AR2,pcglasso,C,1.873817422860384e-5,0.038000000000010914,41.43735653135765
50,0.1,0.5,AR2,pcglasso,C,6.579332246575681e-5,0.026000000000067303,41.4389223559994
50,0.1,0.5,AR2,pcglasso,C,2.310129700083161e-4,0.020499999999969987,41.44868130364336
50,0.1,0.5,AR2,pcglasso,C,8.11130830789687e-4,0.014000000000010004,41.8385766042857
50,0.1,0.5,AR2,pcglasso,C,0.002848035868435802,0.005999999999971806,68.8908907102124
50,0.1,0.5,AR2,pcglasso,C,0.010000000000000004,0.0060000000000854925,65.89407656486767
50,0.1,0.5,AR2,pcglasso,I,9.999999999999982e-9,0.03349999999988995,41.43733833052912
50,0.1,0.5,AR2,pcglasso,I,3.5111917342151263e-8,0.029999999999972715,41.43733833287376
50,0.1,0.5,AR2,pcglasso,I,1.2328467394420646e-7,0.028999999999996362,41.43733835007968
50,0.1,0.5,AR2,pcglasso,I,4.328761281083054e-7,0.025999999999953616,41.43733837958588
50,0.1,0.5,AR2,pcglasso,I,1.5199110829529328e-6,0.02549999999996544,41.43733837958588
50,0.1,0.5,AR2,pcglasso,I,5.336699231206308e-6,0.021500000000060027,41.43734960493725
50,0.1,0.5,AR2,pcglasso,I,1.873817422860384e-5,0.017500000000040927,41.43741612654498
50,0.1,0.5,AR2,pcglasso,I,6.579332246575681e-5,0.012999999999976808,41.43782217002175
50,0.1,0.5,AR2,pcglasso,I,2.310129700083161e-4,0.007999999999924512,41.440578575632216
50,0.1,0.5,AR2,pcglasso,I,8.11130830789687e-4,0.0039999999999054126,41.46922578231699
50,0.1,0.5,AR2,pcglasso,I,0.002848035868435802,0.0049999999999954525,41.443596787361514
50,0.1,0.5,AR2,pcglasso,I,0.010000000000000004,0.004000000000132786,41.49211227697017
50,0.1,0.5,AR2,pcglassoFast_Dual,C,9.999999999999982e-9,0.010499999999979082,41.43733833072453
50,0.1,0.5,AR2,pcglassoFast_Dual,C,3.5111917342151263e-8,0.015000000000043201,41.4373383323854
50,0.1,0.5,AR2,pcglassoFast_Dual,C,1.2328467394420646e-7,0.009000000000014552,41.4373383323854
50,0.1,0.5,AR2,pcglassoFast_Dual,C,4.328761281083054e-7,0.009500000000002728,41.43733834741815
50,0.1,0.5,AR2,pcglassoFast_Dual,C,1.5199110829529328e-6,0.14549999999997,41.43733848012058
50,0.1,0.5,AR2,pcglassoFast_Dual,C,5.336699231206308e-6,0.008499999999912689,41.43733848012058
50,0.1,0.5,AR2,pcglassoFast_Dual,C,1.873817422860384e-5,0.008000000000038199,41.43733968543371
50,0.1,0.5,AR2,pcglassoFast_Dual,C,6.579332246575681e-5,0.013000000000033651,41.43733968543371
50,0.1,0.5,AR2,pcglassoFast_Dual,C,2.310129700083161e-4,0.007000000000061846,41.43735124127871
50,0.1,0.5,AR2,pcglassoFast_Dual,C,8.11130830789687e-4,0.008000000000038199,41.43735124127871
50,0.1,0.5,AR2,pcglassoFast_Dual,C,0.002848035868435802,0.007000000000061846,41.437467310306396
50,0.1,0.5,AR2,pcglassoFast_Dual,C,0.010000000000000004,0.006499999999846295,41.4374658231167
50,0.1,0.5,AR2,pcglassoFast_Dual,I,9.999999999999982e-9,0.006499999999959982,41.4373383311964
50,0.1,0.5,AR2,pcglassoFast_Dual,I,3.5111917342151263e-8,0.006999999999834472,41.4373383311964
50,0.1,0.5,AR2,pcglassoFast_Dual,I,1.2328467394420646e-7,0.006499999999959982,41.43733833573696
50,0.1,0.5,AR2,pcglassoFast_Dual,I,4.328761281083054e-7,0.005499999999869942,41.43733837873472
50,0.1,0.5,AR2,pcglassoFast_Dual,I,1.5199110829529328e-6,0.005999999999858119,41.43733837873472
50,0.1,0.5,AR2,pcglassoFast_Dual,I,5.336699231206308e-6,0.0055000000000404725,41.43733878520149
50,0.1,0.5,AR2,pcglassoFast_Dual,I,1.873817422860384e-5,0.004500000000007276,41.43733878520149
50,0.1,0.5,AR2,pcglassoFast_Dual,I,6.579332246575681e-5,0.005000000000109139,41.43734283995239
50,0.1,0.5,AR2,pcglassoFast_Dual,I,2.310129700083161e-4,0.008999999999957708,41.43734283995239
50,0.1,0.5,AR2,pcglassoFast_Dual,I,8.11130830789687e-4,0.004000000000019099,41.437386069455584
50,0.1,0.5,AR2,pcglassoFast_Dual,I,0.002848035868435802,0.0039999999999054126,41.437386069455584
50,0.1,0.5,AR2,pcglassoFast_Dual,I,0.010000000000000004,0.003999999999962256,41.43780220750118
50,0.1,0.5,AR2,pcglassoFast_Primal,C,9.999999999999982e-9,0.02199999999999136,41.43733833199219
50,0.1,0.5,AR2,pcglassoFast_Primal,C,3.5111917342151263e-8,0.020499999999969987,41.43733833199219
50,0.1,0.5,AR2,pcglassoFast_Primal,C,1.2328467394420646e-7,0.018000000000029104,41.43733833885961
50,0.1,0.5,AR2,pcglassoFast_Primal,C,4.328761281083054e-7,0.017500000000040927,41.43733838983033
50,0.1,0.5,AR2,pcglassoFast_Primal,C,1.5199110829529328e-6,0.016500000000064574,41.43733838983033
50,0.1,0.5,AR2,pcglassoFast_Primal,C,5.336699231206308e-6,0.016999999999825377,41.43733875153729
50,0.1,0.5,AR2,pcglassoFast_Primal,C,1.873817422860384e-5,0.01599999999996271,41.43733875153729
50,0.1,0.5,AR2,pcglassoFast_Primal,C,6.579332246575681e-5,0.014000000000010004,41.43734140916917
50,0.1,0.5,AR2,pcglassoFast_Primal,C,2.310129700083161e-4,0.013000000000033651,41.43736093997053
50,0.1,0.5,AR2,pcglassoFast_Primal,C,8.11130830789687e-4,0.012999999999976808,41.43736093997053
50,0.1,0.5,AR2,pcglassoFast_Primal,C,0.002848035868435802,0.012000000000057298,41.43750554634366
50,0.1,0.5,AR2,pcglassoFast_Primal,C,0.010000000000000004,0.010499999999979082,41.43858321346863
50,0.1,0.5,AR2,pcglassoFast_Primal,I,9.999999999999982e-9,0.014499999999884494,41.43733833115183
50,0.1,0.5,AR2,pcglassoFast_Primal,I,3.5111917342151263e-8,0.013499999999964984,41.43733833423911
50,0.1,0.5,AR2,pcglassoFast_Primal,I,1.2328467394420646e-7,0.012999999999919964,41.43733833423911
50,0.1,0.5,AR2,pcglassoFast_Primal,I,4.328761281083054e-7,0.01599999999996271,41.43733835718228
50,0.1,0.5,AR2,pcglassoFast_Primal,I,1.5199110829529328e-6,0.011999999999943611,41.43733851906152
50,0.1,0.5,AR2,pcglassoFast_Primal,I,5.336699231206308e-6,0.010999999999967258,41.43733851906152
50,0.1,0.5,AR2,pcglassoFast_Primal,I,1.873817422860384e-5,0.009999999999990905,41.43733966499697
50,0.1,0.5,AR2,pcglassoFast_Primal,I,6.579332246575681e-5,0.008500000000026375,41.437347830704255
50,0.1,0.5,AR2,pcglassoFast_Primal,I,2.310129700083161e-4,0.008000000000038199,41.437347830704255
50,0.1,0.5,AR2,pcglassoFast_Primal,I,8.11130830789687e-4,0.007999999999924512,41.43740647764324
50,0.1,0.5,AR2,pcglassoFast_Primal,I,0.002848035868435802,0.007500000000050022,41.43740647764324
50,0.1,0.5,AR2,pcglassoFast_Primal,I,0.010000000000000004,0.007000000000061846,41.43783259599882
50,0.1,0.5,AR2,pcglassoFast_PrimalDual,C,9.999999999999982e-9,0.028999999999996362,41.43733833404656
50,0.1,0.5,AR2,pcglassoFast_PrimalDual,C,3.5111917342151263e-8,0.02800000000002001,41.43733833647418
50,0.1,0.5,AR2,pcglassoFast_PrimalDual,C,1.2328467394420646e-7,0.03200000000003911,41.437338352911944
50,0.1,0.5,AR2,pcglassoFast_PrimalDual,C,4.328761281083054e-7,0.02500000000009095,41.437338352911944
50,0.1,0.5,AR2,pcglassoFast_PrimalDual,C,1.5199110829529328e-6,0.024999999999863576,41.43733845878734
50,0.1,0.5,AR2,pcglassoFast_PrimalDual,C,5.336699231206308e-6,0.023000000000024556,41.43733913661014
50,0.1,0.5,AR2,pcglassoFast_PrimalDual,C,1.873817422860384e-5,0.022000000000048203,41.43733913661014
50,0.1,0.5,AR2,pcglassoFast_PrimalDual,C,6.579332246575681e-5,0.02500000000009095,41.437343658381316
50,0.1,0.5,AR2,pcglassoFast_PrimalDual,C,2.310129700083161e-4,0.019499999999993634,41.437373823593255
50,0.1,0.5,AR2,pcglassoFast_PrimalDual,C,8.11130830789687e-4,0.018499999999903594,41.437373823593255
50,0.1,0.5,AR2,pcglassoFast_PrimalDual,C,0.002848035868435802,0.016999999999825377,41.43757693829783
50,0.1,0.5,AR2,pcglassoFast_PrimalDual,C,0.010000000000000004,0.014999999999986358,41.43895203953974
50,0.1,0.5,AR2,pcglassoFast_PrimalDual,I,9.999999999999982e-9,0.021000000000015007,41.437338335252534
50,0.1,0.5,AR2,pcglassoFast_PrimalDual,I,3.5111917342151263e-8,0.020499999999969987,41.437338335252534
50,0.1,0.5,AR2,pcglassoFast_PrimalDual,I,1.2328467394420646e-7,0.01999999999998181,41.43733834248479
50,0.1,0.5,AR2,pcglassoFast_PrimalDual,I,4.328761281083054e-7,0.01850000000001728,41.43733839064623
50,0.1,0.5,AR2,pcglassoFast_PrimalDual,I,1.5199110829529328e-6,0.017500000000040927,41.43733839064623
50,0.1,0.5,AR2,pcglassoFast_PrimalDual,I,5.336699231206308e-6,0.016500000000064574,41.43733869128426
50,0.1,0.5,AR2,pcglassoFast_PrimalDual,I,1.873817422860384e-5,0.014000000000010004,41.437340607885844
50,0.1,0.5,AR2,pcglassoFast_PrimalDual,I,6.579332246575681e-5,0.014000000000123691,41.437340607885844
50,0.1,0.5,AR2,pcglassoFast_PrimalDual,I,2.310129700083161e-4,0.012999999999919964,41.43735285273312
50,0.1,0.5,AR2,pcglassoFast_PrimalDual,I,8.11130830789687e-4,0.010499999999979082,41.43743167005188
50,0.1,0.5,AR2,pcglassoFast_PrimalDual,I,0.002848035868435802,0.010499999999979082,41.43743167005188
50,0.1,0.5,AR2,pcglassoFast_PrimalDual,I,0.010000000000000004,0.009000000000014552,41.437945277283525
50,0.1,0.5,hub_09,pcglasso,C,9.999999999999982e-9,0.08750000000000568,41.61087094480084
50,0.1,0.5,hub_09,pcglasso,C,3.5111917342151263e-8,0.06450000000000955,41.610870924588596
50,0.1,0.5,hub_09,pcglasso,C,1.2328467394420646e-7,0.07000000000000739,41.610870927468156
50,0.1,0.5,hub_09,pcglasso,C,4.328761281083054e-7,0.05900000000002592,41.61087097443559
50,0.1,0.5,hub_09,pcglasso,C,1.5199110829529328e-6,0.043500000000022965,41.61087212745327
50,0.1,0.5,hub_09,pcglasso,C,5.336699231206308e-6,0.05100000000000193,41.61088042088569
50,0.1,0.5,hub_09,pcglasso,C,1.873817422860384e-5,0.039500000000003865,41.610974204736294
50,0.1,0.5,hub_09,pcglasso,C,6.579332246575681e-5,0.022999999999996135,41.61322197147642
50,0.1,0.5,hub_09,pcglasso,C,2.310129700083161e-4,0.021500000000003183,41.613561117155484
50,0.1,0.5,hub_09,pcglasso,C,8.11130830789687e-4,0.015499999999974534,41.64353791102547
50,0.1,0.5,hub_09,pcglasso,C,0.002848035868435802,0.005500000000012051,58.30321931690087
50,0.1,0.5,hub_09,pcglasso,C,0.010000000000000004,0.007000000000005002,57.86897031879203
50,0.1,0.5,hub_09,pcglasso,I,9.999999999999982e-9,0.08150000000000546,41.61087092621693
50,0.1,0.5,hub_09,pcglasso,I,3.5111917342151263e-8,0.07099999999999795,41.61087092538502
50,0.1,0.5,hub_09,pcglasso,I,1.2328467394420646e-7,0.06399999999999295,41.610870927979136
50,0.1,0.5,hub_09,pcglasso,I,4.328761281083054e-7,0.06799999999998363,41.61087098039729
50,0.1,0.5,hub_09,pcglasso,I,1.5199110829529328e-6,0.06050000000001887,41.61087197926217
50,0.1,0.5,hub_09,pcglasso,I,5.336699231206308e-6,0.04749999999998522,41.610872191496036
50,0.1,0.5,hub_09,pcglasso,I,1.873817422860384e-5,0.043000000000006366,41.61090318771468
50,0.1,0.5,hub_09,pcglasso,I,6.579332246575681e-5,0.030499999999989313,41.61114198046452
50,0.1,0.5,hub_09,pcglasso,I,2.310129700083161e-4,0.015000000000043201,41.614797553709316
50,0.1,0.5,hub_09,pcglasso,I,8.11130830789687e-4,0.008499999999997954,41.71616296415411
50,0.1,0.5,hub_09,pcglasso,I,0.002848035868435802,0.0069999999999765805,41.62203807091659
50,0.1,0.5,hub_09,pcglasso,I,0.010000000000000004,0.006000000000000227,41.96503000004425
50,0.1,0.5,hub_09,pcglassoFast_Dual,C,9.999999999999982e-9,0.012000000000000455,41.61087092387358
50,0.1,0.5,hub_09,pcglassoFast_Dual,C,3.5111917342151263e-8,0.13450000000000273,41.61087092960911
50,0.1,0.5,hub_09,pcglassoFast_Dual,C,1.2328467394420646e-7,0.008499999999997954,41.61087095247297
50,0.1,0.5,hub_09,pcglassoFast_Dual,C,4.328761281083054e-7,0.010500000000007503,41.610871023625606
50,0.1,0.5,hub_09,pcglassoFast_Dual,C,1.5199110829529328e-6,0.010499999999979082,41.610871023625606
50,0.1,0.5,hub_09,pcglassoFast_Dual,C,5.336699231206308e-6,0.008500000000026375,41.61087138283218
50,0.1,0.5,hub_09,pcglassoFast_Dual,C,1.873817422860384e-5,0.00899999999998613,41.610873663702236
50,0.1,0.5,hub_09,pcglassoFast_Dual,C,6.579332246575681e-5,0.007499999999993179,41.610883427551016
50,0.1,0.5,hub_09,pcglassoFast_Dual,C,2.310129700083161e-4,0.005500000000012051,41.61091758306303
50,0.1,0.5,hub_09,pcglassoFast_Dual,C,8.11130830789687e-4,0.006000000000000227,41.611065847165584
50,0.1,0.5,hub_09,pcglassoFast_Dual,C,0.002848035868435802,0.005499999999983629,41.611065847165584
50,0.1,0.5,hub_09,pcglassoFast_Dual,C,0.010000000000000004,0.0049999999999954525,41.611065847165584
50,0.1,0.5,hub_09,pcglassoFast_Dual,I,9.999999999999982e-9,0.009999999999990905,41.61087092416691
50,0.1,0.5,hub_09,pcglassoFast_Dual,I,3.5111917342151263e-8,0.011499999999998067,41.61087092416691
50,0.1,0.5,hub_09,pcglassoFast_Dual,I,1.2328467394420646e-7,0.009500000000002728,41.61087093046611
50,0.1,0.5,hub_09,pcglassoFast_Dual,I,4.328761281083054e-7,0.008000000000009777,41.61087097793574
50,0.1,0.5,hub_09,pcglassoFast_Dual,I,1.5199110829529328e-6,0.009000000000014552,41.61087123872147
50,0.1,0.5,hub_09,pcglassoFast_Dual,I,5.336699231206308e-6,0.008499999999997954,41.61087214063294
50,0.1,0.5,hub_09,pcglassoFast_Dual,I,1.873817422860384e-5,0.006499999999959982,41.6108755757774
50,0.1,0.5,hub_09,pcglassoFast_Dual,I,6.579332246575681e-5,0.006999999999990791,41.6108755757774
50,0.1,0.5,hub_09,pcglassoFast_Dual,I,2.310129700083161e-4,0.007499999999993179,41.61089168722275
50,0.1,0.5,hub_09,pcglassoFast_Dual,I,8.11130830789687e-4,0.009999999999990905,41.61088559797026
50,0.1,0.5,hub_09,pcglassoFast_Dual,I,0.002848035868435802,0.006500000000002615,41.61100725408916
50,0.1,0.5,hub_09,pcglassoFast_Dual,I,0.010000000000000004,0.0049999999999954525,41.61192718813876
50,0.1,0.5,hub_09,pcglassoFast_Primal,C,9.999999999999982e-9,0.01650000000000773,41.61087092318643
50,0.1,0.5,hub_09,pcglassoFast_Primal,C,3.5111917342151263e-8,0.014000000000010004,41.610870927607074
50,0.1,0.5,hub_09,pcglassoFast_Primal,C,1.2328467394420646e-7,0.01649999999999352,41.610870927607074
50,0.1,0.5,hub_09,pcglassoFast_Primal,C,4.328761281083054e-7,0.016000000000019554,41.610870958915186
50,0.1,0.5,hub_09,pcglassoFast_Primal,C,1.5199110829529328e-6,0.013499999999993406,41.610870958915186
50,0.1,0.5,hub_09,pcglassoFast_Primal,C,5.336699231206308e-6,0.014499999999998181,41.61087120006805
50,0.1,0.5,hub_09,pcglassoFast_Primal,C,1.873817422860384e-5,0.014499999999998181,41.61087120006805
50,0.1,0.5,hub_09,pcglassoFast_Primal,C,6.579332246575681e-5,0.014500000000026603,41.6108734617322
50,0.1,0.5,hub_09,pcglassoFast_Primal,C,2.310129700083161e-4,0.017499999999998295,41.6108734617322
50,0.1,0.5,hub_09,pcglassoFast_Primal,C,8.11130830789687e-4,0.01099999999999568,41.61090382075437
50,0.1,0.5,hub_09,pcglassoFast_Primal,C,0.002848035868435802,0.009999999999990905,41.61090382075437
50,0.1,0.5,hub_09,pcglassoFast_Primal,C,0.010000000000000004,0.01099999999999568,41.61090382075437
50,0.1,0.5,hub_09,pcglassoFast_Primal,I,9.999999999999982e-9,0.02049999999999841,41.61087092272805
50,0.1,0.5,hub_09,pcglassoFast_Primal,I,3.5111917342151263e-8,0.016999999999995907,41.61087092445499
50,0.1,0.5,hub_09,pcglassoFast_Primal,I,1.2328467394420646e-7,0.014999999999986358,41.61087093614766
50,0.1,0.5,hub_09,pcglassoFast_Primal,I,4.328761281083054e-7,0.016999999999995907,41.61087093614766
50,0.1,0.5,hub_09,pcglassoFast_Primal,I,1.5199110829529328e-6,0.015500000000002956,41.61087101305551
50,0.1,0.5,hub_09,pcglassoFast_Primal,I,5.336699231206308e-6,0.01650000000000773,41.610871521972385
50,0.1,0.5,hub_09,pcglassoFast_Primal,I,1.873817422860384e-5,0.01500000000001478,41.610871521972385
50,0.1,0.5,hub_09,pcglassoFast_Primal,I,6.579332246575681e-5,0.01300000000000523,41.610875180671044
50,0.1,0.5,hub_09,pcglassoFast_Primal,I,2.310129700083161e-4,0.009999999999990905,41.61090110676352
50,0.1,0.5,hub_09,pcglassoFast_Primal,I,8.11130830789687e-4,0.018000000000000682,41.61090110676352
50,0.1,0.5,hub_09,pcglassoFast_Primal,I,0.002848035868435802,0.009999999999962483,41.611087952758304
50,0.1,0.5,hub_09,pcglassoFast_Primal,I,0.010000000000000004,0.007000000000005002,41.61241675577275
50,0.1,0.5,hub_09,pcglassoFast_PrimalDual,C,9.999999999999982e-9,0.025999999999982037,41.61087092360399
50,0.1,0.5,hub_09,pcglassoFast_PrimalDual,C,3.5111917342151263e-8,0.028499999999993975,41.610870927688005
50,0.1,0.5,hub_09,pcglassoFast_PrimalDual,C,1.2328467394420646e-7,0.020999999999986585,41.610870927688005
50,0.1,0.5,hub_09,pcglassoFast_PrimalDual,C,4.328761281083054e-7,0.019000000000005457,41.61087095211673
50,0.1,0.5,hub_09,pcglassoFast_PrimalDual,C,1.5199110829529328e-6,0.02049999999999841,41.61087111328798
50,0.1,0.5,hub_09,pcglassoFast_PrimalDual,C,5.336699231206308e-6,0.020999999999986585,41.61087111328798
50,0.1,0.5,hub_09,pcglassoFast_PrimalDual,C,1.873817422860384e-5,0.018999999999977035,41.61087217069047
50,0.1,0.5,hub_09,pcglassoFast_PrimalDual,C,6.579332246575681e-5,0.015500000000002956,41.61087943260895
50,0.1,0.5,hub_09,pcglassoFast_PrimalDual,C,2.310129700083161e-4,0.01650000000000773,41.61087943260895
50,0.1,0.5,hub_09,pcglassoFast_PrimalDual,C,8.11130830789687e-4,0.012500000000017053,41.61093690053331
50,0.1,0.5,hub_09,pcglassoFast_PrimalDual,C,0.002848035868435802,0.014499999999998181,41.61093690053331
50,0.1,0.5,hub_09,pcglassoFast_PrimalDual,C,0.010000000000000004,0.013499999999993406,41.61093690053331
50,0.1,0.5,hub_09,pcglassoFast_PrimalDual,I,9.999999999999982e-9,0.026499999999998636,41.6108709232595
50,0.1,0.5,hub_09,pcglassoFast_PrimalDual,I,3.5111917342151263e-8,0.027000000000015234,41.61087092581605
50,0.1,0.5,hub_09,pcglassoFast_PrimalDual,I,1.2328467394420646e-7,0.028499999999993975,41.61087093891075
50,0.1,0.5,hub_09,pcglassoFast_PrimalDual,I,4.328761281083054e-7,0.023000000000024556,41.61087093891075
50,0.1,0.5,hub_09,pcglassoFast_PrimalDual,I,1.5199110829529328e-6,0.023500000000012733,41.610871026753685
50,0.1,0.5,hub_09,pcglassoFast_PrimalDual,I,5.336699231206308e-6,0.02199999999999136,41.61087159326536
50,0.1,0.5,hub_09,pcglassoFast_PrimalDual,I,1.873817422860384e-5,0.021500000000003183,41.61087159326536
50,0.1,0.5,hub_09,pcglassoFast_PrimalDual,I,6.579332246575681e-5,0.016999999999995907,41.61087558921791
50,0.1,0.5,hub_09,pcglassoFast_PrimalDual,I,2.310129700083161e-4,0.018000000000000682,41.61090326401702
50,0.1,0.5,hub_09,pcglassoFast_PrimalDual,I,8.11130830789687e-4,0.01650000000000773,41.61090326401702
50,0.1,0.5,hub_09,pcglassoFast_PrimalDual,I,0.002848035868435802,0.01300000000000523,41.61109232122479
50,0.1,0.5,hub_09,pcglassoFast_PrimalDual,I,0.010000000000000004,0.013499999999993406,41.61233998657176
50,0.1,0.5,hub_1,pcglasso,C,9.999999999999982e-9,0.21200000000010277,27.481209165198287
50,0.1,0.5,hub_1,pcglasso,C,3.5111917342151263e-8,0.18099999999998317,27.481209170966792
50,0.1,0.5,hub_1,pcglasso,C,1.2328467394420646e-7,0.13550000000009277,27.481209830160974
50,0.1,0.5,hub_1,pcglasso,C,4.328761281083054e-7,0.13949999999999818,27.481209830160974
50,0.1,0.5,hub_1,pcglasso,C,1.5199110829529328e-6,0.12650000000002137,27.481210167583725
50,0.1,0.5,hub_1,pcglasso,C,5.336699231206308e-6,0.08950000000004366,27.4812977080817
50,0.1,0.5,hub_1,pcglasso,C,1.873817422860384e-5,0.07300000000009277,27.48449138135764
50,0.1,0.5,hub_1,pcglasso,C,6.579332246575681e-5,0.053999999999973625,27.50039484043933
50,0.1,0.5,hub_1,pcglasso,C,2.310129700083161e-4,0.057999999999992724,27.5735630842776
50,0.1,0.5,hub_1,pcglasso,C,8.11130830789687e-4,0.02500000000009095,59.82316593246382
50,0.1,0.5,hub_1,pcglasso,C,0.002848035868435802,0.03099999999994907,59.82316593246382
50,0.1,0.5,hub_1,pcglasso,C,0.010000000000000004,0.02500000000009095,59.82316593246382
50,0.1,0.5,hub_1,pcglasso,I,9.999999999999982e-9,0.3610000000001037,27.48120916001423
50,0.1,0.5,hub_1,pcglasso,I,3.5111917342151263e-8,0.3305000000001428,27.481209178901093
50,0.1,0.5,hub_1,pcglasso,I,1.2328467394420646e-7,0.3350000000000364,27.481209178901093
50,0.1,0.5,hub_1,pcglasso,I,4.328761281083054e-7,0.2940000000000964,27.48120959961969
50,0.1,0.5,hub_1,pcglasso,I,1.5199110829529328e-6,0.3020000000001346,27.481211462782166
50,0.1,0.5,hub_1,pcglasso,I,5.336699231206308e-6,0.36099999999999,27.481235265188776
50,0.1,0.5,hub_1,pcglasso,I,1.873817422860384e-5,0.24900000000002365,27.48188613414049
50,0.1,0.5,hub_1,pcglasso,I,6.579332246575681e-5,0.09749999999996817,27.485204289107518
50,0.1,0.5,hub_1,pcglasso,I,2.310129700083161e-4,0.011500000000012278,29.300238896041318
50,0.1,0.5,hub_1,pcglasso,I,8.11130830789687e-4,0.009999999999990905,29.736955759661583
50,0.1,0.5,hub_1,pcglasso,I,0.002848035868435802,0.0060000000000854925,29.696346854820526
50,0.1,0.5,hub_1,pcglasso,I,0.010000000000000004,0.0055000000000404725,29.770546739957062
50,0.1,0.5,hub_1,pcglassoFast_Dual,C,9.999999999999982e-9,0.16650000000004184,27.481209299334605
50,0.1,0.5,hub_1,pcglassoFast_Dual,C,3.5111917342151263e-8,0.1634999999999991,27.48120979585252
50,0.1,0.5,hub_1,pcglassoFast_Dual,C,1.2328467394420646e-7,0.28750000000002274,27.481211179142807
50,0.1,0.5,hub_1,pcglassoFast_Dual,C,4.328761281083054e-7,0.12149999999985539,27.481212751516992
50,0.1,0.5,hub_1,pcglassoFast_Dual,C,1.5199110829529328e-6,0.23050000000012005,27.48122215463544
50,0.1,0.5,hub_1,pcglassoFast_Dual,C,5.336699231206308e-6,0.10800000000000409,27.4812391589639
50,0.1,0.5,hub_1,pcglassoFast_Dual,C,1.873817422860384e-5,0.08899999999994179,27.481323720535794
50,0.1,0.5,hub_1,pcglassoFast_Dual,C,6.579332246575681e-5,0.07049999999992451,27.481867414153516
50,0.1,0.5,hub_1,pcglassoFast_Dual,C,2.310129700083161e-4,0.06450000000000955,27.482274576328166
50,0.1,0.5,hub_1,pcglassoFast_Dual,C,8.11130830789687e-4,0.06000000000005912,27.482565836146787
50,0.1,0.5,hub_1,pcglassoFast_Dual,C,0.002848035868435802,0.06150000000002365,27.484335899771416
50,0.1,0.5,hub_1,pcglassoFast_Dual,C,0.010000000000000004,0.053999999999973625,27.4928393111463
50,0.1,0.5,hub_1,pcglassoFast_Dual,I,9.999999999999982e-9,0.2624999999999318,27.48120927142994
50,0.1,0.5,hub_1,pcglassoFast_Dual,I,3.5111917342151263e-8,0.43600000000003547,27.481209451761327
50,0.1,0.5,hub_1,pcglassoFast_Dual,I,1.2328467394420646e-7,0.3569999999999709,27.481210402931296
50,0.1,0.5,hub_1,pcglassoFast_Dual,I,4.328761281083054e-7,0.23149999999998272,27.481210950662955
50,0.1,0.5,hub_1,pcglassoFast_Dual,I,1.5199110829529328e-6,0.2904999999999518,27.481220182763746
50,0.1,0.5,hub_1,pcglassoFast_Dual,I,5.336699231206308e-6,0.4194999999998572,27.481287600115397
50,0.1,0.5,hub_1,pcglassoFast_Dual,I,1.873817422860384e-5,0.1745000000000232,27.481339034643305
50,0.1,0.5,hub_1,pcglassoFast_Dual,I,6.579332246575681e-5,0.14799999999991087,27.481288784443862
50,0.1,0.5,hub_1,pcglassoFast_Dual,I,2.310129700083161e-4,0.12200000000007094,27.484820444751666
50,0.1,0.5,hub_1,pcglassoFast_Dual,I,8.11130830789687e-4,0.11349999999998772,27.48181947912315
50,0.1,0.5,hub_1,pcglassoFast_Dual,I,0.002848035868435802,0.21700000000009823,27.560715608315732
50,0.1,0.5,hub_1,pcglassoFast_Dual,I,0.010000000000000004,0.18899999999985084,27.765220216882923
50,0.1,0.5,hub_1,pcglassoFast_Primal,C,9.999999999999982e-9,0.07749999999998636,27.481209181238988
50,0.1,0.5,hub_1,pcglassoFast_Primal,C,3.5111917342151263e-8,0.07149999999995771,27.481209243868147
50,0.1,0.5,hub_1,pcglassoFast_Primal,C,1.2328467394420646e-7,0.06799999999998363,27.481209468638745
50,0.1,0.5,hub_1,pcglassoFast_Primal,C,4.328761281083054e-7,0.06350000000009004,27.481210270601636
50,0.1,0.5,hub_1,pcglassoFast_Primal,C,1.5199110829529328e-6,0.05750000000000455,27.48121312665341
50,0.1,0.5,hub_1,pcglassoFast_Primal,C,5.336699231206308e-6,0.05600000000004002,27.48121954163617
50,0.1,0.5,hub_1,pcglassoFast_Primal,C,1.873817422860384e-5,0.05099999999993088,27.481248408864563
50,0.1,0.5,hub_1,pcglassoFast_Primal,C,6.579332246575681e-5,0.04399999999998272,27.481362489911454
50,0.1,0.5,hub_1,pcglassoFast_Primal,C,2.310129700083161e-4,0.04099999999993997,27.48177059728011
50,0.1,0.5,hub_1,pcglassoFast_Primal,C,8.11130830789687e-4,0.0404999999999518,27.483294306452112
50,0.1,0.5,hub_1,pcglassoFast_Primal,C,0.002848035868435802,0.033499999999946795,27.486255261248132
50,0.1,0.5,hub_1,pcglassoFast_Primal,C,0.010000000000000004,0.027000000000043656,27.48877120619019
50,0.1,0.5,hub_1,pcglassoFast_Primal,I,9.999999999999982e-9,0.08699999999998909,27.481209179551783
50,0.1,0.5,hub_1,pcglassoFast_Primal,I,3.5111917342151263e-8,0.2300000000000182,27.481209240388186
50,0.1,0.5,hub_1,pcglassoFast_Primal,I,1.2328467394420646e-7,0.07799999999997453,27.481209455835703
50,0.1,0.5,hub_1,pcglassoFast_Primal,I,4.328761281083054e-7,0.07400000000006912,27.481210196939504
50,0.1,0.5,hub_1,pcglassoFast_Primal,I,1.5199110829529328e-6,0.06900000000018736,27.48121270271646
50,0.1,0.5,hub_1,pcglassoFast_Primal,I,5.336699231206308e-6,0.06499999999994088,27.481221184055777
50,0.1,0.5,hub_1,pcglassoFast_Primal,I,1.873817422860384e-5,0.0584999999999809,27.481250847447683
50,0.1,0.5,hub_1,pcglassoFast_Primal,I,6.579332246575681e-5,0.054499999999848114,27.4813571418649
50,0.1,0.5,hub_1,pcglassoFast_Primal,I,2.310129700083161e-4,0.049000000000035016,27.481751838060696
50,0.1,0.5,hub_1,pcglassoFast_Primal,I,8.11130830789687e-4,0.044499999999970896,27.482706424167105
50,0.1,0.5,hub_1,pcglassoFast_Primal,I,0.002848035868435802,0.041500000000155524,27.487062355741916
50,0.1,0.5,hub_1,pcglassoFast_Primal,I,0.010000000000000004,0.03500000000002501,27.500096670771864
50,0.1,0.5,hub_1,pcglassoFast_PrimalDual,C,9.999999999999982e-9,0.02749999999997499,27.481209158575155
50,0.1,0.5,hub_1,pcglassoFast_PrimalDual,C,3.5111917342151263e-8,0.023500000000012733,27.481209175494733
50,0.1,0.5,hub_1,pcglassoFast_PrimalDual,C,1.2328467394420646e-7,0.02299999999991087,27.481209203745784
50,0.1,0.5,hub_1,pcglassoFast_PrimalDual,C,4.328761281083054e-7,0.02199999999999136,27.48120928966375
50,0.1,0.5,hub_1,pcglassoFast_PrimalDual,C,1.5199110829529328e-6,0.019000000000005457,27.481209706079127
50,0.1,0.5,hub_1,pcglassoFast_PrimalDual,C,5.336699231206308e-6,0.01999999999998181,27.481209706079127
50,0.1,0.5,hub_1,pcglassoFast_PrimalDual,C,1.873817422860384e-5,0.017999999999915417,27.481211161092855
50,0.1,0.5,hub_1,pcglassoFast_PrimalDual,C,6.579332246575681e-5,0.01599999999996271,27.481217579654928
50,0.1,0.5,hub_1,pcglassoFast_PrimalDual,C,2.310129700083161e-4,0.018000000000029104,27.481246239100773
50,0.1,0.5,hub_1,pcglassoFast_PrimalDual,C,8.11130830789687e-4,0.013000000000033651,27.48137427096907
50,0.1,0.5,hub_1,pcglassoFast_PrimalDual,C,0.002848035868435802,0.012499999999931788,27.48137427096907
50,0.1,0.5,hub_1,pcglassoFast_PrimalDual,C,0.010000000000000004,0.010999999999967258,27.482037155946596
50,0.1,0.5,hub_1,pcglassoFast_PrimalDual,I,9.999999999999982e-9,0.060500000000047294,27.4812091587479
50,0.1,0.5,hub_1,pcglassoFast_PrimalDual,I,3.5111917342151263e-8,0.0584999999999809,27.48120918071949
50,0.1,0.5,hub_1,pcglassoFast_PrimalDual,I,1.2328467394420646e-7,0.05250000000012278,27.48120918071949
50,0.1,0.5,hub_1,pcglassoFast_PrimalDual,I,4.328761281083054e-7,0.051000000000044565,27.4812093623719
50,0.1,0.5,hub_1,pcglassoFast_PrimalDual,I,1.5199110829529328e-6,0.05400000000003047,27.48120974946652
50,0.1,0.5,hub_1,pcglassoFast_PrimalDual,I,5.336699231206308e-6,0.048499999999989996,27.48121121332821
50,0.1,0.5,hub_1,pcglassoFast_PrimalDual,I,1.873817422860384e-5,0.04899999999997817,27.48121563256687
50,0.1,0.5,hub_1,pcglassoFast_PrimalDual,I,6.579332246575681e-5,0.15149999999999864,27.481230752922436
50,0.1,0.5,hub_1,pcglassoFast_PrimalDual,I,2.310129700083161e-4,0.15899999999999181,27.481278219594742
50,0.1,0.5,hub_1,pcglassoFast_PrimalDual,I,8.11130830789687e-4,0.039000000000100954,27.48143021441794
50,0.1,0.5,hub_1,pcglassoFast_PrimalDual,I,0.002848035868435802,0.038000000000010914,27.481903218330796
50,0.1,0.5,hub_1,pcglassoFast_PrimalDual,I,0.010000000000000004,0.03499999999985448,27.483380274446283
50,0.1,0.5,random,pcglasso,C,9.999999999999982e-9,0.1260000000000332,40.70704870852204
50,0.1,0.5,random,pcglasso,C,3.5111917342151263e-8,0.08150000000000546,40.70704871851427
50,0.1,0.5,random,pcglasso,C,1.2328467394420646e-7,0.069500000000005,40.70704874167077
50,0.1,0.5,random,pcglasso,C,4.328761281083054e-7,0.06499999999999773,40.707048790051445
50,0.1,0.5,random,pcglasso,C,1.5199110829529328e-6,0.0724999999999909,40.70705161915207
50,0.1,0.5,random,pcglasso,C,5.336699231206308e-6,0.06250000000002842,40.70708658235701
50,0.1,0.5,random,pcglasso,C,1.873817422860384e-5,0.04100000000002524,40.70725636157356
50,0.1,0.5,random,pcglasso,C,6.579332246575681e-5,0.03249999999999886,40.711868806701695
50,0.1,0.5,random,pcglasso,C,2.310129700083161e-4,0.029000000000024784,40.74558351159674
50,0.1,0.5,random,pcglasso,C,8.11130830789687e-4,0.014000000000010004,40.921785323180785
50,0.1,0.5,random,pcglasso,C,0.002848035868435802,0.006999999999990791,65.3276889759189
50,0.1,0.5,random,pcglasso,C,0.010000000000000004,0.006499999999988404,60.81257998916668
50,0.1,0.5,random,pcglasso,I,9.999999999999982e-9,0.25149999999999295,40.70704870886797
50,0.1,0.5,random,pcglasso,I,3.5111917342151263e-8,0.05699999999998795,40.7070487309991
50,0.1,0.5,random,pcglasso,I,1.2328467394420646e-7,0.059499999999999886,40.707048729931664
50,0.1,0.5,random,pcglasso,I,4.328761281083054e-7,0.05449999999999022,40.707049132792164
50,0.1,0.5,random,pcglasso,I,1.5199110829529328e-6,0.04349999999999454,40.707050992429174
50,0.1,0.5,random,pcglasso,I,5.336699231206308e-6,0.05100000000000193,40.70708545634973
50,0.1,0.5,random,pcglasso,I,1.873817422860384e-5,0.03149999999999409,40.70780050959281
50,0.1,0.5,random,pcglasso,I,6.579332246575681e-5,0.023000000000024556,40.70983619677122
50,0.1,0.5,random,pcglasso,I,2.310129700083161e-4,0.01300000000000523,40.74322062954171
50,0.1,0.5,random,pcglasso,I,8.11130830789687e-4,0.008000000000009777,40.86953186038955
50,0.1,0.5,random,pcglasso,I,0.002848035868435802,0.006000000000000227,40.752412667526116
50,0.1,0.5,random,pcglasso,I,0.010000000000000004,0.011499999999998067,41.07306773331842
50,0.1,0.5,random,pcglassoFast_Dual,C,9.999999999999982e-9,0.013499999999993406,40.70704871195178
50,0.1,0.5,random,pcglassoFast_Dual,C,3.5111917342151263e-8,0.011500000000012278,40.70704871853884
50,0.1,0.5,random,pcglassoFast_Dual,C,1.2328467394420646e-7,0.013499999999993406,40.7070487363267
50,0.1,0.5,random,pcglassoFast_Dual,C,4.328761281083054e-7,0.011999999999972033,40.707048787451775
50,0.1,0.5,random,pcglassoFast_Dual,C,1.5199110829529328e-6,0.014000000000010004,40.707048969832236
50,0.1,0.5,random,pcglassoFast_Dual,C,5.336699231206308e-6,0.011499999999998067,40.70704970054183
50,0.1,0.5,random,pcglassoFast_Dual,C,1.873817422860384e-5,0.009999999999990905,40.707052770507154
50,0.1,0.5,random,pcglassoFast_Dual,C,6.579332246575681e-5,0.009000000000014552,40.707052770507154
50,0.1,0.5,random,pcglassoFast_Dual,C,2.310129700083161e-4,0.008500000000012164,40.70713636843148
50,0.1,0.5,random,pcglassoFast_Dual,C,8.11130830789687e-4,0.008499999999997954,40.70713636843148
50,0.1,0.5,random,pcglassoFast_Dual,C,0.002848035868435802,0.007000000000005002,40.707351779509715
50,0.1,0.5,random,pcglassoFast_Dual,C,0.010000000000000004,0.007999999999995566,40.708296540073896
50,0.1,0.5,random,pcglassoFast_Dual,I,9.999999999999982e-9,0.012499999999988631,40.707048715334736
50,0.1,0.5,random,pcglassoFast_Dual,I,3.5111917342151263e-8,0.011499999999983856,40.70704872192494
50,0.1,0.5,random,pcglassoFast_Dual,I,1.2328467394420646e-7,0.010000000000019327,40.70704874007772
50,0.1,0.5,random,pcglassoFast_Dual,I,4.328761281083054e-7,0.01100000000000989,40.70704880823633
50,0.1,0.5,random,pcglassoFast_Dual,I,1.5199110829529328e-6,0.009999999999962483,40.707049444834404
50,0.1,0.5,random,pcglassoFast_Dual,I,5.336699231206308e-6,0.007499999999993179,40.70705068033616
50,0.1,0.5,random,pcglassoFast_Dual,I,1.873817422860384e-5,0.008499999999983743,40.70705068033616
50,0.1,0.5,random,pcglassoFast_Dual,I,6.579332246575681e-5,0.008499999999997954,40.70705586680339
50,0.1,0.5,random,pcglassoFast_Dual,I,2.310129700083161e-4,0.006000000000000227,40.70707967132557
50,0.1,0.5,random,pcglassoFast_Dual,I,8.11130830789687e-4,0.007499999999993179,40.70707967132557
50,0.1,0.5,random,pcglassoFast_Dual,I,0.002848035868435802,0.013500000000021828,40.70707967132557
50,0.1,0.5,random,pcglassoFast_Dual,I,0.010000000000000004,0.0049999999999954525,40.711562944478146
50,0.1,0.5,random,pcglassoFast_Primal,C,9.999999999999982e-9,0.02400000000000091,40.70704870889411
50,0.1,0.5,random,pcglassoFast_Primal,C,3.5111917342151263e-8,0.02599999999999625,40.70704871171442
50,0.1,0.5,random,pcglassoFast_Primal,C,1.2328467394420646e-7,0.022999999999967713,40.70704872587055
50,0.1,0.5,random,pcglassoFast_Primal,C,4.328761281083054e-7,0.02049999999999841,40.70704877671369
50,0.1,0.5,random,pcglassoFast_Primal,C,1.5199110829529328e-6,0.02400000000000091,40.707048965648426
50,0.1,0.5,random,pcglassoFast_Primal,C,5.336699231206308e-6,0.020499999999969987,40.70704976813663
50,0.1,0.5,random,pcglassoFast_Primal,C,1.873817422860384e-5,0.01650000000000773,40.70705299968449
50,0.1,0.5,random,pcglassoFast_Primal,C,6.579332246575681e-5,0.016999999999995907,40.707065662108
50,0.1,0.5,random,pcglassoFast_Primal,C,2.310129700083161e-4,0.016999999999995907,40.70711567922426
50,0.1,0.5,random,pcglassoFast_Primal,C,8.11130830789687e-4,0.013499999999964984,40.70711567922426
50,0.1,0.5,random,pcglassoFast_Primal,C,0.002848035868435802,0.01500000000001478,40.70731272242228
50,0.1,0.5,random,pcglassoFast_Primal,C,0.010000000000000004,0.013499999999993406,40.708128427387145
50,0.1,0.5,random,pcglassoFast_Primal,I,9.999999999999982e-9,0.025500000000022283,40.70704870878511
50,0.1,0.5,random,pcglassoFast_Primal,I,3.5111917342151263e-8,0.020999999999986585,40.70704872186465
50,0.1,0.5,random,pcglassoFast_Primal,I,1.2328467394420646e-7,0.023500000000012733,40.70704875449332
50,0.1,0.5,random,pcglassoFast_Primal,I,4.328761281083054e-7,0.019500000000022055,40.70704886091767
50,0.1,0.5,random,pcglassoFast_Primal,I,1.5199110829529328e-6,0.016999999999995907,40.70704926858781
50,0.1,0.5,random,pcglassoFast_Primal,I,5.336699231206308e-6,0.019000000000005457,40.70705075826702
50,0.1,0.5,random,pcglassoFast_Primal,I,1.873817422860384e-5,0.016999999999967486,40.70705599777445
50,0.1,0.5,random,pcglassoFast_Primal,I,6.579332246575681e-5,0.013499999999993406,40.7070743058165
50,0.1,0.5,random,pcglassoFast_Primal,I,2.310129700083161e-4,0.013999999999995794,40.70713824864527
50,0.1,0.5,random,pcglassoFast_Primal,I,8.11130830789687e-4,0.011999999999972033,40.70735655010619
50,0.1,0.5,random,pcglassoFast_Primal,I,0.002848035868435802,0.009999999999990905,40.70809197860807
50,0.1,0.5,random,pcglassoFast_Primal,I,0.010000000000000004,0.009500000000002728,40.710534911307214
50,0.1,0.5,random,pcglassoFast_PrimalDual,C,9.999999999999982e-9,0.04450000000001353,40.707048718565446
50,0.1,0.5,random,pcglassoFast_PrimalDual,C,3.5111917342151263e-8,0.038000000000010914,40.707048725632475
50,0.1,0.5,random,pcglassoFast_PrimalDual,C,1.2328467394420646e-7,0.03450000000000841,40.70704875380747
50,0.1,0.5,random,pcglassoFast_PrimalDual,C,4.328761281083054e-7,0.04449999999999932,40.70704884443836
50,0.1,0.5,random,pcglassoFast_PrimalDual,C,1.5199110829529328e-6,0.03799999999998249,40.70704884443836
50,0.1,0.5,random,pcglassoFast_PrimalDual,C,5.336699231206308e-6,0.030499999999989313,40.707049244213096
50,0.1,0.5,random,pcglassoFast_PrimalDual,C,1.873817422860384e-5,0.03350000000000364,40.707050927548266
50,0.1,0.5,random,pcglassoFast_PrimalDual,C,6.579332246575681e-5,0.15149999999999864,40.70705836073984
50,0.1,0.5,random,pcglassoFast_PrimalDual,C,2.310129700083161e-4,0.023999999999972488,40.70709177752036
50,0.1,0.5,random,pcglassoFast_PrimalDual,C,8.11130830789687e-4,0.024500000000003297,40.707243249237145
50,0.1,0.5,random,pcglassoFast_PrimalDual,C,0.002848035868435802,0.02450000000004593,40.707243249237145
50,0.1,0.5,random,pcglassoFast_PrimalDual,C,0.010000000000000004,0.019000000000005457,40.70795892018263
50,0.1,0.5,random,pcglassoFast_PrimalDual,I,9.999999999999982e-9,0.036000000000001364,40.70704871902409
50,0.1,0.5,random,pcglassoFast_PrimalDual,I,3.5111917342151263e-8,0.04049999999999443,40.70704872709673
50,0.1,0.5,random,pcglassoFast_PrimalDual,I,1.2328467394420646e-7,0.033999999999991815,40.70704875393619
50,0.1,0.5,random,pcglassoFast_PrimalDual,I,4.328761281083054e-7,0.029999999999972715,40.70704884511324
50,0.1,0.5,random,pcglassoFast_PrimalDual,I,1.5199110829529328e-6,0.03649999999998954,40.70704884511324
50,0.1,0.5,random,pcglassoFast_PrimalDual,I,5.336699231206308e-6,0.031999999999982265,40.70704923627653
50,0.1,0.5,random,pcglassoFast_PrimalDual,I,1.873817422860384e-5,0.025999999999982037,40.70705086100736
50,0.1,0.5,random,pcglassoFast_PrimalDual,I,6.579332246575681e-5,0.02750000000000341,40.70705775889538
50,0.1,0.5,random,pcglassoFast_PrimalDual,I,2.310129700083161e-4,0.025000000000005684,40.707087492442
50,0.1,0.5,random,pcglassoFast_PrimalDual,I,8.11130830789687e-4,0.019000000000005457,40.707213446698354
50,0.1,0.5,random,pcglassoFast_PrimalDual,I,0.002848035868435802,0.019500000000007844,40.70774439464206
50,0.1,0.5,random,pcglassoFast_PrimalDual,I,0.010000000000000004,0.015999999999991132,40.709879722503466
50,0.2,0,AR2,pcglasso,C,9.999999999999982e-9,0.23500000000001364,45.034960465543186
50,0.2,0,AR2,pcglasso,C,3.5111917342151263e-8,0.117999999999995,45.03496046030757
50,0.2,0,AR2,pcglasso,C,1.2328467394420646e-7,0.10850000000004911,45.034960502298574
50,0.2,0,AR2,pcglasso,C,4.328761281083054e-7,0.2549999999999386,45.034961919596775
50,0.2,0,AR2,pcglasso,C,1.5199110829529328e-6,0.08999999999997499,45.03498367100149
50,0.2,0,AR2,pcglasso,C,5.336699231206308e-6,0.08199999999999363,45.035105580722984
50,0.2,0,AR2,pcglasso,C,1.873817422860384e-5,0.058500000000037744,45.037153871898276
50,0.2,0,AR2,pcglasso,C,6.579332246575681e-5,0.03900000000004411,45.05054102795482
50,0.2,0,AR2,pcglasso,C,2.310129700083161e-4,0.17099999999999227,45.58014836949591
50,0.2,0,AR2,pcglasso,C,8.11130830789687e-4,0.007999999999981355,54.05140928477877
50,0.2,0,AR2,pcglasso,C,0.002848035868435802,0.0055000000000404725,64.84614716042222
50,0.2,0,AR2,pcglasso,C,0.010000000000000004,0.006000000000028649,58.46387907306932
50,0.2,0,AR2,pcglasso,I,9.999999999999982e-9,0.09950000000003456,45.03496046303817
50,0.2,0,AR2,pcglasso,I,3.5111917342151263e-8,0.08899999999999864,45.03496046460694
50,0.2,0,AR2,pcglasso,I,1.2328467394420646e-7,0.07600000000002183,45.034960593850826
50,0.2,0,AR2,pcglasso,I,4.328761281083054e-7,0.06700000000000728,45.034962682746695
50,0.2,0,AR2,pcglasso,I,1.5199110829529328e-6,0.06200000000001182,45.03497610911839
50,0.2,0,AR2,pcglasso,I,5.336699231206308e-6,0.05150000000003274,45.03516290912581
50,0.2,0,AR2,pcglasso,I,1.873817422860384e-5,0.03899999999998727,45.03770363939251
50,0.2,0,AR2,pcglasso,I,6.579332246575681e-5,0.028999999999996362,45.04998493813284
50,0.2,0,AR2,pcglasso,I,2.310129700083161e-4,0.013999999999953161,45.131349154869135
50,0.2,0,AR2,pcglasso,I,8.11130830789687e-4,0.006000000000028649,45.789293711033906
50,0.2,0,AR2,pcglasso,I,0.002848035868435802,0.006000000000028649,45.65669071341905
50,0.2,0,AR2,pcglasso,I,0.010000000000000004,0.005499999999983629,45.65669071341905
50,0.2,0,AR2,pcglassoFast_Dual,C,9.999999999999982e-9,0.016499999999950887,45.03496046058757
50,0.2,0,AR2,pcglassoFast_Dual,C,3.5111917342151263e-8,0.016999999999995907,45.03496046700092
50,0.2,0,AR2,pcglassoFast_Dual,C,1.2328467394420646e-7,0.016000000000019554,45.03496052540087
50,0.2,0,AR2,pcglassoFast_Dual,C,4.328761281083054e-7,0.014499999999998181,45.03496063164826
50,0.2,0,AR2,pcglassoFast_Dual,C,1.5199110829529328e-6,0.020499999999969987,45.03496091164615
50,0.2,0,AR2,pcglassoFast_Dual,C,5.336699231206308e-6,0.012499999999988631,45.034963365782104
50,0.2,0,AR2,pcglassoFast_Dual,C,1.873817422860384e-5,0.012000000000000455,45.03496760581224
50,0.2,0,AR2,pcglassoFast_Dual,C,6.579332246575681e-5,0.011499999999955435,45.034978161096504
50,0.2,0,AR2,pcglassoFast_Dual,C,2.310129700083161e-4,0.011000000000024102,45.035007293616474
50,0.2,0,AR2,pcglassoFast_Dual,C,8.11130830789687e-4,0.009999999999990905,45.03510101926634
50,0.2,0,AR2,pcglassoFast_Dual,C,0.002848035868435802,0.009500000000002728,45.03547939248798
50,0.2,0,AR2,pcglassoFast_Dual,C,0.010000000000000004,0.008500000000026375,45.03708671684376
50,0.2,0,AR2,pcglassoFast_Dual,I,9.999999999999982e-9,0.014000000000010004,45.03496045827561
50,0.2,0,AR2,pcglassoFast_Dual,I,3.5111917342151263e-8,0.012999999999976808,45.03496046481382
50,0.2,0,AR2,pcglassoFast_Dual,I,1.2328467394420646e-7,0.019000000000005457,45.03496048441299
50,0.2,0,AR2,pcglassoFast_Dual,I,4.328761281083054e-7,0.011000000000024102,45.03496066929384
50,0.2,0,AR2,pcglassoFast_Dual,I,1.5199110829529328e-6,0.017499999999984084,45.034961019582276
50,0.2,0,AR2,pcglassoFast_Dual,I,5.336699231206308e-6,0.009999999999990905,45.03496208554403
50,0.2,0,AR2,pcglassoFast_Dual,I,1.873817422860384e-5,0.009000000000014552,45.03496536463819
50,0.2,0,AR2,pcglassoFast_Dual,I,6.579332246575681e-5,0.009000000000014552,45.03497620020379
50,0.2,0,AR2,pcglassoFast_Dual,I,2.310129700083161e-4,0.007999999999924512,45.035018471620774
50,0.2,0,AR2,pcglassoFast_Dual,I,8.11130830789687e-4,0.007000000000005002,45.035182507507244
50,0.2,0,AR2,pcglassoFast_Dual,I,0.002848035868435802,0.007000000000005002,45.03515716413056
50,0.2,0,AR2,pcglassoFast_Dual,I,0.010000000000000004,0.006999999999948159,45.03591372445001
50,0.2,0,AR2,pcglassoFast_Primal,C,9.999999999999982e-9,0.038000000000010914,45.03496046289021
50,0.2,0,AR2,pcglassoFast_Primal,C,3.5111917342151263e-8,0.030500000000017735,45.034960482874084
50,0.2,0,AR2,pcglassoFast_Primal,C,1.2328467394420646e-7,0.03000000000002956,45.03496051434667
50,0.2,0,AR2,pcglassoFast_Primal,C,4.328761281083054e-7,0.027500000000031832,45.03496071918851
50,0.2,0,AR2,pcglassoFast_Primal,C,1.5199110829529328e-6,0.15850000000000364,45.03496103589326
50,0.2,0,AR2,pcglassoFast_Primal,C,5.336699231206308e-6,0.02400000000000091,45.03496327476911
50,0.2,0,AR2,pcglassoFast_Primal,C,1.873817422860384e-5,0.02199999999999136,45.034974492345725
50,0.2,0,AR2,pcglassoFast_Primal,C,6.579332246575681e-5,0.02050000000002683,45.03499216314839
50,0.2,0,AR2,pcglassoFast_Primal,C,2.310129700083161e-4,0.016999999999939064,45.03512594928371
50,0.2,0,AR2,pcglassoFast_Primal,C,8.11130830789687e-4,0.016000000000019554,45.03534499319859
50,0.2,0,AR2,pcglassoFast_Primal,C,0.002848035868435802,0.014999999999986358,45.035869275491066
50,0.2,0,AR2,pcglassoFast_Primal,C,0.010000000000000004,0.012499999999988631,45.04054597809491
50,0.2,0,AR2,pcglassoFast_Primal,I,9.999999999999982e-9,0.030500000000017735,45.03496046450749
50,0.2,0,AR2,pcglassoFast_Primal,I,3.5111917342151263e-8,0.029999999999972715,45.03496047283522
50,0.2,0,AR2,pcglassoFast_Primal,I,1.2328467394420646e-7,0.02749999999997499,45.03496052633986
50,0.2,0,AR2,pcglassoFast_Primal,I,4.328761281083054e-7,0.024999999999977263,45.03496077615597
50,0.2,0,AR2,pcglassoFast_Primal,I,1.5199110829529328e-6,0.02400000000000091,45.034961165714584
50,0.2,0,AR2,pcglassoFast_Primal,I,5.336699231206308e-6,0.022000000000048203,45.034963953092614
50,0.2,0,AR2,pcglassoFast_Primal,I,1.873817422860384e-5,0.021000000000015007,45.03496833571558
50,0.2,0,AR2,pcglassoFast_Primal,I,6.579332246575681e-5,0.018499999999960437,45.035000816528736
50,0.2,0,AR2,pcglassoFast_Primal,I,2.310129700083161e-4,0.016999999999995907,45.0350526091121
50,0.2,0,AR2,pcglassoFast_Primal,I,8.11130830789687e-4,0.014000000000010004,45.03544871297169
50,0.2,0,AR2,pcglassoFast_Primal,I,0.002848035868435802,0.013999999999953161,45.03610035361073
50,0.2,0,AR2,pcglassoFast_Primal,I,0.010000000000000004,0.010500000000035925,45.04142632934448
50,0.2,0,AR2,pcglassoFast_PrimalDual,C,9.999999999999982e-9,0.0614999999999668,45.03496053542162
50,0.2,0,AR2,pcglassoFast_PrimalDual,C,3.5111917342151263e-8,0.05899999999996908,45.034960541835495
50,0.2,0,AR2,pcglassoFast_PrimalDual,C,1.2328467394420646e-7,0.06100000000003547,45.03496059558753
50,0.2,0,AR2,pcglassoFast_PrimalDual,C,4.328761281083054e-7,0.052500000000009095,45.03496066356369
50,0.2,0,AR2,pcglassoFast_PrimalDual,C,1.5199110829529328e-6,0.049000000000035016,45.03496130902689
50,0.2,0,AR2,pcglassoFast_PrimalDual,C,5.336699231206308e-6,0.04800000000000182,45.03496237038872
50,0.2,0,AR2,pcglassoFast_PrimalDual,C,1.873817422860384e-5,0.041999999999916326,45.034971110431066
50,0.2,0,AR2,pcglassoFast_PrimalDual,C,6.579332246575681e-5,0.04450000000002774,45.03498605991484
50,0.2,0,AR2,pcglassoFast_PrimalDual,C,2.310129700083161e-4,0.03550000000001319,45.03511112041063
50,0.2,0,AR2,pcglassoFast_PrimalDual,C,8.11130830789687e-4,0.038000000000010914,45.035330151946
50,0.2,0,AR2,pcglassoFast_PrimalDual,C,0.002848035868435802,0.029999999999972715,45.03587848573914
50,0.2,0,AR2,pcglassoFast_PrimalDual,C,0.010000000000000004,0.024499999999989086,45.040921360146946
50,0.2,0,AR2,pcglassoFast_PrimalDual,I,9.999999999999982e-9,0.0665000000000191,45.03496046603506
50,0.2,0,AR2,pcglassoFast_PrimalDual,I,3.5111917342151263e-8,0.05500000000000682,45.03496055248346
50,0.2,0,AR2,pcglassoFast_PrimalDual,I,1.2328467394420646e-7,0.05099999999998772,45.034960605249466
50,0.2,0,AR2,pcglassoFast_PrimalDual,I,4.328761281083054e-7,0.05000000000001137,45.034960708428706
50,0.2,0,AR2,pcglassoFast_PrimalDual,I,1.5199110829529328e-6,0.18449999999995725,45.03496150352748
50,0.2,0,AR2,pcglassoFast_PrimalDual,I,5.336699231206308e-6,0.04750000000001364,45.03496280415484
50,0.2,0,AR2,pcglassoFast_PrimalDual,I,1.873817422860384e-5,0.03899999999998727,45.03497344982028
50,0.2,0,AR2,pcglassoFast_PrimalDual,I,6.579332246575681e-5,0.03550000000001319,45.03499155297282
50,0.2,0,AR2,pcglassoFast_PrimalDual,I,2.310129700083161e-4,0.032500000000027285,45.03503533359235
50,0.2,0,AR2,pcglassoFast_PrimalDual,I,8.11130830789687e-4,0.028499999999951342,45.03539832662475
50,0.2,0,AR2,pcglassoFast_PrimalDual,I,0.002848035868435802,0.02600000000001046,45.036028987977375
50,0.2,0,AR2,pcglassoFast_PrimalDual,I,0.010000000000000004,0.01999999999998181,45.041509965658065
50,0.2,0,hub_09,pcglasso,C,9.999999999999982e-9,0.08700000000001751,47.30056847612016
50,0.2,0,hub_09,pcglasso,C,3.5111917342151263e-8,0.08050000000000068,47.30056847786876
50,0.2,0,hub_09,pcglasso,C,1.2328467394420646e-7,0.07550000000000523,47.30056848385417
50,0.2,0,hub_09,pcglasso,C,4.328761281083054e-7,0.057999999999992724,47.30056900239899
50,0.2,0,hub_09,pcglasso,C,1.5199110829529328e-6,0.060000000000002274,47.30056900239899
50,0.2,0,hub_09,pcglasso,C,5.336699231206308e-6,0.05150000000000432,47.300580555858986
50,0.2,0,hub_09,pcglasso,C,1.873817422860384e-5,0.040999999999968395,47.30089479931203
50,0.2,0,hub_09,pcglasso,C,6.579332246575681e-5,0.033499999999975216,47.30268135561783
50,0.2,0,hub_09,pcglasso,C,2.310129700083161e-4,0.027500000000031832,47.33166159862308
50,0.2,0,hub_09,pcglasso,C,8.11130830789687e-4,0.006500000000016826,56.34618713508793
50,0.2,0,hub_09,pcglasso,C,0.002848035868435802,0.005500000000012051,66.22931175618126
50,0.2,0,hub_09,pcglasso,C,0.010000000000000004,0.005000000000023874,58.95347849004065
50,0.2,0,hub_09,pcglasso,I,9.999999999999982e-9,0.07900000000000773,47.30056847650883
50,0.2,0,hub_09,pcglasso,I,3.5111917342151263e-8,0.07549999999997681,47.30056847650883
50,0.2,0,hub_09,pcglasso,I,1.2328467394420646e-7,0.06400000000002137,47.3005684873787
50,0.2,0,hub_09,pcglasso,I,4.328761281083054e-7,0.06350000000000477,47.30056852296011
50,0.2,0,hub_09,pcglasso,I,1.5199110829529328e-6,0.04850000000001842,47.30057114984721
50,0.2,0,hub_09,pcglasso,I,5.336699231206308e-6,0.050499999999999545,47.300581965726444
50,0.2,0,hub_09,pcglasso,I,1.873817422860384e-5,0.03799999999998249,47.300703120525135
50,0.2,0,hub_09,pcglasso,I,6.579332246575681e-5,0.028999999999996362,47.30465959823415
50,0.2,0,hub_09,pcglasso,I,2.310129700083161e-4,0.017499999999984084,47.33297088738993
50,0.2,0,hub_09,pcglasso,I,8.11130830789687e-4,0.013500000000021828,47.75370166145988
50,0.2,0,hub_09,pcglasso,I,0.002848035868435802,0.007999999999981355,47.49176899226156
50,0.2,0,hub_09,pcglasso,I,0.010000000000000004,0.008000000000009777,47.49176899226156
50,0.2,0,hub_09,pcglassoFast_Dual,C,9.999999999999982e-9,0.020499999999969987,47.30056847210562
50,0.2,0,hub_09,pcglassoFast_Dual,C,3.5111917342151263e-8,0.14400000000000546,47.300568486367276
50,0.2,0,hub_09,pcglassoFast_Dual,C,1.2328467394420646e-7,0.012999999999976808,47.30056865821283
50,0.2,0,hub_09,pcglassoFast_Dual,C,4.328761281083054e-7,0.013499999999964984,47.30056873911263
50,0.2,0,hub_09,pcglassoFast_Dual,C,1.5199110829529328e-6,0.010500000000035925,47.30056937344808
50,0.2,0,hub_09,pcglassoFast_Dual,C,5.336699231206308e-6,0.010999999999967258,47.30056937344808
50,0.2,0,hub_09,pcglassoFast_Dual,C,1.873817422860384e-5,0.014000000000010004,47.30057088947747
50,0.2,0,hub_09,pcglassoFast_Dual,C,6.579332246575681e-5,0.009999999999990905,47.3005801958157
50,0.2,0,hub_09,pcglassoFast_Dual,C,2.310129700083161e-4,0.00950000000003115,47.30059650508058
50,0.2,0,hub_09,pcglassoFast_Dual,C,8.11130830789687e-4,0.007499999999993179,47.301362859155326
50,0.2,0,hub_09,pcglassoFast_Dual,C,0.002848035868435802,0.005999999999971806,47.30360324752253
50,0.2,0,hub_09,pcglassoFast_Dual,C,0.010000000000000004,0.005999999999971806,47.30360324752253
50,0.2,0,hub_09,pcglassoFast_Dual,I,9.999999999999982e-9,0.014000000000010004,47.30056847288563
50,0.2,0,hub_09,pcglassoFast_Dual,I,3.5111917342151263e-8,0.014000000000010004,47.300568511532454
50,0.2,0,hub_09,pcglassoFast_Dual,I,1.2328467394420646e-7,0.011500000000012278,47.3005685885094
50,0.2,0,hub_09,pcglassoFast_Dual,I,4.328761281083054e-7,0.014000000000010004,47.300568671613426
50,0.2,0,hub_09,pcglassoFast_Dual,I,1.5199110829529328e-6,0.01099999999999568,47.30056892190193
50,0.2,0,hub_09,pcglassoFast_Dual,I,5.336699231206308e-6,0.013000000000033651,47.300569758778295
50,0.2,0,hub_09,pcglassoFast_Dual,I,1.873817422860384e-5,0.009000000000014552,47.300572927536464
50,0.2,0,hub_09,pcglassoFast_Dual,I,6.579332246575681e-5,0.008499999999997954,47.30060020924696
50,0.2,0,hub_09,pcglassoFast_Dual,I,2.310129700083161e-4,0.0075000000000216005,47.300646862031606
50,0.2,0,hub_09,pcglassoFast_Dual,I,8.11130830789687e-4,0.006000000000000227,47.30096773803476
50,0.2,0,hub_09,pcglassoFast_Dual,I,0.002848035868435802,0.0049999999999954525,47.30282752532808
50,0.2,0,hub_09,pcglassoFast_Dual,I,0.010000000000000004,0.005499999999983629,47.30183225564524
50,0.2,0,hub_09,pcglassoFast_Primal,C,9.999999999999982e-9,0.021500000000003183,47.30056847174792
50,0.2,0,hub_09,pcglassoFast_Primal,C,3.5111917342151263e-8,0.01850000000001728,47.300568474191735
50,0.2,0,hub_09,pcglassoFast_Primal,C,1.2328467394420646e-7,0.01850000000001728,47.30056848735568
50,0.2,0,hub_09,pcglassoFast_Primal,C,4.328761281083054e-7,0.01649999999997931,47.30056854758195
50,0.2,0,hub_09,pcglassoFast_Primal,C,1.5199110829529328e-6,0.01700000000002433,47.30056854758195
50,0.2,0,hub_09,pcglassoFast_Primal,C,5.336699231206308e-6,0.020999999999986585,47.300568849631915
50,0.2,0,hub_09,pcglassoFast_Primal,C,1.873817422860384e-5,0.014500000000026603,47.30057051031519
50,0.2,0,hub_09,pcglassoFast_Primal,C,6.579332246575681e-5,0.01300000000000523,47.30057998722737
50,0.2,0,hub_09,pcglassoFast_Primal,C,2.310129700083161e-4,0.013000000000033651,47.30057998722737
50,0.2,0,hub_09,pcglassoFast_Primal,C,8.11130830789687e-4,0.012000000000000455,47.3006348364482
50,0.2,0,hub_09,pcglassoFast_Primal,C,0.002848035868435802,0.009999999999990905,47.30095524108067
50,0.2,0,hub_09,pcglassoFast_Primal,C,0.010000000000000004,0.01099999999999568,47.30095524108067
50,0.2,0,hub_09,pcglassoFast_Primal,I,9.999999999999982e-9,0.01849999999998886,47.30056847198384
50,0.2,0,hub_09,pcglassoFast_Primal,I,3.5111917342151263e-8,0.016999999999995907,47.30056847460118
50,0.2,0,hub_09,pcglassoFast_Primal,I,1.2328467394420646e-7,0.01500000000001478,47.300568488630326
50,0.2,0,hub_09,pcglassoFast_Primal,I,4.328761281083054e-7,0.015000000000043201,47.300568556598
50,0.2,0,hub_09,pcglassoFast_Primal,I,1.5199110829529328e-6,0.01300000000000523,47.30056885969539
50,0.2,0,hub_09,pcglassoFast_Primal,I,5.336699231206308e-6,0.012500000000017053,47.30056885969539
50,0.2,0,hub_09,pcglassoFast_Primal,I,1.873817422860384e-5,0.012000000000000455,47.3005702007048
50,0.2,0,hub_09,pcglassoFast_Primal,I,6.579332246575681e-5,0.010500000000007503,47.300576809297084
50,0.2,0,hub_09,pcglassoFast_Primal,I,2.310129700083161e-4,0.009999999999990905,47.30061111616485
50,0.2,0,hub_09,pcglassoFast_Primal,I,8.11130830789687e-4,0.009499999999974307,47.30061111616485
50,0.2,0,hub_09,pcglassoFast_Primal,I,0.002848035868435802,0.007999999999981355,47.300802951441696
50,0.2,0,hub_09,pcglassoFast_Primal,I,0.010000000000000004,0.007000000000005002,47.30198523933716
50,0.2,0,hub_09,pcglassoFast_PrimalDual,C,9.999999999999982e-9,0.02600000000001046,47.30056847633123
50,0.2,0,hub_09,pcglassoFast_PrimalDual,C,3.5111917342151263e-8,0.1605000000000132,47.300568476401715
50,0.2,0,hub_09,pcglassoFast_PrimalDual,C,1.2328467394420646e-7,0.023000000000024556,47.30056848817857
50,0.2,0,hub_09,pcglassoFast_PrimalDual,C,4.328761281083054e-7,0.02199999999999136,47.30056848817857
50,0.2,0,hub_09,pcglassoFast_PrimalDual,C,1.5199110829529328e-6,0.02200000000001978,47.30056857937875
50,0.2,0,hub_09,pcglassoFast_PrimalDual,C,5.336699231206308e-6,0.020000000000010232,47.30056857937875
50,0.2,0,hub_09,pcglassoFast_PrimalDual,C,1.873817422860384e-5,0.01849999999998886,47.300569421825315
50,0.2,0,hub_09,pcglassoFast_PrimalDual,C,6.579332246575681e-5,0.02549999999999386,47.300569421825315
50,0.2,0,hub_09,pcglassoFast_PrimalDual,C,2.310129700083161e-4,0.01649999999997931,47.30057743025446
50,0.2,0,hub_09,pcglassoFast_PrimalDual,C,8.11130830789687e-4,0.014999999999986358,47.30065060443969
50,0.2,0,hub_09,pcglassoFast_PrimalDual,C,0.002848035868435802,0.015999999999991132,47.30065060443969
50,0.2,0,hub_09,pcglassoFast_PrimalDual,C,0.010000000000000004,0.014000000000010004,47.30137565218126
50,0.2,0,hub_09,pcglassoFast_PrimalDual,I,9.999999999999982e-9,0.024999999999977263,47.3005684749342
50,0.2,0,hub_09,pcglassoFast_PrimalDual,I,3.5111917342151263e-8,0.022500000000007958,47.3005684770939
50,0.2,0,hub_09,pcglassoFast_PrimalDual,I,1.2328467394420646e-7,0.028500000000008185,47.3005684770939
50,0.2,0,hub_09,pcglassoFast_PrimalDual,I,4.328761281083054e-7,0.02600000000001046,47.30056849552252
50,0.2,0,hub_09,pcglassoFast_PrimalDual,I,1.5199110829529328e-6,0.019000000000005457,47.30056862000538
50,0.2,0,hub_09,pcglassoFast_PrimalDual,I,5.336699231206308e-6,0.02049999999999841,47.30056862000538
50,0.2,0,hub_09,pcglassoFast_PrimalDual,I,1.873817422860384e-5,0.017500000000012506,47.30056972764139
50,0.2,0,hub_09,pcglassoFast_PrimalDual,I,6.579332246575681e-5,0.017499999999984084,47.30056972764139
50,0.2,0,hub_09,pcglassoFast_PrimalDual,I,2.310129700083161e-4,0.015999999999991132,47.30057936045853
50,0.2,0,hub_09,pcglassoFast_PrimalDual,I,8.11130830789687e-4,0.013499999999993406,47.30066506257276
50,0.2,0,hub_09,pcglassoFast_PrimalDual,I,0.002848035868435802,0.013500000000021828,47.30066506257276
50,0.2,0,hub_09,pcglassoFast_PrimalDual,I,0.010000000000000004,0.012000000000000455,47.301456080653345
50,0.2,0,hub_1,pcglasso,C,9.999999999999982e-9,0.3875000000000455,16.64436974038445
50,0.2,0,hub_1,pcglasso,C,3.5111917342151263e-8,0.3305000000000291,16.644369915022057
50,0.2,0,hub_1,pcglasso,C,1.2328467394420646e-7,0.2755000000000223,16.64437219313625
50,0.2,0,hub_1,pcglasso,C,4.328761281083054e-7,0.37999999999999545,16.644373243041876
50,0.2,0,hub_1,pcglasso,C,1.5199110829529328e-6,0.19800000000003593,16.64445537881614
50,0.2,0,hub_1,pcglasso,C,5.336699231206308e-6,0.30549999999993815,16.644526093057152
50,0.2,0,hub_1,pcglasso,C,1.873817422860384e-5,0.12950000000000728,16.650153465003136
50,0.2,0,hub_1,pcglasso,C,6.579332246575681e-5,0.0885000000000673,16.708828830958605
50,0.2,0,hub_1,pcglasso,C,2.310129700083161e-4,0.07299999999997908,18.035505740765494
50,0.2,0,hub_1,pcglasso,C,8.11130830789687e-4,0.01999999999998181,51.235991711285166
50,0.2,0,hub_1,pcglasso,C,0.002848035868435802,0.02650000000005548,51.235991711285166
50,0.2,0,hub_1,pcglasso,C,0.010000000000000004,0.021500000000003183,51.235991711285166
50,0.2,0,hub_1,pcglasso,I,9.999999999999982e-9,0.9099999999999682,16.644369736209182
50,0.2,0,hub_1,pcglasso,I,3.5111917342151263e-8,0.7375000000000114,16.64436979206607
50,0.2,0,hub_1,pcglasso,I,1.2328467394420646e-7,0.9474999999999909,16.64437062532
50,0.2,0,hub_1,pcglasso,I,4.328761281083054e-7,0.6684999999999945,16.64437099378811
50,0.2,0,hub_1,pcglasso,I,1.5199110829529328e-6,0.5824999999999818,16.64438264160814
50,0.2,0,hub_1,pcglasso,I,5.336699231206308e-6,0.6175000000000068,16.644598562744758
50,0.2,0,hub_1,pcglasso,I,1.873817422860384e-5,0.27249999999997954,16.647053072731506
50,0.2,0,hub_1,pcglasso,I,6.579332246575681e-5,0.16449999999997544,16.681548843221048
50,0.2,0,hub_1,pcglasso,I,2.310129700083161e-4,0.022000000000048203,20.653479521319852
50,0.2,0,hub_1,pcglasso,I,8.11130830789687e-4,0.021500000000060027,20.330976206241367
50,0.2,0,hub_1,pcglasso,I,0.002848035868435802,0.012000000000000455,21.727715891137436
50,0.2,0,hub_1,pcglasso,I,0.010000000000000004,0.012000000000057298,21.854370859678543
50,0.2,0,hub_1,pcglassoFast_Dual,C,9.999999999999982e-9,0.5680000000000405,16.64436983199587
50,0.2,0,hub_1,pcglassoFast_Dual,C,3.5111917342151263e-8,0.6925000000000523,16.644370541077304
50,0.2,0,hub_1,pcglassoFast_Dual,C,1.2328467394420646e-7,0.444500000000005,16.644372509644747
50,0.2,0,hub_1,pcglassoFast_Dual,C,4.328761281083054e-7,0.39899999999994407,16.64437845342286
50,0.2,0,hub_1,pcglassoFast_Dual,C,1.5199110829529328e-6,0.19999999999998863,16.644414805880825
50,0.2,0,hub_1,pcglassoFast_Dual,C,5.336699231206308e-6,0.1500000000000341,16.644552551858542
50,0.2,0,hub_1,pcglassoFast_Dual,C,1.873817422860384e-5,0.10400000000004184,16.645018031838404
50,0.2,0,hub_1,pcglassoFast_Dual,C,6.579332246575681e-5,0.08949999999998681,16.645080304310834
50,0.2,0,hub_1,pcglassoFast_Dual,C,2.310129700083161e-4,0.07300000000003593,16.646219752489845
50,0.2,0,hub_1,pcglassoFast_Dual,C,8.11130830789687e-4,0.06700000000000728,16.6467512146068
50,0.2,0,hub_1,pcglassoFast_Dual,C,0.002848035868435802,0.06450000000000955,16.64810109416569
50,0.2,0,hub_1,pcglassoFast_Dual,C,0.010000000000000004,0.05500000000000682,16.653207021455717
50,0.2,0,hub_1,pcglassoFast_Dual,I,9.999999999999982e-9,0.4874999999999545,16.64436986378569
50,0.2,0,hub_1,pcglassoFast_Dual,I,3.5111917342151263e-8,0.5954999999999586,16.64436985620988
50,0.2,0,hub_1,pcglassoFast_Dual,I,1.2328467394420646e-7,0.6680000000000064,16.644372616511305
50,0.2,0,hub_1,pcglassoFast_Dual,I,4.328761281083054e-7,0.5225000000000364,16.64437768493589
50,0.2,0,hub_1,pcglassoFast_Dual,I,1.5199110829529328e-6,0.3275000000000432,16.644415128879515
50,0.2,0,hub_1,pcglassoFast_Dual,I,5.336699231206308e-6,0.45699999999999363,16.64438429980313
50,0.2,0,hub_1,pcglassoFast_Dual,I,1.873817422860384e-5,0.3784999999999741,16.64501020362311
50,0.2,0,hub_1,pcglassoFast_Dual,I,6.579332246575681e-5,0.42250000000001364,16.644657364751403
50,0.2,0,hub_1,pcglassoFast_Dual,I,2.310129700083161e-4,0.20199999999999818,16.654004760345142
50,0.2,0,hub_1,pcglassoFast_Dual,I,8.11130830789687e-4,0.20249999999998636,16.65517583649148
50,0.2,0,hub_1,pcglassoFast_Dual,I,0.002848035868435802,0.2955000000000041,16.69860360212257
50,0.2,0,hub_1,pcglassoFast_Dual,I,0.010000000000000004,0.16149999999998954,16.669473628765022
50,0.2,0,hub_1,pcglassoFast_Primal,C,9.999999999999982e-9,0.19249999999999545,16.644369769562164
50,0.2,0,hub_1,pcglassoFast_Primal,C,3.5111917342151263e-8,0.18650000000002365,16.64436992946913
50,0.2,0,hub_1,pcglassoFast_Primal,C,1.2328467394420646e-7,0.17349999999999,16.64437034921771
50,0.2,0,hub_1,pcglassoFast_Primal,C,4.328761281083054e-7,0.14899999999994407,16.644371750314534
50,0.2,0,hub_1,pcglassoFast_Primal,C,1.5199110829529328e-6,0.13400000000001455,16.64437378739961
50,0.2,0,hub_1,pcglassoFast_Primal,C,5.336699231206308e-6,0.12400000000002365,16.64437343483676
50,0.2,0,hub_1,pcglassoFast_Primal,C,1.873817422860384e-5,0.11299999999999955,16.6443806077488
50,0.2,0,hub_1,pcglassoFast_Primal,C,6.579332246575681e-5,0.10650000000003956,16.644421627725997
50,0.2,0,hub_1,pcglassoFast_Primal,C,2.310129700083161e-4,0.09249999999997272,16.64462356322978
50,0.2,0,hub_1,pcglassoFast_Primal,C,8.11130830789687e-4,0.07699999999999818,16.645295363524056
50,0.2,0,hub_1,pcglassoFast_Primal,C,0.002848035868435802,0.06049999999993361,16.647500521649334
50,0.2,0,hub_1,pcglassoFast_Primal,C,0.010000000000000004,0.18449999999995725,16.65462957874578
50,0.2,0,hub_1,pcglassoFast_Primal,I,9.999999999999982e-9,0.1815000000000282,16.64436976546647
50,0.2,0,hub_1,pcglassoFast_Primal,I,3.5111917342151263e-8,0.16899999999998272,16.644369896137782
50,0.2,0,hub_1,pcglassoFast_Primal,I,1.2328467394420646e-7,0.1560000000000059,16.644370236648893
50,0.2,0,hub_1,pcglassoFast_Primal,I,4.328761281083054e-7,0.1554999999999609,16.64437132974899
50,0.2,0,hub_1,pcglassoFast_Primal,I,1.5199110829529328e-6,0.13299999999998136,16.644373912336565
50,0.2,0,hub_1,pcglassoFast_Primal,I,5.336699231206308e-6,0.1379999999999768,16.644374516914176
50,0.2,0,hub_1,pcglassoFast_Primal,I,1.873817422860384e-5,0.125,16.64438025824797
50,0.2,0,hub_1,pcglassoFast_Primal,I,6.579332246575681e-5,0.1099999999999568,16.64440863656023
50,0.2,0,hub_1,pcglassoFast_Primal,I,2.310129700083161e-4,0.10250000000002046,16.644529556708754
50,0.2,0,hub_1,pcglassoFast_Primal,I,8.11130830789687e-4,0.08899999999999864,16.64476062470778
50,0.2,0,hub_1,pcglassoFast_Primal,I,0.002848035868435802,0.07600000000002183,16.646186302415494
50,0.2,0,hub_1,pcglassoFast_Primal,I,0.010000000000000004,0.2545000000000073,16.652999520576277
50,0.2,0,hub_1,pcglassoFast_PrimalDual,C,9.999999999999982e-9,0.04599999999999227,16.644369718603162
50,0.2,0,hub_1,pcglassoFast_PrimalDual,C,3.5111917342151263e-8,0.19650000000001455,16.644369757451802
50,0.2,0,hub_1,pcglassoFast_PrimalDual,C,1.2328467394420646e-7,0.04499999999995907,16.644369779594406
50,0.2,0,hub_1,pcglassoFast_PrimalDual,C,4.328761281083054e-7,0.04250000000001819,16.64437000276447
50,0.2,0,hub_1,pcglassoFast_PrimalDual,C,1.5199110829529328e-6,0.036000000000001364,16.644370299604557
50,0.2,0,hub_1,pcglassoFast_PrimalDual,C,5.336699231206308e-6,0.03150000000005093,16.644372436904007
50,0.2,0,hub_1,pcglassoFast_PrimalDual,C,1.873817422860384e-5,0.028500000000008185,16.64438239303501
50,0.2,0,hub_1,pcglassoFast_PrimalDual,C,6.579332246575681e-5,0.026999999999986812,16.64439820821673
50,0.2,0,hub_1,pcglassoFast_PrimalDual,C,2.310129700083161e-4,0.022000000000048203,16.64451300494567
50,0.2,0,hub_1,pcglassoFast_PrimalDual,C,8.11130830789687e-4,0.021000000000015007,16.644702612927375
50,0.2,0,hub_1,pcglassoFast_PrimalDual,C,0.002848035868435802,0.017999999999915417,16.645158245106074
50,0.2,0,hub_1,pcglassoFast_PrimalDual,C,0.010000000000000004,0.02199999999999136,16.64632696124881
50,0.2,0,hub_1,pcglassoFast_PrimalDual,I,9.999999999999982e-9,0.08349999999995816,16.64436971892656
50,0.2,0,hub_1,pcglassoFast_PrimalDual,I,3.5111917342151263e-8,0.08800000000002228,16.644369750581657
50,0.2,0,hub_1,pcglassoFast_PrimalDual,I,1.2328467394420646e-7,0.08650000000000091,16.644369778591198
50,0.2,0,hub_1,pcglassoFast_PrimalDual,I,4.328761281083054e-7,0.08199999999999363,16.64437011005048
50,0.2,0,hub_1,pcglassoFast_PrimalDual,I,1.5199110829529328e-6,0.08100000000001728,16.644370520105504
50,0.2,0,hub_1,pcglassoFast_PrimalDual,I,5.336699231206308e-6,0.07849999999996271,16.644373886632195
50,0.2,0,hub_1,pcglassoFast_PrimalDual,I,1.873817422860384e-5,0.069500000000005,16.644378666920595
50,0.2,0,hub_1,pcglassoFast_PrimalDual,I,6.579332246575681e-5,0.06700000000000728,16.64441366384684
50,0.2,0,hub_1,pcglassoFast_PrimalDual,I,2.310129700083161e-4,0.0625,16.644572027323353
50,0.2,0,hub_1,pcglassoFast_PrimalDual,I,8.11130830789687e-4,0.05900000000002592,16.644801425854567
50,0.2,0,hub_1,pcglassoFast_PrimalDual,I,0.002848035868435802,0.05700000000001637,16.646271024481607
50,0.2,0,hub_1,pcglassoFast_PrimalDual,I,0.010000000000000004,0.05200000000002092,16.652347312229075
50,0.2,0,random,pcglasso,C,9.999999999999982e-9,0.10199999999997544,43.02520623382223
50,0.2,0,random,pcglasso,C,3.5111917342151263e-8,0.09699999999997999,43.025206252326974
50,0.2,0,random,pcglasso,C,1.2328467394420646e-7,0.08050000000000068,43.025206793723626
50,0.2,0,random,pcglasso,C,4.328761281083054e-7,0.07250000000001933,43.025208555093684
50,0.2,0,random,pcglasso,C,1.5199110829529328e-6,0.07499999999998863,43.02520950087145
50,0.2,0,random,pcglasso,C,5.336699231206308e-6,0.06049999999996203,43.02525002915342
50,0.2,0,random,pcglasso,C,1.873817422860384e-5,0.050499999999999545,43.025515849850805
50,0.2,0,random,pcglasso,C,6.579332246575681e-5,0.03249999999999886,43.03583997102739
50,0.2,0,random,pcglasso,C,2.310129700083161e-4,0.021500000000003183,43.177370988014516
50,0.2,0,random,pcglasso,C,8.11130830789687e-4,0.007000000000005002,51.81563043946605
50,0.2,0,random,pcglasso,C,0.002848035868435802,0.006000000000000227,67.37787690743767
50,0.2,0,random,pcglasso,C,0.010000000000000004,0.006000000000000227,69.34096826683057
50,0.2,0,random,pcglasso,I,9.999999999999982e-9,0.09399999999999409,43.02520623569569
50,0.2,0,random,pcglasso,I,3.5111917342151263e-8,0.07900000000000773,43.02520633594203
50,0.2,0,random,pcglasso,I,1.2328467394420646e-7,0.0735000000000241,43.02520666754064
50,0.2,0,random,pcglasso,I,4.328761281083054e-7,0.0589999999999975,43.025209019533534
50,0.2,0,random,pcglasso,I,1.5199110829529328e-6,0.056000000000011596,43.02522462835822
50,0.2,0,random,pcglasso,I,5.336699231206308e-6,0.050499999999971124,43.02528521684916
50,0.2,0,random,pcglasso,I,1.873817422860384e-5,0.03449999999997999,43.02629527332409
50,0.2,0,random,pcglasso,I,6.579332246575681e-5,0.022999999999996135,43.0484117481069
50,0.2,0,random,pcglasso,I,2.310129700083161e-4,0.013499999999993406,43.32460456866159
50,0.2,0,random,pcglasso,I,8.11130830789687e-4,0.008000000000038199,44.01066460030965
50,0.2,0,random,pcglasso,I,0.002848035868435802,0.006500000000016826,44.237751025422924
50,0.2,0,random,pcglasso,I,0.010000000000000004,0.0069999999999765805,44.237751025422924
50,0.2,0,random,pcglassoFast_Dual,C,9.999999999999982e-9,0.025000000000005684,43.02520623749209
50,0.2,0,random,pcglassoFast_Dual,C,3.5111917342151263e-8,0.02149999999997476,43.02520627020658
50,0.2,0,random,pcglassoFast_Dual,C,1.2328467394420646e-7,0.02199999999999136,43.025206295410435
50,0.2,0,random,pcglassoFast_Dual,C,4.328761281083054e-7,0.14050000000000296,43.025206392463055
50,0.2,0,random,pcglassoFast_Dual,C,1.5199110829529328e-6,0.01799999999997226,43.02520722637576
50,0.2,0,random,pcglassoFast_Dual,C,5.336699231206308e-6,0.017499999999984084,43.02521208436622
50,0.2,0,random,pcglassoFast_Dual,C,1.873817422860384e-5,0.013499999999993406,43.02527303167593
50,0.2,0,random,pcglassoFast_Dual,C,6.579332246575681e-5,0.012000000000000455,43.02532548003796
50,0.2,0,random,pcglassoFast_Dual,C,2.310129700083161e-4,0.012999999999976808,43.025379057776036
50,0.2,0,random,pcglassoFast_Dual,C,8.11130830789687e-4,0.013499999999993406,43.02640738766422
50,0.2,0,random,pcglassoFast_Dual,C,0.002848035868435802,0.01300000000000523,43.027118407896296
50,0.2,0,random,pcglassoFast_Dual,C,0.010000000000000004,0.00899999999998613,43.02901812813987
50,0.2,0,random,pcglassoFast_Dual,I,9.999999999999982e-9,0.020999999999986585,43.02520623979794
50,0.2,0,random,pcglassoFast_Dual,I,3.5111917342151263e-8,0.019000000000005457,43.02520626005674
50,0.2,0,random,pcglassoFast_Dual,I,1.2328467394420646e-7,0.01849999999998886,43.02520626331855
50,0.2,0,random,pcglassoFast_Dual,I,4.328761281083054e-7,0.018499999999960437,43.02520627478764
50,0.2,0,random,pcglassoFast_Dual,I,1.5199110829529328e-6,0.014499999999998181,43.02520872782368
50,0.2,0,random,pcglassoFast_Dual,I,5.336699231206308e-6,0.014000000000010004,43.02520962425723
50,0.2,0,random,pcglassoFast_Dual,I,1.873817422860384e-5,0.013499999999993406,43.025220227462114
50,0.2,0,random,pcglassoFast_Dual,I,6.579332246575681e-5,0.009999999999990905,43.025255486949504
50,0.2,0,random,pcglassoFast_Dual,I,2.310129700083161e-4,0.009000000000014552,43.02538856059035
50,0.2,0,random,pcglassoFast_Dual,I,8.11130830789687e-4,0.008000000000009777,43.02621674419883
50,0.2,0,random,pcglassoFast_Dual,I,0.002848035868435802,0.006000000000000227,43.026986683838835
50,0.2,0,random,pcglassoFast_Dual,I,0.010000000000000004,0.005500000000012051,43.028277874582066
50,0.2,0,random,pcglassoFast_Primal,C,9.999999999999982e-9,0.036000000000001364,43.025206238494704
50,0.2,0,random,pcglassoFast_Primal,C,3.5111917342151263e-8,0.034000000000020236,43.02520625574992
50,0.2,0,random,pcglassoFast_Primal,C,1.2328467394420646e-7,0.030499999999989313,43.025206312375055
50,0.2,0,random,pcglassoFast_Primal,C,4.328761281083054e-7,0.027999999999963165,43.02520651154004
50,0.2,0,random,pcglassoFast_Primal,C,1.5199110829529328e-6,0.026499999999998636,43.02520719469555
50,0.2,0,random,pcglassoFast_Primal,C,5.336699231206308e-6,0.02600000000001046,43.025209706233355
50,0.2,0,random,pcglassoFast_Primal,C,1.873817422860384e-5,0.021000000000015007,43.025219617460685
50,0.2,0,random,pcglassoFast_Primal,C,6.579332246575681e-5,0.019000000000005457,43.02525985806582
50,0.2,0,random,pcglassoFast_Primal,C,2.310129700083161e-4,0.016999999999995907,43.02531492282362
50,0.2,0,random,pcglassoFast_Primal,C,8.11130830789687e-4,0.014000000000010004,43.0256635171005
50,0.2,0,random,pcglassoFast_Primal,C,0.002848035868435802,0.012999999999976808,43.026157623124114
50,0.2,0,random,pcglassoFast_Primal,C,0.010000000000000004,0.011500000000012278,43.02730971592647
50,0.2,0,random,pcglassoFast_Primal,I,9.999999999999982e-9,0.036000000000001364,43.02520624310994
50,0.2,0,random,pcglassoFast_Primal,I,3.5111917342151263e-8,0.03700000000000614,43.025206269960165
50,0.2,0,random,pcglassoFast_Primal,I,1.2328467394420646e-7,0.03249999999999886,43.02520635828355
50,0.2,0,random,pcglassoFast_Primal,I,4.328761281083054e-7,0.02950000000001296,43.02520662707135
50,0.2,0,random,pcglassoFast_Primal,I,1.5199110829529328e-6,0.026499999999998636,43.025207447750475
50,0.2,0,random,pcglassoFast_Primal,I,5.336699231206308e-6,0.03100000000000591,43.0252101541219
50,0.2,0,random,pcglassoFast_Primal,I,1.873817422860384e-5,0.024499999999989086,43.02522908225685
50,0.2,0,random,pcglassoFast_Primal,I,6.579332246575681e-5,0.019000000000005457,43.02524775986249
50,0.2,0,random,pcglassoFast_Primal,I,2.310129700083161e-4,0.01799999999997226,43.02535189209364
50,0.2,0,random,pcglassoFast_Primal,I,8.11130830789687e-4,0.013999999999981583,43.02578995340536
50,0.2,0,random,pcglassoFast_Primal,I,0.002848035868435802,0.012999999999976808,43.0264765075277
50,0.2,0,random,pcglassoFast_Primal,I,0.010000000000000004,0.011499999999983856,43.02827778540179
50,0.2,0,random,pcglassoFast_PrimalDual,C,9.999999999999982e-9,0.052500000000009095,43.02520624322076
50,0.2,0,random,pcglassoFast_PrimalDual,C,3.5111917342151263e-8,0.04200000000000159,43.02520631275523
50,0.2,0,random,pcglassoFast_PrimalDual,C,1.2328467394420646e-7,0.039500000000003865,43.025206347578575
50,0.2,0,random,pcglassoFast_PrimalDual,C,4.328761281083054e-7,0.03849999999999909,43.025206398552804
50,0.2,0,random,pcglassoFast_PrimalDual,C,1.5199110829529328e-6,0.03849999999997067,43.02520669633402
50,0.2,0,random,pcglassoFast_PrimalDual,C,5.336699231206308e-6,0.03350000000000364,43.02520669633402
50,0.2,0,random,pcglassoFast_PrimalDual,C,1.873817422860384e-5,0.03249999999999886,43.025208173306325
50,0.2,0,random,pcglassoFast_PrimalDual,C,6.579332246575681e-5,0.029000000000024784,43.02521535588022
50,0.2,0,random,pcglassoFast_PrimalDual,C,2.310129700083161e-4,0.028999999999996362,43.0252526278105
50,0.2,0,random,pcglassoFast_PrimalDual,C,8.11130830789687e-4,0.02600000000001046,43.0252526278105
50,0.2,0,random,pcglassoFast_PrimalDual,C,0.002848035868435802,0.022500000000007958,43.025449827346115
50,0.2,0,random,pcglassoFast_PrimalDual,C,0.010000000000000004,0.019499999999993634,43.02653006821749
50,0.2,0,random,pcglassoFast_PrimalDual,I,9.999999999999982e-9,0.05350000000001387,43.02520624298431
50,0.2,0,random,pcglassoFast_PrimalDual,I,3.5111917342151263e-8,0.04349999999999454,43.02520630504821
50,0.2,0,random,pcglassoFast_PrimalDual,I,1.2328467394420646e-7,0.039499999999975444,43.025206316889424
50,0.2,0,random,pcglassoFast_PrimalDual,I,4.328761281083054e-7,0.037499999999994316,43.02520636270564
50,0.2,0,random,pcglassoFast_PrimalDual,I,1.5199110829529328e-6,0.03650000000001796,43.02520656903441
50,0.2,0,random,pcglassoFast_PrimalDual,I,5.336699231206308e-6,0.03449999999997999,43.02520656903441
50,0.2,0,random,pcglassoFast_PrimalDual,I,1.873817422860384e-5,0.031999999999982265,43.02520759644494
50,0.2,0,random,pcglassoFast_PrimalDual,I,6.579332246575681e-5,0.030499999999989313,43.02521295891473
50,0.2,0,random,pcglassoFast_PrimalDual,I,2.310129700083161e-4,0.02699999999995839,43.0252421467379
50,0.2,0,random,pcglassoFast_PrimalDual,I,8.11130830789687e-4,0.02549999999999386,43.0252421467379
50,0.2,0,random,pcglassoFast_PrimalDual,I,0.002848035868435802,0.02400000000000091,43.02540314092052
50,0.2,0,random,pcglassoFast_PrimalDual,I,0.010000000000000004,0.025000000000005684,43.02632314591753
50,0.2,0.5,AR2,pcglasso,C,9.999999999999982e-9,0.05000000000001137,42.27867188526343
50,0.2,0.5,AR2,pcglasso,C,3.5111917342151263e-8,0.04750000000001364,42.27867188533247
50,0.2,0.5,AR2,pcglasso,C,1.2328467394420646e-7,0.043000000000006366,42.2786718881185
50,0.2,0.5,AR2,pcglasso,C,4.328761281083054e-7,0.04149999999998499,42.27867190710313
50,0.2,0.5,AR2,pcglasso,C,1.5199110829529328e-6,0.03750000000002274,42.27867190710313
50,0.2,0.5,AR2,pcglasso,C,5.336699231206308e-6,0.038500000000055934,42.27867190710313
50,0.2,0.5,AR2,pcglasso,C,1.873817422860384e-5,0.03200000000003911,42.278672074159786
50,0.2,0.5,AR2,pcglasso,C,6.579332246575681e-5,0.02600000000001046,42.278675149129946
50,0.2,0.5,AR2,pcglasso,C,2.310129700083161e-4,0.022499999999979536,42.27868929107682
50,0.2,0.5,AR2,pcglasso,C,8.11130830789687e-4,0.014499999999998181,42.28136596234463
50,0.2,0.5,AR2,pcglasso,C,0.002848035868435802,0.0060000000000854925,77.66368600124619
50,0.2,0.5,AR2,pcglasso,C,0.010000000000000004,0.006000000000028649,75.79400748836748
50,0.2,0.5,AR2,pcglasso,I,9.999999999999982e-9,0.014000000000010004,42.27867188526301
50,0.2,0.5,AR2,pcglasso,I,3.5111917342151263e-8,0.15699999999998226,42.278671885327206
50,0.2,0.5,AR2,pcglasso,I,1.2328467394420646e-7,0.012000000000000455,42.278671886112654
50,0.2,0.5,AR2,pcglasso,I,4.328761281083054e-7,0.010500000000035925,42.2786719085601
50,0.2,0.5,AR2,pcglasso,I,1.5199110829529328e-6,0.009500000000002728,42.2786719085601
50,0.2,0.5,AR2,pcglasso,I,5.336699231206308e-6,0.008999999999957708,42.2786719085601
50,0.2,0.5,AR2,pcglasso,I,1.873817422860384e-5,0.007999999999924512,42.27867200862276
50,0.2,0.5,AR2,pcglasso,I,6.579332246575681e-5,0.006500000000016826,42.27867323953433
50,0.2,0.5,AR2,pcglasso,I,2.310129700083161e-4,0.0049999999999954525,42.27871242530215
50,0.2,0.5,AR2,pcglasso,I,8.11130830789687e-4,0.005499999999983629,42.27916142488837
50,0.2,0.5,AR2,pcglasso,I,0.002848035868435802,0.002999999999985903,42.28166356774608
50,0.2,0.5,AR2,pcglasso,I,0.010000000000000004,0.004000000000019099,42.27968841574771
50,0.2,0.5,AR2,pcglassoFast_Dual,C,9.999999999999982e-9,0.008000000000038199,42.278671885364126
50,0.2,0.5,AR2,pcglassoFast_Dual,C,3.5111917342151263e-8,0.008000000000038199,42.278671885364126
50,0.2,0.5,AR2,pcglassoFast_Dual,C,1.2328467394420646e-7,0.006999999999948159,42.27867188716368
50,0.2,0.5,AR2,pcglassoFast_Dual,C,4.328761281083054e-7,0.007000000000005002,42.27867188716368
50,0.2,0.5,AR2,pcglassoFast_Dual,C,1.5199110829529328e-6,0.007000000000061846,42.27867192657286
50,0.2,0.5,AR2,pcglassoFast_Dual,C,5.336699231206308e-6,0.006500000000016826,42.27867192657286
50,0.2,0.5,AR2,pcglassoFast_Dual,C,1.873817422860384e-5,0.006999999999948159,42.27867192657286
50,0.2,0.5,AR2,pcglassoFast_Dual,C,6.579332246575681e-5,0.005999999999971806,42.27867280406386
50,0.2,0.5,AR2,pcglassoFast_Dual,C,2.310129700083161e-4,0.006000000000028649,42.27867280406386
50,0.2,0.5,AR2,pcglassoFast_Dual,C,8.11130830789687e-4,0.0055000000000404725,42.27869332863397
50,0.2,0.5,AR2,pcglassoFast_Dual,C,0.002848035868435802,0.0055000000000404725,42.27869332863397
50,0.2,0.5,AR2,pcglassoFast_Dual,C,0.010000000000000004,0.010999999999967258,42.27869332863397
50,0.2,0.5,AR2,pcglassoFast_Dual,I,9.999999999999982e-9,0.0049999999999954525,42.2786718853663
50,0.2,0.5,AR2,pcglassoFast_Dual,I,3.5111917342151263e-8,0.0049999999999954525,42.2786718853663
50,0.2,0.5,AR2,pcglassoFast_Dual,I,1.2328467394420646e-7,0.0044999999999504325,42.2786718872441
50,0.2,0.5,AR2,pcglassoFast_Dual,I,4.328761281083054e-7,0.0044999999999504325,42.2786718872441
50,0.2,0.5,AR2,pcglassoFast_Dual,I,1.5199110829529328e-6,0.0039999999999054126,42.27867192257024
50,0.2,0.5,AR2,pcglassoFast_Dual,I,5.336699231206308e-6,0.004500000000007276,42.27867192257024
50,0.2,0.5,AR2,pcglassoFast_Dual,I,1.873817422860384e-5,0.0030000000000427463,42.27867261005434
50,0.2,0.5,AR2,pcglassoFast_Dual,I,6.579332246575681e-5,0.004000000000019099,42.27867261005434
50,0.2,0.5,AR2,pcglassoFast_Dual,I,2.310129700083161e-4,0.0034999999999740794,42.27867261005434
50,0.2,0.5,AR2,pcglassoFast_Dual,I,8.11130830789687e-4,0.0029999999999290594,42.27868669092913
50,0.2,0.5,AR2,pcglassoFast_Dual,I,0.002848035868435802,0.002999999999985903,42.27868669092913
50,0.2,0.5,AR2,pcglassoFast_Dual,I,0.010000000000000004,0.0025000000000545697,42.27899923316031
50,0.2,0.5,AR2,pcglassoFast_Primal,C,9.999999999999982e-9,0.017499999999984084,42.27867188538834
50,0.2,0.5,AR2,pcglassoFast_Primal,C,3.5111917342151263e-8,0.01650000000000773,42.27867188538834
50,0.2,0.5,AR2,pcglassoFast_Primal,C,1.2328467394420646e-7,0.015499999999974534,42.27867188748311
50,0.2,0.5,AR2,pcglassoFast_Primal,C,4.328761281083054e-7,0.015499999999974534,42.27867188748311
50,0.2,0.5,AR2,pcglassoFast_Primal,C,1.5199110829529328e-6,0.014000000000010004,42.278671930948036
50,0.2,0.5,AR2,pcglassoFast_Primal,C,5.336699231206308e-6,0.014000000000010004,42.278671930948036
50,0.2,0.5,AR2,pcglassoFast_Primal,C,1.873817422860384e-5,0.014999999999986358,42.278671930948036
50,0.2,0.5,AR2,pcglassoFast_Primal,C,6.579332246575681e-5,0.013499999999964984,42.27867284766014
50,0.2,0.5,AR2,pcglassoFast_Primal,C,2.310129700083161e-4,0.012499999999988631,42.27867284766014
50,0.2,0.5,AR2,pcglassoFast_Primal,C,8.11130830789687e-4,0.013000000000033651,42.278693127626276
50,0.2,0.5,AR2,pcglassoFast_Primal,C,0.002848035868435802,0.011499999999955435,42.278693127626276
50,0.2,0.5,AR2,pcglassoFast_Primal,C,0.010000000000000004,0.010999999999967258,42.278693127626276
50,0.2,0.5,AR2,pcglassoFast_Primal,I,9.999999999999982e-9,0.011499999999955435,42.27867188539193
50,0.2,0.5,AR2,pcglassoFast_Primal,I,3.5111917342151263e-8,0.009500000000002728,42.27867188539193
50,0.2,0.5,AR2,pcglassoFast_Primal,I,1.2328467394420646e-7,0.007999999999981355,42.2786718876105
50,0.2,0.5,AR2,pcglassoFast_Primal,I,4.328761281083054e-7,0.007999999999981355,42.2786718876105
50,0.2,0.5,AR2,pcglassoFast_Primal,I,1.5199110829529328e-6,0.010499999999979082,42.278671927608414
50,0.2,0.5,AR2,pcglassoFast_Primal,I,5.336699231206308e-6,0.007000000000061846,42.278671927608414
50,0.2,0.5,AR2,pcglassoFast_Primal,I,1.873817422860384e-5,0.005999999999971806,42.27867267451427
50,0.2,0.5,AR2,pcglassoFast_Primal,I,6.579332246575681e-5,0.006000000000028649,42.27867267451427
50,0.2,0.5,AR2,pcglassoFast_Primal,I,2.310129700083161e-4,0.005999999999971806,42.27867267451427
50,0.2,0.5,AR2,pcglassoFast_Primal,I,8.11130830789687e-4,0.007499999999993179,42.27868741869406
50,0.2,0.5,AR2,pcglassoFast_Primal,I,0.002848035868435802,0.0049999999999954525,42.27868741869406
50,0.2,0.5,AR2,pcglassoFast_Primal,I,0.010000000000000004,0.004000000000019099,42.27900470611209
50,0.2,0.5,AR2,pcglassoFast_PrimalDual,C,9.999999999999982e-9,0.01999999999998181,42.27867188542251
50,0.2,0.5,AR2,pcglassoFast_PrimalDual,C,3.5111917342151263e-8,0.019000000000005457,42.27867188542251
50,0.2,0.5,AR2,pcglassoFast_PrimalDual,C,1.2328467394420646e-7,0.017500000000040927,42.278671887990086
50,0.2,0.5,AR2,pcglassoFast_PrimalDual,C,4.328761281083054e-7,0.018000000000029104,42.278671887990086
50,0.2,0.5,AR2,pcglassoFast_PrimalDual,C,1.5199110829529328e-6,0.01599999999996271,42.27867193967944
50,0.2,0.5,AR2,pcglassoFast_PrimalDual,C,5.336699231206308e-6,0.01650000000000773,42.27867193967944
50,0.2,0.5,AR2,pcglassoFast_PrimalDual,C,1.873817422860384e-5,0.016500000000064574,42.27867193967944
50,0.2,0.5,AR2,pcglassoFast_PrimalDual,C,6.579332246575681e-5,0.015499999999974534,42.27867299475474
50,0.2,0.5,AR2,pcglassoFast_PrimalDual,C,2.310129700083161e-4,0.014999999999986358,42.27867299475474
50,0.2,0.5,AR2,pcglassoFast_PrimalDual,C,8.11130830789687e-4,0.013000000000033651,42.278695498725384
50,0.2,0.5,AR2,pcglassoFast_PrimalDual,C,0.002848035868435802,0.012999999999976808,42.278695498725384
50,0.2,0.5,AR2,pcglassoFast_PrimalDual,C,0.010000000000000004,0.013500000000021828,42.278695498725384
50,0.2,0.5,AR2,pcglassoFast_PrimalDual,I,9.999999999999982e-9,0.011000000000024102,42.27867188540486
50,0.2,0.5,AR2,pcglassoFast_PrimalDual,I,3.5111917342151263e-8,0.010499999999979082,42.27867188540486
50,0.2,0.5,AR2,pcglassoFast_PrimalDual,I,1.2328467394420646e-7,0.009500000000002728,42.27867188778584
50,0.2,0.5,AR2,pcglassoFast_PrimalDual,I,4.328761281083054e-7,0.1710000000000491,42.27867188778584
50,0.2,0.5,AR2,pcglassoFast_PrimalDual,I,1.5199110829529328e-6,0.008499999999912689,42.27867192985511
50,0.2,0.5,AR2,pcglassoFast_PrimalDual,I,5.336699231206308e-6,0.007999999999924512,42.27867192985511
50,0.2,0.5,AR2,pcglassoFast_PrimalDual,I,1.873817422860384e-5,0.007000000000005002,42.27867270045662
50,0.2,0.5,AR2,pcglassoFast_PrimalDual,I,6.579332246575681e-5,0.006500000000016826,42.27867270045662
50,0.2,0.5,AR2,pcglassoFast_PrimalDual,I,2.310129700083161e-4,0.007000000000005002,42.27867270045662
50,0.2,0.5,AR2,pcglassoFast_PrimalDual,I,8.11130830789687e-4,0.005499999999983629,42.27868765662055
50,0.2,0.5,AR2,pcglassoFast_PrimalDual,I,0.002848035868435802,0.0049999999999954525,42.27868765662055
50,0.2,0.5,AR2,pcglassoFast_PrimalDual,I,0.010000000000000004,0.004000000000019099,42.27900581010897
50,0.2,0.5,hub_09,pcglasso,C,9.999999999999982e-9,0.12100000000000932,42.32745338198698
50,0.2,0.5,hub_09,pcglasso,C,3.5111917342151263e-8,0.12049999999999272,42.32745338198698
50,0.2,0.5,hub_09,pcglasso,C,1.2328467394420646e-7,0.12049999999999272,42.32745338201902
50,0.2,0.5,hub_09,pcglasso,C,4.328761281083054e-7,0.11900000000001398,42.32745338242171
50,0.2,0.5,hub_09,pcglasso,C,1.5199110829529328e-6,0.11650000000000205,42.32745338242171
50,0.2,0.5,hub_09,pcglasso,C,5.336699231206308e-6,0.11550000000001148,42.32745338773232
50,0.2,0.5,hub_09,pcglasso,C,1.873817422860384e-5,0.09100000000000819,42.32745394390475
50,0.2,0.5,hub_09,pcglasso,C,6.579332246575681e-5,0.07499999999998863,42.32745471198175
50,0.2,0.5,hub_09,pcglasso,C,2.310129700083161e-4,0.027999999999991587,42.54758996883959
50,0.2,0.5,hub_09,pcglasso,C,8.11130830789687e-4,0.022499999999993747,42.53514521361568
50,0.2,0.5,hub_09,pcglasso,C,0.002848035868435802,0.006500000000002615,64.28757900044839
50,0.2,0.5,hub_09,pcglasso,C,0.010000000000000004,0.006000000000000227,65.36243489146939
50,0.2,0.5,hub_09,pcglasso,I,9.999999999999982e-9,0.020000000000010232,42.32745338198407
50,0.2,0.5,hub_09,pcglasso,I,3.5111917342151263e-8,0.022499999999993747,42.32745338198407
50,0.2,0.5,hub_09,pcglasso,I,1.2328467394420646e-7,0.018000000000000682,42.32745338198517
50,0.2,0.5,hub_09,pcglasso,I,4.328761281083054e-7,0.016999999999995907,42.3274533820175
50,0.2,0.5,hub_09,pcglasso,I,1.5199110829529328e-6,0.016999999999995907,42.3274533820175
50,0.2,0.5,hub_09,pcglasso,I,5.336699231206308e-6,0.015500000000002956,42.32745338305124
50,0.2,0.5,hub_09,pcglasso,I,1.873817422860384e-5,0.012999999999991019,42.327453429904146
50,0.2,0.5,hub_09,pcglasso,I,6.579332246575681e-5,0.011499999999998067,42.327453580961965
50,0.2,0.5,hub_09,pcglasso,I,2.310129700083161e-4,0.007499999999993179,42.32747741652187
50,0.2,0.5,hub_09,pcglasso,I,8.11130830789687e-4,0.00549999999999784,42.327772958102656
50,0.2,0.5,hub_09,pcglasso,I,0.002848035868435802,0.005000000000009663,42.33072731554741
50,0.2,0.5,hub_09,pcglasso,I,0.010000000000000004,0.0020000000000095497,42.95394587019234
50,0.2,0.5,hub_09,pcglassoFast_Dual,C,9.999999999999982e-9,0.012000000000014666,42.32745338202823
50,0.2,0.5,hub_09,pcglassoFast_Dual,C,3.5111917342151263e-8,0.010499999999993292,42.32745338202823
50,0.2,0.5,hub_09,pcglassoFast_Dual,C,1.2328467394420646e-7,0.01099999999999568,42.327453384021936
50,0.2,0.5,hub_09,pcglassoFast_Dual,C,4.328761281083054e-7,0.01099999999999568,42.327453384021936
50,0.2,0.5,hub_09,pcglassoFast_Dual,C,1.5199110829529328e-6,0.010000000000005116,42.327453384021936
50,0.2,0.5,hub_09,pcglassoFast_Dual,C,5.336699231206308e-6,0.010000000000005116,42.32745348191887
50,0.2,0.5,hub_09,pcglassoFast_Dual,C,1.873817422860384e-5,0.013500000000007617,42.32745348191887
50,0.2,0.5,hub_09,pcglassoFast_Dual,C,6.579332246575681e-5,0.009999999999990905,42.32745348191887
50,0.2,0.5,hub_09,pcglassoFast_Dual,C,2.310129700083161e-4,0.009500000000002728,42.32745861094307
50,0.2,0.5,hub_09,pcglassoFast_Dual,C,8.11130830789687e-4,0.010500000000007503,42.32745861094307
50,0.2,0.5,hub_09,pcglassoFast_Dual,C,0.002848035868435802,0.00950000000001694,42.32745861094307
50,0.2,0.5,hub_09,pcglassoFast_Dual,C,0.010000000000000004,0.12699999999999534,42.32763455657376
50,0.2,0.5,hub_09,pcglassoFast_Dual,I,9.999999999999982e-9,0.0049999999999954525,42.32745338200484
50,0.2,0.5,hub_09,pcglassoFast_Dual,I,3.5111917342151263e-8,0.004500000000007276,42.32745338200484
50,0.2,0.5,hub_09,pcglassoFast_Dual,I,1.2328467394420646e-7,0.0040000000000048885,42.32745338297546
50,0.2,0.5,hub_09,pcglassoFast_Dual,I,4.328761281083054e-7,0.003999999999990678,42.32745338297546
50,0.2,0.5,hub_09,pcglassoFast_Dual,I,1.5199110829529328e-6,0.003999999999990678,42.32745338297546
50,0.2,0.5,hub_09,pcglassoFast_Dual,I,5.336699231206308e-6,0.003999999999990678,42.327453430390655
50,0.2,0.5,hub_09,pcglassoFast_Dual,I,1.873817422860384e-5,0.0030000000000001137,42.327453430390655
50,0.2,0.5,hub_09,pcglassoFast_Dual,I,6.579332246575681e-5,0.0030000000000143245,42.327453430390655
50,0.2,0.5,hub_09,pcglassoFast_Dual,I,2.310129700083161e-4,0.0030000000000001137,42.32745589876021
50,0.2,0.5,hub_09,pcglassoFast_Dual,I,8.11130830789687e-4,0.0030000000000143245,42.32745589876021
50,0.2,0.5,hub_09,pcglassoFast_Dual,I,0.002848035868435802,0.002500000000011937,42.32745589876021
50,0.2,0.5,hub_09,pcglassoFast_Dual,I,0.010000000000000004,0.0024999999999977263,42.32745589876021
50,0.2,0.5,hub_09,pcglassoFast_Primal,C,9.999999999999982e-9,0.022999999999996135,42.32745338205282
50,0.2,0.5,hub_09,pcglassoFast_Primal,C,3.5111917342151263e-8,0.02200000000000557,42.32745338205282
50,0.2,0.5,hub_09,pcglassoFast_Primal,C,1.2328467394420646e-7,0.038000000000010914,42.32745338205282
50,0.2,0.5,hub_09,pcglassoFast_Primal,C,4.328761281083054e-7,0.021000000000015007,42.32745338512118
50,0.2,0.5,hub_09,pcglassoFast_Primal,C,1.5199110829529328e-6,0.02400000000000091,42.32745338512118
50,0.2,0.5,hub_09,pcglassoFast_Primal,C,5.336699231206308e-6,0.021000000000000796,42.32745338512118
50,0.2,0.5,hub_09,pcglassoFast_Primal,C,1.873817422860384e-5,0.019000000000005457,42.327453534249514
50,0.2,0.5,hub_09,pcglassoFast_Primal,C,6.579332246575681e-5,0.019000000000005457,42.327453534249514
50,0.2,0.5,hub_09,pcglassoFast_Primal,C,2.310129700083161e-4,0.019000000000005457,42.327453534249514
50,0.2,0.5,hub_09,pcglassoFast_Primal,C,8.11130830789687e-4,0.017499999999998295,42.327461314352526
50,0.2,0.5,hub_09,pcglassoFast_Primal,C,0.002848035868435802,0.018000000000000682,42.327461314352526
50,0.2,0.5,hub_09,pcglassoFast_Primal,C,0.010000000000000004,0.01650000000000773,42.32772124242293
50,0.2,0.5,hub_09,pcglassoFast_Primal,I,9.999999999999982e-9,0.007499999999993179,42.327453382005466
50,0.2,0.5,hub_09,pcglassoFast_Primal,I,3.5111917342151263e-8,0.008000000000009777,42.327453382005466
50,0.2,0.5,hub_09,pcglassoFast_Primal,I,1.2328467394420646e-7,0.006500000000002615,42.327453382995266
50,0.2,0.5,hub_09,pcglassoFast_Primal,I,4.328761281083054e-7,0.007000000000005002,42.327453382995266
50,0.2,0.5,hub_09,pcglassoFast_Primal,I,1.5199110829529328e-6,0.006500000000002615,42.327453382995266
50,0.2,0.5,hub_09,pcglassoFast_Primal,I,5.336699231206308e-6,0.0049999999999954525,42.327453430914545
50,0.2,0.5,hub_09,pcglassoFast_Primal,I,1.873817422860384e-5,0.006000000000000227,42.327453430914545
50,0.2,0.5,hub_09,pcglassoFast_Primal,I,6.579332246575681e-5,0.005000000000009663,42.327453430914545
50,0.2,0.5,hub_09,pcglassoFast_Primal,I,2.310129700083161e-4,0.003999999999990678,42.327455906363696
50,0.2,0.5,hub_09,pcglassoFast_Primal,I,8.11130830789687e-4,0.004000000000019099,42.327455906363696
50,0.2,0.5,hub_09,pcglassoFast_Primal,I,0.002848035868435802,0.0040000000000048885,42.327455906363696
50,0.2,0.5,hub_09,pcglassoFast_Primal,I,0.010000000000000004,0.0040000000000048885,42.327455906363696
50,0.2,0.5,hub_09,pcglassoFast_PrimalDual,C,9.999999999999982e-9,0.025500000000008072,42.32745338205161
50,0.2,0.5,hub_09,pcglassoFast_PrimalDual,C,3.5111917342151263e-8,0.19999999999998863,42.32745338205161
50,0.2,0.5,hub_09,pcglassoFast_PrimalDual,C,1.2328467394420646e-7,0.02400000000000091,42.32745338205161
50,0.2,0.5,hub_09,pcglassoFast_PrimalDual,C,4.328761281083054e-7,0.14500000000001023,42.32745338506582
50,0.2,0.5,hub_09,pcglassoFast_PrimalDual,C,1.5199110829529328e-6,0.022999999999996135,42.32745338506582
50,0.2,0.5,hub_09,pcglassoFast_PrimalDual,C,5.336699231206308e-6,0.022999999999996135,42.32745338506582
50,0.2,0.5,hub_09,pcglassoFast_PrimalDual,C,1.873817422860384e-5,0.021000000000015007,42.32745353156323
50,0.2,0.5,hub_09,pcglassoFast_PrimalDual,C,6.579332246575681e-5,0.021500000000003183,42.32745353156323
50,0.2,0.5,hub_09,pcglassoFast_PrimalDual,C,2.310129700083161e-4,0.021500000000003183,42.32745353156323
50,0.2,0.5,hub_09,pcglassoFast_PrimalDual,C,8.11130830789687e-4,0.14049999999998875,42.327461172734004
50,0.2,0.5,hub_09,pcglassoFast_PrimalDual,C,0.002848035868435802,0.021000000000000796,42.327461172734004
50,0.2,0.5,hub_09,pcglassoFast_PrimalDual,C,0.010000000000000004,0.018999999999991246,42.32771662638967
50,0.2,0.5,hub_09,pcglassoFast_PrimalDual,I,9.999999999999982e-9,0.008499999999997954,42.32745338200546
50,0.2,0.5,hub_09,pcglassoFast_PrimalDual,I,3.5111917342151263e-8,0.008499999999997954,42.32745338200546
50,0.2,0.5,hub_09,pcglassoFast_PrimalDual,I,1.2328467394420646e-7,0.006999999999990791,42.327453382995266
50,0.2,0.5,hub_09,pcglassoFast_PrimalDual,I,4.328761281083054e-7,0.007499999999993179,42.327453382995266
50,0.2,0.5,hub_09,pcglassoFast_PrimalDual,I,1.5199110829529328e-6,0.007000000000005002,42.327453382995266
50,0.2,0.5,hub_09,pcglassoFast_PrimalDual,I,5.336699231206308e-6,0.006000000000000227,42.32745343091455
50,0.2,0.5,hub_09,pcglassoFast_PrimalDual,I,1.873817422860384e-5,0.006000000000000227,42.32745343091455
50,0.2,0.5,hub_09,pcglassoFast_PrimalDual,I,6.579332246575681e-5,0.006000000000000227,42.32745343091455
50,0.2,0.5,hub_09,pcglassoFast_PrimalDual,I,2.310129700083161e-4,0.004500000000007276,42.3274559063637
50,0.2,0.5,hub_09,pcglassoFast_PrimalDual,I,8.11130830789687e-4,0.004500000000007276,42.3274559063637
50,0.2,0.5,hub_09,pcglassoFast_PrimalDual,I,0.002848035868435802,0.004500000000007276,42.3274559063637
50,0.2,0.5,hub_09,pcglassoFast_PrimalDual,I,0.010000000000000004,0.004499999999993065,42.3274559063637
50,0.2,0.5,hub_1,pcglasso,C,9.999999999999982e-9,0.15350000000000819,28.913686824952663
50,0.2,0.5,hub_1,pcglasso,C,3.5111917342151263e-8,0.1419999999999959,28.913686899264405
50,0.2,0.5,hub_1,pcglasso,C,1.2328467394420646e-7,0.12150000000002592,28.913687655875297
50,0.2,0.5,hub_1,pcglasso,C,4.328761281083054e-7,0.10800000000000409,28.913698147987127
50,0.2,0.5,hub_1,pcglasso,C,1.5199110829529328e-6,0.10099999999994225,28.913977915653454
50,0.2,0.5,hub_1,pcglasso,C,5.336699231206308e-6,0.1029999999999518,28.914285163844845
50,0.2,0.5,hub_1,pcglasso,C,1.873817422860384e-5,0.083500000000015,28.915772261306557
50,0.2,0.5,hub_1,pcglasso,C,6.579332246575681e-5,0.07200000000000273,28.920721660520243
50,0.2,0.5,hub_1,pcglasso,C,2.310129700083161e-4,0.06499999999999773,29.008091136504227
50,0.2,0.5,hub_1,pcglasso,C,8.11130830789687e-4,0.08899999999999864,34.175877438274924
50,0.2,0.5,hub_1,pcglasso,C,0.002848035868435802,0.019000000000005457,87.73879836608278
50,0.2,0.5,hub_1,pcglasso,C,0.010000000000000004,0.019499999999993634,87.73879836608278
50,0.2,0.5,hub_1,pcglasso,I,9.999999999999982e-9,0.15749999999997044,28.913686822490035
50,0.2,0.5,hub_1,pcglasso,I,3.5111917342151263e-8,0.146000000000015,28.9136868416671
50,0.2,0.5,hub_1,pcglasso,I,1.2328467394420646e-7,0.13999999999998636,28.913687090665594
50,0.2,0.5,hub_1,pcglasso,I,4.328761281083054e-7,0.13200000000006185,28.913689161241926
50,0.2,0.5,hub_1,pcglasso,I,1.5199110829529328e-6,0.12000000000000455,28.913718751702827
50,0.2,0.5,hub_1,pcglasso,I,5.336699231206308e-6,0.12150000000002592,28.91393378926618
50,0.2,0.5,hub_1,pcglasso,I,1.873817422860384e-5,0.08449999999999136,28.915281054958392
50,0.2,0.5,hub_1,pcglasso,I,6.579332246575681e-5,0.0584999999999809,28.987601085838158
50,0.2,0.5,hub_1,pcglasso,I,2.310129700083161e-4,0.05200000000002092,28.934405853554868
50,0.2,0.5,hub_1,pcglasso,I,8.11130830789687e-4,0.006500000000073669,34.36615225380416
50,0.2,0.5,hub_1,pcglasso,I,0.002848035868435802,0.006000000000028649,34.22247370368064
50,0.2,0.5,hub_1,pcglasso,I,0.010000000000000004,0.011999999999943611,34.690178308580315
50,0.2,0.5,hub_1,pcglassoFast_Dual,C,9.999999999999982e-9,0.08300000000002683,28.913686820246053
50,0.2,0.5,hub_1,pcglassoFast_Dual,C,3.5111917342151263e-8,0.14400000000000546,28.913686826514404
50,0.2,0.5,hub_1,pcglassoFast_Dual,C,1.2328467394420646e-7,0.07450000000000045,28.913686849322133
50,0.2,0.5,hub_1,pcglassoFast_Dual,C,4.328761281083054e-7,0.07400000000001228,28.913686887122893
50,0.2,0.5,hub_1,pcglassoFast_Dual,C,1.5199110829529328e-6,0.0625,28.91368708176598
50,0.2,0.5,hub_1,pcglassoFast_Dual,C,5.336699231206308e-6,0.057999999999992724,28.913687752823616
50,0.2,0.5,hub_1,pcglassoFast_Dual,C,1.873817422860384e-5,0.05099999999998772,28.913701665402034
50,0.2,0.5,hub_1,pcglassoFast_Dual,C,6.579332246575681e-5,0.12250000000005912,28.913704122958926
50,0.2,0.5,hub_1,pcglassoFast_Dual,C,2.310129700083161e-4,0.054500000000018645,28.91371074242084
50,0.2,0.5,hub_1,pcglassoFast_Dual,C,8.11130830789687e-4,0.04099999999999682,28.915090997789935
50,0.2,0.5,hub_1,pcglassoFast_Dual,C,0.002848035868435802,0.038000000000010914,28.916856459987713
50,0.2,0.5,hub_1,pcglassoFast_Dual,C,0.010000000000000004,0.03699999999997772,28.917720224928544
50,0.2,0.5,hub_1,pcglassoFast_Dual,I,9.999999999999982e-9,0.07699999999999818,28.913686819746253
50,0.2,0.5,hub_1,pcglassoFast_Dual,I,3.5111917342151263e-8,0.07100000000008322,28.913686821247143
50,0.2,0.5,hub_1,pcglassoFast_Dual,I,1.2328467394420646e-7,0.06550000000004275,28.913686837000046
50,0.2,0.5,hub_1,pcglassoFast_Dual,I,4.328761281083054e-7,0.05750000000000455,28.913686955079427
50,0.2,0.5,hub_1,pcglassoFast_Dual,I,1.5199110829529328e-6,0.05699999999995953,28.91368736712156
50,0.2,0.5,hub_1,pcglassoFast_Dual,I,5.336699231206308e-6,0.045000000000015916,28.91369290324474
50,0.2,0.5,hub_1,pcglassoFast_Dual,I,1.873817422860384e-5,0.04699999999996862,28.91369290324474
50,0.2,0.5,hub_1,pcglassoFast_Dual,I,6.579332246575681e-5,0.046499999999980446,28.91369530474431
50,0.2,0.5,hub_1,pcglassoFast_Dual,I,2.310129700083161e-4,0.04050000000000864,28.91380998986156
50,0.2,0.5,hub_1,pcglassoFast_Dual,I,8.11130830789687e-4,0.033999999999991815,28.91414359001136
50,0.2,0.5,hub_1,pcglassoFast_Dual,I,0.002848035868435802,0.03099999999994907,28.91440801668227
50,0.2,0.5,hub_1,pcglassoFast_Dual,I,0.010000000000000004,0.03149999999999409,28.921215280931737
50,0.2,0.5,hub_1,pcglassoFast_Primal,C,9.999999999999982e-9,0.34499999999997044,28.913686939237266
50,0.2,0.5,hub_1,pcglassoFast_Primal,C,3.5111917342151263e-8,0.2330000000000041,28.913687316034565
50,0.2,0.5,hub_1,pcglassoFast_Primal,C,1.2328467394420646e-7,0.21299999999996544,28.913688742205636
50,0.2,0.5,hub_1,pcglassoFast_Primal,C,4.328761281083054e-7,0.18500000000000227,28.913694315669087
50,0.2,0.5,hub_1,pcglassoFast_Primal,C,1.5199110829529328e-6,0.1654999999999518,28.91368971813151
50,0.2,0.5,hub_1,pcglassoFast_Primal,C,5.336699231206308e-6,0.14200000000005275,28.91370428562239
50,0.2,0.5,hub_1,pcglassoFast_Primal,C,1.873817422860384e-5,0.12200000000007094,28.913736615510928
50,0.2,0.5,hub_1,pcglassoFast_Primal,C,6.579332246575681e-5,0.09600000000000364,28.91396481197059
50,0.2,0.5,hub_1,pcglassoFast_Primal,C,2.310129700083161e-4,0.07049999999992451,28.914183579461444
50,0.2,0.5,hub_1,pcglassoFast_Primal,C,8.11130830789687e-4,0.05099999999993088,28.916732685158998
50,0.2,0.5,hub_1,pcglassoFast_Primal,C,0.002848035868435802,0.04050000000000864,28.91804570933843
50,0.2,0.5,hub_1,pcglassoFast_Primal,C,0.010000000000000004,0.027000000000043656,28.93759410115058
50,0.2,0.5,hub_1,pcglassoFast_Primal,I,9.999999999999982e-9,0.4329999999999927,28.913686935236054
50,0.2,0.5,hub_1,pcglassoFast_Primal,I,3.5111917342151263e-8,0.2419999999999618,28.9136872994658
50,0.2,0.5,hub_1,pcglassoFast_Primal,I,1.2328467394420646e-7,0.3924999999999841,28.91368867675093
50,0.2,0.5,hub_1,pcglassoFast_Primal,I,4.328761281083054e-7,0.1959999999999127,28.913694057614645
50,0.2,0.5,hub_1,pcglassoFast_Primal,I,1.5199110829529328e-6,0.1775000000000091,28.913689147694235
50,0.2,0.5,hub_1,pcglassoFast_Primal,I,5.336699231206308e-6,0.15999999999996817,28.913701335162344
50,0.2,0.5,hub_1,pcglassoFast_Primal,I,1.873817422860384e-5,0.13449999999994589,28.91372593781204
50,0.2,0.5,hub_1,pcglassoFast_Primal,I,6.579332246575681e-5,0.10550000000000637,28.913933860220652
50,0.2,0.5,hub_1,pcglassoFast_Primal,I,2.310129700083161e-4,0.08449999999999136,28.914488487916092
50,0.2,0.5,hub_1,pcglassoFast_Primal,I,8.11130830789687e-4,0.06700000000000728,28.91633429571309
50,0.2,0.5,hub_1,pcglassoFast_Primal,I,0.002848035868435802,0.043000000000006366,28.932314519243537
50,0.2,0.5,hub_1,pcglassoFast_Primal,I,0.010000000000000004,0.028500000000008185,28.97104683938674
50,0.2,0.5,hub_1,pcglassoFast_PrimalDual,C,9.999999999999982e-9,0.021000000000015007,28.9136868183127
50,0.2,0.5,hub_1,pcglassoFast_PrimalDual,C,3.5111917342151263e-8,0.019499999999993634,28.913686820648582
50,0.2,0.5,hub_1,pcglassoFast_PrimalDual,C,1.2328467394420646e-7,0.01799999999997226,28.913686831077857
50,0.2,0.5,hub_1,pcglassoFast_PrimalDual,C,4.328761281083054e-7,0.01700000000005275,28.91368687781143
50,0.2,0.5,hub_1,pcglassoFast_PrimalDual,C,1.5199110829529328e-6,0.016000000000019554,28.913687091730537
50,0.2,0.5,hub_1,pcglassoFast_PrimalDual,C,5.336699231206308e-6,0.014499999999998181,28.913688103347877
50,0.2,0.5,hub_1,pcglassoFast_PrimalDual,C,1.873817422860384e-5,0.014999999999986358,28.913688103347877
50,0.2,0.5,hub_1,pcglassoFast_PrimalDual,C,6.579332246575681e-5,0.013000000000033651,28.913693392038596
50,0.2,0.5,hub_1,pcglassoFast_PrimalDual,C,2.310129700083161e-4,0.012500000000045475,28.913720461546998
50,0.2,0.5,hub_1,pcglassoFast_PrimalDual,C,8.11130830789687e-4,0.012000000000000455,28.913720461546998
50,0.2,0.5,hub_1,pcglassoFast_PrimalDual,C,0.002848035868435802,0.010999999999967258,28.913905878486315
50,0.2,0.5,hub_1,pcglassoFast_PrimalDual,C,0.010000000000000004,0.008999999999957708,28.915002637250662
50,0.2,0.5,hub_1,pcglassoFast_PrimalDual,I,9.999999999999982e-9,0.027500000000031832,28.913686818135172
50,0.2,0.5,hub_1,pcglassoFast_PrimalDual,I,3.5111917342151263e-8,0.026999999999986812,28.91368682050375
50,0.2,0.5,hub_1,pcglassoFast_PrimalDual,I,1.2328467394420646e-7,0.024999999999977263,28.913686832078657
50,0.2,0.5,hub_1,pcglassoFast_PrimalDual,I,4.328761281083054e-7,0.025500000000022283,28.91368689291071
50,0.2,0.5,hub_1,pcglassoFast_PrimalDual,I,1.5199110829529328e-6,0.024499999999989086,28.91368689291071
50,0.2,0.5,hub_1,pcglassoFast_PrimalDual,I,5.336699231206308e-6,0.022999999999967713,28.913687232962946
50,0.2,0.5,hub_1,pcglassoFast_PrimalDual,I,1.873817422860384e-5,0.021500000000060027,28.913689284891735
50,0.2,0.5,hub_1,pcglassoFast_PrimalDual,I,6.579332246575681e-5,0.02199999999999136,28.913689284891735
50,0.2,0.5,hub_1,pcglassoFast_PrimalDual,I,2.310129700083161e-4,0.020000000000038654,28.91370275105107
50,0.2,0.5,hub_1,pcglassoFast_PrimalDual,I,8.11130830789687e-4,0.019000000000005457,28.91379925363812
50,0.2,0.5,hub_1,pcglassoFast_PrimalDual,I,0.002848035868435802,0.019499999999993634,28.91379925363812
50,0.2,0.5,hub_1,pcglassoFast_PrimalDual,I,0.010000000000000004,0.01850000000001728,28.91379925363812
50,0.2,0.5,random,pcglasso,C,9.999999999999982e-9,0.2594999999999885,41.925714662933785
50,0.2,0.5,random,pcglasso,C,3.5111917342151263e-8,0.25950000000000273,41.92571465705347
50,0.2,0.5,random,pcglasso,C,1.2328467394420646e-7,0.11400000000000432,41.92571465765682
50,0.2,0.5,random,pcglasso,C,4.328761281083054e-7,0.10899999999999466,41.925714954085336
50,0.2,0.5,random,pcglasso,C,1.5199110829529328e-6,0.1075000000000017,41.925716901969366
50,0.2,0.5,random,pcglasso,C,5.336699231206308e-6,0.0905000000000058,41.92575277220972
50,0.2,0.5,random,pcglasso,C,1.873817422860384e-5,0.18899999999999295,41.92636995983719
50,0.2,0.5,random,pcglasso,C,6.579332246575681e-5,0.04749999999998522,41.93104116093111
50,0.2,0.5,random,pcglasso,C,2.310129700083161e-4,0.02549999999999386,41.978977181710455
50,0.2,0.5,random,pcglasso,C,8.11130830789687e-4,0.01649999999999352,41.996531958043406
50,0.2,0.5,random,pcglasso,C,0.002848035868435802,0.006999999999990791,72.40712336563533
50,0.2,0.5,random,pcglasso,C,0.010000000000000004,0.00549999999999784,66.5517088483189
50,0.2,0.5,random,pcglasso,I,9.999999999999982e-9,0.10000000000000853,41.92571466296741
50,0.2,0.5,random,pcglasso,I,3.5111917342151263e-8,0.08100000000000307,41.92571466120523
50,0.2,0.5,random,pcglasso,I,1.2328467394420646e-7,0.07750000000000057,41.92571467587105
50,0.2,0.5,random,pcglasso,I,4.328761281083054e-7,0.07150000000001455,41.925714854653904
50,0.2,0.5,random,pcglasso,I,1.5199110829529328e-6,0.06449999999999534,41.92571965859746
50,0.2,0.5,random,pcglasso,I,5.336699231206308e-6,0.054500000000004434,41.92574409286445
50,0.2,0.5,random,pcglasso,I,1.873817422860384e-5,0.039500000000003865,41.92612060261112
50,0.2,0.5,random,pcglasso,I,6.579332246575681e-5,0.14350000000000307,41.93107591385979
50,0.2,0.5,random,pcglasso,I,2.310129700083161e-4,0.012999999999991019,41.9516567477565
50,0.2,0.5,random,pcglasso,I,8.11130830789687e-4,0.005500000000012051,42.00124415779245
50,0.2,0.5,random,pcglasso,I,0.002848035868435802,0.00549999999999784,41.972558687829654
50,0.2,0.5,random,pcglasso,I,0.010000000000000004,0.009000000000000341,42.05472532219994
50,0.2,0.5,random,pcglassoFast_Dual,C,9.999999999999982e-9,0.01300000000000523,41.92571465571623
50,0.2,0.5,random,pcglassoFast_Dual,C,3.5111917342151263e-8,0.017000000000010118,41.92571465571623
50,0.2,0.5,random,pcglassoFast_Dual,C,1.2328467394420646e-7,0.012000000000000455,41.92571466352612
50,0.2,0.5,random,pcglassoFast_Dual,C,4.328761281083054e-7,0.01099999999999568,41.92571469973025
50,0.2,0.5,random,pcglassoFast_Dual,C,1.5199110829529328e-6,0.01100000000000989,41.925714865257405
50,0.2,0.5,random,pcglassoFast_Dual,C,5.336699231206308e-6,0.010499999999993292,41.92571558749407
50,0.2,0.5,random,pcglassoFast_Dual,C,1.873817422860384e-5,0.01449999999998397,41.925717906004486
50,0.2,0.5,random,pcglassoFast_Dual,C,6.579332246575681e-5,0.007999999999995566,41.925724487911395
50,0.2,0.5,random,pcglassoFast_Dual,C,2.310129700083161e-4,0.008499999999997954,41.925743247206505
50,0.2,0.5,random,pcglassoFast_Dual,C,8.11130830789687e-4,0.007999999999981355,41.92583575383506
50,0.2,0.5,random,pcglassoFast_Dual,C,0.002848035868435802,0.007499999999978968,41.92583575383506
50,0.2,0.5,random,pcglassoFast_Dual,C,0.010000000000000004,0.006500000000002615,41.92637832268976
50,0.2,0.5,random,pcglassoFast_Dual,I,9.999999999999982e-9,0.012500000000002842,41.925714655459366
50,0.2,0.5,random,pcglassoFast_Dual,I,3.5111917342151263e-8,0.011499999999998067,41.92571466003641
50,0.2,0.5,random,pcglassoFast_Dual,I,1.2328467394420646e-7,0.009500000000002728,41.92571471663439
50,0.2,0.5,random,pcglassoFast_Dual,I,4.328761281083054e-7,0.010000000000005116,41.92571483912386
50,0.2,0.5,random,pcglassoFast_Dual,I,1.5199110829529328e-6,0.00899999999998613,41.92571517199182
50,0.2,0.5,random,pcglassoFast_Dual,I,5.336699231206308e-6,0.012000000000000455,41.925716025341316
50,0.2,0.5,random,pcglassoFast_Dual,I,1.873817422860384e-5,0.008000000000009777,41.9257184037808
50,0.2,0.5,random,pcglassoFast_Dual,I,6.579332246575681e-5,0.006999999999990791,41.92572776825074
50,0.2,0.5,random,pcglassoFast_Dual,I,2.310129700083161e-4,0.00750000000000739,41.92572776825074
50,0.2,0.5,random,pcglassoFast_Dual,I,8.11130830789687e-4,0.15049999999997965,41.92578305586038
50,0.2,0.5,random,pcglassoFast_Dual,I,0.002848035868435802,0.006499999999988404,41.926066401857334
50,0.2,0.5,random,pcglassoFast_Dual,I,0.010000000000000004,0.005000000000009663,41.927290028591095
50,0.2,0.5,random,pcglassoFast_Primal,C,9.999999999999982e-9,0.036000000000001364,41.92571466081589
50,0.2,0.5,random,pcglassoFast_Primal,C,3.5111917342151263e-8,0.030000000000001137,41.9257146694291
50,0.2,0.5,random,pcglassoFast_Primal,C,1.2328467394420646e-7,0.028999999999996362,41.925714691427174
50,0.2,0.5,random,pcglassoFast_Primal,C,4.328761281083054e-7,0.02600000000001046,41.92571486814217
50,0.2,0.5,random,pcglassoFast_Primal,C,1.5199110829529328e-6,0.024500000000003297,41.92571516741529
50,0.2,0.5,random,pcglassoFast_Primal,C,5.336699231206308e-6,0.022500000000007958,41.92571797583136
50,0.2,0.5,random,pcglassoFast_Primal,C,1.873817422860384e-5,0.02049999999999841,41.92572319721078
50,0.2,0.5,random,pcglassoFast_Primal,C,6.579332246575681e-5,0.018999999999991246,41.92573699213772
50,0.2,0.5,random,pcglassoFast_Primal,C,2.310129700083161e-4,0.022500000000007958,41.92577421437528
50,0.2,0.5,random,pcglassoFast_Primal,C,8.11130830789687e-4,0.015500000000017167,41.92587902511301
50,0.2,0.5,random,pcglassoFast_Primal,C,0.002848035868435802,0.013500000000007617,41.9270928690725
50,0.2,0.5,random,pcglassoFast_Primal,C,0.010000000000000004,0.012000000000000455,41.929875193800854
50,0.2,0.5,random,pcglassoFast_Primal,I,9.999999999999982e-9,0.028499999999993975,41.925714658436185
50,0.2,0.5,random,pcglassoFast_Primal,I,3.5111917342151263e-8,0.027000000000001023,41.92571467569605
50,0.2,0.5,random,pcglassoFast_Primal,I,1.2328467394420646e-7,0.02600000000001046,41.925714705759376
50,0.2,0.5,random,pcglassoFast_Primal,I,4.328761281083054e-7,0.022500000000007958,41.925714941397224
50,0.2,0.5,random,pcglassoFast_Primal,I,1.5199110829529328e-6,0.022499999999993747,41.92571536718564
50,0.2,0.5,random,pcglassoFast_Primal,I,5.336699231206308e-6,0.024999999999991473,41.92571642398242
50,0.2,0.5,random,pcglassoFast_Primal,I,1.873817422860384e-5,0.01649999999999352,41.92572562908258
50,0.2,0.5,random,pcglassoFast_Primal,I,6.579332246575681e-5,0.015999999999991132,41.92574200656794
50,0.2,0.5,random,pcglassoFast_Primal,I,2.310129700083161e-4,0.015999999999991132,41.925783151702916
50,0.2,0.5,random,pcglassoFast_Primal,I,8.11130830789687e-4,0.012000000000000455,41.926155126710015
50,0.2,0.5,random,pcglassoFast_Primal,I,0.002848035868435802,0.009999999999990905,41.9268218478307
50,0.2,0.5,random,pcglassoFast_Primal,I,0.010000000000000004,0.007999999999995566,41.93231720727892
50,0.2,0.5,random,pcglassoFast_PrimalDual,C,9.999999999999982e-9,0.05200000000000671,41.92571466278531
50,0.2,0.5,random,pcglassoFast_PrimalDual,C,3.5111917342151263e-8,0.04449999999998511,41.92571466867369
50,0.2,0.5,random,pcglassoFast_PrimalDual,C,1.2328467394420646e-7,0.04449999999999932,41.925714722147724
50,0.2,0.5,random,pcglassoFast_PrimalDual,C,4.328761281083054e-7,0.04449999999999932,41.92571481043116
50,0.2,0.5,random,pcglassoFast_PrimalDual,C,1.5199110829529328e-6,0.16849999999999454,41.925715571335
50,0.2,0.5,random,pcglassoFast_PrimalDual,C,5.336699231206308e-6,0.033999999999991815,41.92571694310647
50,0.2,0.5,random,pcglassoFast_PrimalDual,C,1.873817422860384e-5,0.03249999999998465,41.925720380640506
50,0.2,0.5,random,pcglassoFast_PrimalDual,C,6.579332246575681e-5,0.028500000000008185,41.92575162016332
50,0.2,0.5,random,pcglassoFast_PrimalDual,C,2.310129700083161e-4,0.026499999999998636,41.92580951802878
50,0.2,0.5,random,pcglassoFast_PrimalDual,C,8.11130830789687e-4,0.0239999999999867,41.9259619257536
50,0.2,0.5,random,pcglassoFast_PrimalDual,C,0.002848035868435802,0.022499999999993747,41.92637463641654
50,0.2,0.5,random,pcglassoFast_PrimalDual,C,0.010000000000000004,0.019000000000005457,41.930838312072446
50,0.2,0.5,random,pcglassoFast_PrimalDual,I,9.999999999999982e-9,0.04049999999999443,41.92571466297725
50,0.2,0.5,random,pcglassoFast_PrimalDual,I,3.5111917342151263e-8,0.03699999999999193,41.92571468181034
50,0.2,0.5,random,pcglassoFast_PrimalDual,I,1.2328467394420646e-7,0.03849999999998488,41.92571471433258
50,0.2,0.5,random,pcglassoFast_PrimalDual,I,4.328761281083054e-7,0.03350000000000364,41.92571479304659
50,0.2,0.5,random,pcglassoFast_PrimalDual,I,1.5199110829529328e-6,0.03100000000000591,41.92571544097149
50,0.2,0.5,random,pcglassoFast_PrimalDual,I,5.336699231206308e-6,0.028499999999993975,41.92571658477478
50,0.2,0.5,random,pcglassoFast_PrimalDual,I,1.873817422860384e-5,0.02400000000000091,41.92572636923127
50,0.2,0.5,random,pcglassoFast_PrimalDual,I,6.579332246575681e-5,0.022999999999996135,41.92574360533178
50,0.2,0.5,random,pcglassoFast_PrimalDual,I,2.310129700083161e-4,0.020000000000010232,41.92578648439885
50,0.2,0.5,random,pcglassoFast_PrimalDual,I,8.11130830789687e-4,0.016000000000005343,41.92616926320508
50,0.2,0.5,random,pcglassoFast_PrimalDual,I,0.002848035868435802,0.014499999999998181,41.92684776143621
50,0.2,0.5,random,pcglassoFast_PrimalDual,I,0.010000000000000004,0.015500000000002956,41.93239405494364
100,0.1,0,AR2,pcglasso,C,9.999999999999982e-9,0.5389999999999873,78.85602022482215
100,0.1,0,AR2,pcglasso,C,3.5111917342151263e-8,0.4329999999999927,78.85602022719272
100,0.1,0,AR2,pcglasso,C,1.2328467394420646e-7,0.7274999999999636,78.85602030719323
100,0.1,0,AR2,pcglasso,C,4.328761281083054e-7,0.37199999999995725,78.85602163876379
100,0.1,0,AR2,pcglasso,C,1.5199110829529328e-6,0.3285000000000764,78.85605852409518
100,0.1,0,AR2,pcglasso,C,5.336699231206308e-6,0.4494999999999436,78.85640786053253
100,0.1,0,AR2,pcglasso,C,1.873817422860384e-5,0.2175000000000864,78.86093862477833
100,0.1,0,AR2,pcglasso,C,6.579332246575681e-5,0.1409999999999627,78.92308793608126
100,0.1,0,AR2,pcglasso,C,2.310129700083161e-4,0.07900000000006457,80.35424064760011
100,0.1,0,AR2,pcglasso,C,8.11130830789687e-4,0.03599999999994452,88.23290779106972
100,0.1,0,AR2,pcglasso,C,0.002848035868435802,0.0364999999999327,109.0705113140526
100,0.1,0,AR2,pcglasso,C,0.010000000000000004,0.02299999999991087,97.5127351276115
100,0.1,0,AR2,pcglasso,I,9.999999999999982e-9,0.5214999999999463,78.85602022568989
100,0.1,0,AR2,pcglasso,I,3.5111917342151263e-8,0.3790000000001328,78.85602023303213
100,0.1,0,AR2,pcglasso,I,1.2328467394420646e-7,0.34400000000005093,78.85602033581029
100,0.1,0,AR2,pcglasso,I,4.328761281083054e-7,0.31349999999997635,78.85602207263055
100,0.1,0,AR2,pcglasso,I,1.5199110829529328e-6,0.28349999999988995,78.85604660688294
100,0.1,0,AR2,pcglasso,I,5.336699231206308e-6,0.23850000000004457,78.85666466148965
100,0.1,0,AR2,pcglasso,I,1.873817422860384e-5,0.1834999999999809,78.8587466393075
100,0.1,0,AR2,pcglasso,I,6.579332246575681e-5,0.11400000000003274,78.88774712386729
100,0.1,0,AR2,pcglasso,I,2.310129700083161e-4,0.07149999999990087,79.1215774848338
100,0.1,0,AR2,pcglasso,I,8.11130830789687e-4,0.029999999999972715,81.77206761136904
100,0.1,0,AR2,pcglasso,I,0.002848035868435802,0.022500000000150067,81.79420985540321
100,0.1,0,AR2,pcglasso,I,0.010000000000000004,0.02299999999991087,81.79420985540321
100,0.1,0,AR2,pcglassoFast_Dual,C,9.999999999999982e-9,0.21450000000004366,78.85602020660487
100,0.1,0,AR2,pcglassoFast_Dual,C,3.5111917342151263e-8,0.06600000000003092,78.85602022407163
100,0.1,0,AR2,pcglassoFast_Dual,C,1.2328467394420646e-7,0.06050000000016098,78.85602025613538
100,0.1,0,AR2,pcglassoFast_Dual,C,4.328761281083054e-7,0.20499999999992724,78.85602034089959
100,0.1,0,AR2,pcglassoFast_Dual,C,1.5199110829529328e-6,0.06100000000014916,78.85602060802317
100,0.1,0,AR2,pcglassoFast_Dual,C,5.336699231206308e-6,0.05400000000008731,78.85602154288354
100,0.1,0,AR2,pcglassoFast_Dual,C,1.873817422860384e-5,0.07800000000008822,78.85602451622958
100,0.1,0,AR2,pcglassoFast_Dual,C,6.579332246575681e-5,0.07899999999995089,78.85603298528639
100,0.1,0,AR2,pcglassoFast_Dual,C,2.310129700083161e-4,0.05249999999989541,78.8560620321933
100,0.1,0,AR2,pcglassoFast_Dual,C,8.11130830789687e-4,0.058499999999867214,78.8561743459872
100,0.1,0,AR2,pcglassoFast_Dual,C,0.002848035868435802,0.04100000000005366,78.85853065302257
100,0.1,0,AR2,pcglassoFast_Dual,C,0.010000000000000004,0.047000000000025466,78.85853065302257
100,0.1,0,AR2,pcglassoFast_Dual,I,9.999999999999982e-9,0.07650000000001,78.85602020853584
100,0.1,0,AR2,pcglassoFast_Dual,I,3.5111917342151263e-8,0.04949999999996635,78.85602021611908
100,0.1,0,AR2,pcglassoFast_Dual,I,1.2328467394420646e-7,0.05099999999993088,78.8560202355058
100,0.1,0,AR2,pcglassoFast_Dual,I,4.328761281083054e-7,0.04499999999995907,78.85602028607751
100,0.1,0,AR2,pcglassoFast_Dual,I,1.5199110829529328e-6,0.043000000000006366,78.85602044492234
100,0.1,0,AR2,pcglassoFast_Dual,I,5.336699231206308e-6,0.039000000000100954,78.85602276641504
100,0.1,0,AR2,pcglassoFast_Dual,I,1.873817422860384e-5,0.03700000000003456,78.85602757883213
100,0.1,0,AR2,pcglassoFast_Dual,I,6.579332246575681e-5,0.035000000000081855,78.8560434610102
100,0.1,0,AR2,pcglassoFast_Dual,I,2.310129700083161e-4,0.03200000000003911,78.85610625373391
100,0.1,0,AR2,pcglassoFast_Dual,I,8.11130830789687e-4,0.03300000000001546,78.85610625373391
100,0.1,0,AR2,pcglassoFast_Dual,I,0.002848035868435802,0.027500000000031832,78.85726045324978
100,0.1,0,AR2,pcglassoFast_Dual,I,0.010000000000000004,0.027500000000031832,78.85726045324978
100,0.1,0,AR2,pcglassoFast_Primal,C,9.999999999999982e-9,0.25899999999990087,78.85602020733836
100,0.1,0,AR2,pcglassoFast_Primal,C,3.5111917342151263e-8,0.3100000000000591,78.8560202236273
100,0.1,0,AR2,pcglassoFast_Primal,C,1.2328467394420646e-7,0.14999999999997726,78.85602025517792
100,0.1,0,AR2,pcglassoFast_Primal,C,4.328761281083054e-7,0.14649999999994634,78.85602033558811
100,0.1,0,AR2,pcglassoFast_Primal,C,1.5199110829529328e-6,0.12999999999999545,78.85602110172832
100,0.1,0,AR2,pcglassoFast_Primal,C,5.336699231206308e-6,0.1269999999999527,78.85602260103522
100,0.1,0,AR2,pcglassoFast_Primal,C,1.873817422860384e-5,0.11849999999992633,78.85602671647052
100,0.1,0,AR2,pcglassoFast_Primal,C,6.579332246575681e-5,0.1089999999999236,78.85603804255818
100,0.1,0,AR2,pcglassoFast_Primal,C,2.310129700083161e-4,0.10149999999998727,78.85606974734236
100,0.1,0,AR2,pcglassoFast_Primal,C,8.11130830789687e-4,0.08650000000000091,78.85641607458872
100,0.1,0,AR2,pcglassoFast_Primal,C,0.002848035868435802,0.11999999999989086,78.85716792138179
100,0.1,0,AR2,pcglassoFast_Primal,C,0.010000000000000004,0.0724999999999909,78.85941641242445
100,0.1,0,AR2,pcglassoFast_Primal,I,9.999999999999982e-9,0.1694999999999709,78.8560202108483
100,0.1,0,AR2,pcglassoFast_Primal,I,3.5111917342151263e-8,0.16250000000002274,78.85602021972795
100,0.1,0,AR2,pcglassoFast_Primal,I,1.2328467394420646e-7,0.15250000000003183,78.85602023994345
100,0.1,0,AR2,pcglassoFast_Primal,I,4.328761281083054e-7,0.13899999999989632,78.85602044304008
100,0.1,0,AR2,pcglassoFast_Primal,I,1.5199110829529328e-6,0.25700000000006185,78.8560208461154
100,0.1,0,AR2,pcglassoFast_Primal,I,5.336699231206308e-6,0.12400000000002365,78.85602193481652
100,0.1,0,AR2,pcglassoFast_Primal,I,1.873817422860384e-5,0.17250000000001364,78.8560249652176
100,0.1,0,AR2,pcglassoFast_Primal,I,6.579332246575681e-5,0.16800000000000637,78.85603339407714
100,0.1,0,AR2,pcglassoFast_Primal,I,2.310129700083161e-4,0.09600000000000364,78.85612559449055
100,0.1,0,AR2,pcglassoFast_Primal,I,8.11130830789687e-4,0.09950000000003456,78.85632426077225
100,0.1,0,AR2,pcglassoFast_Primal,I,0.002848035868435802,0.08100000000013097,78.85690603415028
100,0.1,0,AR2,pcglassoFast_Primal,I,0.010000000000000004,0.07400000000006912,78.8586292656569
100,0.1,0,AR2,pcglassoFast_PrimalDual,C,9.999999999999982e-9,1.3500000000000227,78.85602034420265
100,0.1,0,AR2,pcglassoFast_PrimalDual,C,3.5111917342151263e-8,0.23250000000007276,78.85602037255393
100,0.1,0,AR2,pcglassoFast_PrimalDual,C,1.2328467394420646e-7,0.4155000000000655,78.85602038990572
100,0.1,0,AR2,pcglassoFast_PrimalDual,C,4.328761281083054e-7,0.21499999999991815,78.85602044658565
100,0.1,0,AR2,pcglassoFast_PrimalDual,C,1.5199110829529328e-6,0.2059999999999036,78.8560205912016
100,0.1,0,AR2,pcglassoFast_PrimalDual,C,5.336699231206308e-6,0.19399999999995998,78.85602114246534
100,0.1,0,AR2,pcglassoFast_PrimalDual,C,1.873817422860384e-5,0.18050000000005184,78.85602299637085
100,0.1,0,AR2,pcglassoFast_PrimalDual,C,6.579332246575681e-5,0.16799999999989268,78.85602918614963
100,0.1,0,AR2,pcglassoFast_PrimalDual,C,2.310129700083161e-4,0.15850000000000364,78.85605060148289
100,0.1,0,AR2,pcglassoFast_PrimalDual,C,8.11130830789687e-4,0.14800000000013824,78.85612403916161
100,0.1,0,AR2,pcglassoFast_PrimalDual,C,0.002848035868435802,0.1309999999999718,78.85637828709679
100,0.1,0,AR2,pcglassoFast_PrimalDual,C,0.010000000000000004,0.11649999999997362,78.85726221182541
100,0.1,0,AR2,pcglassoFast_PrimalDual,I,9.999999999999982e-9,0.25650000000007367,78.85602031558683
100,0.1,0,AR2,pcglassoFast_PrimalDual,I,3.5111917342151263e-8,0.2559999999999718,78.85602031558683
100,0.1,0,AR2,pcglassoFast_PrimalDual,I,1.2328467394420646e-7,0.23200000000008458,78.85602038888551
100,0.1,0,AR2,pcglassoFast_PrimalDual,I,4.328761281083054e-7,0.22500000000002274,78.85602048821067
100,0.1,0,AR2,pcglassoFast_PrimalDual,I,1.5199110829529328e-6,0.2034999999999627,78.85602075658058
100,0.1,0,AR2,pcglassoFast_PrimalDual,I,5.336699231206308e-6,0.19700000000000273,78.85602160092553
100,0.1,0,AR2,pcglassoFast_PrimalDual,I,1.873817422860384e-5,0.18599999999992178,78.85602449710215
100,0.1,0,AR2,pcglassoFast_PrimalDual,I,6.579332246575681e-5,0.17499999999995453,78.85603430293094
100,0.1,0,AR2,pcglassoFast_PrimalDual,I,2.310129700083161e-4,0.23849999999993088,78.85606791786356
100,0.1,0,AR2,pcglassoFast_PrimalDual,I,8.11130830789687e-4,0.14449999999999363,78.85618408970106
100,0.1,0,AR2,pcglassoFast_PrimalDual,I,0.002848035868435802,0.1370000000000573,78.85658402265439
100,0.1,0,AR2,pcglassoFast_PrimalDual,I,0.010000000000000004,0.1185000000001537,78.85797045218376
100,0.1,0,hub_09,pcglasso,C,9.999999999999982e-9,0.3059999999999832,95.3260903851051
100,0.1,0,hub_09,pcglasso,C,3.5111917342151263e-8,0.25900000000001455,95.32609038407685
100,0.1,0,hub_09,pcglasso,C,1.2328467394420646e-7,0.2720000000000198,95.32609038407685
100,0.1,0,hub_09,pcglasso,C,4.328761281083054e-7,0.3884999999999934,95.32609061384794
100,0.1,0,hub_09,pcglasso,C,1.5199110829529328e-6,0.36350000000001614,95.32609245627108
100,0.1,0,hub_09,pcglasso,C,5.336699231206308e-6,0.22149999999999181,95.3260975034492
100,0.1,0,hub_09,pcglasso,C,1.873817422860384e-5,0.17249999999998522,95.3266960664109
100,0.1,0,hub_09,pcglasso,C,6.579332246575681e-5,0.11700000000001864,95.33233439863463
100,0.1,0,hub_09,pcglasso,C,2.310129700083161e-4,0.08999999999997499,95.36829783876505
100,0.1,0,hub_09,pcglasso,C,8.11130830789687e-4,0.029999999999972715,111.01273986699692
100,0.1,0,hub_09,pcglasso,C,0.002848035868435802,0.019000000000005457,113.3377792987649
100,0.1,0,hub_09,pcglasso,C,0.010000000000000004,0.01999999999998181,113.3377792987649
100,0.1,0,hub_09,pcglasso,I,9.999999999999982e-9,0.29899999999997817,95.32609037722858
100,0.1,0,hub_09,pcglasso,I,3.5111917342151263e-8,0.27350000000001273,95.32609037759836
100,0.1,0,hub_09,pcglasso,I,1.2328467394420646e-7,0.24049999999996885,95.32609040873272
100,0.1,0,hub_09,pcglasso,I,4.328761281083054e-7,0.37649999999999295,95.32609072856933
100,0.1,0,hub_09,pcglasso,I,1.5199110829529328e-6,0.3610000000000184,95.32609255506996
100,0.1,0,hub_09,pcglasso,I,5.336699231206308e-6,0.18799999999998818,95.32613212770997
100,0.1,0,hub_09,pcglasso,I,1.873817422860384e-5,0.15350000000000819,95.3263728352023
100,0.1,0,hub_09,pcglasso,I,6.579332246575681e-5,0.10300000000000864,95.3319508948304
100,0.1,0,hub_09,pcglasso,I,2.310129700083161e-4,0.04650000000000887,95.37499395678552
100,0.1,0,hub_09,pcglasso,I,8.11130830789687e-4,0.03499999999999659,95.48864330231095
100,0.1,0,hub_09,pcglasso,I,0.002848035868435802,0.03099999999997749,95.50481569494826
100,0.1,0,hub_09,pcglasso,I,0.010000000000000004,0.02749999999997499,95.50481569494826
100,0.1,0,hub_09,pcglassoFast_Dual,C,9.999999999999982e-9,0.09349999999997749,95.32609038282315
100,0.1,0,hub_09,pcglassoFast_Dual,C,3.5111917342151263e-8,0.22749999999999204,95.32609042238377
100,0.1,0,hub_09,pcglassoFast_Dual,C,1.2328467394420646e-7,0.07799999999997453,95.32609050584742
100,0.1,0,hub_09,pcglassoFast_Dual,C,4.328761281083054e-7,0.07499999999998863,95.32609094721991
100,0.1,0,hub_09,pcglassoFast_Dual,C,1.5199110829529328e-6,0.06799999999998363,95.32609279610278
100,0.1,0,hub_09,pcglassoFast_Dual,C,5.336699231206308e-6,0.06449999999998113,95.32609241518148
100,0.1,0,hub_09,pcglassoFast_Dual,C,1.873817422860384e-5,0.054500000000018645,95.32610401173297
100,0.1,0,hub_09,pcglassoFast_Dual,C,6.579332246575681e-5,0.0589999999999975,95.3261118628096
100,0.1,0,hub_09,pcglassoFast_Dual,C,2.310129700083161e-4,0.04250000000001819,95.3262401325669
100,0.1,0,hub_09,pcglassoFast_Dual,C,8.11130830789687e-4,0.037499999999994316,95.32722813364073
100,0.1,0,hub_09,pcglassoFast_Dual,C,0.002848035868435802,0.03849999999999909,95.32746805970163
100,0.1,0,hub_09,pcglassoFast_Dual,C,0.010000000000000004,0.03249999999997044,95.33298257699245
100,0.1,0,hub_09,pcglassoFast_Dual,I,9.999999999999982e-9,0.07200000000000273,95.32609038099454
100,0.1,0,hub_09,pcglassoFast_Dual,I,3.5111917342151263e-8,0.07400000000001228,95.3260904146535
100,0.1,0,hub_09,pcglassoFast_Dual,I,1.2328467394420646e-7,0.061499999999995225,95.32609055910133
100,0.1,0,hub_09,pcglassoFast_Dual,I,4.328761281083054e-7,0.056000000000011596,95.32609086321698
100,0.1,0,hub_09,pcglassoFast_Dual,I,1.5199110829529328e-6,0.050499999999999545,95.32609244906187
100,0.1,0,hub_09,pcglassoFast_Dual,I,5.336699231206308e-6,0.04999999999998295,95.32609317223083
100,0.1,0,hub_09,pcglassoFast_Dual,I,1.873817422860384e-5,0.040000000000020464,95.3261023335472
100,0.1,0,hub_09,pcglassoFast_Dual,I,6.579332246575681e-5,0.03499999999999659,95.32612209164445
100,0.1,0,hub_09,pcglassoFast_Dual,I,2.310129700083161e-4,0.030000000000001137,95.32635048593986
100,0.1,0,hub_09,pcglassoFast_Dual,I,8.11130830789687e-4,0.025000000000005684,95.32640807138571
100,0.1,0,hub_09,pcglassoFast_Dual,I,0.002848035868435802,0.02199999999999136,95.32781150840069
100,0.1,0,hub_09,pcglassoFast_Dual,I,0.010000000000000004,0.022999999999967713,95.33032742002615
100,0.1,0,hub_09,pcglassoFast_Primal,C,9.999999999999982e-9,0.12999999999999545,95.32609037224734
100,0.1,0,hub_09,pcglassoFast_Primal,C,3.5111917342151263e-8,0.1144999999999925,95.32609037751557
100,0.1,0,hub_09,pcglassoFast_Primal,C,1.2328467394420646e-7,0.11199999999999477,95.32609039971868
100,0.1,0,hub_09,pcglassoFast_Primal,C,4.328761281083054e-7,0.11199999999999477,95.32609039971868
100,0.1,0,hub_09,pcglassoFast_Primal,C,1.5199110829529328e-6,0.09949999999997772,95.32609050832923
100,0.1,0,hub_09,pcglassoFast_Primal,C,5.336699231206308e-6,0.09799999999998477,95.32609104711176
100,0.1,0,hub_09,pcglassoFast_Primal,C,1.873817422860384e-5,0.08950000000001523,95.32609389118599
100,0.1,0,hub_09,pcglassoFast_Primal,C,6.579332246575681e-5,0.08650000000000091,95.32609389118599
100,0.1,0,hub_09,pcglassoFast_Primal,C,2.310129700083161e-4,0.08249999999998181,95.32610942910249
100,0.1,0,hub_09,pcglassoFast_Primal,C,8.11130830789687e-4,0.08099999999996044,95.32619828226905
100,0.1,0,hub_09,pcglassoFast_Primal,C,0.002848035868435802,0.07100000000002638,95.32619828226905
100,0.1,0,hub_09,pcglassoFast_Primal,C,0.010000000000000004,0.06749999999999545,95.32673790104272
100,0.1,0,hub_09,pcglassoFast_Primal,I,9.999999999999982e-9,0.12700000000000955,95.32609037164318
100,0.1,0,hub_09,pcglassoFast_Primal,I,3.5111917342151263e-8,0.11650000000000205,95.3260903748924
100,0.1,0,hub_09,pcglassoFast_Primal,I,1.2328467394420646e-7,0.10499999999998977,95.32609038844947
100,0.1,0,hub_09,pcglassoFast_Primal,I,4.328761281083054e-7,0.10099999999999909,95.32609044572746
100,0.1,0,hub_09,pcglassoFast_Primal,I,1.5199110829529328e-6,0.09400000000002251,95.32609068611715
100,0.1,0,hub_09,pcglassoFast_Primal,I,5.336699231206308e-6,0.08200000000002206,95.32609171271733
100,0.1,0,hub_09,pcglassoFast_Primal,I,1.873817422860384e-5,0.08600000000001273,95.32609171271733
100,0.1,0,hub_09,pcglassoFast_Primal,I,6.579332246575681e-5,0.08800000000002228,95.32609627879307
100,0.1,0,hub_09,pcglassoFast_Primal,I,2.310129700083161e-4,0.06749999999999545,95.3261167151806
100,0.1,0,hub_09,pcglassoFast_Primal,I,8.11130830789687e-4,0.06749999999996703,95.32621046802842
100,0.1,0,hub_09,pcglassoFast_Primal,I,0.002848035868435802,0.0549999999999784,95.32665664235839
100,0.1,0,hub_09,pcglassoFast_Primal,I,0.010000000000000004,0.05299999999999727,95.32665664235839
100,0.1,0,hub_09,pcglassoFast_PrimalDual,C,9.999999999999982e-9,0.2435000000000116,95.32609039761954
100,0.1,0,hub_09,pcglassoFast_PrimalDual,C,3.5111917342151263e-8,0.14150000000000773,95.32609039761954
100,0.1,0,hub_09,pcglassoFast_PrimalDual,C,1.2328467394420646e-7,0.1255000000000166,95.32609040614528
100,0.1,0,hub_09,pcglassoFast_PrimalDual,C,4.328761281083054e-7,0.12599999999997635,95.32609040614528
100,0.1,0,hub_09,pcglassoFast_PrimalDual,C,1.5199110829529328e-6,0.12250000000000227,95.32609049037006
100,0.1,0,hub_09,pcglassoFast_PrimalDual,C,5.336699231206308e-6,0.10849999999999227,95.32609105098452
100,0.1,0,hub_09,pcglassoFast_PrimalDual,C,1.873817422860384e-5,0.23449999999999704,95.32609105098452
100,0.1,0,hub_09,pcglassoFast_PrimalDual,C,6.579332246575681e-5,0.10450000000003001,95.32609537173998
100,0.1,0,hub_09,pcglassoFast_PrimalDual,C,2.310129700083161e-4,0.11249999999998295,95.32609537173998
100,0.1,0,hub_09,pcglassoFast_PrimalDual,C,8.11130830789687e-4,0.08549999999996771,95.32613024710834
100,0.1,0,hub_09,pcglassoFast_PrimalDual,C,0.002848035868435802,0.08100000000001728,95.32642324326679
100,0.1,0,hub_09,pcglassoFast_PrimalDual,C,0.010000000000000004,0.07849999999999113,95.32642324326679
100,0.1,0,hub_09,pcglassoFast_PrimalDual,I,9.999999999999982e-9,0.15899999999999181,95.32609039605582
100,0.1,0,hub_09,pcglassoFast_PrimalDual,I,3.5111917342151263e-8,0.25449999999997885,95.32609040048877
100,0.1,0,hub_09,pcglassoFast_PrimalDual,I,1.2328467394420646e-7,0.13900000000001,95.32609041601552
100,0.1,0,hub_09,pcglassoFast_PrimalDual,I,4.328761281083054e-7,0.12950000000000728,95.32609050111691
100,0.1,0,hub_09,pcglassoFast_PrimalDual,I,1.5199110829529328e-6,0.2890000000000157,95.32609050111691
100,0.1,0,hub_09,pcglassoFast_PrimalDual,I,5.336699231206308e-6,0.11549999999999727,95.32609092602013
100,0.1,0,hub_09,pcglassoFast_PrimalDual,I,1.873817422860384e-5,0.1190000000000282,95.32609313046655
100,0.1,0,hub_09,pcglassoFast_PrimalDual,I,6.579332246575681e-5,0.09250000000000114,95.32610442081699
100,0.1,0,hub_09,pcglassoFast_PrimalDual,I,2.310129700083161e-4,0.10099999999999909,95.32610442081699
100,0.1,0,hub_09,pcglassoFast_PrimalDual,I,8.11130830789687e-4,0.09299999999998931,95.32616244814554
100,0.1,0,hub_09,pcglassoFast_PrimalDual,I,0.002848035868435802,0.07450000000000045,95.3264640726821
100,0.1,0,hub_09,pcglassoFast_PrimalDual,I,0.010000000000000004,0.06449999999998113,95.3280455831816
100,0.1,0,hub_1,pcglasso,C,9.999999999999982e-9,4.614000000000033,29.035299879450186
100,0.1,0,hub_1,pcglasso,C,3.5111917342151263e-8,3.8215000000000146,29.035299981899968
100,0.1,0,hub_1,pcglasso,C,1.2328467394420646e-7,3.3414999999998827,29.03530138292068
100,0.1,0,hub_1,pcglasso,C,4.328761281083054e-7,3.280999999999949,29.035315814014098
100,0.1,0,hub_1,pcglasso,C,1.5199110829529328e-6,2.0224999999999227,29.035496665763127
100,0.1,0,hub_1,pcglasso,C,5.336699231206308e-6,1.2000000000000455,29.03766920515914
100,0.1,0,hub_1,pcglasso,C,1.873817422860384e-5,1.0924999999999727,29.056721669180696
100,0.1,0,hub_1,pcglasso,C,6.579332246575681e-5,0.8205000000001519,29.551953289464095
100,0.1,0,hub_1,pcglasso,C,2.310129700083161e-4,0.5040000000001328,29.360262245710537
100,0.1,0,hub_1,pcglasso,C,8.11130830789687e-4,0.19500000000005002,68.57135554842272
100,0.1,0,hub_1,pcglasso,C,0.002848035868435802,0.2719999999999345,68.57135554842272
100,0.1,0,hub_1,pcglasso,C,0.010000000000000004,0.15899999999999181,68.57135554842272
100,0.1,0,hub_1,pcglasso,I,9.999999999999982e-9,15.092999999999961,29.035299879824237
100,0.1,0,hub_1,pcglasso,I,3.5111917342151263e-8,12.76299999999992,29.035299993545635
100,0.1,0,hub_1,pcglasso,I,1.2328467394420646e-7,9.638000000000034,29.03530130007211
100,0.1,0,hub_1,pcglasso,I,4.328761281083054e-7,7.177500000000009,29.035340991985215
100,0.1,0,hub_1,pcglasso,I,1.5199110829529328e-6,5.184499999999957,29.035521754633255
100,0.1,0,hub_1,pcglasso,I,5.336699231206308e-6,3.03449999999998,29.042903547737666
100,0.1,0,hub_1,pcglasso,I,1.873817422860384e-5,1.0579999999999927,29.309089265226316
100,0.1,0,hub_1,pcglasso,I,6.579332246575681e-5,0.17199999999991178,31.678900731591405
100,0.1,0,hub_1,pcglasso,I,2.310129700083161e-4,0.12850000000003092,32.14468672049579
100,0.1,0,hub_1,pcglasso,I,8.11130830789687e-4,0.1854999999999336,32.18233586399845
100,0.1,0,hub_1,pcglasso,I,0.002848035868435802,0.07299999999997908,32.941494222670364
100,0.1,0,hub_1,pcglasso,I,0.010000000000000004,0.07100000000002638,33.98969428199237
100,0.1,0,hub_1,pcglassoFast_Dual,C,9.999999999999982e-9,7.897500000000036,29.035299982440375
100,0.1,0,hub_1,pcglassoFast_Dual,C,3.5111917342151263e-8,4.870999999999981,29.035303854083665
100,0.1,0,hub_1,pcglassoFast_Dual,C,1.2328467394420646e-7,4.189999999999941,29.03530252929358
100,0.1,0,hub_1,pcglassoFast_Dual,C,4.328761281083054e-7,3.1000000000000227,29.035311819705992
100,0.1,0,hub_1,pcglassoFast_Dual,C,1.5199110829529328e-6,3.844500000000039,29.035326499826994
100,0.1,0,hub_1,pcglassoFast_Dual,C,5.336699231206308e-6,1.3245000000000573,29.03544596853183
100,0.1,0,hub_1,pcglassoFast_Dual,C,1.873817422860384e-5,1.1274999999999409,29.03551405915048
100,0.1,0,hub_1,pcglassoFast_Dual,C,6.579332246575681e-5,1.3110000000000355,29.035640191068932
100,0.1,0,hub_1,pcglassoFast_Dual,C,2.310129700083161e-4,1.1105000000000018,29.036009617496333
100,0.1,0,hub_1,pcglassoFast_Dual,C,8.11130830789687e-4,0.90300000000002,29.037353847669735
100,0.1,0,hub_1,pcglassoFast_Dual,C,0.002848035868435802,0.9130000000000109,29.037353847669735
100,0.1,0,hub_1,pcglassoFast_Dual,C,0.010000000000000004,1.0430000000000064,29.038078307085716
100,0.1,0,hub_1,pcglassoFast_Dual,I,9.999999999999982e-9,9.567000000000007,29.035299949763917
100,0.1,0,hub_1,pcglassoFast_Dual,I,3.5111917342151263e-8,9.738500000000045,29.035300199495524
100,0.1,0,hub_1,pcglassoFast_Dual,I,1.2328467394420646e-7,8.255499999999984,29.035302269482
100,0.1,0,hub_1,pcglassoFast_Dual,I,4.328761281083054e-7,7.526499999999942,29.035306703037516
100,0.1,0,hub_1,pcglassoFast_Dual,I,1.5199110829529328e-6,6.767000000000053,29.035318412669813
100,0.1,0,hub_1,pcglassoFast_Dual,I,5.336699231206308e-6,8.076000000000022,29.035385914625202
100,0.1,0,hub_1,pcglassoFast_Dual,I,1.873817422860384e-5,5.752500000000055,29.035512525906487
100,0.1,0,hub_1,pcglassoFast_Dual,I,6.579332246575681e-5,5.370500000000106,29.035941737072417
100,0.1,0,hub_1,pcglassoFast_Dual,I,2.310129700083161e-4,4.846000000000004,29.036821637282603
100,0.1,0,hub_1,pcglassoFast_Dual,I,8.11130830789687e-4,4.1609999999999445,29.04462174912063
100,0.1,0,hub_1,pcglassoFast_Dual,I,0.002848035868435802,3.980000000000018,29.055052096326605
100,0.1,0,hub_1,pcglassoFast_Dual,I,0.010000000000000004,2.592999999999961,29.233184947458284
100,0.1,0,hub_1,pcglassoFast_Primal,C,9.999999999999982e-9,3.180499999999938,29.035300249769495
100,0.1,0,hub_1,pcglassoFast_Primal,C,3.5111917342151263e-8,2.759999999999991,29.03530121034614
100,0.1,0,hub_1,pcglassoFast_Primal,C,1.2328467394420646e-7,2.259999999999877,29.035304378409627
100,0.1,0,hub_1,pcglassoFast_Primal,C,4.328761281083054e-7,1.9080000000000155,29.03531238253064
100,0.1,0,hub_1,pcglassoFast_Primal,C,1.5199110829529328e-6,2.262499999999932,29.035331557063298
100,0.1,0,hub_1,pcglassoFast_Primal,C,5.336699231206308e-6,1.6384999999999081,29.03534137455698
100,0.1,0,hub_1,pcglassoFast_Primal,C,1.873817422860384e-5,1.266999999999939,29.035406479003623
100,0.1,0,hub_1,pcglassoFast_Primal,C,6.579332246575681e-5,1.0534999999999854,29.035580250503628
100,0.1,0,hub_1,pcglassoFast_Primal,C,2.310129700083161e-4,0.8445000000000391,29.036193415943032
100,0.1,0,hub_1,pcglassoFast_Primal,C,8.11130830789687e-4,1.0000000000001137,29.0366799571189
100,0.1,0,hub_1,pcglassoFast_Primal,C,0.002848035868435802,0.5389999999999873,29.039138476579684
100,0.1,0,hub_1,pcglassoFast_Primal,C,0.010000000000000004,0.4824999999999591,29.04146291866458
100,0.1,0,hub_1,pcglassoFast_Primal,I,9.999999999999982e-9,4.067000000000007,29.035300246338526
100,0.1,0,hub_1,pcglassoFast_Primal,I,3.5111917342151263e-8,3.0055000000000973,29.03530120734721
100,0.1,0,hub_1,pcglassoFast_Primal,I,1.2328467394420646e-7,2.5174999999999272,29.03530450711557
100,0.1,0,hub_1,pcglassoFast_Primal,I,4.328761281083054e-7,2.084500000000048,29.035313537045596
100,0.1,0,hub_1,pcglassoFast_Primal,I,1.5199110829529328e-6,1.7760000000000673,29.035332217688378
100,0.1,0,hub_1,pcglassoFast_Primal,I,5.336699231206308e-6,1.64549999999997,29.035334415995266
100,0.1,0,hub_1,pcglassoFast_Primal,I,1.873817422860384e-5,1.5095000000000027,29.035397083329936
100,0.1,0,hub_1,pcglassoFast_Primal,I,6.579332246575681e-5,1.3680000000000518,29.035669453536446
100,0.1,0,hub_1,pcglassoFast_Primal,I,2.310129700083161e-4,1.2810000000000628,29.03637176337205
100,0.1,0,hub_1,pcglassoFast_Primal,I,8.11130830789687e-4,1.1119999999999663,29.039122211673515
100,0.1,0,hub_1,pcglassoFast_Primal,I,0.002848035868435802,1.0135000000000218,29.051413123805872
100,0.1,0,hub_1,pcglassoFast_Primal,I,0.010000000000000004,0.7644999999999982,29.092450427041165
100,0.1,0,hub_1,pcglassoFast_PrimalDual,C,9.999999999999982e-9,1.0904999999999063,29.035299975583538
100,0.1,0,hub_1,pcglassoFast_PrimalDual,C,3.5111917342151263e-8,0.63799999999992,29.035300186314984
100,0.1,0,hub_1,pcglassoFast_PrimalDual,C,1.2328467394420646e-7,0.6125000000000682,29.035300383493112
100,0.1,0,hub_1,pcglassoFast_PrimalDual,C,4.328761281083054e-7,0.5360000000000582,29.035302545063857
100,0.1,0,hub_1,pcglassoFast_PrimalDual,C,1.5199110829529328e-6,0.6159999999999854,29.035307867798185
100,0.1,0,hub_1,pcglassoFast_PrimalDual,C,5.336699231206308e-6,0.6075000000000728,29.035325775888104
100,0.1,0,hub_1,pcglassoFast_PrimalDual,C,1.873817422860384e-5,0.3350000000000364,29.035396436881385
100,0.1,0,hub_1,pcglassoFast_PrimalDual,C,6.579332246575681e-5,0.27150000000006,29.035612982209503
100,0.1,0,hub_1,pcglassoFast_PrimalDual,C,2.310129700083161e-4,0.19600000000002638,29.03653306814534
100,0.1,0,hub_1,pcglassoFast_PrimalDual,C,8.11130830789687e-4,0.14850000000001273,29.03801085196115
100,0.1,0,hub_1,pcglassoFast_PrimalDual,C,0.002848035868435802,0.1790000000000873,29.04096312777999
100,0.1,0,hub_1,pcglassoFast_PrimalDual,C,0.010000000000000004,0.0965000000001055,29.047946081287208
100,0.1,0,hub_1,pcglassoFast_PrimalDual,I,9.999999999999982e-9,1.4405000000000427,29.035299959301177
100,0.1,0,hub_1,pcglassoFast_PrimalDual,I,3.5111917342151263e-8,1.335999999999899,29.035300212136324
100,0.1,0,hub_1,pcglassoFast_PrimalDual,I,1.2328467394420646e-7,1.28550000000007,29.03530045166564
100,0.1,0,hub_1,pcglassoFast_PrimalDual,I,4.328761281083054e-7,1.2140000000000555,29.03530243906054
100,0.1,0,hub_1,pcglassoFast_PrimalDual,I,1.5199110829529328e-6,1.2925000000000182,29.035307510771734
100,0.1,0,hub_1,pcglassoFast_PrimalDual,I,5.336699231206308e-6,1.3859999999999673,29.03532900378633
100,0.1,0,hub_1,pcglassoFast_PrimalDual,I,1.873817422860384e-5,1.1164999999999736,29.035390998247337
100,0.1,0,hub_1,pcglassoFast_PrimalDual,I,6.579332246575681e-5,1.1244999999998981,29.035641517438343
100,0.1,0,hub_1,pcglassoFast_PrimalDual,I,2.310129700083161e-4,0.8684999999999263,29.036557594090663
100,0.1,0,hub_1,pcglassoFast_PrimalDual,I,8.11130830789687e-4,0.9225000000000136,29.03987118533893
100,0.1,0,hub_1,pcglassoFast_PrimalDual,I,0.002848035868435802,0.7194999999998117,29.050966922505616
100,0.1,0,hub_1,pcglassoFast_PrimalDual,I,0.010000000000000004,0.6514999999999418,29.093809642169624
100,0.1,0,random,pcglasso,C,9.999999999999982e-9,0.44999999999998863,78.38977149016293
100,0.1,0,random,pcglasso,C,3.5111917342151263e-8,0.43899999999996453,78.38977157070143
100,0.1,0,random,pcglasso,C,1.2328467394420646e-7,0.38900000000001,78.38977209830703
100,0.1,0,random,pcglasso,C,4.328761281083054e-7,0.45450000000002433,78.38978082668268
100,0.1,0,random,pcglasso,C,1.5199110829529328e-6,0.31100000000003547,78.38979999168713
100,0.1,0,random,pcglasso,C,5.336699231206308e-6,0.2884999999999991,78.3898643783393
100,0.1,0,random,pcglasso,C,1.873817422860384e-5,0.19550000000000978,78.39224896950381
100,0.1,0,random,pcglasso,C,6.579332246575681e-5,0.14699999999999136,78.41161018492585
100,0.1,0,random,pcglasso,C,2.310129700083161e-4,0.10250000000002046,78.66760010267336
100,0.1,0,random,pcglasso,C,8.11130830789687e-4,0.03200000000001069,91.28829726144296
100,0.1,0,random,pcglasso,C,0.002848035868435802,0.026499999999998636,116.92662745486798
100,0.1,0,random,pcglasso,C,0.010000000000000004,0.02200000000001978,117.02887109577493
100,0.1,0,random,pcglasso,I,9.999999999999982e-9,0.44999999999998863,78.38977151210621
100,0.1,0,random,pcglasso,I,3.5111917342151263e-8,0.5005000000000166,78.3897716559208
100,0.1,0,random,pcglasso,I,1.2328467394420646e-7,0.3310000000000173,78.389775340133
100,0.1,0,random,pcglasso,I,4.328761281083054e-7,0.2860000000000298,78.3897868770278
100,0.1,0,random,pcglasso,I,1.5199110829529328e-6,0.24850000000000705,78.38984529469846
100,0.1,0,random,pcglasso,I,5.336699231206308e-6,0.23699999999999477,78.39020996231993
100,0.1,0,random,pcglasso,I,1.873817422860384e-5,0.34199999999998454,78.39293874686373
100,0.1,0,random,pcglasso,I,6.579332246575681e-5,0.10800000000000409,78.41793754250286
100,0.1,0,random,pcglasso,I,2.310129700083161e-4,0.0589999999999975,78.8441299690454
100,0.1,0,random,pcglasso,I,8.11130830789687e-4,0.038000000000010914,80.26279882960291
100,0.1,0,random,pcglasso,I,0.002848035868435802,0.027000000000043656,80.01324054335052
100,0.1,0,random,pcglasso,I,0.010000000000000004,0.028999999999996362,80.01324054335052
100,0.1,0,random,pcglassoFast_Dual,C,9.999999999999982e-9,0.10850000000002069,78.38977148837328
100,0.1,0,random,pcglassoFast_Dual,C,3.5111917342151263e-8,0.10349999999999682,78.38977151273826
100,0.1,0,random,pcglassoFast_Dual,C,1.2328467394420646e-7,0.10450000000000159,78.38977151273826
100,0.1,0,random,pcglassoFast_Dual,C,4.328761281083054e-7,0.09100000000000819,78.38977207439802
100,0.1,0,random,pcglassoFast_Dual,C,1.5199110829529328e-6,0.08400000000000318,78.38977244970542
100,0.1,0,random,pcglassoFast_Dual,C,5.336699231206308e-6,0.23500000000001364,78.3897736898238
100,0.1,0,random,pcglassoFast_Dual,C,1.873817422860384e-5,0.08249999999998181,78.38977563256036
100,0.1,0,random,pcglassoFast_Dual,C,6.579332246575681e-5,0.06799999999998363,78.38986703776999
100,0.1,0,random,pcglassoFast_Dual,C,2.310129700083161e-4,0.060000000000002274,78.39040548409291
100,0.1,0,random,pcglassoFast_Dual,C,8.11130830789687e-4,0.05900000000005434,78.39059906408811
100,0.1,0,random,pcglassoFast_Dual,C,0.002848035868435802,0.050499999999999545,78.39244566390363
100,0.1,0,random,pcglassoFast_Dual,C,0.010000000000000004,0.04950000000002319,78.39424906740452
100,0.1,0,random,pcglassoFast_Dual,I,9.999999999999982e-9,0.10800000000000409,78.38977148415631
100,0.1,0,random,pcglassoFast_Dual,I,3.5111917342151263e-8,0.08699999999998909,78.38977151178096
100,0.1,0,random,pcglassoFast_Dual,I,1.2328467394420646e-7,0.08450000000001978,78.38977153917172
100,0.1,0,random,pcglassoFast_Dual,I,4.328761281083054e-7,0.08499999999997954,78.38977153917172
100,0.1,0,random,pcglassoFast_Dual,I,1.5199110829529328e-6,0.07249999999996248,78.38977303196054
100,0.1,0,random,pcglassoFast_Dual,I,5.336699231206308e-6,0.0614999999999668,78.38978103455209
100,0.1,0,random,pcglassoFast_Dual,I,1.873817422860384e-5,0.05649999999997135,78.38978325516024
100,0.1,0,random,pcglassoFast_Dual,I,6.579332246575681e-5,0.057999999999992724,78.38980531513555
100,0.1,0,random,pcglassoFast_Dual,I,2.310129700083161e-4,0.04050000000000864,78.39013487486683
100,0.1,0,random,pcglassoFast_Dual,I,8.11130830789687e-4,0.03500000000002501,78.39063461597871
100,0.1,0,random,pcglassoFast_Dual,I,0.002848035868435802,0.03150000000002251,78.39116041900843
100,0.1,0,random,pcglassoFast_Dual,I,0.010000000000000004,0.030500000000017735,78.39379143456571
100,0.1,0,random,pcglassoFast_Primal,C,9.999999999999982e-9,0.299000000000035,78.38977149708361
100,0.1,0,random,pcglassoFast_Primal,C,3.5111917342151263e-8,0.2890000000000157,78.38977154157486
100,0.1,0,random,pcglassoFast_Primal,C,1.2328467394420646e-7,0.26249999999998863,78.38977170089161
100,0.1,0,random,pcglassoFast_Primal,C,4.328761281083054e-7,0.23150000000001114,78.38977227257061
100,0.1,0,random,pcglassoFast_Primal,C,1.5199110829529328e-6,0.21999999999999886,78.38977426956221
100,0.1,0,random,pcglassoFast_Primal,C,5.336699231206308e-6,0.19700000000000273,78.38978134436061
100,0.1,0,random,pcglassoFast_Primal,C,1.873817422860384e-5,0.16800000000000637,78.38979475730056
100,0.1,0,random,pcglassoFast_Primal,C,6.579332246575681e-5,0.15849999999997522,78.38985907113755
100,0.1,0,random,pcglassoFast_Primal,C,2.310129700083161e-4,0.1529999999999916,78.3899962281109
100,0.1,0,random,pcglassoFast_Primal,C,8.11130830789687e-4,0.11400000000000432,78.39078101604674
100,0.1,0,random,pcglassoFast_Primal,C,0.002848035868435802,0.10099999999999909,78.39280417718817
100,0.1,0,random,pcglassoFast_Primal,C,0.010000000000000004,0.08300000000002683,78.39984841348472
100,0.1,0,random,pcglassoFast_Primal,I,9.999999999999982e-9,0.29200000000003,78.38977149298273
100,0.1,0,random,pcglassoFast_Primal,I,3.5111917342151263e-8,0.257000000000005,78.38977153001426
100,0.1,0,random,pcglassoFast_Primal,I,1.2328467394420646e-7,0.24399999999997135,78.38977167411377
100,0.1,0,random,pcglassoFast_Primal,I,4.328761281083054e-7,0.21949999999998226,78.38977223738307
100,0.1,0,random,pcglassoFast_Primal,I,1.5199110829529328e-6,0.1969999999999743,78.3897733284692
100,0.1,0,random,pcglassoFast_Primal,I,5.336699231206308e-6,0.18300000000002115,78.38977842067231
100,0.1,0,random,pcglassoFast_Primal,I,1.873817422860384e-5,0.17349999999999,78.38979794420354
100,0.1,0,random,pcglassoFast_Primal,I,6.579332246575681e-5,0.1314999999999884,78.38987347715509
100,0.1,0,random,pcglassoFast_Primal,I,2.310129700083161e-4,0.11949999999998795,78.39002908102577
100,0.1,0,random,pcglassoFast_Primal,I,8.11130830789687e-4,0.11199999999999477,78.39054155502157
100,0.1,0,random,pcglassoFast_Primal,I,0.002848035868435802,0.08299999999999841,78.39217676793542
100,0.1,0,random,pcglassoFast_Primal,I,0.010000000000000004,0.07499999999998863,78.398613551106
100,0.1,0,random,pcglassoFast_PrimalDual,C,9.999999999999982e-9,0.38850000000002183,78.38977153971936
100,0.1,0,random,pcglassoFast_PrimalDual,C,3.5111917342151263e-8,0.23450000000002547,78.38977153971936
100,0.1,0,random,pcglassoFast_PrimalDual,C,1.2328467394420646e-7,0.19499999999999318,78.3897716235581
100,0.1,0,random,pcglassoFast_PrimalDual,C,4.328761281083054e-7,0.19149999999999068,78.38977171870113
100,0.1,0,random,pcglassoFast_PrimalDual,C,1.5199110829529328e-6,0.17700000000002092,78.38977198437881
100,0.1,0,random,pcglassoFast_PrimalDual,C,5.336699231206308e-6,0.17199999999999704,78.38977198437881
100,0.1,0,random,pcglassoFast_PrimalDual,C,1.873817422860384e-5,0.166499999999985,78.38977311825401
100,0.1,0,random,pcglassoFast_PrimalDual,C,6.579332246575681e-5,0.16599999999999682,78.38977917699205
100,0.1,0,random,pcglassoFast_PrimalDual,C,2.310129700083161e-4,0.13150000000001683,78.38981259480835
100,0.1,0,random,pcglassoFast_PrimalDual,C,8.11130830789687e-4,0.13450000000000273,78.38981259480835
100,0.1,0,random,pcglassoFast_PrimalDual,C,0.002848035868435802,0.12350000000000705,78.39000612782618
100,0.1,0,random,pcglassoFast_PrimalDual,C,0.010000000000000004,0.09800000000001319,78.39117497867507
100,0.1,0,random,pcglassoFast_PrimalDual,I,9.999999999999982e-9,0.242999999999995,78.38977155510224
100,0.1,0,random,pcglassoFast_PrimalDual,I,3.5111917342151263e-8,0.2550000000000239,78.38977155510224
100,0.1,0,random,pcglassoFast_PrimalDual,I,1.2328467394420646e-7,0.2195000000000107,78.38977164095226
100,0.1,0,random,pcglassoFast_PrimalDual,I,4.328761281083054e-7,0.19999999999998863,78.38977170392741
100,0.1,0,random,pcglassoFast_PrimalDual,I,1.5199110829529328e-6,0.1974999999999909,78.38977199068395
100,0.1,0,random,pcglassoFast_PrimalDual,I,5.336699231206308e-6,0.19549999999998136,78.38977199068395
100,0.1,0,random,pcglassoFast_PrimalDual,I,1.873817422860384e-5,0.17499999999998295,78.38977340307824
100,0.1,0,random,pcglassoFast_PrimalDual,I,6.579332246575681e-5,0.1705000000000041,78.38978065840325
100,0.1,0,random,pcglassoFast_PrimalDual,I,2.310129700083161e-4,0.16599999999999682,78.38982028261708
100,0.1,0,random,pcglassoFast_PrimalDual,I,8.11130830789687e-4,0.14599999999998658,78.38982028261708
100,0.1,0,random,pcglassoFast_PrimalDual,I,0.002848035868435802,0.13500000000001933,78.39004390732762
100,0.1,0,random,pcglassoFast_PrimalDual,I,0.010000000000000004,0.11400000000000432,78.39136805604106
100,0.1,0.5,AR2,pcglasso,C,9.999999999999982e-9,0.21699999999998454,83.35373860576664
100,0.1,0.5,AR2,pcglasso,C,3.5111917342151263e-8,0.208500000000015,83.35373860622255
100,0.1,0.5,AR2,pcglasso,C,1.2328467394420646e-7,0.19050000000004275,83.35373873094315
100,0.1,0.5,AR2,pcglasso,C,4.328761281083054e-7,0.30150000000003274,83.35373873094315
100,0.1,0.5,AR2,pcglasso,C,1.5199110829529328e-6,0.19400000000001683,83.35373883197187
100,0.1,0.5,AR2,pcglasso,C,5.336699231206308e-6,0.1815000000000282,83.35374251664507
100,0.1,0.5,AR2,pcglasso,C,1.873817422860384e-5,0.15299999999996317,83.35378624280959
100,0.1,0.5,AR2,pcglasso,C,6.579332246575681e-5,0.11549999999999727,83.35436636756052
100,0.1,0.5,AR2,pcglasso,C,2.310129700083161e-4,0.09050000000002001,83.3613070366408
100,0.1,0.5,AR2,pcglasso,C,8.11130830789687e-4,0.057999999999992724,84.02260244422519
100,0.1,0.5,AR2,pcglasso,C,0.002848035868435802,0.021999999999934516,136.434364572333
100,0.1,0.5,AR2,pcglasso,C,0.010000000000000004,0.025500000000079126,132.91286747663145
100,0.1,0.5,AR2,pcglasso,I,9.999999999999982e-9,0.1150000000000091,83.35373860579597
100,0.1,0.5,AR2,pcglasso,I,3.5111917342151263e-8,0.11000000000001364,83.35373860592892
100,0.1,0.5,AR2,pcglasso,I,1.2328467394420646e-7,0.103999999999985,83.35373861218505
100,0.1,0.5,AR2,pcglasso,I,4.328761281083054e-7,0.08949999999992997,83.3537388280602
100,0.1,0.5,AR2,pcglasso,I,1.5199110829529328e-6,0.09399999999999409,83.3537388280602
100,0.1,0.5,AR2,pcglasso,I,5.336699231206308e-6,0.08100000000001728,83.35374715701636
100,0.1,0.5,AR2,pcglasso,I,1.873817422860384e-5,0.06249999999988631,83.35383434833568
100,0.1,0.5,AR2,pcglasso,I,6.579332246575681e-5,0.03899999999998727,83.35499068672878
100,0.1,0.5,AR2,pcglasso,I,2.310129700083161e-4,0.031999999999982265,83.35431978582116
100,0.1,0.5,AR2,pcglasso,I,8.11130830789687e-4,0.021500000000060027,83.36469825675955
100,0.1,0.5,AR2,pcglasso,I,0.002848035868435802,0.019000000000005457,83.37182547100933
100,0.1,0.5,AR2,pcglasso,I,0.010000000000000004,0.014499999999884494,83.38090077171418
100,0.1,0.5,AR2,pcglassoFast_Dual,C,9.999999999999982e-9,0.03699999999997772,83.3537386062873
100,0.1,0.5,AR2,pcglassoFast_Dual,C,3.5111917342151263e-8,0.031999999999982265,83.3537386062873
100,0.1,0.5,AR2,pcglassoFast_Dual,C,1.2328467394420646e-7,0.03350000000000364,83.35373861214532
100,0.1,0.5,AR2,pcglassoFast_Dual,C,4.328761281083054e-7,0.03150000000005093,83.35373861214532
100,0.1,0.5,AR2,pcglassoFast_Dual,C,1.5199110829529328e-6,0.028999999999996362,83.35373870345818
100,0.1,0.5,AR2,pcglassoFast_Dual,C,5.336699231206308e-6,0.027500000000031832,83.35373870345818
100,0.1,0.5,AR2,pcglassoFast_Dual,C,1.873817422860384e-5,0.027999999999906322,83.35373870345818
100,0.1,0.5,AR2,pcglassoFast_Dual,C,6.579332246575681e-5,0.025500000000022283,83.35374011744314
100,0.1,0.5,AR2,pcglassoFast_Dual,C,2.310129700083161e-4,0.02600000000001046,83.35374011744314
100,0.1,0.5,AR2,pcglassoFast_Dual,C,8.11130830789687e-4,0.02400000000000091,83.35376178316929
100,0.1,0.5,AR2,pcglassoFast_Dual,C,0.002848035868435802,0.024499999999989086,83.35376178316929
100,0.1,0.5,AR2,pcglassoFast_Dual,C,0.010000000000000004,0.021999999999934516,83.35410109389167
100,0.1,0.5,AR2,pcglassoFast_Dual,I,9.999999999999982e-9,0.024499999999989086,83.35373860624433
100,0.1,0.5,AR2,pcglassoFast_Dual,I,3.5111917342151263e-8,0.01999999999998181,83.35373860624433
100,0.1,0.5,AR2,pcglassoFast_Dual,I,1.2328467394420646e-7,0.019000000000005457,83.35373861132756
100,0.1,0.5,AR2,pcglassoFast_Dual,I,4.328761281083054e-7,0.019000000000005457,83.35373861132756
100,0.1,0.5,AR2,pcglassoFast_Dual,I,1.5199110829529328e-6,0.01950000000010732,83.3537386667014
100,0.1,0.5,AR2,pcglassoFast_Dual,I,5.336699231206308e-6,0.017500000000040927,83.3537386667014
100,0.1,0.5,AR2,pcglassoFast_Dual,I,1.873817422860384e-5,0.016000000000019554,83.3537392728094
100,0.1,0.5,AR2,pcglassoFast_Dual,I,6.579332246575681e-5,0.016000000000076398,83.3537392728094
100,0.1,0.5,AR2,pcglassoFast_Dual,I,2.310129700083161e-4,0.013500000000021828,83.35374595774768
100,0.1,0.5,AR2,pcglassoFast_Dual,I,8.11130830789687e-4,0.016000000000076398,83.35374595774768
100,0.1,0.5,AR2,pcglassoFast_Dual,I,0.002848035868435802,0.012000000000057298,83.35381851582088
100,0.1,0.5,AR2,pcglassoFast_Dual,I,0.010000000000000004,0.012000000000000455,83.35381851582088
100,0.1,0.5,AR2,pcglassoFast_Primal,C,9.999999999999982e-9,0.10950000000002547,83.35373860583327
100,0.1,0.5,AR2,pcglassoFast_Primal,C,3.5111917342151263e-8,0.10250000000002046,83.35373860677643
100,0.1,0.5,AR2,pcglassoFast_Primal,C,1.2328467394420646e-7,0.10300000000006548,83.35373860677643
100,0.1,0.5,AR2,pcglassoFast_Primal,C,4.328761281083054e-7,0.09649999999999181,83.3537386196318
100,0.1,0.5,AR2,pcglassoFast_Primal,C,1.5199110829529328e-6,0.09499999999997044,83.3537386196318
100,0.1,0.5,AR2,pcglassoFast_Primal,C,5.336699231206308e-6,0.08849999999995362,83.35373879062595
100,0.1,0.5,AR2,pcglassoFast_Primal,C,1.873817422860384e-5,0.08950000000004366,83.35373879062595
100,0.1,0.5,AR2,pcglassoFast_Primal,C,6.579332246575681e-5,0.0845000000000482,83.35374107650952
100,0.1,0.5,AR2,pcglassoFast_Primal,C,2.310129700083161e-4,0.08550000000002456,83.35374107650952
100,0.1,0.5,AR2,pcglassoFast_Primal,C,8.11130830789687e-4,0.07549999999997681,83.35377237376382
100,0.1,0.5,AR2,pcglassoFast_Primal,C,0.002848035868435802,0.07449999999994361,83.35377237376382
100,0.1,0.5,AR2,pcglassoFast_Primal,C,0.010000000000000004,0.0684999999999718,83.35420224486575
100,0.1,0.5,AR2,pcglassoFast_Primal,I,9.999999999999982e-9,0.08149999999994861,83.35373860586205
100,0.1,0.5,AR2,pcglassoFast_Primal,I,3.5111917342151263e-8,0.07100000000002638,83.35373860702303
100,0.1,0.5,AR2,pcglassoFast_Primal,I,1.2328467394420646e-7,0.06499999999999773,83.353738618263435
100,0.1,0.5,AR2,pcglassoFast_Primal,I,4.328761281083054e-7,0.06349999999986267,83.353738618263435
100,0.1,0.5,AR2,pcglassoFast_Primal,I,1.5199110829529328e-6,0.057999999999992724,83.35373872743813
100,0.1,0.5,AR2,pcglassoFast_Primal,I,5.336699231206308e-6,0.06100000000003547,83.35373872743813
100,0.1,0.5,AR2,pcglassoFast_Primal,I,1.873817422860384e-5,0.05099999999993088,83.35373979268545
100,0.1,0.5,AR2,pcglassoFast_Primal,I,6.579332246575681e-5,0.05099999999993088,83.35373979268545
100,0.1,0.5,AR2,pcglassoFast_Primal,I,2.310129700083161e-4,0.045499999999890406,83.35375025527615
100,0.1,0.5,AR2,pcglassoFast_Primal,I,8.11130830789687e-4,0.044000000000096406,83.35375025527615
100,0.1,0.5,AR2,pcglassoFast_Primal,I,0.002848035868435802,0.03750000000002274,83.35385416985662
100,0.1,0.5,AR2,pcglassoFast_Primal,I,0.010000000000000004,0.039000000000100954,83.35385416985662
100,0.1,0.5,AR2,pcglassoFast_PrimalDual,C,9.999999999999982e-9,0.11950000000001637,83.35373860734323
100,0.1,0.5,AR2,pcglassoFast_PrimalDual,C,3.5111917342151263e-8,0.1099999999999568,83.35373861024506
100,0.1,0.5,AR2,pcglassoFast_PrimalDual,C,1.2328467394420646e-7,0.11100000000004684,83.35373861024506
100,0.1,0.5,AR2,pcglassoFast_PrimalDual,C,4.328761281083054e-7,0.1069999999999709,83.35373864015294
100,0.1,0.5,AR2,pcglassoFast_PrimalDual,C,1.5199110829529328e-6,0.10200000000008913,83.35373864015294
100,0.1,0.5,AR2,pcglassoFast_PrimalDual,C,5.336699231206308e-6,0.10000000000002274,83.35373898118559
100,0.1,0.5,AR2,pcglassoFast_PrimalDual,C,1.873817422860384e-5,0.09999999999990905,83.35373898118559
100,0.1,0.5,AR2,pcglassoFast_PrimalDual,C,6.579332246575681e-5,0.09000000000003183,83.35374308003823
100,0.1,0.5,AR2,pcglassoFast_PrimalDual,C,2.310129700083161e-4,0.08899999999994179,83.35374308003823
100,0.1,0.5,AR2,pcglassoFast_PrimalDual,C,8.11130830789687e-4,0.08049999999991542,83.35379232296253
100,0.1,0.5,AR2,pcglassoFast_PrimalDual,C,0.002848035868435802,0.08199999999999363,83.35379232296253
100,0.1,0.5,AR2,pcglassoFast_PrimalDual,C,0.010000000000000004,0.07449999999994361,83.35438672266037
100,0.1,0.5,AR2,pcglassoFast_PrimalDual,I,9.999999999999982e-9,0.08250000000003865,83.3537386067911
100,0.1,0.5,AR2,pcglassoFast_PrimalDual,I,3.5111917342151263e-8,0.0724999999999909,83.35373860861324
100,0.1,0.5,AR2,pcglassoFast_PrimalDual,I,1.2328467394420646e-7,0.17449999999996635,83.35373860861324
100,0.1,0.5,AR2,pcglassoFast_PrimalDual,I,4.328761281083054e-7,0.06599999999997408,83.35373861995014
100,0.1,0.5,AR2,pcglassoFast_PrimalDual,I,1.5199110829529328e-6,0.05950000000007094,83.35373875554289
100,0.1,0.5,AR2,pcglassoFast_PrimalDual,I,5.336699231206308e-6,0.0584999999999809,83.35373875554289
100,0.1,0.5,AR2,pcglassoFast_PrimalDual,I,1.873817422860384e-5,0.05299999999999727,83.35373992274687
100,0.1,0.5,AR2,pcglassoFast_PrimalDual,I,6.579332246575681e-5,0.05250000000006594,83.35373992274687
100,0.1,0.5,AR2,pcglassoFast_PrimalDual,I,2.310129700083161e-4,0.04899999999997817,83.35375045920898
100,0.1,0.5,AR2,pcglassoFast_PrimalDual,I,8.11130830789687e-4,0.045000000000015916,83.35375045920898
100,0.1,0.5,AR2,pcglassoFast_PrimalDual,I,0.002848035868435802,0.03899999999998727,83.35388187315431
100,0.1,0.5,AR2,pcglassoFast_PrimalDual,I,0.010000000000000004,0.16250000000002274,83.35388187315431
100,0.1,0.5,hub_09,pcglasso,C,9.999999999999982e-9,0.4994999999999834,84.53021725947514
100,0.1,0.5,hub_09,pcglasso,C,3.5111917342151263e-8,0.5535000000000139,84.53021725654897
100,0.1,0.5,hub_09,pcglasso,C,1.2328467394420646e-7,0.4509999999999934,84.53021725956101
100,0.1,0.5,hub_09,pcglasso,C,4.328761281083054e-7,0.4240000000000066,84.5302172598139
100,0.1,0.5,hub_09,pcglasso,C,1.5199110829529328e-6,0.39099999999999113,84.53021767956609
100,0.1,0.5,hub_09,pcglasso,C,5.336699231206308e-6,0.3574999999999875,84.53022280008726
100,0.1,0.5,hub_09,pcglasso,C,1.873817422860384e-5,0.28700000000000614,84.53027385399
100,0.1,0.5,hub_09,pcglasso,C,6.579332246575681e-5,0.1490000000000009,84.53194474122398
100,0.1,0.5,hub_09,pcglasso,C,2.310129700083161e-4,0.11950000000001637,84.53839256418091
100,0.1,0.5,hub_09,pcglasso,C,8.11130830789687e-4,0.0689999999999884,84.54951165790253
100,0.1,0.5,hub_09,pcglasso,C,0.002848035868435802,0.019499999999993634,111.24502526522413
100,0.1,0.5,hub_09,pcglasso,C,0.010000000000000004,0.024499999999989086,111.24502526522413
100,0.1,0.5,hub_09,pcglasso,I,9.999999999999982e-9,0.6205000000000069,84.5302172479682
100,0.1,0.5,hub_09,pcglasso,I,3.5111917342151263e-8,0.5234999999999985,84.53021725718956
100,0.1,0.5,hub_09,pcglasso,I,1.2328467394420646e-7,0.5090000000000146,84.53021725869408
100,0.1,0.5,hub_09,pcglasso,I,4.328761281083054e-7,0.7959999999999923,84.5302172683661
100,0.1,0.5,hub_09,pcglasso,I,1.5199110829529328e-6,0.5124999999999886,84.53021790657415
100,0.1,0.5,hub_09,pcglasso,I,5.336699231206308e-6,0.39500000000001023,84.53022126463328
100,0.1,0.5,hub_09,pcglasso,I,1.873817422860384e-5,0.3149999999999977,84.5302680647562
100,0.1,0.5,hub_09,pcglasso,I,6.579332246575681e-5,0.17600000000001614,84.53067623928942
100,0.1,0.5,hub_09,pcglasso,I,2.310129700083161e-4,0.05999999999997385,84.53653104579435
100,0.1,0.5,hub_09,pcglasso,I,8.11130830789687e-4,0.17599999999998772,84.56143370560002
100,0.1,0.5,hub_09,pcglasso,I,0.002848035868435802,0.020000000000010232,84.56059346587719
100,0.1,0.5,hub_09,pcglasso,I,0.010000000000000004,0.01850000000001728,84.64955488309258
100,0.1,0.5,hub_09,pcglassoFast_Dual,C,9.999999999999982e-9,0.04599999999999227,84.5302172493835
100,0.1,0.5,hub_09,pcglassoFast_Dual,C,3.5111917342151263e-8,0.03899999999998727,84.5302172493835
100,0.1,0.5,hub_09,pcglassoFast_Dual,C,1.2328467394420646e-7,0.03650000000001796,84.53021725755362
100,0.1,0.5,hub_09,pcglassoFast_Dual,C,4.328761281083054e-7,0.034000000000006025,84.53021729292523
100,0.1,0.5,hub_09,pcglassoFast_Dual,C,1.5199110829529328e-6,0.03100000000000591,84.53021745115123
100,0.1,0.5,hub_09,pcglassoFast_Dual,C,5.336699231206308e-6,0.030499999999989313,84.53021820344642
100,0.1,0.5,hub_09,pcglassoFast_Dual,C,1.873817422860384e-5,0.0315000000000083,84.53022179382806
100,0.1,0.5,hub_09,pcglassoFast_Dual,C,6.579332246575681e-5,0.03499999999999659,84.53022179382806
100,0.1,0.5,hub_09,pcglassoFast_Dual,C,2.310129700083161e-4,0.14400000000000546,84.53023816122973
100,0.1,0.5,hub_09,pcglassoFast_Dual,C,8.11130830789687e-4,0.024499999999989086,84.53055655705616
100,0.1,0.5,hub_09,pcglassoFast_Dual,C,0.002848035868435802,0.02600000000002467,84.53127090919483
100,0.1,0.5,hub_09,pcglassoFast_Dual,C,0.010000000000000004,0.018000000000000682,84.53283436798094
100,0.1,0.5,hub_09,pcglassoFast_Dual,I,9.999999999999982e-9,0.16900000000001114,84.53021724835023
100,0.1,0.5,hub_09,pcglassoFast_Dual,I,3.5111917342151263e-8,0.04649999999999466,84.53021725378845
100,0.1,0.5,hub_09,pcglassoFast_Dual,I,1.2328467394420646e-7,0.04400000000001114,84.53021727885636
100,0.1,0.5,hub_09,pcglassoFast_Dual,I,4.328761281083054e-7,0.04099999999999682,84.53021727885636
100,0.1,0.5,hub_09,pcglassoFast_Dual,I,1.5199110829529328e-6,0.03899999999998727,84.53021739068637
100,0.1,0.5,hub_09,pcglassoFast_Dual,I,5.336699231206308e-6,0.04449999999999932,84.5302178736418
100,0.1,0.5,hub_09,pcglassoFast_Dual,I,1.873817422860384e-5,0.14699999999999136,84.53021985916094
100,0.1,0.5,hub_09,pcglassoFast_Dual,I,6.579332246575681e-5,0.03599999999998715,84.53022739170888
100,0.1,0.5,hub_09,pcglassoFast_Dual,I,2.310129700083161e-4,0.03149999999999409,84.53032097389824
100,0.1,0.5,hub_09,pcglassoFast_Dual,I,8.11130830789687e-4,0.023500000000012733,84.53079813062945
100,0.1,0.5,hub_09,pcglassoFast_Dual,I,0.002848035868435802,0.025500000000008072,84.53260887640116
100,0.1,0.5,hub_09,pcglassoFast_Dual,I,0.010000000000000004,0.013499999999993406,84.54425772754598
100,0.1,0.5,hub_09,pcglassoFast_Primal,C,9.999999999999982e-9,0.18799999999998818,84.53021725241051
100,0.1,0.5,hub_09,pcglassoFast_Primal,C,3.5111917342151263e-8,0.16949999999999932,84.53021727328498
100,0.1,0.5,hub_09,pcglassoFast_Primal,C,1.2328467394420646e-7,0.16100000000000136,84.53021730583073
100,0.1,0.5,hub_09,pcglassoFast_Primal,C,4.328761281083054e-7,0.14499999999999602,84.53021754043476
100,0.1,0.5,hub_09,pcglassoFast_Primal,C,1.5199110829529328e-6,0.13700000000000045,84.53021790234475
100,0.1,0.5,hub_09,pcglassoFast_Primal,C,5.336699231206308e-6,0.12449999999999761,84.53022052624813
100,0.1,0.5,hub_09,pcglassoFast_Primal,C,1.873817422860384e-5,0.13150000000000261,84.53022465179248
100,0.1,0.5,hub_09,pcglassoFast_Primal,C,6.579332246575681e-5,0.09600000000000364,84.53025550148875
100,0.1,0.5,hub_09,pcglassoFast_Primal,C,2.310129700083161e-4,0.1004999999999967,84.53030505936715
100,0.1,0.5,hub_09,pcglassoFast_Primal,C,8.11130830789687e-4,0.0829999999999842,84.53068878382712
100,0.1,0.5,hub_09,pcglassoFast_Primal,C,0.002848035868435802,0.06649999999999068,84.53134942334782
100,0.1,0.5,hub_09,pcglassoFast_Primal,C,0.010000000000000004,0.06699999999999307,84.53305436608865
100,0.1,0.5,hub_09,pcglassoFast_Primal,I,9.999999999999982e-9,0.20399999999999352,84.53021725140691
100,0.1,0.5,hub_09,pcglassoFast_Primal,I,3.5111917342151263e-8,0.17600000000000193,84.53021726851307
100,0.1,0.5,hub_09,pcglassoFast_Primal,I,1.2328467394420646e-7,0.16250000000002274,84.53021729513345
100,0.1,0.5,hub_09,pcglassoFast_Primal,I,4.328761281083054e-7,0.15449999999999875,84.53021748611295
100,0.1,0.5,hub_09,pcglassoFast_Primal,I,1.5199110829529328e-6,0.1519999999999868,84.53021842865682
100,0.1,0.5,hub_09,pcglassoFast_Primal,I,5.336699231206308e-6,0.12549999999998818,84.53021986804718
100,0.1,0.5,hub_09,pcglassoFast_Primal,I,1.873817422860384e-5,0.12650000000000716,84.53023020094872
100,0.1,0.5,hub_09,pcglassoFast_Primal,I,6.579332246575681e-5,0.12049999999999272,84.53024586103643
100,0.1,0.5,hub_09,pcglassoFast_Primal,I,2.310129700083161e-4,0.09049999999999159,84.53035348262131
100,0.1,0.5,hub_09,pcglassoFast_Primal,I,8.11130830789687e-4,0.08249999999999602,84.53082749826063
100,0.1,0.5,hub_09,pcglassoFast_Primal,I,0.002848035868435802,0.06100000000000705,84.53264709427452
100,0.1,0.5,hub_09,pcglassoFast_Primal,I,0.010000000000000004,0.03350000000000364,84.54418586185155
100,0.1,0.5,hub_09,pcglassoFast_PrimalDual,C,9.999999999999982e-9,0.16849999999999454,84.53021725183112
100,0.1,0.5,hub_09,pcglassoFast_PrimalDual,C,3.5111917342151263e-8,0.16150000000000375,84.53021727054976
100,0.1,0.5,hub_09,pcglassoFast_PrimalDual,C,1.2328467394420646e-7,0.15349999999999397,84.53021730019555
100,0.1,0.5,hub_09,pcglassoFast_PrimalDual,C,4.328761281083054e-7,0.13750000000001705,84.53021751656101
100,0.1,0.5,hub_09,pcglassoFast_PrimalDual,C,1.5199110829529328e-6,0.13700000000000045,84.53021785443767
100,0.1,0.5,hub_09,pcglassoFast_PrimalDual,C,5.336699231206308e-6,0.13249999999999318,84.53022034321206
100,0.1,0.5,hub_09,pcglassoFast_PrimalDual,C,1.873817422860384e-5,0.10699999999999932,84.5302243046993
100,0.1,0.5,hub_09,pcglassoFast_PrimalDual,C,6.579332246575681e-5,0.10649999999999693,84.53025439849603
100,0.1,0.5,hub_09,pcglassoFast_PrimalDual,C,2.310129700083161e-4,0.09550000000000125,84.53030333257477
100,0.1,0.5,hub_09,pcglassoFast_PrimalDual,C,8.11130830789687e-4,0.06900000000001683,84.5306880493962
100,0.1,0.5,hub_09,pcglassoFast_PrimalDual,C,0.002848035868435802,0.07049999999998136,84.53135780268069
100,0.1,0.5,hub_09,pcglassoFast_PrimalDual,C,0.010000000000000004,0.05900000000002592,84.53309918139547
100,0.1,0.5,hub_09,pcglassoFast_PrimalDual,I,9.999999999999982e-9,0.3160000000000025,84.53021725078997
100,0.1,0.5,hub_09,pcglassoFast_PrimalDual,I,3.5111917342151263e-8,0.1705000000000041,84.53021726560955
100,0.1,0.5,hub_09,pcglassoFast_PrimalDual,I,1.2328467394420646e-7,0.15850000000001785,84.53021734109606
100,0.1,0.5,hub_09,pcglassoFast_PrimalDual,I,4.328761281083054e-7,0.27550000000000807,84.5302174585618
100,0.1,0.5,hub_09,pcglassoFast_PrimalDual,I,1.5199110829529328e-6,0.13350000000002638,84.53021831205842
100,0.1,0.5,hub_09,pcglassoFast_PrimalDual,I,5.336699231206308e-6,0.12749999999999773,84.53021963207065
100,0.1,0.5,hub_09,pcglassoFast_PrimalDual,I,1.873817422860384e-5,0.12400000000000944,84.53022926922685
100,0.1,0.5,hub_09,pcglassoFast_PrimalDual,I,6.579332246575681e-5,0.10550000000000637,84.53024406964742
100,0.1,0.5,hub_09,pcglassoFast_PrimalDual,I,2.310129700083161e-4,0.10099999999999909,84.53034756552135
100,0.1,0.5,hub_09,pcglassoFast_PrimalDual,I,8.11130830789687e-4,0.08400000000000318,84.53081276177656
100,0.1,0.5,hub_09,pcglassoFast_PrimalDual,I,0.002848035868435802,0.056500000000028194,84.53263063167144
100,0.1,0.5,hub_09,pcglassoFast_PrimalDual,I,0.010000000000000004,0.03900000000000148,84.54426553606059
100,0.1,0.5,hub_1,pcglasso,C,9.999999999999982e-9,1.309000000000026,53.143061592635085
100,0.1,0.5,hub_1,pcglasso,C,3.5111917342151263e-8,1.163000000000011,53.143061619983406
100,0.1,0.5,hub_1,pcglasso,C,1.2328467394420646e-7,1.2600000000000477,53.143062017838716
100,0.1,0.5,hub_1,pcglasso,C,4.328761281083054e-7,1.045500000000061,53.14307065103341
100,0.1,0.5,hub_1,pcglasso,C,1.5199110829529328e-6,0.8424999999999727,53.14308726508902
100,0.1,0.5,hub_1,pcglasso,C,5.336699231206308e-6,0.8034999999999854,53.14354834643554
100,0.1,0.5,hub_1,pcglasso,C,1.873817422860384e-5,0.5430000000000064,53.14597114017312
100,0.1,0.5,hub_1,pcglasso,C,6.579332246575681e-5,0.4970000000000141,53.14827146274159
100,0.1,0.5,hub_1,pcglasso,C,2.310129700083161e-4,0.4460000000000264,53.313376426466235
100,0.1,0.5,hub_1,pcglasso,C,8.11130830789687e-4,0.6279999999999291,59.18821106884575
100,0.1,0.5,hub_1,pcglasso,C,0.002848035868435802,0.16050000000007003,138.48813210006958
100,0.1,0.5,hub_1,pcglasso,C,0.010000000000000004,0.15550000000007458,138.48813210006958
100,0.1,0.5,hub_1,pcglasso,I,9.999999999999982e-9,2.315999999999974,53.14306159260173
100,0.1,0.5,hub_1,pcglasso,I,3.5111917342151263e-8,2.252999999999986,53.14306161876891
100,0.1,0.5,hub_1,pcglasso,I,1.2328467394420646e-7,2.028500000000008,53.14306210898454
100,0.1,0.5,hub_1,pcglasso,I,4.328761281083054e-7,2.048000000000002,53.14306486729385
100,0.1,0.5,hub_1,pcglasso,I,1.5199110829529328e-6,1.8524999999999636,53.14309578990391
100,0.1,0.5,hub_1,pcglasso,I,5.336699231206308e-6,1.4314999999999714,53.14316546369256
100,0.1,0.5,hub_1,pcglasso,I,1.873817422860384e-5,0.9694999999999254,53.14532457480346
100,0.1,0.5,hub_1,pcglasso,I,6.579332246575681e-5,0.7024999999999864,53.15708368491945
100,0.1,0.5,hub_1,pcglasso,I,2.310129700083161e-4,0.06700000000000728,58.27381113349919
100,0.1,0.5,hub_1,pcglasso,I,8.11130830789687e-4,0.06100000000003547,58.282181511014834
100,0.1,0.5,hub_1,pcglasso,I,0.002848035868435802,0.03849999999999909,58.994995801510726
100,0.1,0.5,hub_1,pcglasso,I,0.010000000000000004,0.03000000000002956,59.264208142079404
100,0.1,0.5,hub_1,pcglassoFast_Dual,C,9.999999999999982e-9,0.60450000000003,53.14306159924152
100,0.1,0.5,hub_1,pcglassoFast_Dual,C,3.5111917342151263e-8,0.7835000000001173,53.143061709219765
100,0.1,0.5,hub_1,pcglassoFast_Dual,C,1.2328467394420646e-7,0.3909999999999627,53.14306173157789
100,0.1,0.5,hub_1,pcglassoFast_Dual,C,4.328761281083054e-7,0.5635000000000332,53.143061811976274
100,0.1,0.5,hub_1,pcglassoFast_Dual,C,1.5199110829529328e-6,0.4259999999999309,53.14306261511016
100,0.1,0.5,hub_1,pcglassoFast_Dual,C,5.336699231206308e-6,0.34499999999997044,53.14306261511016
100,0.1,0.5,hub_1,pcglassoFast_Dual,C,1.873817422860384e-5,0.3170000000000073,53.14306349566828
100,0.1,0.5,hub_1,pcglassoFast_Dual,C,6.579332246575681e-5,0.4115000000000464,53.143307365060565
100,0.1,0.5,hub_1,pcglassoFast_Dual,C,2.310129700083161e-4,0.26000000000004775,53.143307365060565
100,0.1,0.5,hub_1,pcglassoFast_Dual,C,8.11130830789687e-4,0.3840000000000714,53.14335809958646
100,0.1,0.5,hub_1,pcglassoFast_Dual,C,0.002848035868435802,0.20799999999997,53.15044294248106
100,0.1,0.5,hub_1,pcglassoFast_Dual,C,0.010000000000000004,0.20200000000005502,53.15224206278027
100,0.1,0.5,hub_1,pcglassoFast_Dual,I,9.999999999999982e-9,0.8819999999999482,53.14306159471395
100,0.1,0.5,hub_1,pcglassoFast_Dual,I,3.5111917342151263e-8,1.0185000000000173,53.143061597479566
100,0.1,0.5,hub_1,pcglassoFast_Dual,I,1.2328467394420646e-7,1.0069999999999482,53.14306203676791
100,0.1,0.5,hub_1,pcglassoFast_Dual,I,4.328761281083054e-7,0.9544999999999959,53.14306205020012
100,0.1,0.5,hub_1,pcglassoFast_Dual,I,1.5199110829529328e-6,0.9614999999999441,53.14306205020012
100,0.1,0.5,hub_1,pcglassoFast_Dual,I,5.336699231206308e-6,0.8990000000000009,53.14306326168554
100,0.1,0.5,hub_1,pcglassoFast_Dual,I,1.873817422860384e-5,0.896000000000015,53.143074018863175
100,0.1,0.5,hub_1,pcglassoFast_Dual,I,6.579332246575681e-5,0.8654999999999404,53.143106640828606
100,0.1,0.5,hub_1,pcglassoFast_Dual,I,2.310129700083161e-4,0.7335000000000491,53.14327326909591
100,0.1,0.5,hub_1,pcglassoFast_Dual,I,8.11130830789687e-4,0.8374999999999773,53.14369843417223
100,0.1,0.5,hub_1,pcglassoFast_Dual,I,0.002848035868435802,0.8410000000000082,53.143436443234265
100,0.1,0.5,hub_1,pcglassoFast_Dual,I,0.010000000000000004,0.7024999999999864,53.14866649198945
100,0.1,0.5,hub_1,pcglassoFast_Primal,C,9.999999999999982e-9,0.8555000000000064,53.14306163580051
100,0.1,0.5,hub_1,pcglassoFast_Primal,C,3.5111917342151263e-8,0.6500000000000341,53.14306176448184
100,0.1,0.5,hub_1,pcglassoFast_Primal,C,1.2328467394420646e-7,0.7719999999999914,53.14306228784608
100,0.1,0.5,hub_1,pcglassoFast_Primal,C,4.328761281083054e-7,0.5299999999999727,53.14306394997555
100,0.1,0.5,hub_1,pcglassoFast_Primal,C,1.5199110829529328e-6,0.4980000000000473,53.143067884431375
100,0.1,0.5,hub_1,pcglassoFast_Primal,C,5.336699231206308e-6,0.5924999999999727,53.14306860934281
100,0.1,0.5,hub_1,pcglassoFast_Primal,C,1.873817422860384e-5,0.3995000000001028,53.14308780886237
100,0.1,0.5,hub_1,pcglassoFast_Primal,C,6.579332246575681e-5,0.3299999999999841,53.14340662937388
100,0.1,0.5,hub_1,pcglassoFast_Primal,C,2.310129700083161e-4,0.2729999999999677,53.1442478882003
100,0.1,0.5,hub_1,pcglassoFast_Primal,C,8.11130830789687e-4,0.24149999999997362,53.14602112140103
100,0.1,0.5,hub_1,pcglassoFast_Primal,C,0.002848035868435802,0.19899999999995543,53.15382640376582
100,0.1,0.5,hub_1,pcglassoFast_Primal,C,0.010000000000000004,0.16599999999993997,53.16962374243203
100,0.1,0.5,hub_1,pcglassoFast_Primal,I,9.999999999999982e-9,0.819500000000005,53.14306163613285
100,0.1,0.5,hub_1,pcglassoFast_Primal,I,3.5111917342151263e-8,0.8975000000000364,53.14306173672765
100,0.1,0.5,hub_1,pcglassoFast_Primal,I,1.2328467394420646e-7,0.7339999999999804,53.143062154962884
100,0.1,0.5,hub_1,pcglassoFast_Primal,I,4.328761281083054e-7,0.6764999999999759,53.14306382403459
100,0.1,0.5,hub_1,pcglassoFast_Primal,I,1.5199110829529328e-6,0.6274999999999409,53.14306761203266
100,0.1,0.5,hub_1,pcglassoFast_Primal,I,5.336699231206308e-6,0.6030000000000086,53.14306775887469
100,0.1,0.5,hub_1,pcglassoFast_Primal,I,1.873817422860384e-5,0.6890000000000782,53.14308406637556
100,0.1,0.5,hub_1,pcglassoFast_Primal,I,6.579332246575681e-5,0.4594999999999345,53.14328467438596
100,0.1,0.5,hub_1,pcglassoFast_Primal,I,2.310129700083161e-4,0.39749999999997954,53.14401815615275
100,0.1,0.5,hub_1,pcglassoFast_Primal,I,8.11130830789687e-4,0.3365000000000009,53.146107040604335
100,0.1,0.5,hub_1,pcglassoFast_Primal,I,0.002848035868435802,0.28949999999997544,53.155162058355906
100,0.1,0.5,hub_1,pcglassoFast_Primal,I,0.010000000000000004,0.2540000000000191,53.15955068800201
100,0.1,0.5,hub_1,pcglassoFast_PrimalDual,C,9.999999999999982e-9,0.20050000000003365,53.143061592017354
100,0.1,0.5,hub_1,pcglassoFast_PrimalDual,C,3.5111917342151263e-8,0.09449999999998226,53.143061592017354
100,0.1,0.5,hub_1,pcglassoFast_PrimalDual,C,1.2328467394420646e-7,0.08699999999998909,53.14306159906116
100,0.1,0.5,hub_1,pcglassoFast_PrimalDual,C,4.328761281083054e-7,0.08599999999995589,53.143061635801395
100,0.1,0.5,hub_1,pcglassoFast_PrimalDual,C,1.5199110829529328e-6,0.07349999999996726,53.14306184915925
100,0.1,0.5,hub_1,pcglassoFast_PrimalDual,C,5.336699231206308e-6,0.07650000000001,53.14306184915925
100,0.1,0.5,hub_1,pcglassoFast_PrimalDual,C,1.873817422860384e-5,0.0724999999999909,53.14306332231624
100,0.1,0.5,hub_1,pcglassoFast_PrimalDual,C,6.579332246575681e-5,0.06700000000000728,53.14306332231624
100,0.1,0.5,hub_1,pcglassoFast_PrimalDual,C,2.310129700083161e-4,0.0625,53.143073568632346
100,0.1,0.5,hub_1,pcglassoFast_PrimalDual,C,8.11130830789687e-4,0.05600000000004002,53.14314804964268
100,0.1,0.5,hub_1,pcglassoFast_PrimalDual,C,0.002848035868435802,0.05550000000005184,53.14314804964268
100,0.1,0.5,hub_1,pcglassoFast_PrimalDual,C,0.010000000000000004,0.04899999999997817,53.14371502189948
100,0.1,0.5,hub_1,pcglassoFast_PrimalDual,I,9.999999999999982e-9,0.22849999999999682,53.143061591557625
100,0.1,0.5,hub_1,pcglassoFast_PrimalDual,I,3.5111917342151263e-8,0.34899999999998954,53.14306159440535
100,0.1,0.5,hub_1,pcglassoFast_PrimalDual,I,1.2328467394420646e-7,0.2185000000000059,53.14306160880651
100,0.1,0.5,hub_1,pcglassoFast_PrimalDual,I,4.328761281083054e-7,0.2130000000001928,53.14306160880651
100,0.1,0.5,hub_1,pcglassoFast_PrimalDual,I,1.5199110829529328e-6,0.3345000000000482,53.143061705890204
100,0.1,0.5,hub_1,pcglassoFast_PrimalDual,I,5.336699231206308e-6,0.20900000000000318,53.14306239474693
100,0.1,0.5,hub_1,pcglassoFast_PrimalDual,I,1.873817422860384e-5,0.20600000000013097,53.14306239474693
100,0.1,0.5,hub_1,pcglassoFast_PrimalDual,I,6.579332246575681e-5,0.3065000000000282,53.14306692796534
100,0.1,0.5,hub_1,pcglassoFast_PrimalDual,I,2.310129700083161e-4,0.19650000000001455,53.14306692796534
100,0.1,0.5,hub_1,pcglassoFast_PrimalDual,I,8.11130830789687e-4,0.1934999999999718,53.14310227557577
100,0.1,0.5,hub_1,pcglassoFast_PrimalDual,I,0.002848035868435802,0.19449999999994816,53.14310227557577
100,0.1,0.5,hub_1,pcglassoFast_PrimalDual,I,0.010000000000000004,0.1834999999999809,53.14342700600844
100,0.1,0.5,random,pcglasso,C,9.999999999999982e-9,0.6954999999999814,81.5589513735721
100,0.1,0.5,random,pcglasso,C,3.5111917342151263e-8,0.39799999999999613,81.5589513903743
100,0.1,0.5,random,pcglasso,C,1.2328467394420646e-7,0.332499999999996,81.55895168709492
100,0.1,0.5,random,pcglasso,C,4.328761281083054e-7,0.3109999999999786,81.55895201086112
100,0.1,0.5,random,pcglasso,C,1.5199110829529328e-6,0.299500000000009,81.55895720732397
100,0.1,0.5,random,pcglasso,C,5.336699231206308e-6,0.3190000000000026,81.55897545218738
100,0.1,0.5,random,pcglasso,C,1.873817422860384e-5,0.20250000000001478,81.55963277599783
100,0.1,0.5,random,pcglasso,C,6.579332246575681e-5,0.16250000000000853,81.56296911336042
100,0.1,0.5,random,pcglasso,C,2.310129700083161e-4,0.11250000000001137,81.59546820143532
100,0.1,0.5,random,pcglasso,C,8.11130830789687e-4,0.0689999999999884,81.90939959429232
100,0.1,0.5,random,pcglasso,C,0.002848035868435802,0.02750000000000341,133.57584798735965
100,0.1,0.5,random,pcglasso,C,0.010000000000000004,0.022500000000007958,134.81981509732753
100,0.1,0.5,random,pcglasso,I,9.999999999999982e-9,0.4684999999999917,81.55895138101572
100,0.1,0.5,random,pcglasso,I,3.5111917342151263e-8,0.23749999999998295,81.5589514649992
100,0.1,0.5,random,pcglasso,I,1.2328467394420646e-7,0.23499999999998522,81.5589515146435
100,0.1,0.5,random,pcglasso,I,4.328761281083054e-7,0.21999999999998465,81.55895166691317
100,0.1,0.5,random,pcglasso,I,1.5199110829529328e-6,0.18950000000000955,81.5589596027848
100,0.1,0.5,random,pcglasso,I,5.336699231206308e-6,0.18900000000000716,81.55911013099958
100,0.1,0.5,random,pcglasso,I,1.873817422860384e-5,0.14449999999999363,81.5595143401375
100,0.1,0.5,random,pcglasso,I,6.579332246575681e-5,0.07850000000001955,81.56959155196824
100,0.1,0.5,random,pcglasso,I,2.310129700083161e-4,0.06200000000001182,81.60055063729634
100,0.1,0.5,random,pcglasso,I,8.11130830789687e-4,0.03349999999998943,81.78333805712799
100,0.1,0.5,random,pcglasso,I,0.002848035868435802,0.027999999999991587,81.60716650070226
100,0.1,0.5,random,pcglasso,I,0.010000000000000004,0.028499999999979764,82.02497683504468
100,0.1,0.5,random,pcglassoFast_Dual,C,9.999999999999982e-9,0.05150000000001853,81.55895137253016
100,0.1,0.5,random,pcglassoFast_Dual,C,3.5111917342151263e-8,0.04650000000003729,81.55895137568767
100,0.1,0.5,random,pcglassoFast_Dual,C,1.2328467394420646e-7,0.05100000000000193,81.55895137568767
100,0.1,0.5,random,pcglassoFast_Dual,C,4.328761281083054e-7,0.05000000000001137,81.5589513951975
100,0.1,0.5,random,pcglassoFast_Dual,C,1.5199110829529328e-6,0.038000000000010914,81.5589526317538
100,0.1,0.5,random,pcglassoFast_Dual,C,5.336699231206308e-6,0.036000000000001364,81.55895373779533
100,0.1,0.5,random,pcglassoFast_Dual,C,1.873817422860384e-5,0.03900000000000148,81.55895681489321
100,0.1,0.5,random,pcglassoFast_Dual,C,6.579332246575681e-5,0.030000000000001137,81.55898894430999
100,0.1,0.5,random,pcglassoFast_Dual,C,2.310129700083161e-4,0.036000000000001364,81.55904823777566
100,0.1,0.5,random,pcglassoFast_Dual,C,8.11130830789687e-4,0.029000000000024784,81.55917196318293
100,0.1,0.5,random,pcglassoFast_Dual,C,0.002848035868435802,0.02950000000001296,81.55917196318293
100,0.1,0.5,random,pcglassoFast_Dual,C,0.010000000000000004,0.029000000000010573,81.55992786857936
100,0.1,0.5,random,pcglassoFast_Dual,I,9.999999999999982e-9,0.04399999999999693,81.5589513763401
100,0.1,0.5,random,pcglassoFast_Dual,I,3.5111917342151263e-8,0.041499999999999204,81.55895140092946
100,0.1,0.5,random,pcglassoFast_Dual,I,1.2328467394420646e-7,0.037499999999994316,81.558951432978
100,0.1,0.5,random,pcglassoFast_Dual,I,4.328761281083054e-7,0.03550000000001319,81.55895153900659
100,0.1,0.5,random,pcglassoFast_Dual,I,1.5199110829529328e-6,0.03750000000002274,81.55895187785967
100,0.1,0.5,random,pcglassoFast_Dual,I,5.336699231206308e-6,0.1425000000000125,81.55895263895196
100,0.1,0.5,random,pcglassoFast_Dual,I,1.873817422860384e-5,0.028500000000008185,81.558954164488
100,0.1,0.5,random,pcglassoFast_Dual,I,6.579332246575681e-5,0.026499999999998636,81.55896007311553
100,0.1,0.5,random,pcglassoFast_Dual,I,2.310129700083161e-4,0.025500000000022283,81.55898433576986
100,0.1,0.5,random,pcglassoFast_Dual,I,8.11130830789687e-4,0.02200000000000557,81.5590906492997
100,0.1,0.5,random,pcglassoFast_Dual,I,0.002848035868435802,0.020000000000010232,81.5590906492997
100,0.1,0.5,random,pcglassoFast_Dual,I,0.010000000000000004,0.019000000000005457,81.5590906492997
100,0.1,0.5,random,pcglassoFast_Primal,C,9.999999999999982e-9,0.16199999999997772,81.55895137375045
100,0.1,0.5,random,pcglassoFast_Primal,C,3.5111917342151263e-8,0.1599999999999966,81.55895137752802
100,0.1,0.5,random,pcglassoFast_Primal,C,1.2328467394420646e-7,0.14049999999998875,81.55895142681219
100,0.1,0.5,random,pcglassoFast_Primal,C,4.328761281083054e-7,0.2604999999999791,81.558951529047
100,0.1,0.5,random,pcglassoFast_Primal,C,1.5199110829529328e-6,0.12699999999999534,81.55895181691274
100,0.1,0.5,random,pcglassoFast_Primal,C,5.336699231206308e-6,0.13000000000000966,81.55895272233582
100,0.1,0.5,random,pcglassoFast_Primal,C,1.873817422860384e-5,0.10599999999999454,81.5589554417838
100,0.1,0.5,random,pcglassoFast_Primal,C,6.579332246575681e-5,0.25549999999999784,81.55896347437168
100,0.1,0.5,random,pcglassoFast_Primal,C,2.310129700083161e-4,0.1045000000000158,81.55898750773908
100,0.1,0.5,random,pcglassoFast_Primal,C,8.11130830789687e-4,0.08699999999998909,81.55906282767351
100,0.1,0.5,random,pcglassoFast_Primal,C,0.002848035868435802,0.08750000000000568,81.5593189926446
100,0.1,0.5,random,pcglassoFast_Primal,C,0.010000000000000004,0.0689999999999884,81.56034725186049
100,0.1,0.5,random,pcglassoFast_Primal,I,9.999999999999982e-9,0.15749999999999886,81.5589513740564
100,0.1,0.5,random,pcglassoFast_Primal,I,3.5111917342151263e-8,0.13949999999999818,81.55895137842191
100,0.1,0.5,random,pcglassoFast_Primal,I,1.2328467394420646e-7,0.1290000000000191,81.55895143449924
100,0.1,0.5,random,pcglassoFast_Primal,I,4.328761281083054e-7,0.12000000000000455,81.55895155173809
100,0.1,0.5,random,pcglassoFast_Primal,I,1.5199110829529328e-6,0.10900000000000887,81.55895188503304
100,0.1,0.5,random,pcglassoFast_Primal,I,5.336699231206308e-6,0.10800000000000409,81.55895293634035
100,0.1,0.5,random,pcglassoFast_Primal,I,1.873817422860384e-5,0.10849999999999227,81.55895612782146
100,0.1,0.5,random,pcglassoFast_Primal,I,6.579332246575681e-5,0.08749999999997726,81.55896566780116
100,0.1,0.5,random,pcglassoFast_Primal,I,2.310129700083161e-4,0.0905000000000058,81.5589937093239
100,0.1,0.5,random,pcglassoFast_Primal,I,8.11130830789687e-4,0.07300000000002171,81.55931452056677
100,0.1,0.5,random,pcglassoFast_Primal,I,0.002848035868435802,0.05550000000002342,81.56004506988573
100,0.1,0.5,random,pcglassoFast_Primal,I,0.010000000000000004,0.05700000000000216,81.56242994311509
100,0.1,0.5,random,pcglassoFast_PrimalDual,C,9.999999999999982e-9,0.23700000000000898,81.55895139839234
100,0.1,0.5,random,pcglassoFast_PrimalDual,C,3.5111917342151263e-8,0.20350000000000534,81.55895140679614
100,0.1,0.5,random,pcglassoFast_PrimalDual,C,1.2328467394420646e-7,0.19149999999999068,81.55895143472273
100,0.1,0.5,random,pcglassoFast_PrimalDual,C,4.328761281083054e-7,0.32149999999998613,81.5589515215124
100,0.1,0.5,random,pcglassoFast_PrimalDual,C,1.5199110829529328e-6,0.17399999999999238,81.5589518800811
100,0.1,0.5,random,pcglassoFast_PrimalDual,C,5.336699231206308e-6,0.28400000000002024,81.5589518800811
100,0.1,0.5,random,pcglassoFast_PrimalDual,C,1.873817422860384e-5,0.1799999999999926,81.55895327985321
100,0.1,0.5,random,pcglassoFast_PrimalDual,C,6.579332246575681e-5,0.1635000000000133,81.5589593543081
100,0.1,0.5,random,pcglassoFast_PrimalDual,C,2.310129700083161e-4,0.1309999999999718,81.5589875211772
100,0.1,0.5,random,pcglassoFast_PrimalDual,C,8.11130830789687e-4,0.1389999999999958,81.55912844715186
100,0.1,0.5,random,pcglassoFast_PrimalDual,C,0.002848035868435802,0.1290000000000191,81.55912844715186
100,0.1,0.5,random,pcglassoFast_PrimalDual,C,0.010000000000000004,0.10700000000002774,81.5598910077333
100,0.1,0.5,random,pcglassoFast_PrimalDual,I,9.999999999999982e-9,0.21550000000002,81.55895139666109
100,0.1,0.5,random,pcglassoFast_PrimalDual,I,3.5111917342151263e-8,0.20249999999998636,81.55895141156088
100,0.1,0.5,random,pcglassoFast_PrimalDual,I,1.2328467394420646e-7,0.1905000000000001,81.55895143975982
100,0.1,0.5,random,pcglassoFast_PrimalDual,I,4.328761281083054e-7,0.17350000000001842,81.55895151424127
100,0.1,0.5,random,pcglassoFast_PrimalDual,I,1.5199110829529328e-6,0.17049999999998988,81.55895173868456
100,0.1,0.5,random,pcglassoFast_PrimalDual,I,5.336699231206308e-6,0.17449999999998056,81.55895255045004
100,0.1,0.5,random,pcglassoFast_PrimalDual,I,1.873817422860384e-5,0.14650000000000318,81.55895536212421
100,0.1,0.5,random,pcglassoFast_PrimalDual,I,6.579332246575681e-5,0.1525000000000034,81.55896522306799
100,0.1,0.5,random,pcglassoFast_PrimalDual,I,2.310129700083161e-4,0.13400000000000034,81.5590004668972
100,0.1,0.5,random,pcglassoFast_PrimalDual,I,8.11130830789687e-4,0.10400000000001342,81.55912910609902
100,0.1,0.5,random,pcglassoFast_PrimalDual,I,0.002848035868435802,0.10150000000000148,81.55962362863073
100,0.1,0.5,random,pcglassoFast_PrimalDual,I,0.010000000000000004,0.07850000000001955,81.56161815226233
100,0.2,0,AR2,pcglasso,C,9.999999999999982e-9,0.48899999999991905,93.19516974794497
100,0.2,0,AR2,pcglasso,C,3.5111917342151263e-8,0.47850000000005366,93.19516974707967
100,0.2,0,AR2,pcglasso,C,1.2328467394420646e-7,0.4564999999999486,93.19516978542237
100,0.2,0,AR2,pcglasso,C,4.328761281083054e-7,0.6394999999999982,93.19517052135423
100,0.2,0,AR2,pcglasso,C,1.5199110829529328e-6,0.41149999999998954,93.19518301027584
100,0.2,0,AR2,pcglasso,C,5.336699231206308e-6,0.3760000000000332,93.19526893480864
100,0.2,0,AR2,pcglasso,C,1.873817422860384e-5,0.2829999999999586,93.19707653338303
100,0.2,0,AR2,pcglasso,C,6.579332246575681e-5,0.18700000000001182,93.23018952943005
100,0.2,0,AR2,pcglasso,C,2.310129700083161e-4,0.11549999999994043,93.55979170627221
100,0.2,0,AR2,pcglasso,C,8.11130830789687e-4,0.036000000000001364,114.88731643449438
100,0.2,0,AR2,pcglasso,C,0.002848035868435802,0.02250000000003638,127.15244856329284
100,0.2,0,AR2,pcglasso,C,0.010000000000000004,0.022000000000048203,119.8349797817236
100,0.2,0,AR2,pcglasso,I,9.999999999999982e-9,0.30299999999999727,93.19516974579516
100,0.2,0,AR2,pcglasso,I,3.5111917342151263e-8,0.2980000000000018,93.1951697482064
100,0.2,0,AR2,pcglasso,I,1.2328467394420646e-7,0.2699999999999818,93.19516978556253
100,0.2,0,AR2,pcglasso,I,4.328761281083054e-7,0.3990000000000009,93.19517000340932
100,0.2,0,AR2,pcglasso,I,1.5199110829529328e-6,0.24150000000003047,93.19517603873292
100,0.2,0,AR2,pcglasso,I,5.336699231206308e-6,0.1985000000000241,93.1953628106763
100,0.2,0,AR2,pcglasso,I,1.873817422860384e-5,0.15049999999996544,93.19641555396674
100,0.2,0,AR2,pcglasso,I,6.579332246575681e-5,0.09100000000000819,93.21983791654694
100,0.2,0,AR2,pcglasso,I,2.310129700083161e-4,0.04450000000002774,93.38469623501582
100,0.2,0,AR2,pcglasso,I,8.11130830789687e-4,0.020499999999969987,93.83990495703871
100,0.2,0,AR2,pcglasso,I,0.002848035868435802,0.02199999999999136,93.58491641493433
100,0.2,0,AR2,pcglasso,I,0.010000000000000004,0.02149999999994634,93.58491641493433
100,0.2,0,AR2,pcglassoFast_Dual,C,9.999999999999982e-9,0.0544999999999618,93.1951697431023
100,0.2,0,AR2,pcglassoFast_Dual,C,3.5111917342151263e-8,0.054500000000018645,93.19516974952217
100,0.2,0,AR2,pcglassoFast_Dual,C,1.2328467394420646e-7,0.05550000000005184,93.19516976939839
100,0.2,0,AR2,pcglassoFast_Dual,C,4.328761281083054e-7,0.051000000000044565,93.19516982600177
100,0.2,0,AR2,pcglassoFast_Dual,C,1.5199110829529328e-6,0.053000000000054115,93.19516998809644
100,0.2,0,AR2,pcglassoFast_Dual,C,5.336699231206308e-6,0.04800000000000182,93.19517213889718
100,0.2,0,AR2,pcglassoFast_Dual,C,1.873817422860384e-5,0.04200000000003001,93.195176592948
100,0.2,0,AR2,pcglassoFast_Dual,C,6.579332246575681e-5,0.040000000000020464,93.1951903749873
100,0.2,0,AR2,pcglassoFast_Dual,C,2.310129700083161e-4,0.038000000000010914,93.19523275659307
100,0.2,0,AR2,pcglassoFast_Dual,C,8.11130830789687e-4,0.03449999999997999,93.19536351632311
100,0.2,0,AR2,pcglassoFast_Dual,C,0.002848035868435802,0.032500000000027285,93.19577749552568
100,0.2,0,AR2,pcglassoFast_Dual,C,0.010000000000000004,0.031000000000062755,93.1971384834199
100,0.2,0,AR2,pcglassoFast_Dual,I,9.999999999999982e-9,0.047000000000025466,93.19516974247344
100,0.2,0,AR2,pcglassoFast_Dual,I,3.5111917342151263e-8,0.03899999999998727,93.19516974725192
100,0.2,0,AR2,pcglassoFast_Dual,I,1.2328467394420646e-7,0.03649999999998954,93.19516979844445
100,0.2,0,AR2,pcglassoFast_Dual,I,4.328761281083054e-7,0.03849999999999909,93.19516990902797
100,0.2,0,AR2,pcglassoFast_Dual,I,1.5199110829529328e-6,0.1540000000000532,93.19517023442204
100,0.2,0,AR2,pcglassoFast_Dual,I,5.336699231206308e-6,0.03100000000000591,93.1951712248167
100,0.2,0,AR2,pcglassoFast_Dual,I,1.873817422860384e-5,0.028999999999996362,93.19517420900472
100,0.2,0,AR2,pcglassoFast_Dual,I,6.579332246575681e-5,0.15250000000003183,93.19518325832887
100,0.2,0,AR2,pcglassoFast_Dual,I,2.310129700083161e-4,0.02549999999996544,93.19521090241547
100,0.2,0,AR2,pcglassoFast_Dual,I,8.11130830789687e-4,0.15149999999999864,93.19529630609006
100,0.2,0,AR2,pcglassoFast_Dual,I,0.002848035868435802,0.025000000000034106,93.19555028171192
100,0.2,0,AR2,pcglassoFast_Dual,I,0.010000000000000004,0.02400000000000091,93.1963645743516
100,0.2,0,AR2,pcglassoFast_Primal,C,9.999999999999982e-9,0.18849999999997635,93.19516974553932
100,0.2,0,AR2,pcglassoFast_Primal,C,3.5111917342151263e-8,0.3020000000000209,93.19516975332331
100,0.2,0,AR2,pcglassoFast_Primal,C,1.2328467394420646e-7,0.1675000000000182,93.19516977586004
100,0.2,0,AR2,pcglassoFast_Primal,C,4.328761281083054e-7,0.1624999999999659,93.19516997978275
100,0.2,0,AR2,pcglassoFast_Primal,C,1.5199110829529328e-6,0.1519999999999868,93.1951703556725
100,0.2,0,AR2,pcglassoFast_Primal,C,5.336699231206308e-6,0.27049999999997,93.19517137491258
100,0.2,0,AR2,pcglassoFast_Primal,C,1.873817422860384e-5,0.14150000000000773,93.19517408254976
100,0.2,0,AR2,pcglassoFast_Primal,C,6.579332246575681e-5,0.12250000000005912,93.19520082631234
100,0.2,0,AR2,pcglassoFast_Primal,C,2.310129700083161e-4,0.11249999999995453,93.19525346224373
100,0.2,0,AR2,pcglassoFast_Primal,C,8.11130830789687e-4,0.10700000000002774,93.19539646912034
100,0.2,0,AR2,pcglassoFast_Primal,C,0.002848035868435802,0.10000000000002274,93.1957896851414
100,0.2,0,AR2,pcglassoFast_Primal,C,0.010000000000000004,0.083500000000015,93.19986256999287
100,0.2,0,AR2,pcglassoFast_Primal,I,9.999999999999982e-9,0.15499999999997272,93.1951697437427
100,0.2,0,AR2,pcglassoFast_Primal,I,3.5111917342151263e-8,0.31049999999999045,93.19516974943821
100,0.2,0,AR2,pcglassoFast_Primal,I,1.2328467394420646e-7,0.1349999999999909,93.19516980776956
100,0.2,0,AR2,pcglassoFast_Primal,I,4.328761281083054e-7,0.12849999999997408,93.19516991415915
100,0.2,0,AR2,pcglassoFast_Primal,I,1.5199110829529328e-6,0.1260000000000332,93.19517018614474
100,0.2,0,AR2,pcglassoFast_Primal,I,5.336699231206308e-6,0.10899999999998045,93.1951728601947
100,0.2,0,AR2,pcglassoFast_Primal,I,1.873817422860384e-5,0.10399999999992815,93.19517799445939
100,0.2,0,AR2,pcglassoFast_Primal,I,6.579332246575681e-5,0.09649999999999181,93.19519177089873
100,0.2,0,AR2,pcglassoFast_Primal,I,2.310129700083161e-4,0.09199999999998454,93.19522868323064
100,0.2,0,AR2,pcglassoFast_Primal,I,8.11130830789687e-4,0.0724999999999909,93.19559440252982
100,0.2,0,AR2,pcglassoFast_Primal,I,0.002848035868435802,0.06700000000000728,93.19631725197057
100,0.2,0,AR2,pcglassoFast_Primal,I,0.010000000000000004,0.0635000000000332,93.19827491644094
100,0.2,0,AR2,pcglassoFast_PrimalDual,C,9.999999999999982e-9,0.2884999999999991,93.19516984596201
100,0.2,0,AR2,pcglassoFast_PrimalDual,C,3.5111917342151263e-8,0.27600000000001046,93.19516988988786
100,0.2,0,AR2,pcglassoFast_PrimalDual,C,1.2328467394420646e-7,0.2805000000000746,93.19516988988786
100,0.2,0,AR2,pcglassoFast_PrimalDual,C,4.328761281083054e-7,0.257000000000005,93.19517004697818
100,0.2,0,AR2,pcglassoFast_PrimalDual,C,1.5199110829529328e-6,0.24500000000000455,93.19517033529623
100,0.2,0,AR2,pcglassoFast_PrimalDual,C,5.336699231206308e-6,0.23649999999997817,93.19517291263708
100,0.2,0,AR2,pcglassoFast_PrimalDual,C,1.873817422860384e-5,0.21999999999997044,93.19517760154292
100,0.2,0,AR2,pcglassoFast_PrimalDual,C,6.579332246575681e-5,0.20299999999997453,93.19518986113357
100,0.2,0,AR2,pcglassoFast_PrimalDual,C,2.310129700083161e-4,0.19149999999996226,93.19530309029696
100,0.2,0,AR2,pcglassoFast_PrimalDual,C,8.11130830789687e-4,0.17849999999998545,93.1955161913422
100,0.2,0,AR2,pcglassoFast_PrimalDual,C,0.002848035868435802,0.15699999999992542,93.19607810276953
100,0.2,0,AR2,pcglassoFast_PrimalDual,C,0.010000000000000004,0.1519999999999868,93.19755705150054
100,0.2,0,AR2,pcglassoFast_PrimalDual,I,9.999999999999982e-9,0.24099999999998545,93.19516984898893
100,0.2,0,AR2,pcglassoFast_PrimalDual,I,3.5111917342151263e-8,0.23149999999998272,93.19516985714215
100,0.2,0,AR2,pcglassoFast_PrimalDual,I,1.2328467394420646e-7,0.20599999999996044,93.1951699179633
100,0.2,0,AR2,pcglassoFast_PrimalDual,I,4.328761281083054e-7,0.2095000000000482,93.19516997464223
100,0.2,0,AR2,pcglassoFast_PrimalDual,I,1.5199110829529328e-6,0.18250000000000455,93.19517067623627
100,0.2,0,AR2,pcglassoFast_PrimalDual,I,5.336699231206308e-6,0.17449999999996635,93.19517193656239
100,0.2,0,AR2,pcglassoFast_PrimalDual,I,1.873817422860384e-5,0.17000000000001592,93.19517511068531
100,0.2,0,AR2,pcglassoFast_PrimalDual,I,6.579332246575681e-5,0.14349999999996044,93.19520431499116
100,0.2,0,AR2,pcglassoFast_PrimalDual,I,2.310129700083161e-4,0.13500000000004775,93.19525880954245
100,0.2,0,AR2,pcglassoFast_PrimalDual,I,8.11130830789687e-4,0.25950000000005957,93.19539960668875
100,0.2,0,AR2,pcglassoFast_PrimalDual,I,0.002848035868435802,0.09900000000004638,93.19671707727335
100,0.2,0,AR2,pcglassoFast_PrimalDual,I,0.010000000000000004,0.08449999999999136,93.19920521007327
100,0.2,0,hub_09,pcglasso,C,9.999999999999982e-9,0.38349999999999795,99.06997089818202
100,0.2,0,hub_09,pcglasso,C,3.5111917342151263e-8,0.3745000000000118,99.06997089338725
100,0.2,0,hub_09,pcglasso,C,1.2328467394420646e-7,0.3615000000000066,99.06997088328748
100,0.2,0,hub_09,pcglasso,C,4.328761281083054e-7,0.3044999999999902,99.06997103598607
100,0.2,0,hub_09,pcglasso,C,1.5199110829529328e-6,0.3689999999999998,99.06997546570061
100,0.2,0,hub_09,pcglasso,C,5.336699231206308e-6,0.24500000000000455,99.06998780914678
100,0.2,0,hub_09,pcglasso,C,1.873817422860384e-5,0.18149999999999977,99.07027425254415
100,0.2,0,hub_09,pcglasso,C,6.579332246575681e-5,0.25900000000001455,99.07085670880238
100,0.2,0,hub_09,pcglasso,C,2.310129700083161e-4,0.09799999999998477,99.08408274687945
100,0.2,0,hub_09,pcglasso,C,8.11130830789687e-4,0.07299999999997908,99.15753580725489
100,0.2,0,hub_09,pcglasso,C,0.002848035868435802,0.019000000000005457,131.79219757970452
100,0.2,0,hub_09,pcglasso,C,0.010000000000000004,0.02200000000001978,124.58046666449295
100,0.2,0,hub_09,pcglasso,I,9.999999999999982e-9,0.46750000000000114,99.06997089667982
100,0.2,0,hub_09,pcglasso,I,3.5111917342151263e-8,0.49100000000001387,99.06997087843976
100,0.2,0,hub_09,pcglasso,I,1.2328467394420646e-7,0.3515000000000157,99.0699708779661
100,0.2,0,hub_09,pcglasso,I,4.328761281083054e-7,0.3114999999999952,99.06997126690962
100,0.2,0,hub_09,pcglasso,I,1.5199110829529328e-6,0.2715000000000032,99.06997491098564
100,0.2,0,hub_09,pcglasso,I,5.336699231206308e-6,0.2330000000000041,99.07007582124587
100,0.2,0,hub_09,pcglasso,I,1.873817422860384e-5,0.2259999999999991,99.06997862824072
100,0.2,0,hub_09,pcglasso,I,6.579332246575681e-5,0.1279999999999859,99.0769648592769
100,0.2,0,hub_09,pcglasso,I,2.310129700083161e-4,0.19499999999999318,99.09484905796168
100,0.2,0,hub_09,pcglasso,I,8.11130830789687e-4,0.03499999999999659,99.36051164745633
100,0.2,0,hub_09,pcglasso,I,0.002848035868435802,0.02400000000000091,99.48299721474889
100,0.2,0,hub_09,pcglasso,I,0.010000000000000004,0.024499999999989086,99.48299721474889
100,0.2,0,hub_09,pcglassoFast_Dual,C,9.999999999999982e-9,0.042999999999977945,99.06997087728688
100,0.2,0,hub_09,pcglassoFast_Dual,C,3.5111917342151263e-8,0.038000000000010914,99.06997089131809
100,0.2,0,hub_09,pcglassoFast_Dual,C,1.2328467394420646e-7,0.03550000000001319,99.06997091336008
100,0.2,0,hub_09,pcglassoFast_Dual,C,4.328761281083054e-7,0.036000000000001364,99.06997095513437
100,0.2,0,hub_09,pcglassoFast_Dual,C,1.5199110829529328e-6,0.03149999999999409,99.06997180414533
100,0.2,0,hub_09,pcglassoFast_Dual,C,5.336699231206308e-6,0.026999999999986812,99.06997299897208
100,0.2,0,hub_09,pcglassoFast_Dual,C,1.873817422860384e-5,0.16749999999998977,99.06997153950788
100,0.2,0,hub_09,pcglassoFast_Dual,C,6.579332246575681e-5,0.02400000000000091,99.06999542740404
100,0.2,0,hub_09,pcglassoFast_Dual,C,2.310129700083161e-4,0.01999999999998181,99.07006078137564
100,0.2,0,hub_09,pcglassoFast_Dual,C,8.11130830789687e-4,0.019500000000022055,99.07020036629157
100,0.2,0,hub_09,pcglassoFast_Dual,C,0.002848035868435802,0.018000000000000682,99.07020036629157
100,0.2,0,hub_09,pcglassoFast_Dual,C,0.010000000000000004,0.01849999999998886,99.07020036629157
100,0.2,0,hub_09,pcglassoFast_Dual,I,9.999999999999982e-9,0.1634999999999991,99.06997087920747
100,0.2,0,hub_09,pcglassoFast_Dual,I,3.5111917342151263e-8,0.038000000000010914,99.06997088695915
100,0.2,0,hub_09,pcglassoFast_Dual,I,1.2328467394420646e-7,0.03300000000001546,99.06997089976649
100,0.2,0,hub_09,pcglassoFast_Dual,I,4.328761281083054e-7,0.03249999999997044,99.06997112751803
100,0.2,0,hub_09,pcglassoFast_Dual,I,1.5199110829529328e-6,0.03249999999997044,99.0699714666417
100,0.2,0,hub_09,pcglassoFast_Dual,I,5.336699231206308e-6,0.02600000000001046,99.06997123044945
100,0.2,0,hub_09,pcglassoFast_Dual,I,1.873817422860384e-5,0.02600000000001046,99.06997346544424
100,0.2,0,hub_09,pcglassoFast_Dual,I,6.579332246575681e-5,0.02349999999998431,99.06998471919935
100,0.2,0,hub_09,pcglassoFast_Dual,I,2.310129700083161e-4,0.01850000000001728,99.07008848536228
100,0.2,0,hub_09,pcglassoFast_Dual,I,8.11130830789687e-4,0.020999999999986585,99.07008848536228
100,0.2,0,hub_09,pcglassoFast_Dual,I,0.002848035868435802,0.019000000000005457,99.07008848536228
100,0.2,0,hub_09,pcglassoFast_Dual,I,0.010000000000000004,0.016000000000019554,99.07026083829246
100,0.2,0,hub_09,pcglassoFast_Primal,C,9.999999999999982e-9,0.09399999999996567,99.06997087602069
100,0.2,0,hub_09,pcglassoFast_Primal,C,3.5111917342151263e-8,0.08550000000002456,99.06997087697368
100,0.2,0,hub_09,pcglassoFast_Primal,C,1.2328467394420646e-7,0.07899999999997931,99.06997088794749
100,0.2,0,hub_09,pcglassoFast_Primal,C,4.328761281083054e-7,0.07850000000001955,99.06997088794749
100,0.2,0,hub_09,pcglassoFast_Primal,C,1.5199110829529328e-6,0.07099999999999795,99.06997099528857
100,0.2,0,hub_09,pcglassoFast_Primal,C,5.336699231206308e-6,0.07250000000001933,99.06997099528857
100,0.2,0,hub_09,pcglassoFast_Primal,C,1.873817422860384e-5,0.07149999999998613,99.06997099528857
100,0.2,0,hub_09,pcglassoFast_Primal,C,6.579332246575681e-5,0.06649999999999068,99.06997231980785
100,0.2,0,hub_09,pcglassoFast_Primal,C,2.310129700083161e-4,0.07099999999999795,99.06997231980785
100,0.2,0,hub_09,pcglassoFast_Primal,C,8.11130830789687e-4,0.0635000000000332,99.06997231980785
100,0.2,0,hub_09,pcglassoFast_Primal,C,0.002848035868435802,0.05600000000004002,99.0700038696437
100,0.2,0,hub_09,pcglassoFast_Primal,C,0.010000000000000004,0.05750000000000455,99.0700038696437
100,0.2,0,hub_09,pcglassoFast_Primal,I,9.999999999999982e-9,0.09350000000000591,99.06997087616885
100,0.2,0,hub_09,pcglassoFast_Primal,I,3.5111917342151263e-8,0.09600000000000364,99.06997087616885
100,0.2,0,hub_09,pcglassoFast_Primal,I,1.2328467394420646e-7,0.08450000000001978,99.06997087911704
100,0.2,0,hub_09,pcglassoFast_Primal,I,4.328761281083054e-7,0.08199999999999363,99.06997091601532
100,0.2,0,hub_09,pcglassoFast_Primal,I,1.5199110829529328e-6,0.08049999999997226,99.06997091601532
100,0.2,0,hub_09,pcglassoFast_Primal,I,5.336699231206308e-6,0.06900000000001683,99.06997129443636
100,0.2,0,hub_09,pcglassoFast_Primal,I,1.873817422860384e-5,0.07100000000002638,99.06997129443636
100,0.2,0,hub_09,pcglassoFast_Primal,I,6.579332246575681e-5,0.06200000000001182,99.06997585670294
100,0.2,0,hub_09,pcglassoFast_Primal,I,2.310129700083161e-4,0.06500000000002615,99.06997585670294
100,0.2,0,hub_09,pcglassoFast_Primal,I,8.11130830789687e-4,0.060000000000002274,99.07003953674268
100,0.2,0,hub_09,pcglassoFast_Primal,I,0.002848035868435802,0.05500000000003524,99.07003953674268
100,0.2,0,hub_09,pcglassoFast_Primal,I,0.010000000000000004,0.04749999999998522,99.07076864591853
100,0.2,0,hub_09,pcglassoFast_PrimalDual,C,9.999999999999982e-9,0.2109999999999843,99.06997087810029
100,0.2,0,hub_09,pcglassoFast_PrimalDual,C,3.5111917342151263e-8,0.08899999999999864,99.06997088167957
100,0.2,0,hub_09,pcglassoFast_PrimalDual,C,1.2328467394420646e-7,0.09000000000003183,99.06997088167957
100,0.2,0,hub_09,pcglassoFast_PrimalDual,C,4.328761281083054e-7,0.07999999999998408,99.06997091177
100,0.2,0,hub_09,pcglassoFast_PrimalDual,C,1.5199110829529328e-6,0.08800000000002228,99.06997091177
100,0.2,0,hub_09,pcglassoFast_PrimalDual,C,5.336699231206308e-6,0.07699999999996976,99.06997121095318
100,0.2,0,hub_09,pcglassoFast_PrimalDual,C,1.873817422860384e-5,0.07250000000001933,99.06997121095318
100,0.2,0,hub_09,pcglassoFast_PrimalDual,C,6.579332246575681e-5,0.0730000000000075,99.06997434186322
100,0.2,0,hub_09,pcglassoFast_PrimalDual,C,2.310129700083161e-4,0.06850000000000023,99.06997434186322
100,0.2,0,hub_09,pcglassoFast_PrimalDual,C,8.11130830789687e-4,0.0619999999999834,99.0700136329764
100,0.2,0,hub_09,pcglassoFast_PrimalDual,C,0.002848035868435802,0.06049999999999045,99.0700136329764
100,0.2,0,hub_09,pcglassoFast_PrimalDual,C,0.010000000000000004,0.05899999999996908,99.0700136329764
100,0.2,0,hub_09,pcglassoFast_PrimalDual,I,9.999999999999982e-9,0.11000000000001364,99.06997087698025
100,0.2,0,hub_09,pcglassoFast_PrimalDual,I,3.5111917342151263e-8,0.10099999999999909,99.06997087876704
100,0.2,0,hub_09,pcglassoFast_PrimalDual,I,1.2328467394420646e-7,0.09649999999999181,99.06997088893041
100,0.2,0,hub_09,pcglassoFast_PrimalDual,I,4.328761281083054e-7,0.09399999999999409,99.06997088893041
100,0.2,0,hub_09,pcglassoFast_PrimalDual,I,1.5199110829529328e-6,0.08699999999998909,99.06997098865304
100,0.2,0,hub_09,pcglassoFast_PrimalDual,I,5.336699231206308e-6,0.09199999999998454,99.06997098865304
100,0.2,0,hub_09,pcglassoFast_PrimalDual,I,1.873817422860384e-5,0.08499999999997954,99.06997195006952
100,0.2,0,hub_09,pcglassoFast_PrimalDual,I,6.579332246575681e-5,0.08299999999999841,99.06997195006952
100,0.2,0,hub_09,pcglassoFast_PrimalDual,I,2.310129700083161e-4,0.07400000000001228,99.06998119962586
100,0.2,0,hub_09,pcglassoFast_PrimalDual,I,8.11130830789687e-4,0.06800000000001205,99.07006930221772
100,0.2,0,hub_09,pcglassoFast_PrimalDual,I,0.002848035868435802,0.0635000000000332,99.07006930221772
100,0.2,0,hub_09,pcglassoFast_PrimalDual,I,0.010000000000000004,0.0579999999999643,99.07082751694377
100,0.2,0,hub_1,pcglasso,C,9.999999999999982e-9,2.1235000000000355,32.707823539622865
100,0.2,0,hub_1,pcglasso,C,3.5111917342151263e-8,1.9885000000000446,32.7078236495107
100,0.2,0,hub_1,pcglasso,C,1.2328467394420646e-7,1.7639999999999532,32.70782462724609
100,0.2,0,hub_1,pcglasso,C,4.328761281083054e-7,1.663499999999999,32.707843597710394
100,0.2,0,hub_1,pcglasso,C,1.5199110829529328e-6,1.419499999999971,32.70806637302815
100,0.2,0,hub_1,pcglasso,C,5.336699231206308e-6,1.0790000000000077,32.71564217026753
100,0.2,0,hub_1,pcglasso,C,1.873817422860384e-5,0.8435000000000059,32.72785343876234
100,0.2,0,hub_1,pcglasso,C,6.579332246575681e-5,0.7065000000000055,32.76898732145849
100,0.2,0,hub_1,pcglasso,C,2.310129700083161e-4,0.7879999999999541,32.90086719461894
100,0.2,0,hub_1,pcglasso,C,8.11130830789687e-4,0.6419999999999959,45.611058401066174
100,0.2,0,hub_1,pcglasso,C,0.002848035868435802,0.12149999999996908,141.98279801444835
100,0.2,0,hub_1,pcglasso,C,0.010000000000000004,0.11849999999998317,141.98279801444835
100,0.2,0,hub_1,pcglasso,I,9.999999999999982e-9,4.462999999999965,32.70782354008669
100,0.2,0,hub_1,pcglasso,I,3.5111917342151263e-8,3.6965000000000146,32.70782368530665
100,0.2,0,hub_1,pcglasso,I,1.2328467394420646e-7,4.222500000000025,32.70782432256088
100,0.2,0,hub_1,pcglasso,I,4.328761281083054e-7,3.5545000000000186,32.70783419711861
100,0.2,0,hub_1,pcglasso,I,1.5199110829529328e-6,3.3874999999999886,32.70805666797601
100,0.2,0,hub_1,pcglasso,I,5.336699231206308e-6,2.8774999999999977,32.70912969233937
100,0.2,0,hub_1,pcglasso,I,1.873817422860384e-5,1.78449999999998,32.75863908159539
100,0.2,0,hub_1,pcglasso,I,6.579332246575681e-5,0.9359999999999786,33.09489853070659
100,0.2,0,hub_1,pcglasso,I,2.310129700083161e-4,0.1374999999999318,42.00487834860515
100,0.2,0,hub_1,pcglasso,I,8.11130830789687e-4,0.13549999999997908,41.7857774028283
100,0.2,0,hub_1,pcglasso,I,0.002848035868435802,0.07549999999997681,42.88217311193853
100,0.2,0,hub_1,pcglasso,I,0.010000000000000004,0.0684999999999718,43.92770271479216
100,0.2,0,hub_1,pcglassoFast_Dual,C,9.999999999999982e-9,0.8169999999999504,32.707823532704765
100,0.2,0,hub_1,pcglassoFast_Dual,C,3.5111917342151263e-8,1.0534999999999854,32.70782354082731
100,0.2,0,hub_1,pcglassoFast_Dual,C,1.2328467394420646e-7,0.7974999999999568,32.70782356592001
100,0.2,0,hub_1,pcglassoFast_Dual,C,4.328761281083054e-7,0.9134999999999991,32.70782386213851
100,0.2,0,hub_1,pcglassoFast_Dual,C,1.5199110829529328e-6,0.6675000000000182,32.70782408759587
100,0.2,0,hub_1,pcglassoFast_Dual,C,5.336699231206308e-6,0.6895000000000095,32.70782529090644
100,0.2,0,hub_1,pcglassoFast_Dual,C,1.873817422860384e-5,0.5415000000000418,32.70782526370405
100,0.2,0,hub_1,pcglassoFast_Dual,C,6.579332246575681e-5,0.639500000000055,32.707848291558
100,0.2,0,hub_1,pcglassoFast_Dual,C,2.310129700083161e-4,0.59800000000007,32.708174199681345
100,0.2,0,hub_1,pcglassoFast_Dual,C,8.11130830789687e-4,0.43950000000000955,32.70843203842965
100,0.2,0,hub_1,pcglassoFast_Dual,C,0.002848035868435802,0.5165000000000646,32.70986657670104
100,0.2,0,hub_1,pcglassoFast_Dual,C,0.010000000000000004,0.3675000000000068,32.732258880781956
100,0.2,0,hub_1,pcglassoFast_Dual,I,9.999999999999982e-9,1.6589999999999918,32.707823532578104
100,0.2,0,hub_1,pcglassoFast_Dual,I,3.5111917342151263e-8,1.455500000000029,32.70782354204679
100,0.2,0,hub_1,pcglassoFast_Dual,I,1.2328467394420646e-7,1.4554999999999723,32.707823552849575
100,0.2,0,hub_1,pcglassoFast_Dual,I,4.328761281083054e-7,1.45150000000001,32.707823889635584
100,0.2,0,hub_1,pcglassoFast_Dual,I,1.5199110829529328e-6,1.2269999999999754,32.70782480732148
100,0.2,0,hub_1,pcglassoFast_Dual,I,5.336699231206308e-6,1.3414999999999964,32.707825845275
100,0.2,0,hub_1,pcglassoFast_Dual,I,1.873817422860384e-5,1.3729999999999336,32.707830902472715
100,0.2,0,hub_1,pcglassoFast_Dual,I,6.579332246575681e-5,1.1995000000000005,32.70783170107605
100,0.2,0,hub_1,pcglassoFast_Dual,I,2.310129700083161e-4,1.2819999999999823,32.707923593704244
100,0.2,0,hub_1,pcglassoFast_Dual,I,8.11130830789687e-4,1.15949999999998,32.708211027210595
100,0.2,0,hub_1,pcglassoFast_Dual,I,0.002848035868435802,1.1414999999999509,32.70833203332325
100,0.2,0,hub_1,pcglassoFast_Dual,I,0.010000000000000004,1.242999999999995,32.7138082350217
100,0.2,0,hub_1,pcglassoFast_Primal,C,9.999999999999982e-9,1.2960000000000491,32.707823629014314
100,0.2,0,hub_1,pcglassoFast_Primal,C,3.5111917342151263e-8,1.1195000000000164,32.707823857696305
100,0.2,0,hub_1,pcglassoFast_Primal,C,1.2328467394420646e-7,0.9899999999999523,32.70782471927487
100,0.2,0,hub_1,pcglassoFast_Primal,C,4.328761281083054e-7,0.8480000000000132,32.70782723138874
100,0.2,0,hub_1,pcglassoFast_Primal,C,1.5199110829529328e-6,0.8149999999999409,32.70782952179197
100,0.2,0,hub_1,pcglassoFast_Primal,C,5.336699231206308e-6,0.6980000000000359,32.70786566070259
100,0.2,0,hub_1,pcglassoFast_Primal,C,1.873817422860384e-5,0.6374999999999886,32.7078559519225
100,0.2,0,hub_1,pcglassoFast_Primal,C,6.579332246575681e-5,0.5884999999999536,32.70798672582829
100,0.2,0,hub_1,pcglassoFast_Primal,C,2.310129700083161e-4,0.5235000000000127,32.70856392054294
100,0.2,0,hub_1,pcglassoFast_Primal,C,8.11130830789687e-4,0.4355000000000473,32.708866575358634
100,0.2,0,hub_1,pcglassoFast_Primal,C,0.002848035868435802,0.34749999999996817,32.72301094714152
100,0.2,0,hub_1,pcglassoFast_Primal,C,0.010000000000000004,0.2859999999999445,32.728478040203285
100,0.2,0,hub_1,pcglassoFast_Primal,I,9.999999999999982e-9,1.3199999999999932,32.707823611073486
100,0.2,0,hub_1,pcglassoFast_Primal,I,3.5111917342151263e-8,1.3605000000000018,32.707823789080415
100,0.2,0,hub_1,pcglassoFast_Primal,I,1.2328467394420646e-7,1.2024999999999864,32.707824484474244
100,0.2,0,hub_1,pcglassoFast_Primal,I,4.328761281083054e-7,1.011000000000024,32.707825809897486
100,0.2,0,hub_1,pcglassoFast_Primal,I,1.5199110829529328e-6,0.9155000000000086,32.70783537148093
100,0.2,0,hub_1,pcglassoFast_Primal,I,5.336699231206308e-6,1.0279999999999632,32.70786622680533
100,0.2,0,hub_1,pcglassoFast_Primal,I,1.873817422860384e-5,0.7364999999999782,32.70784908592596
100,0.2,0,hub_1,pcglassoFast_Primal,I,6.579332246575681e-5,0.6575000000000273,32.708037886366796
100,0.2,0,hub_1,pcglassoFast_Primal,I,2.310129700083161e-4,0.8600000000000705,32.708484966509246
100,0.2,0,hub_1,pcglassoFast_Primal,I,8.11130830789687e-4,0.5205000000000268,32.709021856374456
100,0.2,0,hub_1,pcglassoFast_Primal,I,0.002848035868435802,0.4485000000000241,32.71113337174382
100,0.2,0,hub_1,pcglassoFast_Primal,I,0.010000000000000004,0.39550000000002683,32.724945184317235
100,0.2,0,hub_1,pcglassoFast_PrimalDual,C,9.999999999999982e-9,0.25900000000001455,32.70782352824188
100,0.2,0,hub_1,pcglassoFast_PrimalDual,C,3.5111917342151263e-8,0.11149999999997817,32.70782353163701
100,0.2,0,hub_1,pcglassoFast_PrimalDual,C,1.2328467394420646e-7,0.11050000000000182,32.70782354697582
100,0.2,0,hub_1,pcglassoFast_PrimalDual,C,4.328761281083054e-7,0.10800000000000409,32.70782354697582
100,0.2,0,hub_1,pcglassoFast_PrimalDual,C,1.5199110829529328e-6,0.10000000000002274,32.70782362768112
100,0.2,0,hub_1,pcglassoFast_PrimalDual,C,5.336699231206308e-6,0.09399999999999409,32.707824143088146
100,0.2,0,hub_1,pcglassoFast_PrimalDual,C,1.873817422860384e-5,0.09649999999999181,32.707824143088146
100,0.2,0,hub_1,pcglassoFast_PrimalDual,C,6.579332246575681e-5,0.08949999999998681,32.707827467734354
100,0.2,0,hub_1,pcglassoFast_PrimalDual,C,2.310129700083161e-4,0.08350000000007185,32.70784938301372
100,0.2,0,hub_1,pcglassoFast_PrimalDual,C,8.11130830789687e-4,0.08249999999998181,32.70784938301372
100,0.2,0,hub_1,pcglassoFast_PrimalDual,C,0.002848035868435802,0.0805000000000291,32.70800636506615
100,0.2,0,hub_1,pcglassoFast_PrimalDual,C,0.010000000000000004,0.06700000000000728,32.70928235157506
100,0.2,0,hub_1,pcglassoFast_PrimalDual,I,9.999999999999982e-9,0.4064999999999941,32.707823529067326
100,0.2,0,hub_1,pcglassoFast_PrimalDual,I,3.5111917342151263e-8,0.4134999999999991,32.70782353068857
100,0.2,0,hub_1,pcglassoFast_PrimalDual,I,1.2328467394420646e-7,0.3930000000000291,32.70782354573736
100,0.2,0,hub_1,pcglassoFast_PrimalDual,I,4.328761281083054e-7,0.3935000000000173,32.70782360685768
100,0.2,0,hub_1,pcglassoFast_PrimalDual,I,1.5199110829529328e-6,0.40199999999992997,32.70782360685768
100,0.2,0,hub_1,pcglassoFast_PrimalDual,I,5.336699231206308e-6,0.38649999999995543,32.70782389370965
100,0.2,0,hub_1,pcglassoFast_PrimalDual,I,1.873817422860384e-5,0.37500000000005684,32.7078257557943
100,0.2,0,hub_1,pcglassoFast_PrimalDual,I,6.579332246575681e-5,0.5494999999999663,32.7078257557943
100,0.2,0,hub_1,pcglassoFast_PrimalDual,I,2.310129700083161e-4,0.37050000000004957,32.707836622953955
100,0.2,0,hub_1,pcglassoFast_PrimalDual,I,8.11130830789687e-4,0.3599999999999568,32.70790675475062
100,0.2,0,hub_1,pcglassoFast_PrimalDual,I,0.002848035868435802,0.5125000000000455,32.70790675475062
100,0.2,0,hub_1,pcglassoFast_PrimalDual,I,0.010000000000000004,0.36000000000001364,32.70843287214807
100,0.2,0,random,pcglasso,C,9.999999999999982e-9,0.8759999999999764,86.90534354565882
100,0.2,0,random,pcglasso,C,3.5111917342151263e-8,0.8689999999999998,86.90534768218131
100,0.2,0,random,pcglasso,C,1.2328467394420646e-7,0.4604999999999677,86.90537307976743
100,0.2,0,random,pcglasso,C,4.328761281083054e-7,0.4145000000000323,86.90540828840267
100,0.2,0,random,pcglasso,C,1.5199110829529328e-6,0.37999999999996703,86.90576645125941
100,0.2,0,random,pcglasso,C,5.336699231206308e-6,0.35149999999998727,86.90671893854102
100,0.2,0,random,pcglasso,C,1.873817422860384e-5,0.2459999999999809,86.91367045702111
100,0.2,0,random,pcglasso,C,6.579332246575681e-5,0.16800000000000637,86.95396751118888
100,0.2,0,random,pcglasso,C,2.310129700083161e-4,0.11549999999999727,87.21608213129463
100,0.2,0,random,pcglasso,C,8.11130830789687e-4,0.06700000000000728,91.88315678966954
100,0.2,0,random,pcglasso,C,0.002848035868435802,0.022999999999996135,135.2168654405873
100,0.2,0,random,pcglasso,C,0.010000000000000004,0.021500000000003183,137.64432292246977
100,0.2,0,random,pcglasso,I,9.999999999999982e-9,0.6570000000000107,86.90534369419908
100,0.2,0,random,pcglasso,I,3.5111917342151263e-8,0.6359999999999957,86.90534700431968
100,0.2,0,random,pcglasso,I,1.2328467394420646e-7,0.3684999999999832,86.9054010957521
100,0.2,0,random,pcglasso,I,4.328761281083054e-7,0.3015000000000043,86.90547699562757
100,0.2,0,random,pcglasso,I,1.5199110829529328e-6,0.2524999999999977,86.90598908601618
100,0.2,0,random,pcglasso,I,5.336699231206308e-6,0.2365000000000066,86.9071140319188
100,0.2,0,random,pcglasso,I,1.873817422860384e-5,0.15850000000000364,86.91476674413555
100,0.2,0,random,pcglasso,I,6.579332246575681e-5,0.103999999999985,86.94358203442087
100,0.2,0,random,pcglasso,I,2.310129700083161e-4,0.0619999999999834,87.21376241179834
100,0.2,0,random,pcglasso,I,8.11130830789687e-4,0.03249999999999886,88.25565610498019
100,0.2,0,random,pcglasso,I,0.002848035868435802,0.026999999999986812,88.43209038287925
100,0.2,0,random,pcglasso,I,0.010000000000000004,0.025000000000005684,88.43209038287925
100,0.2,0,random,pcglassoFast_Dual,C,9.999999999999982e-9,0.0800000000000125,86.90534341138263
100,0.2,0,random,pcglassoFast_Dual,C,3.5111917342151263e-8,0.0724999999999909,86.90534342171051
100,0.2,0,random,pcglassoFast_Dual,C,1.2328467394420646e-7,0.07150000000001455,86.90534350286326
100,0.2,0,random,pcglassoFast_Dual,C,4.328761281083054e-7,0.06449999999998113,86.90534353688008
100,0.2,0,random,pcglassoFast_Dual,C,1.5199110829529328e-6,0.05449999999999022,86.90534502510609
100,0.2,0,random,pcglassoFast_Dual,C,5.336699231206308e-6,0.0519999999999925,86.90535271306742
100,0.2,0,random,pcglassoFast_Dual,C,1.873817422860384e-5,0.04800000000000182,86.90534628105023
100,0.2,0,random,pcglassoFast_Dual,C,6.579332246575681e-5,0.03799999999998249,86.90543791529208
100,0.2,0,random,pcglassoFast_Dual,C,2.310129700083161e-4,0.03449999999997999,86.90553651249519
100,0.2,0,random,pcglassoFast_Dual,C,8.11130830789687e-4,0.03350000000000364,86.90553651249519
100,0.2,0,random,pcglassoFast_Dual,C,0.002848035868435802,0.03499999999996817,86.90562978885205
100,0.2,0,random,pcglassoFast_Dual,C,0.010000000000000004,0.026499999999970214,86.91308292421066
100,0.2,0,random,pcglassoFast_Dual,I,9.999999999999982e-9,0.05900000000002592,86.90534341986137
100,0.2,0,random,pcglassoFast_Dual,I,3.5111917342151263e-8,0.055999999999983174,86.90534342531801
100,0.2,0,random,pcglassoFast_Dual,I,1.2328467394420646e-7,0.0519999999999925,86.90534344520057
100,0.2,0,random,pcglassoFast_Dual,I,4.328761281083054e-7,0.04850000000001842,86.90534371062182
100,0.2,0,random,pcglassoFast_Dual,I,1.5199110829529328e-6,0.04099999999999682,86.90534396592214
100,0.2,0,random,pcglassoFast_Dual,I,5.336699231206308e-6,0.041500000000013415,86.90534476127135
100,0.2,0,random,pcglassoFast_Dual,I,1.873817422860384e-5,0.043000000000006366,86.9053466037715
100,0.2,0,random,pcglassoFast_Dual,I,6.579332246575681e-5,0.03750000000002274,86.90536208385853
100,0.2,0,random,pcglassoFast_Dual,I,2.310129700083161e-4,0.028999999999996362,86.9054705516973
100,0.2,0,random,pcglassoFast_Dual,I,8.11130830789687e-4,0.024500000000017508,86.90589850342816
100,0.2,0,random,pcglassoFast_Dual,I,0.002848035868435802,0.022999999999996135,86.90585053370204
100,0.2,0,random,pcglassoFast_Dual,I,0.010000000000000004,0.024500000000017508,86.90660085678843
100,0.2,0,random,pcglassoFast_Primal,C,9.999999999999982e-9,0.19400000000001683,86.905343414361
100,0.2,0,random,pcglassoFast_Primal,C,3.5111917342151263e-8,0.1839999999999975,86.905343429645
100,0.2,0,random,pcglassoFast_Primal,C,1.2328467394420646e-7,0.1634999999999991,86.9053435063355
100,0.2,0,random,pcglassoFast_Primal,C,4.328761281083054e-7,0.15749999999999886,86.90534361382444
100,0.2,0,random,pcglassoFast_Primal,C,1.5199110829529328e-6,0.14300000000000068,86.90534435740805
100,0.2,0,random,pcglassoFast_Primal,C,5.336699231206308e-6,0.13350000000002638,86.90534568399111
100,0.2,0,random,pcglassoFast_Primal,C,1.873817422860384e-5,0.11949999999998795,86.90535537423077
100,0.2,0,random,pcglassoFast_Primal,C,6.579332246575681e-5,0.10499999999998977,86.90539658160213
100,0.2,0,random,pcglassoFast_Primal,C,2.310129700083161e-4,0.09600000000000364,86.90545609486298
100,0.2,0,random,pcglassoFast_Primal,C,8.11130830789687e-4,0.08049999999997226,86.90588335220532
100,0.2,0,random,pcglassoFast_Primal,C,0.002848035868435802,0.1985000000000241,86.90657125838791
100,0.2,0,random,pcglassoFast_Primal,C,0.010000000000000004,0.06900000000001683,86.9083550683414
100,0.2,0,random,pcglassoFast_Primal,I,9.999999999999982e-9,0.2009999999999934,86.9053434160756
100,0.2,0,random,pcglassoFast_Primal,I,3.5111917342151263e-8,0.18850000000000477,86.90534343471738
100,0.2,0,random,pcglassoFast_Primal,I,1.2328467394420646e-7,0.17850000000001387,86.90534351547265
100,0.2,0,random,pcglassoFast_Primal,I,4.328761281083054e-7,0.1595000000000084,86.90534381722686
100,0.2,0,random,pcglassoFast_Primal,I,1.5199110829529328e-6,0.15200000000001523,86.90534420500414
100,0.2,0,random,pcglassoFast_Primal,I,5.336699231206308e-6,0.14150000000000773,86.90534672394581
100,0.2,0,random,pcglassoFast_Primal,I,1.873817422860384e-5,0.12049999999999272,86.90535733981741
100,0.2,0,random,pcglassoFast_Primal,I,6.579332246575681e-5,0.10550000000000637,86.90540156553004
100,0.2,0,random,pcglassoFast_Primal,I,2.310129700083161e-4,0.10349999999999682,86.90546310872844
100,0.2,0,random,pcglassoFast_Primal,I,8.11130830789687e-4,0.08349999999998658,86.9058538570476
100,0.2,0,random,pcglassoFast_Primal,I,0.002848035868435802,0.07550000000000523,86.90641001291328
100,0.2,0,random,pcglassoFast_Primal,I,0.010000000000000004,0.069500000000005,86.90763671192747
100,0.2,0,random,pcglassoFast_PrimalDual,C,9.999999999999982e-9,0.2494999999999834,86.90534366048581
100,0.2,0,random,pcglassoFast_PrimalDual,C,3.5111917342151263e-8,0.2324999999999875,86.9053436660677
100,0.2,0,random,pcglassoFast_PrimalDual,C,1.2328467394420646e-7,0.319500000000005,86.90534374482954
100,0.2,0,random,pcglassoFast_PrimalDual,C,4.328761281083054e-7,0.2115000000000009,86.90534374482954
100,0.2,0,random,pcglassoFast_PrimalDual,C,1.5199110829529328e-6,0.194500000000005,86.90534384389758
100,0.2,0,random,pcglassoFast_PrimalDual,C,5.336699231206308e-6,0.17650000000000432,86.90534444823747
100,0.2,0,random,pcglassoFast_PrimalDual,C,1.873817422860384e-5,0.16599999999999682,86.90534721672535
100,0.2,0,random,pcglassoFast_PrimalDual,C,6.579332246575681e-5,0.16450000000000387,86.90534721672535
100,0.2,0,random,pcglassoFast_PrimalDual,C,2.310129700083161e-4,0.14650000000000318,86.90536209469323
100,0.2,0,random,pcglassoFast_PrimalDual,C,8.11130830789687e-4,0.13199999999997658,86.90544745242683
100,0.2,0,random,pcglassoFast_PrimalDual,C,0.002848035868435802,0.13549999999997908,86.90544745242683
100,0.2,0,random,pcglassoFast_PrimalDual,C,0.010000000000000004,0.11400000000000432,86.90597390837962
100,0.2,0,random,pcglassoFast_PrimalDual,I,9.999999999999982e-9,0.2639999999999816,86.90534360729283
100,0.2,0,random,pcglassoFast_PrimalDual,I,3.5111917342151263e-8,0.2615000000000123,86.90534361399929
100,0.2,0,random,pcglassoFast_PrimalDual,I,1.2328467394420646e-7,0.2224999999999966,86.90534372130797
100,0.2,0,random,pcglassoFast_PrimalDual,I,4.328761281083054e-7,0.2079999999999984,86.90534377358003
100,0.2,0,random,pcglassoFast_PrimalDual,I,1.5199110829529328e-6,0.19999999999998863,86.90534404543939
100,0.2,0,random,pcglassoFast_PrimalDual,I,5.336699231206308e-6,0.18000000000003524,86.90534518616246
100,0.2,0,random,pcglassoFast_PrimalDual,I,1.873817422860384e-5,0.17600000000001614,86.90534518616246
100,0.2,0,random,pcglassoFast_PrimalDual,I,6.579332246575681e-5,0.16500000000002046,86.90535016923671
100,0.2,0,random,pcglassoFast_PrimalDual,I,2.310129700083161e-4,0.15049999999999386,86.90537385788554
100,0.2,0,random,pcglassoFast_PrimalDual,I,8.11130830789687e-4,0.12649999999999295,86.90549505513884
100,0.2,0,random,pcglassoFast_PrimalDual,I,0.002848035868435802,0.13299999999998136,86.90549505513884
100,0.2,0,random,pcglassoFast_PrimalDual,I,0.010000000000000004,0.22400000000001796,86.90615513345374
100,0.2,0.5,AR2,pcglasso,C,9.999999999999982e-9,0.33349999999995816,84.61364580863075
100,0.2,0.5,AR2,pcglasso,C,3.5111917342151263e-8,0.15899999999999181,84.61364580873297
100,0.2,0.5,AR2,pcglasso,C,1.2328467394420646e-7,0.15399999999999636,84.61364580981312
100,0.2,0.5,AR2,pcglasso,C,4.328761281083054e-7,0.14750000000003638,84.61364581210366
100,0.2,0.5,AR2,pcglasso,C,1.5199110829529328e-6,0.14750000000003638,84.61364581210366
100,0.2,0.5,AR2,pcglasso,C,5.336699231206308e-6,0.14299999999997226,84.6136458501888
100,0.2,0.5,AR2,pcglasso,C,1.873817422860384e-5,0.1339999999999577,84.61364584474802
100,0.2,0.5,AR2,pcglasso,C,6.579332246575681e-5,0.10100000000005593,84.61364835170458
100,0.2,0.5,AR2,pcglasso,C,2.310129700083161e-4,0.07899999999995089,84.61376660226394
100,0.2,0.5,AR2,pcglasso,C,8.11130830789687e-4,0.06600000000003092,84.6179826697523
100,0.2,0.5,AR2,pcglasso,C,0.002848035868435802,0.02050000000002683,152.0556840746762
100,0.2,0.5,AR2,pcglasso,C,0.010000000000000004,0.02450000000004593,152.0556840746762
100,0.2,0.5,AR2,pcglasso,I,9.999999999999982e-9,0.050499999999999545,84.61364580862613
100,0.2,0.5,AR2,pcglasso,I,3.5111917342151263e-8,0.04550000000000409,84.61364580881119
100,0.2,0.5,AR2,pcglasso,I,1.2328467394420646e-7,0.15449999999998454,84.61364580922509
100,0.2,0.5,AR2,pcglasso,I,4.328761281083054e-7,0.03550000000001319,84.61364581064461
100,0.2,0.5,AR2,pcglasso,I,1.5199110829529328e-6,0.037499999999965894,84.61364581064461
100,0.2,0.5,AR2,pcglasso,I,5.336699231206308e-6,0.036000000000001364,84.61364581745686
100,0.2,0.5,AR2,pcglasso,I,1.873817422860384e-5,0.03300000000001546,84.613645826613
100,0.2,0.5,AR2,pcglasso,I,6.579332246575681e-5,0.024999999999977263,84.61364794662144
100,0.2,0.5,AR2,pcglasso,I,2.310129700083161e-4,0.02149999999994634,84.61370889765755
100,0.2,0.5,AR2,pcglasso,I,8.11130830789687e-4,0.015499999999974534,84.61445926178683
100,0.2,0.5,AR2,pcglasso,I,0.002848035868435802,0.013000000000033651,84.61618854379529
100,0.2,0.5,AR2,pcglasso,I,0.010000000000000004,0.014499999999998181,84.61582729947337
100,0.2,0.5,AR2,pcglassoFast_Dual,C,9.999999999999982e-9,0.02800000000002001,84.61364580875835
100,0.2,0.5,AR2,pcglassoFast_Dual,C,3.5111917342151263e-8,0.029499999999927695,84.61364580875835
100,0.2,0.5,AR2,pcglassoFast_Dual,C,1.2328467394420646e-7,0.023000000000024556,84.61364581198362
100,0.2,0.5,AR2,pcglassoFast_Dual,C,4.328761281083054e-7,0.023500000000012733,84.61364581198362
100,0.2,0.5,AR2,pcglassoFast_Dual,C,1.5199110829529328e-6,0.02250000000003638,84.61364581198362
100,0.2,0.5,AR2,pcglassoFast_Dual,C,5.336699231206308e-6,0.02650000000005548,84.61364589701303
100,0.2,0.5,AR2,pcglassoFast_Dual,C,1.873817422860384e-5,0.02100000000007185,84.61364589701303
100,0.2,0.5,AR2,pcglassoFast_Dual,C,6.579332246575681e-5,0.02699999999992997,84.61364589701303
100,0.2,0.5,AR2,pcglassoFast_Dual,C,2.310129700083161e-4,0.022999999999967713,84.61364878646246
100,0.2,0.5,AR2,pcglassoFast_Dual,C,8.11130830789687e-4,0.08949999999998681,84.61364878646246
100,0.2,0.5,AR2,pcglassoFast_Dual,C,0.002848035868435802,0.02349999999995589,84.61364878646246
100,0.2,0.5,AR2,pcglassoFast_Dual,C,0.010000000000000004,0.017499999999984084,84.61376558886646
100,0.2,0.5,AR2,pcglassoFast_Dual,I,9.999999999999982e-9,0.015000000000100044,84.61364580880871
100,0.2,0.5,AR2,pcglassoFast_Dual,I,3.5111917342151263e-8,0.01650000000000773,84.61364580880871
100,0.2,0.5,AR2,pcglassoFast_Dual,I,1.2328467394420646e-7,0.015500000000031378,84.61364580880871
100,0.2,0.5,AR2,pcglassoFast_Dual,I,4.328761281083054e-7,0.014000000000010004,84.61364581337389
100,0.2,0.5,AR2,pcglassoFast_Dual,I,1.5199110829529328e-6,0.014000000000010004,84.61364581337389
100,0.2,0.5,AR2,pcglassoFast_Dual,I,5.336699231206308e-6,0.012499999999988631,84.61364593872429
100,0.2,0.5,AR2,pcglassoFast_Dual,I,1.873817422860384e-5,0.012000000000000455,84.61364593872429
100,0.2,0.5,AR2,pcglassoFast_Dual,I,6.579332246575681e-5,0.08649999999994407,84.61364593872429
100,0.2,0.5,AR2,pcglassoFast_Dual,I,2.310129700083161e-4,0.009999999999990905,84.61364979194231
100,0.2,0.5,AR2,pcglassoFast_Dual,I,8.11130830789687e-4,0.011000000000024102,84.61364979194231
100,0.2,0.5,AR2,pcglassoFast_Dual,I,0.002848035868435802,0.010500000000035925,84.61364979194231
100,0.2,0.5,AR2,pcglassoFast_Dual,I,0.010000000000000004,0.008500000000026375,84.61378691437774
100,0.2,0.5,AR2,pcglassoFast_Primal,C,9.999999999999982e-9,0.09250000000002956,84.61364580879119
100,0.2,0.5,AR2,pcglassoFast_Primal,C,3.5111917342151263e-8,0.09100000000000819,84.61364580879119
100,0.2,0.5,AR2,pcglassoFast_Primal,C,1.2328467394420646e-7,0.0845000000000482,84.6136458126455
100,0.2,0.5,AR2,pcglassoFast_Primal,C,4.328761281083054e-7,0.08499999999997954,84.6136458126455
100,0.2,0.5,AR2,pcglassoFast_Primal,C,1.5199110829529328e-6,0.08400000000000318,84.6136458126455
100,0.2,0.5,AR2,pcglassoFast_Primal,C,5.336699231206308e-6,0.07749999999998636,84.6136459100662
100,0.2,0.5,AR2,pcglassoFast_Primal,C,1.873817422860384e-5,0.07650000000001,84.6136459100662
100,0.2,0.5,AR2,pcglassoFast_Primal,C,6.579332246575681e-5,0.0805000000000291,84.6136459100662
100,0.2,0.5,AR2,pcglassoFast_Primal,C,2.310129700083161e-4,0.0705000000000382,84.61364906564167
100,0.2,0.5,AR2,pcglassoFast_Primal,C,8.11130830789687e-4,0.07049999999998136,84.61364906564167
100,0.2,0.5,AR2,pcglassoFast_Primal,C,0.002848035868435802,0.06999999999999318,84.61364906564167
100,0.2,0.5,AR2,pcglassoFast_Primal,C,0.010000000000000004,0.06099999999997863,84.613770438299
100,0.2,0.5,AR2,pcglassoFast_Primal,I,9.999999999999982e-9,0.04600000000004911,84.61364580883136
100,0.2,0.5,AR2,pcglassoFast_Primal,I,3.5111917342151263e-8,0.047000000000025466,84.61364580883136
100,0.2,0.5,AR2,pcglassoFast_Primal,I,1.2328467394420646e-7,0.047000000000025466,84.61364580883136
100,0.2,0.5,AR2,pcglassoFast_Primal,I,4.328761281083054e-7,0.039000000000100954,84.61364581380288
100,0.2,0.5,AR2,pcglassoFast_Primal,I,1.5199110829529328e-6,0.040000000000020464,84.61364581380288
100,0.2,0.5,AR2,pcglassoFast_Primal,I,5.336699231206308e-6,0.035499999999956344,84.61364594667593
100,0.2,0.5,AR2,pcglassoFast_Primal,I,1.873817422860384e-5,0.03200000000003911,84.61364594667593
100,0.2,0.5,AR2,pcglassoFast_Primal,I,6.579332246575681e-5,0.03249999999997044,84.61364594667593
100,0.2,0.5,AR2,pcglassoFast_Primal,I,2.310129700083161e-4,0.025500000000022283,84.61364993280047
100,0.2,0.5,AR2,pcglassoFast_Primal,I,8.11130830789687e-4,0.024999999999977263,84.61364993280047
100,0.2,0.5,AR2,pcglassoFast_Primal,I,0.002848035868435802,0.025500000000022283,84.61364993280047
100,0.2,0.5,AR2,pcglassoFast_Primal,I,0.010000000000000004,0.017999999999915417,84.6137885939043
100,0.2,0.5,AR2,pcglassoFast_PrimalDual,C,9.999999999999982e-9,0.07749999999998636,84.61364580881204
100,0.2,0.5,AR2,pcglassoFast_PrimalDual,C,3.5111917342151263e-8,0.07549999999997681,84.61364580881204
100,0.2,0.5,AR2,pcglassoFast_PrimalDual,C,1.2328467394420646e-7,0.21199999999998909,84.61364581305442
100,0.2,0.5,AR2,pcglassoFast_PrimalDual,C,4.328761281083054e-7,0.07150000000001455,84.61364581305442
100,0.2,0.5,AR2,pcglassoFast_PrimalDual,C,1.5199110829529328e-6,0.069500000000005,84.61364581305442
100,0.2,0.5,AR2,pcglassoFast_PrimalDual,C,5.336699231206308e-6,0.0684999999999718,84.61364591813287
100,0.2,0.5,AR2,pcglassoFast_PrimalDual,C,1.873817422860384e-5,0.0635000000000332,84.61364591813287
100,0.2,0.5,AR2,pcglassoFast_PrimalDual,C,6.579332246575681e-5,0.06600000000003092,84.61364591813287
100,0.2,0.5,AR2,pcglassoFast_PrimalDual,C,2.310129700083161e-4,0.059499999999957254,84.61364926002285
100,0.2,0.5,AR2,pcglassoFast_PrimalDual,C,8.11130830789687e-4,0.058500000000037744,84.61364926002285
100,0.2,0.5,AR2,pcglassoFast_PrimalDual,C,0.002848035868435802,0.060000000000002274,84.61364926002285
100,0.2,0.5,AR2,pcglassoFast_PrimalDual,C,0.010000000000000004,0.05400000000003047,84.61377605957382
100,0.2,0.5,AR2,pcglassoFast_PrimalDual,I,9.999999999999982e-9,0.03599999999994452,84.61364580884404
100,0.2,0.5,AR2,pcglassoFast_PrimalDual,I,3.5111917342151263e-8,0.03499999999996817,84.61364580884404
100,0.2,0.5,AR2,pcglassoFast_PrimalDual,I,1.2328467394420646e-7,0.037499999999965894,84.61364580884404
100,0.2,0.5,AR2,pcglassoFast_PrimalDual,I,4.328761281083054e-7,0.02949999999998454,84.61364581401682
100,0.2,0.5,AR2,pcglassoFast_PrimalDual,I,1.5199110829529328e-6,0.031000000000062755,84.61364581401682
100,0.2,0.5,AR2,pcglassoFast_PrimalDual,I,5.336699231206308e-6,0.024999999999977263,84.61364594995574
100,0.2,0.5,AR2,pcglassoFast_PrimalDual,I,1.873817422860384e-5,0.024999999999977263,84.61364594995574
100,0.2,0.5,AR2,pcglassoFast_PrimalDual,I,6.579332246575681e-5,0.02600000000001046,84.61364594995574
100,0.2,0.5,AR2,pcglassoFast_PrimalDual,I,2.310129700083161e-4,0.019499999999993634,84.61364997375598
100,0.2,0.5,AR2,pcglassoFast_PrimalDual,I,8.11130830789687e-4,0.02400000000000091,84.61364997375598
100,0.2,0.5,AR2,pcglassoFast_PrimalDual,I,0.002848035868435802,0.020499999999969987,84.61364997375598
100,0.2,0.5,AR2,pcglassoFast_PrimalDual,I,0.010000000000000004,0.015000000000043201,84.61378886998821
100,0.2,0.5,hub_09,pcglasso,C,9.999999999999982e-9,0.08549999999999613,84.65735902978895
100,0.2,0.5,hub_09,pcglasso,C,3.5111917342151263e-8,0.07949999999999591,84.65735904994555
100,0.2,0.5,hub_09,pcglasso,C,1.2328467394420646e-7,0.07650000000001,84.65735929685624
100,0.2,0.5,hub_09,pcglasso,C,4.328761281083054e-7,0.07499999999998863,84.65735929685624
100,0.2,0.5,hub_09,pcglasso,C,1.5199110829529328e-6,0.07499999999998863,84.65735929685624
100,0.2,0.5,hub_09,pcglasso,C,5.336699231206308e-6,0.0764999999999958,84.65735929685624
100,0.2,0.5,hub_09,pcglasso,C,1.873817422860384e-5,0.07500000000000284,84.65736233412987
100,0.2,0.5,hub_09,pcglasso,C,6.579332246575681e-5,0.06100000000000705,84.6578989556464
100,0.2,0.5,hub_09,pcglasso,C,2.310129700083161e-4,0.05200000000000671,84.66351451056987
100,0.2,0.5,hub_09,pcglasso,C,8.11130830789687e-4,0.04099999999999682,84.69637270942061
100,0.2,0.5,hub_09,pcglasso,C,0.002848035868435802,0.028000000000005798,116.09000430119882
100,0.2,0.5,hub_09,pcglasso,C,0.010000000000000004,0.027000000000001023,116.51035188327977
100,0.2,0.5,hub_09,pcglasso,I,9.999999999999982e-9,0.019000000000005457,84.65735902819696
100,0.2,0.5,hub_09,pcglasso,I,3.5111917342151263e-8,0.01649999999999352,84.6573590304437
100,0.2,0.5,hub_09,pcglasso,I,1.2328467394420646e-7,0.01300000000000523,84.65735905796593
100,0.2,0.5,hub_09,pcglasso,I,4.328761281083054e-7,0.013999999999995794,84.65735939511478
100,0.2,0.5,hub_09,pcglasso,I,1.5199110829529328e-6,0.010500000000021714,84.65735939511478
100,0.2,0.5,hub_09,pcglasso,I,5.336699231206308e-6,0.01100000000000989,84.65735939511478
100,0.2,0.5,hub_09,pcglasso,I,1.873817422860384e-5,0.010499999999993292,84.65735939511478
100,0.2,0.5,hub_09,pcglasso,I,6.579332246575681e-5,0.01099999999999568,84.65736352512859
100,0.2,0.5,hub_09,pcglasso,I,2.310129700083161e-4,0.014000000000010004,84.65741412036513
100,0.2,0.5,hub_09,pcglasso,I,8.11130830789687e-4,0.008000000000009777,84.66562975615322
100,0.2,0.5,hub_09,pcglasso,I,0.002848035868435802,0.01099999999999568,84.75849755670627
100,0.2,0.5,hub_09,pcglasso,I,0.010000000000000004,0.008499999999997954,85.90789174038468
100,0.2,0.5,hub_09,pcglassoFast_Dual,C,9.999999999999982e-9,0.23050000000000637,84.65735902799726
100,0.2,0.5,hub_09,pcglassoFast_Dual,C,3.5111917342151263e-8,0.021500000000003183,84.65735902799726
100,0.2,0.5,hub_09,pcglassoFast_Dual,C,1.2328467394420646e-7,0.022999999999996135,84.65735902799726
100,0.2,0.5,hub_09,pcglassoFast_Dual,C,4.328761281083054e-7,0.021000000000000796,84.65735902799726
100,0.2,0.5,hub_09,pcglassoFast_Dual,C,1.5199110829529328e-6,0.02049999999999841,84.65735902799726
100,0.2,0.5,hub_09,pcglassoFast_Dual,C,5.336699231206308e-6,0.022999999999996135,84.65735902799726
100,0.2,0.5,hub_09,pcglassoFast_Dual,C,1.873817422860384e-5,0.021500000000003183,84.65735902799726
100,0.2,0.5,hub_09,pcglassoFast_Dual,C,6.579332246575681e-5,0.021000000000000796,84.65735902799726
100,0.2,0.5,hub_09,pcglassoFast_Dual,C,2.310129700083161e-4,0.022999999999996135,84.65735902799726
100,0.2,0.5,hub_09,pcglassoFast_Dual,C,8.11130830789687e-4,0.01850000000000307,84.65735902799727
100,0.2,0.5,hub_09,pcglassoFast_Dual,C,0.002848035868435802,0.021500000000003183,84.65735902799727
100,0.2,0.5,hub_09,pcglassoFast_Dual,C,0.010000000000000004,0.021000000000000796,84.65735902799727
100,0.2,0.5,hub_09,pcglassoFast_Dual,I,9.999999999999982e-9,0.009000000000014552,84.65735902799727
100,0.2,0.5,hub_09,pcglassoFast_Dual,I,3.5111917342151263e-8,0.00950000000001694,84.65735902799727
100,0.2,0.5,hub_09,pcglassoFast_Dual,I,1.2328467394420646e-7,0.012000000000000455,84.65735902799727
100,0.2,0.5,hub_09,pcglassoFast_Dual,I,4.328761281083054e-7,0.009000000000014552,84.65735902799727
100,0.2,0.5,hub_09,pcglassoFast_Dual,I,1.5199110829529328e-6,0.009999999999990905,84.65735902799727
100,0.2,0.5,hub_09,pcglassoFast_Dual,I,5.336699231206308e-6,0.009000000000000341,84.65735902799727
100,0.2,0.5,hub_09,pcglassoFast_Dual,I,1.873817422860384e-5,0.01099999999999568,84.65735902799727
100,0.2,0.5,hub_09,pcglassoFast_Dual,I,6.579332246575681e-5,0.00950000000001694,84.65735902799727
100,0.2,0.5,hub_09,pcglassoFast_Dual,I,2.310129700083161e-4,0.009499999999988518,84.65735902799727
100,0.2,0.5,hub_09,pcglassoFast_Dual,I,8.11130830789687e-4,0.010499999999993292,84.65735902799727
100,0.2,0.5,hub_09,pcglassoFast_Dual,I,0.002848035868435802,0.009999999999990905,84.65735902799727
100,0.2,0.5,hub_09,pcglassoFast_Dual,I,0.010000000000000004,0.009000000000000341,84.65735902799727
100,0.2,0.5,hub_09,pcglassoFast_Primal,C,9.999999999999982e-9,0.069500000000005,84.65735902799726
100,0.2,0.5,hub_09,pcglassoFast_Primal,C,3.5111917342151263e-8,0.07099999999999795,84.65735902799726
100,0.2,0.5,hub_09,pcglassoFast_Primal,C,1.2328467394420646e-7,0.07350000000000989,84.65735902799726
100,0.2,0.5,hub_09,pcglassoFast_Primal,C,4.328761281083054e-7,0.06799999999998363,84.65735902799726
100,0.2,0.5,hub_09,pcglassoFast_Primal,C,1.5199110829529328e-6,0.06749999999999545,84.65735902799726
100,0.2,0.5,hub_09,pcglassoFast_Primal,C,5.336699231206308e-6,0.06900000000001683,84.65735902799726
100,0.2,0.5,hub_09,pcglassoFast_Primal,C,1.873817422860384e-5,0.0689999999999884,84.65735902799726
100,0.2,0.5,hub_09,pcglassoFast_Primal,C,6.579332246575681e-5,0.08050000000000068,84.65735902799726
100,0.2,0.5,hub_09,pcglassoFast_Primal,C,2.310129700083161e-4,0.06949999999999079,84.65735902799726
100,0.2,0.5,hub_09,pcglassoFast_Primal,C,8.11130830789687e-4,0.061499999999995225,84.65735902799727
100,0.2,0.5,hub_09,pcglassoFast_Primal,C,0.002848035868435802,0.07150000000000034,84.65735902799727
100,0.2,0.5,hub_09,pcglassoFast_Primal,C,0.010000000000000004,0.061499999999981014,84.65735902799727
100,0.2,0.5,hub_09,pcglassoFast_Primal,I,9.999999999999982e-9,0.020999999999986585,84.65735902799727
100,0.2,0.5,hub_09,pcglassoFast_Primal,I,3.5111917342151263e-8,0.021000000000015007,84.65735902799727
100,0.2,0.5,hub_09,pcglassoFast_Primal,I,1.2328467394420646e-7,0.021500000000003183,84.65735902799727
100,0.2,0.5,hub_09,pcglassoFast_Primal,I,4.328761281083054e-7,0.021000000000000796,84.65735902799727
100,0.2,0.5,hub_09,pcglassoFast_Primal,I,1.5199110829529328e-6,0.02049999999999841,84.65735902799727
100,0.2,0.5,hub_09,pcglassoFast_Primal,I,5.336699231206308e-6,0.01999999999999602,84.65735902799727
100,0.2,0.5,hub_09,pcglassoFast_Primal,I,1.873817422860384e-5,0.024499999999989086,84.65735902799727
100,0.2,0.5,hub_09,pcglassoFast_Primal,I,6.579332246575681e-5,0.021000000000015007,84.65735902799727
100,0.2,0.5,hub_09,pcglassoFast_Primal,I,2.310129700083161e-4,0.022499999999993747,84.65735902799727
100,0.2,0.5,hub_09,pcglassoFast_Primal,I,8.11130830789687e-4,0.02400000000000091,84.65735902799727
100,0.2,0.5,hub_09,pcglassoFast_Primal,I,0.002848035868435802,0.020499999999984198,84.65735902799727
100,0.2,0.5,hub_09,pcglassoFast_Primal,I,0.010000000000000004,0.023499999999998522,84.65735902799727
100,0.2,0.5,hub_09,pcglassoFast_PrimalDual,C,9.999999999999982e-9,0.05349999999999966,84.65735902799726
100,0.2,0.5,hub_09,pcglassoFast_PrimalDual,C,3.5111917342151263e-8,0.05150000000001853,84.65735902799726
100,0.2,0.5,hub_09,pcglassoFast_PrimalDual,C,1.2328467394420646e-7,0.05349999999999966,84.65735902799726
100,0.2,0.5,hub_09,pcglassoFast_PrimalDual,C,4.328761281083054e-7,0.04950000000000898,84.65735902799726
100,0.2,0.5,hub_09,pcglassoFast_PrimalDual,C,1.5199110829529328e-6,0.051000000000016144,84.65735902799726
100,0.2,0.5,hub_09,pcglassoFast_PrimalDual,C,5.336699231206308e-6,0.056000000000011596,84.65735902799726
100,0.2,0.5,hub_09,pcglassoFast_PrimalDual,C,1.873817422860384e-5,0.04949999999999477,84.65735902799726
100,0.2,0.5,hub_09,pcglassoFast_PrimalDual,C,6.579332246575681e-5,0.050499999999985334,84.65735902799726
100,0.2,0.5,hub_09,pcglassoFast_PrimalDual,C,2.310129700083161e-4,0.05100000000000193,84.65735902799726
100,0.2,0.5,hub_09,pcglassoFast_PrimalDual,C,8.11130830789687e-4,0.049000000000006594,84.65735902799727
100,0.2,0.5,hub_09,pcglassoFast_PrimalDual,C,0.002848035868435802,0.18949999999999534,84.65735902799727
100,0.2,0.5,hub_09,pcglassoFast_PrimalDual,C,0.010000000000000004,0.044999999999987494,84.65735902799727
100,0.2,0.5,hub_09,pcglassoFast_PrimalDual,I,9.999999999999982e-9,0.01650000000000773,84.65735902799727
100,0.2,0.5,hub_09,pcglassoFast_PrimalDual,I,3.5111917342151263e-8,0.018000000000000682,84.65735902799727
100,0.2,0.5,hub_09,pcglassoFast_PrimalDual,I,1.2328467394420646e-7,0.01649999999999352,84.65735902799727
100,0.2,0.5,hub_09,pcglassoFast_PrimalDual,I,4.328761281083054e-7,0.020000000000010232,84.65735902799727
100,0.2,0.5,hub_09,pcglassoFast_PrimalDual,I,1.5199110829529328e-6,0.015000000000000568,84.65735902799727
100,0.2,0.5,hub_09,pcglassoFast_PrimalDual,I,5.336699231206308e-6,0.01999999999999602,84.65735902799727
100,0.2,0.5,hub_09,pcglassoFast_PrimalDual,I,1.873817422860384e-5,0.015999999999991132,84.65735902799727
100,0.2,0.5,hub_09,pcglassoFast_PrimalDual,I,6.579332246575681e-5,0.016999999999995907,84.65735902799727
100,0.2,0.5,hub_09,pcglassoFast_PrimalDual,I,2.310129700083161e-4,0.015999999999991132,84.65735902799727
100,0.2,0.5,hub_09,pcglassoFast_PrimalDual,I,8.11130830789687e-4,0.015500000000002956,84.65735902799727
100,0.2,0.5,hub_09,pcglassoFast_PrimalDual,I,0.002848035868435802,0.01799999999998647,84.65735902799727
100,0.2,0.5,hub_09,pcglassoFast_PrimalDual,I,0.010000000000000004,0.016000000000005343,84.65735902799727
100,0.2,0.5,hub_1,pcglasso,C,9.999999999999982e-9,0.8474999999999682,55.11620330746095
100,0.2,0.5,hub_1,pcglasso,C,3.5111917342151263e-8,0.7415000000000305,55.11620373121781
100,0.2,0.5,hub_1,pcglasso,C,1.2328467394420646e-7,0.8140000000000214,55.11620624178608
100,0.2,0.5,hub_1,pcglasso,C,4.328761281083054e-7,0.6639999999999304,55.1163789373094
100,0.2,0.5,hub_1,pcglasso,C,1.5199110829529328e-6,0.6034999999999968,55.1163789373094
100,0.2,0.5,hub_1,pcglasso,C,5.336699231206308e-6,0.6839999999999691,55.11652508739117
100,0.2,0.5,hub_1,pcglasso,C,1.873817422860384e-5,0.3849999999999909,55.143717775525054
100,0.2,0.5,hub_1,pcglasso,C,6.579332246575681e-5,0.40100000000001046,55.52276842789242
100,0.2,0.5,hub_1,pcglasso,C,2.310129700083161e-4,0.4399999999999977,55.15019363298768
100,0.2,0.5,hub_1,pcglasso,C,8.11130830789687e-4,0.6634999999999991,69.53147636602473
100,0.2,0.5,hub_1,pcglasso,C,0.002848035868435802,0.10950000000002547,220.71970933276594
100,0.2,0.5,hub_1,pcglasso,C,0.010000000000000004,0.11150000000003502,220.71970933276594
100,0.2,0.5,hub_1,pcglasso,I,9.999999999999982e-9,0.7399999999999523,55.11620335920471
100,0.2,0.5,hub_1,pcglasso,I,3.5111917342151263e-8,0.8354999999999677,55.11620335920471
100,0.2,0.5,hub_1,pcglasso,I,1.2328467394420646e-7,0.6920000000000641,55.11620567015768
100,0.2,0.5,hub_1,pcglasso,I,4.328761281083054e-7,0.5850000000000364,55.11671474311839
100,0.2,0.5,hub_1,pcglasso,I,1.5199110829529328e-6,0.5874999999999773,55.11671474311839
100,0.2,0.5,hub_1,pcglasso,I,5.336699231206308e-6,0.5384999999999991,55.117824438612566
100,0.2,0.5,hub_1,pcglasso,I,1.873817422860384e-5,0.4590000000000032,55.129239988916645
100,0.2,0.5,hub_1,pcglasso,I,6.579332246575681e-5,0.3305000000000291,55.39459775803746
100,0.2,0.5,hub_1,pcglasso,I,2.310129700083161e-4,0.20300000000003138,56.00443439612253
100,0.2,0.5,hub_1,pcglasso,I,8.11130830789687e-4,0.05900000000002592,67.39395035530193
100,0.2,0.5,hub_1,pcglasso,I,0.002848035868435802,0.037499999999965894,67.82713297847951
100,0.2,0.5,hub_1,pcglasso,I,0.010000000000000004,0.04450000000002774,65.79713596835123
100,0.2,0.5,hub_1,pcglassoFast_Dual,C,9.999999999999982e-9,0.4225000000000705,55.11620330467411
100,0.2,0.5,hub_1,pcglassoFast_Dual,C,3.5111917342151263e-8,0.5565000000000282,55.11620331746893
100,0.2,0.5,hub_1,pcglassoFast_Dual,C,1.2328467394420646e-7,0.48450000000002547,55.116203325341225
100,0.2,0.5,hub_1,pcglassoFast_Dual,C,4.328761281083054e-7,0.3310000000000173,55.11620338698557
100,0.2,0.5,hub_1,pcglassoFast_Dual,C,1.5199110829529328e-6,0.36199999999996635,55.11620408987906
100,0.2,0.5,hub_1,pcglassoFast_Dual,C,5.336699231206308e-6,0.44500000000005,55.11620407691816
100,0.2,0.5,hub_1,pcglassoFast_Dual,C,1.873817422860384e-5,0.2729999999999677,55.11620842315487
100,0.2,0.5,hub_1,pcglassoFast_Dual,C,6.579332246575681e-5,0.3644999999999641,55.11622335213763
100,0.2,0.5,hub_1,pcglassoFast_Dual,C,2.310129700083161e-4,0.3500000000000796,55.11623585378439
100,0.2,0.5,hub_1,pcglassoFast_Dual,C,8.11130830789687e-4,0.17799999999994043,55.117103171978066
100,0.2,0.5,hub_1,pcglassoFast_Dual,C,0.002848035868435802,0.15049999999996544,55.1185568113698
100,0.2,0.5,hub_1,pcglassoFast_Dual,C,0.010000000000000004,0.27849999999995134,55.121231694384264
100,0.2,0.5,hub_1,pcglassoFast_Dual,I,9.999999999999982e-9,0.5155000000000314,55.11620330027951
100,0.2,0.5,hub_1,pcglassoFast_Dual,I,3.5111917342151263e-8,0.5,55.11620330269134
100,0.2,0.5,hub_1,pcglassoFast_Dual,I,1.2328467394420646e-7,0.6120000000000232,55.11620335745801
100,0.2,0.5,hub_1,pcglassoFast_Dual,I,4.328761281083054e-7,0.4315000000000282,55.11620342019734
100,0.2,0.5,hub_1,pcglassoFast_Dual,I,1.5199110829529328e-6,0.42049999999994725,55.116203545545446
100,0.2,0.5,hub_1,pcglassoFast_Dual,I,5.336699231206308e-6,0.47200000000003683,55.116203545545446
100,0.2,0.5,hub_1,pcglassoFast_Dual,I,1.873817422860384e-5,0.4085000000000605,55.11620494153592
100,0.2,0.5,hub_1,pcglassoFast_Dual,I,6.579332246575681e-5,0.3494999999999777,55.11626684325966
100,0.2,0.5,hub_1,pcglassoFast_Dual,I,2.310129700083161e-4,0.5595000000000709,55.11628109041429
100,0.2,0.5,hub_1,pcglassoFast_Dual,I,8.11130830789687e-4,0.3019999999999641,55.11650835910027
100,0.2,0.5,hub_1,pcglassoFast_Dual,I,0.002848035868435802,0.46849999999994907,55.11718671776574
100,0.2,0.5,hub_1,pcglassoFast_Dual,I,0.010000000000000004,0.3454999999999586,55.121879417848056
100,0.2,0.5,hub_1,pcglassoFast_Primal,C,9.999999999999982e-9,6.319000000000017,55.11620400338198
100,0.2,0.5,hub_1,pcglassoFast_Primal,C,3.5111917342151263e-8,5.25100000000009,55.11620520700402
100,0.2,0.5,hub_1,pcglassoFast_Primal,C,1.2328467394420646e-7,4.383999999999958,55.11620353084015
100,0.2,0.5,hub_1,pcglassoFast_Primal,C,4.328761281083054e-7,3.8870000000000573,55.11620348055436
100,0.2,0.5,hub_1,pcglassoFast_Primal,C,1.5199110829529328e-6,3.6544999999999845,55.11620357166102
100,0.2,0.5,hub_1,pcglassoFast_Primal,C,5.336699231206308e-6,2.5659999999999172,55.116271194691386
100,0.2,0.5,hub_1,pcglassoFast_Primal,C,1.873817422860384e-5,1.9394999999999527,55.1165267868824
100,0.2,0.5,hub_1,pcglassoFast_Primal,C,6.579332246575681e-5,1.2240000000000464,55.11633730463024
100,0.2,0.5,hub_1,pcglassoFast_Primal,C,2.310129700083161e-4,0.8664999999999736,55.118291872841155
100,0.2,0.5,hub_1,pcglassoFast_Primal,C,8.11130830789687e-4,0.3620000000000232,55.11663934823111
100,0.2,0.5,hub_1,pcglassoFast_Primal,C,0.002848035868435802,0.20600000000001728,55.121943687516264
100,0.2,0.5,hub_1,pcglassoFast_Primal,C,0.010000000000000004,0.11050000000000182,55.340610218318844
100,0.2,0.5,hub_1,pcglassoFast_Primal,I,9.999999999999982e-9,6.949499999999944,55.1162040077368
100,0.2,0.5,hub_1,pcglassoFast_Primal,I,3.5111917342151263e-8,5.956999999999994,55.11620450233297
100,0.2,0.5,hub_1,pcglassoFast_Primal,I,1.2328467394420646e-7,5.325999999999965,55.11620565166207
100,0.2,0.5,hub_1,pcglassoFast_Primal,I,4.328761281083054e-7,4.384499999999946,55.116203948680344
100,0.2,0.5,hub_1,pcglassoFast_Primal,I,1.5199110829529328e-6,4.100000000000023,55.116206448979575
100,0.2,0.5,hub_1,pcglassoFast_Primal,I,5.336699231206308e-6,3.0725000000000477,55.11626678500313
100,0.2,0.5,hub_1,pcglassoFast_Primal,I,1.873817422860384e-5,2.503500000000031,55.11638044855111
100,0.2,0.5,hub_1,pcglassoFast_Primal,I,6.579332246575681e-5,1.934500000000014,55.11626408532679
100,0.2,0.5,hub_1,pcglassoFast_Primal,I,2.310129700083161e-4,1.2615000000000123,55.11853823311257
100,0.2,0.5,hub_1,pcglassoFast_Primal,I,8.11130830789687e-4,0.8504999999999541,55.126627858984
100,0.2,0.5,hub_1,pcglassoFast_Primal,I,0.002848035868435802,0.5679999999999836,55.123390652167075
100,0.2,0.5,hub_1,pcglassoFast_Primal,I,0.010000000000000004,0.24949999999995498,55.39463293469001
100,0.2,0.5,hub_1,pcglassoFast_PrimalDual,C,9.999999999999982e-9,0.07399999999995543,55.116203300028786
100,0.2,0.5,hub_1,pcglassoFast_PrimalDual,C,3.5111917342151263e-8,0.07299999999997908,55.116203300028786
100,0.2,0.5,hub_1,pcglassoFast_PrimalDual,C,1.2328467394420646e-7,0.06900000000001683,55.11620330667258
100,0.2,0.5,hub_1,pcglassoFast_PrimalDual,C,4.328761281083054e-7,0.06499999999999773,55.116203351849954
100,0.2,0.5,hub_1,pcglassoFast_PrimalDual,C,1.5199110829529328e-6,0.06600000000003092,55.116203351849954
100,0.2,0.5,hub_1,pcglassoFast_PrimalDual,C,5.336699231206308e-6,0.0584999999999809,55.11620366306176
100,0.2,0.5,hub_1,pcglassoFast_PrimalDual,C,1.873817422860384e-5,0.05600000000004002,55.11620366306176
100,0.2,0.5,hub_1,pcglassoFast_PrimalDual,C,6.579332246575681e-5,0.0514999999999759,55.11620585991265
100,0.2,0.5,hub_1,pcglassoFast_PrimalDual,C,2.310129700083161e-4,0.12899999999996226,55.1162247850191
100,0.2,0.5,hub_1,pcglassoFast_PrimalDual,C,8.11130830789687e-4,0.05150000000003274,55.1162247850191
100,0.2,0.5,hub_1,pcglassoFast_PrimalDual,C,0.002848035868435802,0.04199999999997317,55.11636346948083
100,0.2,0.5,hub_1,pcglassoFast_PrimalDual,C,0.010000000000000004,0.03900000000004411,55.117424882678726
100,0.2,0.5,hub_1,pcglassoFast_PrimalDual,I,9.999999999999982e-9,0.1290000000000191,55.11620330065685
100,0.2,0.5,hub_1,pcglassoFast_PrimalDual,I,3.5111917342151263e-8,0.12849999999997408,55.11620330065685
100,0.2,0.5,hub_1,pcglassoFast_PrimalDual,I,1.2328467394420646e-7,0.12349999999997863,55.11620331010589
100,0.2,0.5,hub_1,pcglassoFast_PrimalDual,I,4.328761281083054e-7,0.1169999999999618,55.11620337108761
100,0.2,0.5,hub_1,pcglassoFast_PrimalDual,I,1.5199110829529328e-6,0.11750000000000682,55.11620337108761
100,0.2,0.5,hub_1,pcglassoFast_PrimalDual,I,5.336699231206308e-6,0.11050000000000182,55.11620377368618
100,0.2,0.5,hub_1,pcglassoFast_PrimalDual,I,1.873817422860384e-5,0.11299999999999955,55.11620377368618
100,0.2,0.5,hub_1,pcglassoFast_PrimalDual,I,6.579332246575681e-5,0.11200000000002319,55.11620652340919
100,0.2,0.5,hub_1,pcglassoFast_PrimalDual,I,2.310129700083161e-4,0.10250000000002046,55.11622603810374
100,0.2,0.5,hub_1,pcglassoFast_PrimalDual,I,8.11130830789687e-4,0.10250000000002046,55.11622603810374
100,0.2,0.5,hub_1,pcglassoFast_PrimalDual,I,0.002848035868435802,0.214999999999975,55.116370614968794
100,0.2,0.5,hub_1,pcglassoFast_PrimalDual,I,0.010000000000000004,0.09600000000000364,55.1174945398064
100,0.2,0.5,random,pcglasso,C,9.999999999999982e-9,0.6950000000000074,83.89820777531587
100,0.2,0.5,random,pcglasso,C,3.5111917342151263e-8,0.49799999999999045,83.89820778175556
100,0.2,0.5,random,pcglasso,C,1.2328467394420646e-7,0.6099999999999852,83.8982078263855
100,0.2,0.5,random,pcglasso,C,4.328761281083054e-7,0.45250000000000057,83.89820796750722
100,0.2,0.5,random,pcglasso,C,1.5199110829529328e-6,0.42850000000001387,83.89821800833201
100,0.2,0.5,random,pcglasso,C,5.336699231206308e-6,0.5220000000000056,83.8982357633222
100,0.2,0.5,random,pcglasso,C,1.873817422860384e-5,0.31399999999999295,83.89878584232918
100,0.2,0.5,random,pcglasso,C,6.579332246575681e-5,0.1944999999999908,83.90377599201099
100,0.2,0.5,random,pcglasso,C,2.310129700083161e-4,0.11499999999999488,83.97394044769162
100,0.2,0.5,random,pcglasso,C,8.11130830789687e-4,0.09199999999999875,84.31636019044944
100,0.2,0.5,random,pcglasso,C,0.002848035868435802,0.02599999999999625,145.57704396310552
100,0.2,0.5,random,pcglasso,C,0.010000000000000004,0.022999999999996135,147.1716962980969
100,0.2,0.5,random,pcglasso,I,9.999999999999982e-9,0.5660000000000025,83.89820777579183
100,0.2,0.5,random,pcglasso,I,3.5111917342151263e-8,0.37650000000000716,83.89820778301439
100,0.2,0.5,random,pcglasso,I,1.2328467394420646e-7,0.3709999999999951,83.89820779012355
100,0.2,0.5,random,pcglasso,I,4.328761281083054e-7,0.33049999999998647,83.89820837569616
100,0.2,0.5,random,pcglasso,I,1.5199110829529328e-6,0.30299999999999727,83.89821373746068
100,0.2,0.5,random,pcglasso,I,5.336699231206308e-6,0.2750000000000199,83.89825146517958
100,0.2,0.5,random,pcglasso,I,1.873817422860384e-5,0.18700000000001182,83.89898448164594
100,0.2,0.5,random,pcglasso,I,6.579332246575681e-5,0.13049999999999784,83.90303474240125
100,0.2,0.5,random,pcglasso,I,2.310129700083161e-4,0.06299999999998818,83.92851340891993
100,0.2,0.5,random,pcglasso,I,8.11130830789687e-4,0.024500000000003297,84.00424443031575
100,0.2,0.5,random,pcglasso,I,0.002848035868435802,0.02750000000000341,83.95461987295369
100,0.2,0.5,random,pcglasso,I,0.010000000000000004,0.019000000000005457,84.1039905724557
100,0.2,0.5,random,pcglassoFast_Dual,C,9.999999999999982e-9,0.045000000000015916,83.89820777783795
100,0.2,0.5,random,pcglassoFast_Dual,C,3.5111917342151263e-8,0.04250000000000398,83.89820777783795
100,0.2,0.5,random,pcglassoFast_Dual,C,1.2328467394420646e-7,0.04000000000000625,83.89820778492111
100,0.2,0.5,random,pcglassoFast_Dual,C,4.328761281083054e-7,0.036000000000001364,83.89820782823402
100,0.2,0.5,random,pcglassoFast_Dual,C,1.5199110829529328e-6,0.0379999999999967,83.89820806478674
100,0.2,0.5,random,pcglassoFast_Dual,C,5.336699231206308e-6,0.037499999999994316,83.89820916474595
100,0.2,0.5,random,pcglassoFast_Dual,C,1.873817422860384e-5,0.0344999999999942,83.89821260585299
100,0.2,0.5,random,pcglassoFast_Dual,C,6.579332246575681e-5,0.031999999999996476,83.89822277851971
100,0.2,0.5,random,pcglassoFast_Dual,C,2.310129700083161e-4,0.02949999999999875,83.89824911428722
100,0.2,0.5,random,pcglassoFast_Dual,C,8.11130830789687e-4,0.02950000000001296,83.89824911428722
100,0.2,0.5,random,pcglassoFast_Dual,C,0.002848035868435802,0.02750000000000341,83.89842430097977
100,0.2,0.5,random,pcglassoFast_Dual,C,0.010000000000000004,0.025000000000005684,83.89842430097977
100,0.2,0.5,random,pcglassoFast_Dual,I,9.999999999999982e-9,0.04200000000000159,83.89820777665201
100,0.2,0.5,random,pcglassoFast_Dual,I,3.5111917342151263e-8,0.037500000000008527,83.8982077815949
100,0.2,0.5,random,pcglassoFast_Dual,I,1.2328467394420646e-7,0.15000000000000568,83.8982077988009
100,0.2,0.5,random,pcglassoFast_Dual,I,4.328761281083054e-7,0.0315000000000083,83.89820785088554
100,0.2,0.5,random,pcglassoFast_Dual,I,1.5199110829529328e-6,0.16049999999999898,83.89820800425343
100,0.2,0.5,random,pcglassoFast_Dual,I,5.336699231206308e-6,0.027999999999991587,83.89820848692186
100,0.2,0.5,random,pcglassoFast_Dual,I,1.873817422860384e-5,0.025000000000005684,83.8982107779422
100,0.2,0.5,random,pcglassoFast_Dual,I,6.579332246575681e-5,0.024500000000003297,83.8982107779422
100,0.2,0.5,random,pcglassoFast_Dual,I,2.310129700083161e-4,0.024500000000003297,83.898225368185
100,0.2,0.5,random,pcglassoFast_Dual,I,8.11130830789687e-4,0.020999999999986585,83.89833026271542
100,0.2,0.5,random,pcglassoFast_Dual,I,0.002848035868435802,0.01850000000000307,83.89889405632984
100,0.2,0.5,random,pcglassoFast_Dual,I,0.010000000000000004,0.01799999999998647,83.901353156805
100,0.2,0.5,random,pcglassoFast_Primal,C,9.999999999999982e-9,0.1974999999999909,83.8982077787137
100,0.2,0.5,random,pcglassoFast_Primal,C,3.5111917342151263e-8,0.31399999999999295,83.89820779379534
100,0.2,0.5,random,pcglassoFast_Primal,C,1.2328467394420646e-7,0.17149999999999466,83.89820782161509
100,0.2,0.5,random,pcglassoFast_Primal,C,4.328761281083054e-7,0.16549999999999443,83.89820789025455
100,0.2,0.5,random,pcglassoFast_Primal,C,1.5199110829529328e-6,0.14949999999998909,83.89820851055964
100,0.2,0.5,random,pcglassoFast_Primal,C,5.336699231206308e-6,0.1384999999999934,83.89820967669984
100,0.2,0.5,random,pcglassoFast_Primal,C,1.873817422860384e-5,0.13150000000000261,83.89821269969194
100,0.2,0.5,random,pcglassoFast_Primal,C,6.579332246575681e-5,0.11749999999999261,83.898241267785
100,0.2,0.5,random,pcglassoFast_Primal,C,2.310129700083161e-4,0.1074999999999875,83.89829611195118
100,0.2,0.5,random,pcglassoFast_Primal,C,8.11130830789687e-4,0.10649999999999693,83.8984438751228
100,0.2,0.5,random,pcglassoFast_Primal,C,0.002848035868435802,0.08799999999999386,83.89885316982594
100,0.2,0.5,random,pcglassoFast_Primal,C,0.010000000000000004,0.07900000000000773,83.90002539124559
100,0.2,0.5,random,pcglassoFast_Primal,I,9.999999999999982e-9,0.16750000000000398,83.89820778199176
100,0.2,0.5,random,pcglassoFast_Primal,I,3.5111917342151263e-8,0.15449999999999875,83.8982077910989
100,0.2,0.5,random,pcglassoFast_Primal,I,1.2328467394420646e-7,0.15449999999999875,83.898207815003
100,0.2,0.5,random,pcglassoFast_Primal,I,4.328761281083054e-7,0.13400000000000034,83.89820802004543
100,0.2,0.5,random,pcglassoFast_Primal,I,1.5199110829529328e-6,0.12350000000000705,83.89820838032193
100,0.2,0.5,random,pcglassoFast_Primal,I,5.336699231206308e-6,0.11899999999999977,83.89820933953465
100,0.2,0.5,random,pcglassoFast_Primal,I,1.873817422860384e-5,0.10150000000000148,83.89821794218284
100,0.2,0.5,random,pcglassoFast_Primal,I,6.579332246575681e-5,0.10549999999999216,83.89823313015253
100,0.2,0.5,random,pcglassoFast_Primal,I,2.310129700083161e-4,0.08249999999999602,83.89836303617541
100,0.2,0.5,random,pcglassoFast_Primal,I,8.11130830789687e-4,0.07049999999999557,83.89859115601689
100,0.2,0.5,random,pcglassoFast_Primal,I,0.002848035868435802,0.1915000000000049,83.89915221116692
100,0.2,0.5,random,pcglassoFast_Primal,I,0.010000000000000004,0.04600000000000648,83.90412102981757
100,0.2,0.5,random,pcglassoFast_PrimalDual,C,9.999999999999982e-9,0.23649999999999238,83.89820778678543
100,0.2,0.5,random,pcglassoFast_PrimalDual,C,3.5111917342151263e-8,0.21699999999999875,83.89820779636631
100,0.2,0.5,random,pcglassoFast_PrimalDual,C,1.2328467394420646e-7,0.32149999999998613,83.8982078204056
100,0.2,0.5,random,pcglassoFast_PrimalDual,C,4.328761281083054e-7,0.32399999999999807,83.89820802842986
100,0.2,0.5,random,pcglassoFast_PrimalDual,C,1.5199110829529328e-6,0.18599999999999284,83.89820843055148
100,0.2,0.5,random,pcglassoFast_PrimalDual,C,5.336699231206308e-6,0.17499999999999716,83.89820948733723
100,0.2,0.5,random,pcglassoFast_PrimalDual,C,1.873817422860384e-5,0.17249999999999943,83.89821226777285
100,0.2,0.5,random,pcglassoFast_PrimalDual,C,6.579332246575681e-5,0.15200000000000102,83.89823978604832
100,0.2,0.5,random,pcglassoFast_PrimalDual,C,2.310129700083161e-4,0.1594999999999942,83.89829443465699
100,0.2,0.5,random,pcglassoFast_PrimalDual,C,8.11130830789687e-4,0.13100000000000023,83.89844685193594
100,0.2,0.5,random,pcglassoFast_PrimalDual,C,0.002848035868435802,0.11950000000000216,83.89888216756394
100,0.2,0.5,random,pcglassoFast_PrimalDual,C,0.010000000000000004,0.1280000000000001,83.90016123526553
100,0.2,0.5,random,pcglassoFast_PrimalDual,I,9.999999999999982e-9,0.17799999999999727,83.89820778373362
100,0.2,0.5,random,pcglassoFast_PrimalDual,I,3.5111917342151263e-8,0.1769999999999925,83.89820778957339
100,0.2,0.5,random,pcglassoFast_PrimalDual,I,1.2328467394420646e-7,0.15850000000001785,83.89820784086031
100,0.2,0.5,random,pcglassoFast_PrimalDual,I,4.328761281083054e-7,0.14999999999999147,83.89820793276456
100,0.2,0.5,random,pcglassoFast_PrimalDual,I,1.5199110829529328e-6,0.14449999999999363,83.89820816859763
100,0.2,0.5,random,pcglassoFast_PrimalDual,I,5.336699231206308e-6,0.12700000000000955,83.89821048680164
100,0.2,0.5,random,pcglassoFast_PrimalDual,I,1.873817422860384e-5,0.13100000000001444,83.89821492144304
100,0.2,0.5,random,pcglassoFast_PrimalDual,I,6.579332246575681e-5,0.25099999999999056,83.89822657789021
100,0.2,0.5,random,pcglassoFast_PrimalDual,I,2.310129700083161e-4,0.24950000000001182,83.89833536017235
100,0.2,0.5,random,pcglassoFast_PrimalDual,I,8.11130830789687e-4,0.08650000000000091,83.8985393739077
100,0.2,0.5,random,pcglassoFast_PrimalDual,I,0.002848035868435802,0.07250000000000512,83.89906607765232
100,0.2,0.5,random,pcglassoFast_PrimalDual,I,0.010000000000000004,0.05150000000000432,83.90399761633334
150,0.1,0,AR2,pcglasso,C,9.999999999999982e-9,1.4909999999999286,122.2517889867493
150,0.1,0,AR2,pcglasso,C,3.5111917342151263e-8,1.336500000000001,122.25178934746154
150,0.1,0,AR2,pcglasso,C,1.2328467394420646e-7,1.4580000000000268,122.25178939237665
150,0.1,0,AR2,pcglasso,C,4.328761281083054e-7,1.09050000000002,122.25179099507272
150,0.1,0,AR2,pcglasso,C,1.5199110829529328e-6,1.9139999999999873,122.25182679861618
150,0.1,0,AR2,pcglasso,C,5.336699231206308e-6,0.9545000000000528,122.25220571749742
150,0.1,0,AR2,pcglasso,C,1.873817422860384e-5,0.680499999999995,122.25791992171966
150,0.1,0,AR2,pcglasso,C,6.579332246575681e-5,0.44899999999995543,122.33290877267669
150,0.1,0,AR2,pcglasso,C,2.310129700083161e-4,0.23450000000002547,124.77333631358505
150,0.1,0,AR2,pcglasso,C,8.11130830789687e-4,0.09550000000001546,141.45634290358632
150,0.1,0,AR2,pcglasso,C,0.002848035868435802,0.07399999999984175,171.6868831622352
150,0.1,0,AR2,pcglasso,C,0.010000000000000004,0.06599999999991724,153.67987407319305
150,0.1,0,AR2,pcglasso,I,9.999999999999982e-9,1.4005000000000791,122.25178897533706
150,0.1,0,AR2,pcglasso,I,3.5111917342151263e-8,1.0020000000000095,122.25178915761384
150,0.1,0,AR2,pcglasso,I,1.2328467394420646e-7,1.0545000000000755,122.2517894316504
150,0.1,0,AR2,pcglasso,I,4.328761281083054e-7,0.8635000000000446,122.25179272761486
150,0.1,0,AR2,pcglasso,I,1.5199110829529328e-6,0.7805000000000177,122.25182841829927
150,0.1,0,AR2,pcglasso,I,5.336699231206308e-6,0.6894999999999527,122.25234264304552
150,0.1,0,AR2,pcglasso,I,1.873817422860384e-5,0.47850000000005366,122.25968424392548
150,0.1,0,AR2,pcglasso,I,6.579332246575681e-5,0.32749999999998636,122.28153362015014
150,0.1,0,AR2,pcglasso,I,2.310129700083161e-4,0.20699999999999363,122.55280471408295
150,0.1,0,AR2,pcglasso,I,8.11130830789687e-4,0.09199999999998454,125.86094457486664
150,0.1,0,AR2,pcglasso,I,0.002848035868435802,0.0625,126.22923954293194
150,0.1,0,AR2,pcglasso,I,0.010000000000000004,0.0584999999999809,126.22923954293194
150,0.1,0,AR2,pcglassoFast_Dual,C,9.999999999999982e-9,0.15899999999993497,122.25178896977562
150,0.1,0,AR2,pcglassoFast_Dual,C,3.5111917342151263e-8,0.3109999999999218,122.25178897412863
150,0.1,0,AR2,pcglassoFast_Dual,C,1.2328467394420646e-7,0.25700000000006185,122.25178898831055
150,0.1,0,AR2,pcglassoFast_Dual,C,4.328761281083054e-7,0.16899999999998272,122.25178903066968
150,0.1,0,AR2,pcglassoFast_Dual,C,1.5199110829529328e-6,0.24550000000004957,122.25178916508989
150,0.1,0,AR2,pcglassoFast_Dual,C,5.336699231206308e-6,0.13650000000006912,122.25178967888522
150,0.1,0,AR2,pcglassoFast_Dual,C,1.873817422860384e-5,0.12700000000018008,122.25179171615187
150,0.1,0,AR2,pcglassoFast_Dual,C,6.579332246575681e-5,0.2700000000000955,122.2517986839391
150,0.1,0,AR2,pcglassoFast_Dual,C,2.310129700083161e-4,0.11199999999996635,122.25182611081716
150,0.1,0,AR2,pcglassoFast_Dual,C,8.11130830789687e-4,0.11300000000005639,122.25195158656999
150,0.1,0,AR2,pcglassoFast_Dual,C,0.002848035868435802,0.10649999999998272,122.25247193406297
150,0.1,0,AR2,pcglassoFast_Dual,C,0.010000000000000004,0.09799999999995634,122.2548926562164
150,0.1,0,AR2,pcglassoFast_Dual,I,9.999999999999982e-9,0.11449999999996407,122.25178897190133
150,0.1,0,AR2,pcglassoFast_Dual,I,3.5111917342151263e-8,0.242999999999995,122.25178898080335
150,0.1,0,AR2,pcglassoFast_Dual,I,1.2328467394420646e-7,0.11549999999999727,122.25178898080335
150,0.1,0,AR2,pcglassoFast_Dual,I,4.328761281083054e-7,0.10199999999997544,122.25178914239349
150,0.1,0,AR2,pcglassoFast_Dual,I,1.5199110829529328e-6,0.10149999999998727,122.25178914239349
150,0.1,0,AR2,pcglassoFast_Dual,I,5.336699231206308e-6,0.09800000000001319,122.25178957512192
150,0.1,0,AR2,pcglassoFast_Dual,I,1.873817422860384e-5,0.09349999999994907,122.25179128077468
150,0.1,0,AR2,pcglassoFast_Dual,I,6.579332246575681e-5,0.09199999999998454,122.25179904551332
150,0.1,0,AR2,pcglassoFast_Dual,I,2.310129700083161e-4,0.2419999999999618,122.25200236843718
150,0.1,0,AR2,pcglassoFast_Dual,I,8.11130830789687e-4,0.07949999999993906,122.25183945642358
150,0.1,0,AR2,pcglassoFast_Dual,I,0.002848035868435802,0.07499999999993179,122.2520346698146
150,0.1,0,AR2,pcglassoFast_Dual,I,0.010000000000000004,0.06299999999998818,122.25604484437511
150,0.1,0,AR2,pcglassoFast_Primal,C,9.999999999999982e-9,0.5425000000000182,122.25178897293452
150,0.1,0,AR2,pcglassoFast_Primal,C,3.5111917342151263e-8,0.5029999999999859,122.25178897994066
150,0.1,0,AR2,pcglassoFast_Primal,C,1.2328467394420646e-7,0.4800000000000182,122.25178900270981
150,0.1,0,AR2,pcglassoFast_Primal,C,4.328761281083054e-7,0.5500000000000114,122.25178906696952
150,0.1,0,AR2,pcglassoFast_Primal,C,1.5199110829529328e-6,0.42600000000015825,122.25178925017511
150,0.1,0,AR2,pcglassoFast_Primal,C,5.336699231206308e-6,0.40600000000006276,122.25178982012088
150,0.1,0,AR2,pcglassoFast_Primal,C,1.873817422860384e-5,0.3644999999999641,122.25179701075893
150,0.1,0,AR2,pcglassoFast_Primal,C,6.579332246575681e-5,0.34050000000002,122.25181399425846
150,0.1,0,AR2,pcglassoFast_Primal,C,2.310129700083161e-4,0.3184999999999718,122.25186791089847
150,0.1,0,AR2,pcglassoFast_Primal,C,8.11130830789687e-4,0.4315000000000282,122.25203975993526
150,0.1,0,AR2,pcglassoFast_Primal,C,0.002848035868435802,0.26949999999999363,122.25258929477167
150,0.1,0,AR2,pcglassoFast_Primal,C,0.010000000000000004,0.24649999999996908,122.25436875421642
150,0.1,0,AR2,pcglassoFast_Primal,I,9.999999999999982e-9,0.5065000000000168,122.25178897336835
150,0.1,0,AR2,pcglassoFast_Primal,I,3.5111917342151263e-8,0.6189999999999714,122.25178898043215
150,0.1,0,AR2,pcglassoFast_Primal,I,1.2328467394420646e-7,0.4550000000000409,122.25178899689908
150,0.1,0,AR2,pcglassoFast_Primal,I,4.328761281083054e-7,0.47949999999997317,122.25178904987823
150,0.1,0,AR2,pcglassoFast_Primal,I,1.5199110829529328e-6,0.39150000000000773,122.251789668251
150,0.1,0,AR2,pcglassoFast_Primal,I,5.336699231206308e-6,0.3689999999999145,122.25179109011641
150,0.1,0,AR2,pcglassoFast_Primal,I,1.873817422860384e-5,0.3485000000000582,122.25179555208297
150,0.1,0,AR2,pcglassoFast_Primal,I,6.579332246575681e-5,0.32600000000002183,122.2518095257575
150,0.1,0,AR2,pcglassoFast_Primal,I,2.310129700083161e-4,0.3020000000000209,122.25185403512575
150,0.1,0,AR2,pcglassoFast_Primal,I,8.11130830789687e-4,0.4110000000000582,122.25199707344814
150,0.1,0,AR2,pcglassoFast_Primal,I,0.002848035868435802,0.25649999999996,122.25246038629385
150,0.1,0,AR2,pcglassoFast_Primal,I,0.010000000000000004,0.23099999999999454,122.2539761548077
150,0.1,0,AR2,pcglassoFast_PrimalDual,C,9.999999999999982e-9,0.9169999999999163,122.25178898444399
150,0.1,0,AR2,pcglassoFast_PrimalDual,C,3.5111917342151263e-8,0.7760000000000105,122.25178902832863
150,0.1,0,AR2,pcglassoFast_PrimalDual,C,1.2328467394420646e-7,0.8114999999999668,122.25178933054548
150,0.1,0,AR2,pcglassoFast_PrimalDual,C,4.328761281083054e-7,0.6184999999999263,122.25178940197843
150,0.1,0,AR2,pcglassoFast_PrimalDual,C,1.5199110829529328e-6,0.5860000000000127,122.25178952875793
150,0.1,0,AR2,pcglassoFast_PrimalDual,C,5.336699231206308e-6,0.5559999999999832,122.25179014991674
150,0.1,0,AR2,pcglassoFast_PrimalDual,C,1.873817422860384e-5,0.5259999999999536,122.25179222858581
150,0.1,0,AR2,pcglassoFast_PrimalDual,C,6.579332246575681e-5,0.49299999999993815,122.2517997601264
150,0.1,0,AR2,pcglassoFast_PrimalDual,C,2.310129700083161e-4,0.6915000000000191,122.25182715584492
150,0.1,0,AR2,pcglassoFast_PrimalDual,C,8.11130830789687e-4,0.4215000000000373,122.25192662954922
150,0.1,0,AR2,pcglassoFast_PrimalDual,C,0.002848035868435802,0.38200000000006185,122.25229011054489
150,0.1,0,AR2,pcglassoFast_PrimalDual,C,0.010000000000000004,0.48899999999991905,122.25360943793295
150,0.1,0,AR2,pcglassoFast_PrimalDual,I,9.999999999999982e-9,0.8209999999999695,122.25178900638542
150,0.1,0,AR2,pcglassoFast_PrimalDual,I,3.5111917342151263e-8,0.6619999999999209,122.25178927357908
150,0.1,0,AR2,pcglassoFast_PrimalDual,I,1.2328467394420646e-7,0.6449999999999818,122.25178929570963
150,0.1,0,AR2,pcglassoFast_PrimalDual,I,4.328761281083054e-7,0.76400000000001,122.25178939056039
150,0.1,0,AR2,pcglassoFast_PrimalDual,I,1.5199110829529328e-6,0.7475000000000591,122.25178956086174
150,0.1,0,AR2,pcglassoFast_PrimalDual,I,5.336699231206308e-6,0.5524999999998954,122.25179020397755
150,0.1,0,AR2,pcglassoFast_PrimalDual,I,1.873817422860384e-5,0.5240000000000009,122.2517925969017
150,0.1,0,AR2,pcglassoFast_PrimalDual,I,6.579332246575681e-5,0.6335000000000264,122.25180107254357
150,0.1,0,AR2,pcglassoFast_PrimalDual,I,2.310129700083161e-4,0.4560000000000173,122.25183181897435
150,0.1,0,AR2,pcglassoFast_PrimalDual,I,8.11130830789687e-4,0.41449999999997544,122.25194298743418
150,0.1,0,AR2,pcglassoFast_PrimalDual,I,0.002848035868435802,0.37649999999996453,122.25234708246384
150,0.1,0,AR2,pcglassoFast_PrimalDual,I,0.010000000000000004,0.33749999999997726,122.25381445640018
150,0.1,0,hub_09,pcglasso,C,9.999999999999982e-9,0.9909999999999854,146.1006194970776
150,0.1,0,hub_09,pcglasso,C,3.5111917342151263e-8,1.0605000000000189,146.10061949659644
150,0.1,0,hub_09,pcglasso,C,1.2328467394420646e-7,1.1535000000000082,146.10061950333164
150,0.1,0,hub_09,pcglasso,C,4.328761281083054e-7,0.9735000000000298,146.10061954269784
150,0.1,0,hub_09,pcglasso,C,1.5199110829529328e-6,0.7674999999999841,146.1006300576814
150,0.1,0,hub_09,pcglasso,C,5.336699231206308e-6,0.664999999999992,146.10063640797
150,0.1,0,hub_09,pcglasso,C,1.873817422860384e-5,0.5100000000000193,146.10081784381083
150,0.1,0,hub_09,pcglasso,C,6.579332246575681e-5,0.37299999999999045,146.1081602409007
150,0.1,0,hub_09,pcglasso,C,2.310129700083161e-4,0.28350000000000364,146.14374530355482
150,0.1,0,hub_09,pcglasso,C,8.11130830789687e-4,0.3090000000000259,148.4858214187936
150,0.1,0,hub_09,pcglasso,C,0.002848035868435802,0.05449999999999022,185.53566104237592
150,0.1,0,hub_09,pcglasso,C,0.010000000000000004,0.06100000000000705,185.53566104237592
150,0.1,0,hub_09,pcglasso,I,9.999999999999982e-9,1.0769999999999982,146.1006194949251
150,0.1,0,hub_09,pcglasso,I,3.5111917342151263e-8,0.9145000000000039,146.10061950724352
150,0.1,0,hub_09,pcglasso,I,1.2328467394420646e-7,0.828000000000003,146.10061950055388
150,0.1,0,hub_09,pcglasso,I,4.328761281083054e-7,0.8400000000000034,146.1006212682002
150,0.1,0,hub_09,pcglasso,I,1.5199110829529328e-6,0.8205000000000098,146.10062189398286
150,0.1,0,hub_09,pcglasso,I,5.336699231206308e-6,0.5579999999999927,146.1006333435085
150,0.1,0,hub_09,pcglasso,I,1.873817422860384e-5,0.5724999999999909,146.1006497044384
150,0.1,0,hub_09,pcglasso,I,6.579332246575681e-5,0.32600000000002183,146.1012939516482
150,0.1,0,hub_09,pcglasso,I,2.310129700083161e-4,0.1529999999999916,146.28340624271712
150,0.1,0,hub_09,pcglasso,I,8.11130830789687e-4,0.10600000000002296,146.59887918855432
150,0.1,0,hub_09,pcglasso,I,0.002848035868435802,0.11099999999999,146.25710536662274
150,0.1,0,hub_09,pcglasso,I,0.010000000000000004,0.10599999999996612,146.25710536662274
150,0.1,0,hub_09,pcglassoFast_Dual,C,9.999999999999982e-9,0.47299999999998477,146.10061949816685
150,0.1,0,hub_09,pcglassoFast_Dual,C,3.5111917342151263e-8,0.16249999999999432,146.10061951755452
150,0.1,0,hub_09,pcglassoFast_Dual,C,1.2328467394420646e-7,0.15300000000002,146.100619545947
150,0.1,0,hub_09,pcglassoFast_Dual,C,4.328761281083054e-7,0.2669999999999959,146.10061974063854
150,0.1,0,hub_09,pcglassoFast_Dual,C,1.5199110829529328e-6,0.13500000000001933,146.1006205396178
150,0.1,0,hub_09,pcglassoFast_Dual,C,5.336699231206308e-6,0.22699999999997544,146.10062379338362
150,0.1,0,hub_09,pcglassoFast_Dual,C,1.873817422860384e-5,0.2580000000000098,146.10062857145118
150,0.1,0,hub_09,pcglassoFast_Dual,C,6.579332246575681e-5,0.1115000000000066,146.10064449226505
150,0.1,0,hub_09,pcglassoFast_Dual,C,2.310129700083161e-4,0.22449999999997772,146.1006715269165
150,0.1,0,hub_09,pcglassoFast_Dual,C,8.11130830789687e-4,0.23199999999999932,146.1018403361139
150,0.1,0,hub_09,pcglassoFast_Dual,C,0.002848035868435802,0.24500000000000455,146.10201839157293
150,0.1,0,hub_09,pcglassoFast_Dual,C,0.010000000000000004,0.07200000000000273,146.10413594403974
150,0.1,0,hub_09,pcglassoFast_Dual,I,9.999999999999982e-9,0.12800000000001432,146.1006194999999
150,0.1,0,hub_09,pcglassoFast_Dual,I,3.5111917342151263e-8,0.1279999999999859,146.10061950854475
150,0.1,0,hub_09,pcglassoFast_Dual,I,1.2328467394420646e-7,0.1144999999999925,146.10061956359434
150,0.1,0,hub_09,pcglassoFast_Dual,I,4.328761281083054e-7,0.09900000000001796,146.10061979418882
150,0.1,0,hub_09,pcglassoFast_Dual,I,1.5199110829529328e-6,0.10299999999998022,146.10062011065733
150,0.1,0,hub_09,pcglassoFast_Dual,I,5.336699231206308e-6,0.21000000000000796,146.1006223751974
150,0.1,0,hub_09,pcglassoFast_Dual,I,1.873817422860384e-5,0.0805000000000291,146.10062749143358
150,0.1,0,hub_09,pcglassoFast_Dual,I,6.579332246575681e-5,0.07450000000000045,146.1006888416897
150,0.1,0,hub_09,pcglassoFast_Dual,I,2.310129700083161e-4,0.060000000000002274,146.10086331933238
150,0.1,0,hub_09,pcglassoFast_Dual,I,8.11130830789687e-4,0.05750000000000455,146.10091487504573
150,0.1,0,hub_09,pcglassoFast_Dual,I,0.002848035868435802,0.18350000000000932,146.1014458221525
150,0.1,0,hub_09,pcglassoFast_Dual,I,0.010000000000000004,0.04549999999997567,146.10296132633908
150,0.1,0,hub_09,pcglassoFast_Primal,C,9.999999999999982e-9,0.35650000000001114,146.1006194939179
150,0.1,0,hub_09,pcglassoFast_Primal,C,3.5111917342151263e-8,0.3189999999999884,146.1006194994848
150,0.1,0,hub_09,pcglassoFast_Primal,C,1.2328467394420646e-7,0.33299999999997,146.1006194994848
150,0.1,0,hub_09,pcglassoFast_Primal,C,4.328761281083054e-7,0.3120000000000118,146.10061953367907
150,0.1,0,hub_09,pcglassoFast_Primal,C,1.5199110829529328e-6,0.2974999999999852,146.10061953367907
150,0.1,0,hub_09,pcglassoFast_Primal,C,5.336699231206308e-6,0.28899999999998727,146.10061975822612
150,0.1,0,hub_09,pcglassoFast_Primal,C,1.873817422860384e-5,0.2599999999999909,146.1006215081105
150,0.1,0,hub_09,pcglassoFast_Primal,C,6.579332246575681e-5,0.250500000000045,146.1006215081105
150,0.1,0,hub_09,pcglassoFast_Primal,C,2.310129700083161e-4,0.23699999999996635,146.10063787737292
150,0.1,0,hub_09,pcglassoFast_Primal,C,8.11130830789687e-4,0.36950000000001637,146.10063787737292
150,0.1,0,hub_09,pcglassoFast_Primal,C,0.002848035868435802,0.20600000000001728,146.10080205649734
150,0.1,0,hub_09,pcglassoFast_Primal,C,0.010000000000000004,0.2115000000000009,146.10080205649734
150,0.1,0,hub_09,pcglassoFast_Primal,I,9.999999999999982e-9,0.34950000000000614,146.10061949480504
150,0.1,0,hub_09,pcglassoFast_Primal,I,3.5111917342151263e-8,0.3480000000000132,146.10061949480504
150,0.1,0,hub_09,pcglassoFast_Primal,I,1.2328467394420646e-7,0.3074999999999761,146.10061950222985
150,0.1,0,hub_09,pcglassoFast_Primal,I,4.328761281083054e-7,0.29949999999999477,146.1006195404882
150,0.1,0,hub_09,pcglassoFast_Primal,I,1.5199110829529328e-6,0.2764999999999702,146.10061971329043
150,0.1,0,hub_09,pcglassoFast_Primal,I,5.336699231206308e-6,0.23599999999996157,146.10062041172532
150,0.1,0,hub_09,pcglassoFast_Primal,I,1.873817422860384e-5,0.25499999999999545,146.10062041172532
150,0.1,0,hub_09,pcglassoFast_Primal,I,6.579332246575681e-5,0.22249999999996817,146.10062392527138
150,0.1,0,hub_09,pcglassoFast_Primal,I,2.310129700083161e-4,0.19499999999999318,146.10064591575644
150,0.1,0,hub_09,pcglassoFast_Primal,I,8.11130830789687e-4,0.20499999999998408,146.10064591575644
150,0.1,0,hub_09,pcglassoFast_Primal,I,0.002848035868435802,0.17599999999998772,146.10078965648225
150,0.1,0,hub_09,pcglassoFast_Primal,I,0.010000000000000004,0.146000000000015,146.1017861619872
150,0.1,0,hub_09,pcglassoFast_PrimalDual,C,9.999999999999982e-9,0.32450000000000045,146.1006195036981
150,0.1,0,hub_09,pcglassoFast_PrimalDual,C,3.5111917342151263e-8,0.3170000000000357,146.10061950655341
150,0.1,0,hub_09,pcglassoFast_PrimalDual,C,1.2328467394420646e-7,0.30699999999998795,146.10061950655341
150,0.1,0,hub_09,pcglassoFast_PrimalDual,C,4.328761281083054e-7,0.38349999999999795,146.10061952397572
150,0.1,0,hub_09,pcglassoFast_PrimalDual,C,1.5199110829529328e-6,0.29649999999998045,146.10061952397572
150,0.1,0,hub_09,pcglassoFast_PrimalDual,C,5.336699231206308e-6,0.3849999999999909,146.10061980911192
150,0.1,0,hub_09,pcglassoFast_PrimalDual,C,1.873817422860384e-5,0.3959999999999866,146.10061980911192
150,0.1,0,hub_09,pcglassoFast_PrimalDual,C,6.579332246575681e-5,0.3704999999999927,146.10062402065324
150,0.1,0,hub_09,pcglassoFast_PrimalDual,C,2.310129700083161e-4,0.24349999999998317,146.10062402065324
150,0.1,0,hub_09,pcglassoFast_PrimalDual,C,8.11130830789687e-4,0.3774999999999977,146.10062402065324
150,0.1,0,hub_09,pcglassoFast_PrimalDual,C,0.002848035868435802,0.21599999999997976,146.10068779349032
150,0.1,0,hub_09,pcglassoFast_PrimalDual,C,0.010000000000000004,0.214999999999975,146.10068779349032
150,0.1,0,hub_09,pcglassoFast_PrimalDual,I,9.999999999999982e-9,0.34350000000003433,146.1006195033486
150,0.1,0,hub_09,pcglassoFast_PrimalDual,I,3.5111917342151263e-8,0.3100000000000023,146.10061950635398
150,0.1,0,hub_09,pcglassoFast_PrimalDual,I,1.2328467394420646e-7,0.3300000000000125,146.10061950635398
150,0.1,0,hub_09,pcglassoFast_PrimalDual,I,4.328761281083054e-7,0.3394999999999868,146.1006195217145
150,0.1,0,hub_09,pcglassoFast_PrimalDual,I,1.5199110829529328e-6,0.26899999999997704,146.1006196554463
150,0.1,0,hub_09,pcglassoFast_PrimalDual,I,5.336699231206308e-6,0.28000000000000114,146.1006196554463
150,0.1,0,hub_09,pcglassoFast_PrimalDual,I,1.873817422860384e-5,0.25550000000001205,146.1006208529194
150,0.1,0,hub_09,pcglassoFast_PrimalDual,I,6.579332246575681e-5,0.37350000000000705,146.1006208529194
150,0.1,0,hub_09,pcglassoFast_PrimalDual,I,2.310129700083161e-4,0.23050000000000637,146.1006308240727
150,0.1,0,hub_09,pcglassoFast_PrimalDual,I,8.11130830789687e-4,0.20100000000002183,146.10071430839864
150,0.1,0,hub_09,pcglassoFast_PrimalDual,I,0.002848035868435802,0.19249999999999545,146.10071430839864
150,0.1,0,hub_09,pcglassoFast_PrimalDual,I,0.010000000000000004,0.16900000000001114,146.1014156492896
150,0.1,0,hub_1,pcglasso,C,9.999999999999982e-9,15.199999999999989,51.95700743901058
150,0.1,0,hub_1,pcglasso,C,3.5111917342151263e-8,14.305500000000052,51.95700747917317
150,0.1,0,hub_1,pcglasso,C,1.2328467394420646e-7,10.706499999999892,51.95701415899048
150,0.1,0,hub_1,pcglasso,C,4.328761281083054e-7,7.32349999999991,51.95717788340445
150,0.1,0,hub_1,pcglasso,C,1.5199110829529328e-6,6.116499999999917,51.95724790095442
150,0.1,0,hub_1,pcglasso,C,5.336699231206308e-6,4.939000000000078,51.957999908970564
150,0.1,0,hub_1,pcglasso,C,1.873817422860384e-5,3.0149999999998727,52.03394504375336
150,0.1,0,hub_1,pcglasso,C,6.579332246575681e-5,2.322499999999991,52.38560425872982
150,0.1,0,hub_1,pcglasso,C,2.310129700083161e-4,2.2939999999999827,52.9710830424477
150,0.1,0,hub_1,pcglasso,C,8.11130830789687e-4,0.82549999999992,148.18927995153433
150,0.1,0,hub_1,pcglasso,C,0.002848035868435802,0.7069999999999936,148.18927995153433
150,0.1,0,hub_1,pcglasso,C,0.010000000000000004,0.5579999999999927,148.18927995153433
150,0.1,0,hub_1,pcglasso,I,9.999999999999982e-9,56.722500000000025,51.95700728964792
150,0.1,0,hub_1,pcglasso,I,3.5111917342151263e-8,48.77049999999997,51.957007362148346
150,0.1,0,hub_1,pcglasso,I,1.2328467394420646e-7,39.09899999999999,51.95700796234095
150,0.1,0,hub_1,pcglasso,I,4.328761281083054e-7,30.102999999999952,51.95701495882495
150,0.1,0,hub_1,pcglasso,I,1.5199110829529328e-6,21.13900000000001,51.95713789841818
150,0.1,0,hub_1,pcglasso,I,5.336699231206308e-6,14.289000000000044,51.958685850037554
150,0.1,0,hub_1,pcglasso,I,1.873817422860384e-5,8.967000000000098,51.98085233513859
150,0.1,0,hub_1,pcglasso,I,6.579332246575681e-5,0.46900000000005093,56.80369635239586
150,0.1,0,hub_1,pcglasso,I,2.310129700083161e-4,0.4455000000000382,56.89055045655257
150,0.1,0,hub_1,pcglasso,I,8.11130830789687e-4,0.4675000000000864,56.39470029585226
150,0.1,0,hub_1,pcglasso,I,0.002848035868435802,0.28100000000006276,57.22681147079192
150,0.1,0,hub_1,pcglasso,I,0.010000000000000004,0.26700000000005275,58.19294418561026
150,0.1,0,hub_1,pcglassoFast_Dual,C,9.999999999999982e-9,14.70150000000001,51.95700755079873
150,0.1,0,hub_1,pcglassoFast_Dual,C,3.5111917342151263e-8,15.177499999999952,51.95700756455008
150,0.1,0,hub_1,pcglassoFast_Dual,C,1.2328467394420646e-7,12.66900000000004,51.95701074350617
150,0.1,0,hub_1,pcglassoFast_Dual,C,4.328761281083054e-7,12.482999999999947,51.957011127333814
150,0.1,0,hub_1,pcglassoFast_Dual,C,1.5199110829529328e-6,10.933499999999867,51.95702814855221
150,0.1,0,hub_1,pcglassoFast_Dual,C,5.336699231206308e-6,10.569499999999948,51.95704078323742
150,0.1,0,hub_1,pcglassoFast_Dual,C,1.873817422860384e-5,8.892500000000041,51.95729615564733
150,0.1,0,hub_1,pcglassoFast_Dual,C,6.579332246575681e-5,8.625999999999976,51.957404918617264
150,0.1,0,hub_1,pcglassoFast_Dual,C,2.310129700083161e-4,6.5154999999999745,51.95867251252712
150,0.1,0,hub_1,pcglassoFast_Dual,C,8.11130830789687e-4,6.419999999999959,51.96066453098802
150,0.1,0,hub_1,pcglassoFast_Dual,C,0.002848035868435802,4.182999999999993,51.98446971044457
150,0.1,0,hub_1,pcglassoFast_Dual,C,0.010000000000000004,3.252499999999941,52.01953520714771
150,0.1,0,hub_1,pcglassoFast_Dual,I,9.999999999999982e-9,27.550999999999988,51.95700741006663
150,0.1,0,hub_1,pcglassoFast_Dual,I,3.5111917342151263e-8,25.368000000000052,51.95700774703741
150,0.1,0,hub_1,pcglassoFast_Dual,I,1.2328467394420646e-7,24.141999999999996,51.95700890266835
150,0.1,0,hub_1,pcglassoFast_Dual,I,4.328761281083054e-7,23.179499999999962,51.95701692870918
150,0.1,0,hub_1,pcglassoFast_Dual,I,1.5199110829529328e-6,21.500499999999988,51.957034015482044
150,0.1,0,hub_1,pcglassoFast_Dual,I,5.336699231206308e-6,21.102499999999964,51.957034598132594
150,0.1,0,hub_1,pcglassoFast_Dual,I,1.873817422860384e-5,20.028999999999996,51.957169341585406
150,0.1,0,hub_1,pcglassoFast_Dual,I,6.579332246575681e-5,18.902500000000032,51.957319649470634
150,0.1,0,hub_1,pcglassoFast_Dual,I,2.310129700083161e-4,19.01100000000008,51.95787425599634
150,0.1,0,hub_1,pcglassoFast_Dual,I,8.11130830789687e-4,16.509500000000116,51.96769011883392
150,0.1,0,hub_1,pcglassoFast_Dual,I,0.002848035868435802,14.748000000000047,51.96929597105982
150,0.1,0,hub_1,pcglassoFast_Dual,I,0.010000000000000004,13.658500000000117,51.99694039452043
150,0.1,0,hub_1,pcglassoFast_Primal,C,9.999999999999982e-9,7.488499999999988,51.95700749604445
150,0.1,0,hub_1,pcglassoFast_Primal,C,3.5111917342151263e-8,6.79950000000008,51.957008049001324
150,0.1,0,hub_1,pcglassoFast_Primal,C,1.2328467394420646e-7,5.72199999999998,51.95700993576674
150,0.1,0,hub_1,pcglassoFast_Primal,C,4.328761281083054e-7,5.267000000000053,51.95701574928753
150,0.1,0,hub_1,pcglassoFast_Primal,C,1.5199110829529328e-6,4.376000000000033,51.95702765675288
150,0.1,0,hub_1,pcglassoFast_Primal,C,5.336699231206308e-6,3.8999999999998636,51.957033899570654
150,0.1,0,hub_1,pcglassoFast_Primal,C,1.873817422860384e-5,4.0090000000000146,51.95705747811438
150,0.1,0,hub_1,pcglassoFast_Primal,C,6.579332246575681e-5,3.5294999999999845,51.95713108083623
150,0.1,0,hub_1,pcglassoFast_Primal,C,2.310129700083161e-4,2.7425000000000637,51.95759807786014
150,0.1,0,hub_1,pcglassoFast_Primal,C,8.11130830789687e-4,2.1334999999999127,51.958950260561046
150,0.1,0,hub_1,pcglassoFast_Primal,C,0.002848035868435802,1.7059999999999036,51.96417565923812
150,0.1,0,hub_1,pcglassoFast_Primal,C,0.010000000000000004,1.365000000000009,51.97670332526615
150,0.1,0,hub_1,pcglassoFast_Primal,I,9.999999999999982e-9,9.180500000000052,51.95700750684181
150,0.1,0,hub_1,pcglassoFast_Primal,I,3.5111917342151263e-8,8.464499999999987,51.95700810278803
150,0.1,0,hub_1,pcglassoFast_Primal,I,1.2328467394420646e-7,6.989000000000033,51.957010157323396
150,0.1,0,hub_1,pcglassoFast_Primal,I,4.328761281083054e-7,6.150000000000091,51.95701651453182
150,0.1,0,hub_1,pcglassoFast_Primal,I,1.5199110829529328e-6,5.3185000000000855,51.95703471367841
150,0.1,0,hub_1,pcglassoFast_Primal,I,5.336699231206308e-6,5.052000000000021,51.95703795453859
150,0.1,0,hub_1,pcglassoFast_Primal,I,1.873817422860384e-5,4.358000000000061,51.957065342056055
150,0.1,0,hub_1,pcglassoFast_Primal,I,6.579332246575681e-5,4.017000000000053,51.95717236329707
150,0.1,0,hub_1,pcglassoFast_Primal,I,2.310129700083161e-4,3.9914999999999736,51.95755591522536
150,0.1,0,hub_1,pcglassoFast_Primal,I,8.11130830789687e-4,3.3980000000000246,51.95926300917954
150,0.1,0,hub_1,pcglassoFast_Primal,I,0.002848035868435802,2.80499999999995,51.96622035909877
150,0.1,0,hub_1,pcglassoFast_Primal,I,0.010000000000000004,2.4495000000000573,51.992921353203954
150,0.1,0,hub_1,pcglassoFast_PrimalDual,C,9.999999999999982e-9,1.5050000000000523,51.95700733469924
150,0.1,0,hub_1,pcglassoFast_PrimalDual,C,3.5111917342151263e-8,1.156000000000006,51.95700745358566
150,0.1,0,hub_1,pcglassoFast_PrimalDual,C,1.2328467394420646e-7,1.0674999999999955,51.957007653082
150,0.1,0,hub_1,pcglassoFast_PrimalDual,C,4.328761281083054e-7,1.0409999999999968,51.95700863988266
150,0.1,0,hub_1,pcglassoFast_PrimalDual,C,1.5199110829529328e-6,0.8279999999999745,51.957011571837555
150,0.1,0,hub_1,pcglassoFast_PrimalDual,C,5.336699231206308e-6,0.6894999999999527,51.9570265978586
150,0.1,0,hub_1,pcglassoFast_PrimalDual,C,1.873817422860384e-5,0.5620000000000118,51.95707270413979
150,0.1,0,hub_1,pcglassoFast_PrimalDual,C,6.579332246575681e-5,0.46249999999997726,51.9571831151362
150,0.1,0,hub_1,pcglassoFast_PrimalDual,C,2.310129700083161e-4,0.36149999999997817,51.957552346003816
150,0.1,0,hub_1,pcglassoFast_PrimalDual,C,8.11130830789687e-4,0.4289999999999736,51.95806241545823
150,0.1,0,hub_1,pcglassoFast_PrimalDual,C,0.002848035868435802,0.25950000000000273,51.95945077370421
150,0.1,0,hub_1,pcglassoFast_PrimalDual,C,0.010000000000000004,0.23250000000007276,51.961996268808726
150,0.1,0,hub_1,pcglassoFast_PrimalDual,I,9.999999999999982e-9,3.845999999999947,51.95700732145855
150,0.1,0,hub_1,pcglassoFast_PrimalDual,I,3.5111917342151263e-8,3.2409999999999854,51.95700746186664
150,0.1,0,hub_1,pcglassoFast_PrimalDual,I,1.2328467394420646e-7,3.1829999999999927,51.95700760682547
150,0.1,0,hub_1,pcglassoFast_PrimalDual,I,4.328761281083054e-7,3.844500000000039,51.95700876653645
150,0.1,0,hub_1,pcglassoFast_PrimalDual,I,1.5199110829529328e-6,3.021500000000003,51.95701191651209
150,0.1,0,hub_1,pcglassoFast_PrimalDual,I,5.336699231206308e-6,2.939000000000078,51.95702368951553
150,0.1,0,hub_1,pcglassoFast_PrimalDual,I,1.873817422860384e-5,2.846499999999992,51.95706281128313
150,0.1,0,hub_1,pcglassoFast_PrimalDual,I,6.579332246575681e-5,2.6575000000000273,51.95720041384208
150,0.1,0,hub_1,pcglassoFast_PrimalDual,I,2.310129700083161e-4,2.4295000000000755,51.95766500090797
150,0.1,0,hub_1,pcglassoFast_PrimalDual,I,8.11130830789687e-4,2.4009999999999536,51.959865334661004
150,0.1,0,hub_1,pcglassoFast_PrimalDual,I,0.002848035868435802,2.296000000000049,51.966467842720306
150,0.1,0,hub_1,pcglassoFast_PrimalDual,I,0.010000000000000004,1.9950000000000045,51.993202255252754
150,0.1,0,random,pcglasso,C,9.999999999999982e-9,2.6945000000000334,117.07153895972341
150,0.1,0,random,pcglasso,C,3.5111917342151263e-8,2.4929999999999666,117.07153929595552
150,0.1,0,random,pcglasso,C,1.2328467394420646e-7,1.7605000000000075,117.07155743433357
150,0.1,0,random,pcglasso,C,4.328761281083054e-7,1.6144999999999925,117.07157228243284
150,0.1,0,random,pcglasso,C,1.5199110829529328e-6,1.227499999999992,117.07247229899556
150,0.1,0,random,pcglasso,C,5.336699231206308e-6,1.1835000000000093,117.08278107712478
150,0.1,0,random,pcglasso,C,1.873817422860384e-5,0.7239999999999895,117.16567010556378
150,0.1,0,random,pcglasso,C,6.579332246575681e-5,0.48200000000002774,117.47223238575484
150,0.1,0,random,pcglasso,C,2.310129700083161e-4,0.3534999999999968,118.29873700053413
150,0.1,0,random,pcglasso,C,8.11130830789687e-4,0.08500000000000796,145.45049155038123
150,0.1,0,random,pcglasso,C,0.002848035868435802,0.07749999999998636,191.12755262876854
150,0.1,0,random,pcglasso,C,0.010000000000000004,0.08150000000003388,191.12755262876854
150,0.1,0,random,pcglasso,I,9.999999999999982e-9,2.7764999999999986,117.07153897291657
150,0.1,0,random,pcglasso,I,3.5111917342151263e-8,2.290999999999997,117.07153962067738
150,0.1,0,random,pcglasso,I,1.2328467394420646e-7,2.066500000000019,117.0715739311774
150,0.1,0,random,pcglasso,I,4.328761281083054e-7,1.9310000000000116,117.07164921501081
150,0.1,0,random,pcglasso,I,1.5199110829529328e-6,1.2020000000000266,117.0728797679431
150,0.1,0,random,pcglasso,I,5.336699231206308e-6,0.9449999999999932,117.08086693892955
150,0.1,0,random,pcglasso,I,1.873817422860384e-5,0.5679999999999836,117.13975235576356
150,0.1,0,random,pcglasso,I,6.579332246575681e-5,0.6345000000000027,117.28784052743266
150,0.1,0,random,pcglasso,I,2.310129700083161e-4,0.1745000000000232,118.62660646114496
150,0.1,0,random,pcglasso,I,8.11130830789687e-4,0.09850000000000136,120.91706050795315
150,0.1,0,random,pcglasso,I,0.002848035868435802,0.08199999999999363,121.00834596255858
150,0.1,0,random,pcglasso,I,0.010000000000000004,0.08600000000001273,121.00834596255858
150,0.1,0,random,pcglassoFast_Dual,C,9.999999999999982e-9,0.9624999999999773,117.07153900868013
150,0.1,0,random,pcglassoFast_Dual,C,3.5111917342151263e-8,0.880500000000012,117.07153905648055
150,0.1,0,random,pcglassoFast_Dual,C,1.2328467394420646e-7,0.6894999999999811,117.07154100896811
150,0.1,0,random,pcglassoFast_Dual,C,4.328761281083054e-7,0.779500000000013,117.07154123300668
150,0.1,0,random,pcglassoFast_Dual,C,1.5199110829529328e-6,0.5470000000000255,117.07154607073113
150,0.1,0,random,pcglassoFast_Dual,C,5.336699231206308e-6,0.7104999999999961,117.07156990917304
150,0.1,0,random,pcglassoFast_Dual,C,1.873817422860384e-5,0.4865000000000066,117.07160129669681
150,0.1,0,random,pcglassoFast_Dual,C,6.579332246575681e-5,0.2599999999999909,117.07225327831668
150,0.1,0,random,pcglassoFast_Dual,C,2.310129700083161e-4,0.22749999999999204,117.07279533161707
150,0.1,0,random,pcglassoFast_Dual,C,8.11130830789687e-4,0.20349999999999113,117.0732555335097
150,0.1,0,random,pcglassoFast_Dual,C,0.002848035868435802,0.18250000000000455,117.07455936236445
150,0.1,0,random,pcglassoFast_Dual,C,0.010000000000000004,0.3284999999999627,117.07598460456262
150,0.1,0,random,pcglassoFast_Dual,I,9.999999999999982e-9,0.6980000000000075,117.07153894959367
150,0.1,0,random,pcglassoFast_Dual,I,3.5111917342151263e-8,0.7164999999999964,117.07153924530748
150,0.1,0,random,pcglassoFast_Dual,I,1.2328467394420646e-7,0.6435000000000173,117.07153925932273
150,0.1,0,random,pcglassoFast_Dual,I,4.328761281083054e-7,0.44350000000002865,117.07153935459525
150,0.1,0,random,pcglassoFast_Dual,I,1.5199110829529328e-6,0.6520000000000437,117.07154307801942
150,0.1,0,random,pcglassoFast_Dual,I,5.336699231206308e-6,0.6095000000000255,117.07154381882327
150,0.1,0,random,pcglassoFast_Dual,I,1.873817422860384e-5,0.44650000000001455,117.07156569910302
150,0.1,0,random,pcglassoFast_Dual,I,6.579332246575681e-5,0.30350000000001387,117.07156608320675
150,0.1,0,random,pcglassoFast_Dual,I,2.310129700083161e-4,0.2650000000000432,117.07159066191943
150,0.1,0,random,pcglassoFast_Dual,I,8.11130830789687e-4,0.48750000000001137,117.0722343761235
150,0.1,0,random,pcglassoFast_Dual,I,0.002848035868435802,0.3189999999999884,117.07627405190038
150,0.1,0,random,pcglassoFast_Dual,I,0.010000000000000004,0.17250000000001364,117.07892244950646
150,0.1,0,random,pcglassoFast_Primal,C,9.999999999999982e-9,3.2099999999999795,117.07153897589426
150,0.1,0,random,pcglassoFast_Primal,C,3.5111917342151263e-8,3.2750000000000057,117.07153901062244
150,0.1,0,random,pcglassoFast_Primal,C,1.2328467394420646e-7,2.5564999999999998,117.07153909806335
150,0.1,0,random,pcglassoFast_Primal,C,4.328761281083054e-7,2.1110000000000184,117.07153941157415
150,0.1,0,random,pcglassoFast_Primal,C,1.5199110829529328e-6,1.7855000000000132,117.07154111849246
150,0.1,0,random,pcglassoFast_Primal,C,5.336699231206308e-6,1.5860000000000127,117.07154509591959
150,0.1,0,random,pcglassoFast_Primal,C,1.873817422860384e-5,1.140500000000003,117.07155952551935
150,0.1,0,random,pcglassoFast_Primal,C,6.579332246575681e-5,1.003500000000031,117.07160864443672
150,0.1,0,random,pcglassoFast_Primal,C,2.310129700083161e-4,0.7509999999999764,117.07183740779116
150,0.1,0,random,pcglassoFast_Primal,C,8.11130830789687e-4,0.6009999999999991,117.07220735594058
150,0.1,0,random,pcglassoFast_Primal,C,0.002848035868435802,0.5039999999999907,117.07498660328841
150,0.1,0,random,pcglassoFast_Primal,C,0.010000000000000004,0.39099999999999113,117.08766441075241
150,0.1,0,random,pcglassoFast_Primal,I,9.999999999999982e-9,4.6404999999999745,117.0715389966511
150,0.1,0,random,pcglassoFast_Primal,I,3.5111917342151263e-8,4.22999999999999,117.071539013475
150,0.1,0,random,pcglassoFast_Primal,I,1.2328467394420646e-7,3.6109999999999616,117.0715391469699
150,0.1,0,random,pcglassoFast_Primal,I,4.328761281083054e-7,3.2109999999999843,117.07153951403087
150,0.1,0,random,pcglassoFast_Primal,I,1.5199110829529328e-6,2.567500000000024,117.071540717223
150,0.1,0,random,pcglassoFast_Primal,I,5.336699231206308e-6,2.415999999999997,117.07154472461909
150,0.1,0,random,pcglassoFast_Primal,I,1.873817422860384e-5,1.7495000000000118,117.07156418179773
150,0.1,0,random,pcglassoFast_Primal,I,6.579332246575681e-5,1.3190000000000168,117.07162841801483
150,0.1,0,random,pcglassoFast_Primal,I,2.310129700083161e-4,0.9960000000000093,117.07176788218246
150,0.1,0,random,pcglassoFast_Primal,I,8.11130830789687e-4,0.7579999999999814,117.07229101796429
150,0.1,0,random,pcglassoFast_Primal,I,0.002848035868435802,0.51400000000001,117.07518188641478
150,0.1,0,random,pcglassoFast_Primal,I,0.010000000000000004,0.4399999999999977,117.08041706082685
150,0.1,0,random,pcglassoFast_PrimalDual,C,9.999999999999982e-9,1.3370000000000175,117.07153930344647
150,0.1,0,random,pcglassoFast_PrimalDual,C,3.5111917342151263e-8,1.1539999999999964,117.07153931321722
150,0.1,0,random,pcglassoFast_PrimalDual,C,1.2328467394420646e-7,1.0194999999999652,117.07153938554845
150,0.1,0,random,pcglassoFast_PrimalDual,C,4.328761281083054e-7,0.838499999999982,117.0715399527838
150,0.1,0,random,pcglassoFast_PrimalDual,C,1.5199110829529328e-6,0.7529999999999859,117.07154102612007
150,0.1,0,random,pcglassoFast_PrimalDual,C,5.336699231206308e-6,0.6355000000000359,117.07154426146
150,0.1,0,random,pcglassoFast_PrimalDual,C,1.873817422860384e-5,0.5730000000000075,117.07155379852492
150,0.1,0,random,pcglassoFast_PrimalDual,C,6.579332246575681e-5,0.48050000000000637,117.07158957819964
150,0.1,0,random,pcglassoFast_PrimalDual,C,2.310129700083161e-4,0.41900000000001114,117.07164227657486
150,0.1,0,random,pcglassoFast_PrimalDual,C,8.11130830789687e-4,0.39500000000001023,117.07177343105744
150,0.1,0,random,pcglassoFast_PrimalDual,C,0.002848035868435802,0.33749999999997726,117.07217675435953
150,0.1,0,random,pcglassoFast_PrimalDual,C,0.010000000000000004,0.2839999999999918,117.07381351102795
150,0.1,0,random,pcglassoFast_PrimalDual,I,9.999999999999982e-9,1.7860000000000014,117.07153902148951
150,0.1,0,random,pcglassoFast_PrimalDual,I,3.5111917342151263e-8,1.7565000000000168,117.07153912483756
150,0.1,0,random,pcglassoFast_PrimalDual,I,1.2328467394420646e-7,1.5134999999999934,117.07153933679464
150,0.1,0,random,pcglassoFast_PrimalDual,I,4.328761281083054e-7,1.1850000000000023,117.0715400211068
150,0.1,0,random,pcglassoFast_PrimalDual,I,1.5199110829529328e-6,1.2849999999999966,117.07154106515536
150,0.1,0,random,pcglassoFast_PrimalDual,I,5.336699231206308e-6,1.132000000000005,117.0715470869221
150,0.1,0,random,pcglassoFast_PrimalDual,I,1.873817422860384e-5,0.8894999999999698,117.07156081051879
150,0.1,0,random,pcglassoFast_PrimalDual,I,6.579332246575681e-5,0.967000000000013,117.07160007166767
150,0.1,0,random,pcglassoFast_PrimalDual,I,2.310129700083161e-4,0.6904999999999859,117.07184211208896
150,0.1,0,random,pcglassoFast_PrimalDual,I,8.11130830789687e-4,0.570999999999998,117.07245229751709
150,0.1,0,random,pcglassoFast_PrimalDual,I,0.002848035868435802,0.505500000000012,117.074430692721
150,0.1,0,random,pcglassoFast_PrimalDual,I,0.010000000000000004,0.5759999999999934,117.0768541566484
150,0.1,0.5,AR2,pcglasso,C,9.999999999999982e-9,0.7540000000000191,125.30718463357087
150,0.1,0.5,AR2,pcglasso,C,3.5111917342151263e-8,0.8024999999999523,125.3071846348735
150,0.1,0.5,AR2,pcglasso,C,1.2328467394420646e-7,0.5649999999999409,125.30718465903111
150,0.1,0.5,AR2,pcglasso,C,4.328761281083054e-7,0.5360000000000014,125.30718486660957
150,0.1,0.5,AR2,pcglasso,C,1.5199110829529328e-6,0.6870000000000118,125.30718486660957
150,0.1,0.5,AR2,pcglasso,C,5.336699231206308e-6,0.527499999999975,125.30718506487169
150,0.1,0.5,AR2,pcglasso,C,1.873817422860384e-5,0.5599999999999454,125.30719060527186
150,0.1,0.5,AR2,pcglasso,C,6.579332246575681e-5,0.325999999999965,125.30728757464472
150,0.1,0.5,AR2,pcglasso,C,2.310129700083161e-4,0.25449999999995043,125.31161697589975
150,0.1,0.5,AR2,pcglasso,C,8.11130830789687e-4,0.16049999999995634,126.05446558954269
150,0.1,0.5,AR2,pcglasso,C,0.002848035868435802,0.06399999999996453,210.43589530999787
150,0.1,0.5,AR2,pcglasso,C,0.010000000000000004,0.06400000000002137,205.84577686920196
150,0.1,0.5,AR2,pcglasso,I,9.999999999999982e-9,0.46800000000001774,125.30718463355625
150,0.1,0.5,AR2,pcglasso,I,3.5111917342151263e-8,0.29000000000002046,125.30718463439108
150,0.1,0.5,AR2,pcglasso,I,1.2328467394420646e-7,0.26249999999998863,125.3071846547619
150,0.1,0.5,AR2,pcglasso,I,4.328761281083054e-7,0.23149999999998272,125.30718529998568
150,0.1,0.5,AR2,pcglasso,I,1.5199110829529328e-6,0.22550000000001091,125.30718529998568
150,0.1,0.5,AR2,pcglasso,I,5.336699231206308e-6,0.21900000000005093,125.30718582555603
150,0.1,0.5,AR2,pcglasso,I,1.873817422860384e-5,0.17199999999996862,125.30722932913346
150,0.1,0.5,AR2,pcglasso,I,6.579332246575681e-5,0.10599999999999454,125.30800145672681
150,0.1,0.5,AR2,pcglasso,I,2.310129700083161e-4,0.10150000000004411,125.30746994368064
150,0.1,0.5,AR2,pcglasso,I,8.11130830789687e-4,0.055499999999995,125.31852985287786
150,0.1,0.5,AR2,pcglasso,I,0.002848035868435802,0.05400000000003047,125.32957528390308
150,0.1,0.5,AR2,pcglasso,I,0.010000000000000004,0.04550000000000409,125.33664024278042
150,0.1,0.5,AR2,pcglassoFast_Dual,C,9.999999999999982e-9,0.07949999999999591,125.30718463361025
150,0.1,0.5,AR2,pcglassoFast_Dual,C,3.5111917342151263e-8,0.22800000000000864,125.30718463465607
150,0.1,0.5,AR2,pcglassoFast_Dual,C,1.2328467394420646e-7,0.19299999999998363,125.30718463465607
150,0.1,0.5,AR2,pcglassoFast_Dual,C,4.328761281083054e-7,0.069500000000005,125.30718465591183
150,0.1,0.5,AR2,pcglassoFast_Dual,C,1.5199110829529328e-6,0.07250000000004775,125.30718465591183
150,0.1,0.5,AR2,pcglassoFast_Dual,C,5.336699231206308e-6,0.07200000000000273,125.30718465591183
150,0.1,0.5,AR2,pcglassoFast_Dual,C,1.873817422860384e-5,0.06749999999999545,125.30718508523445
150,0.1,0.5,AR2,pcglassoFast_Dual,C,6.579332246575681e-5,0.0675000000000523,125.30718508523445
150,0.1,0.5,AR2,pcglassoFast_Dual,C,2.310129700083161e-4,0.06200000000001182,125.30719419495938
150,0.1,0.5,AR2,pcglassoFast_Dual,C,8.11130830789687e-4,0.05899999999996908,125.30719419495938
150,0.1,0.5,AR2,pcglassoFast_Dual,C,0.002848035868435802,0.0595000000000141,125.30719419495938
150,0.1,0.5,AR2,pcglassoFast_Dual,C,0.010000000000000004,0.05349999999998545,125.30736384692699
150,0.1,0.5,AR2,pcglassoFast_Dual,I,9.999999999999982e-9,0.059499999999957254,125.30718463361322
150,0.1,0.5,AR2,pcglassoFast_Dual,I,3.5111917342151263e-8,0.053499999999928605,125.30718463464694
150,0.1,0.5,AR2,pcglassoFast_Dual,I,1.2328467394420646e-7,0.053999999999973625,125.30718463464694
150,0.1,0.5,AR2,pcglassoFast_Dual,I,4.328761281083054e-7,0.04450000000002774,125.30718464927126
150,0.1,0.5,AR2,pcglassoFast_Dual,I,1.5199110829529328e-6,0.04499999999995907,125.30718464927126
150,0.1,0.5,AR2,pcglassoFast_Dual,I,5.336699231206308e-6,0.04399999999998272,125.30718485688575
150,0.1,0.5,AR2,pcglassoFast_Dual,I,1.873817422860384e-5,0.04499999999995907,125.30718485688575
150,0.1,0.5,AR2,pcglassoFast_Dual,I,6.579332246575681e-5,0.040000000000020464,125.30718782186725
150,0.1,0.5,AR2,pcglassoFast_Dual,I,2.310129700083161e-4,0.1564999999999941,125.30718782186725
150,0.1,0.5,AR2,pcglassoFast_Dual,I,8.11130830789687e-4,0.03500000000002501,125.30722887059524
150,0.1,0.5,AR2,pcglassoFast_Dual,I,0.002848035868435802,0.03150000000005093,125.30722887059524
150,0.1,0.5,AR2,pcglassoFast_Dual,I,0.010000000000000004,0.03100000000000591,125.30722887059524
150,0.1,0.5,AR2,pcglassoFast_Primal,C,9.999999999999982e-9,0.33049999999997226,125.30718463365066
150,0.1,0.5,AR2,pcglassoFast_Primal,C,3.5111917342151263e-8,0.3079999999999359,125.3071846351004
150,0.1,0.5,AR2,pcglassoFast_Primal,C,1.2328467394420646e-7,0.3079999999999927,125.3071846351004
150,0.1,0.5,AR2,pcglassoFast_Primal,C,4.328761281083054e-7,0.3084999999999809,125.3071846351004
150,0.1,0.5,AR2,pcglassoFast_Primal,C,1.5199110829529328e-6,0.2865000000000464,125.3071846623667
150,0.1,0.5,AR2,pcglassoFast_Primal,C,5.336699231206308e-6,0.28400000000004866,125.3071846623667
150,0.1,0.5,AR2,pcglassoFast_Primal,C,1.873817422860384e-5,0.2660000000000764,125.30718516673501
150,0.1,0.5,AR2,pcglassoFast_Primal,C,6.579332246575681e-5,0.26000000000004775,125.30718516673501
150,0.1,0.5,AR2,pcglassoFast_Primal,C,2.310129700083161e-4,0.2410000000000423,125.30719455400556
150,0.1,0.5,AR2,pcglassoFast_Primal,C,8.11130830789687e-4,0.23849999999998772,125.30719455400556
150,0.1,0.5,AR2,pcglassoFast_Primal,C,0.002848035868435802,0.2419999999999618,125.30719455400556
150,0.1,0.5,AR2,pcglassoFast_Primal,C,0.010000000000000004,0.21699999999998454,125.30737067667958
150,0.1,0.5,AR2,pcglassoFast_Primal,I,9.999999999999982e-9,0.22549999999995407,125.30718463368197
150,0.1,0.5,AR2,pcglassoFast_Primal,I,3.5111917342151263e-8,0.20999999999997954,125.30718463547045
150,0.1,0.5,AR2,pcglassoFast_Primal,I,1.2328467394420646e-7,0.20549999999997226,125.30718463547045
150,0.1,0.5,AR2,pcglassoFast_Primal,I,4.328761281083054e-7,0.18650000000002365,125.30718465897299
150,0.1,0.5,AR2,pcglassoFast_Primal,I,1.5199110829529328e-6,0.18350000000003774,125.30718465897299
150,0.1,0.5,AR2,pcglassoFast_Primal,I,5.336699231206308e-6,0.30299999999999727,125.30718496882677
150,0.1,0.5,AR2,pcglassoFast_Primal,I,1.873817422860384e-5,0.16500000000002046,125.30718496882677
150,0.1,0.5,AR2,pcglassoFast_Primal,I,6.579332246575681e-5,0.14650000000000318,125.30718907236978
150,0.1,0.5,AR2,pcglassoFast_Primal,I,2.310129700083161e-4,0.1430000000000291,125.30718907236978
150,0.1,0.5,AR2,pcglassoFast_Primal,I,8.11130830789687e-4,0.11799999999993815,125.30724381136665
150,0.1,0.5,AR2,pcglassoFast_Primal,I,0.002848035868435802,0.11649999999997362,125.30724381136665
150,0.1,0.5,AR2,pcglassoFast_Primal,I,0.010000000000000004,0.11799999999993815,125.30724381136665
150,0.1,0.5,AR2,pcglassoFast_PrimalDual,C,9.999999999999982e-9,0.41600000000005366,125.30718463523522
150,0.1,0.5,AR2,pcglassoFast_PrimalDual,C,3.5111917342151263e-8,0.29200000000003,125.30718463523522
150,0.1,0.5,AR2,pcglassoFast_PrimalDual,C,1.2328467394420646e-7,0.2755000000000223,125.30718463891671
150,0.1,0.5,AR2,pcglassoFast_PrimalDual,C,4.328761281083054e-7,0.41600000000005366,125.30718463891671
150,0.1,0.5,AR2,pcglassoFast_PrimalDual,C,1.5199110829529328e-6,0.25649999999996,125.30718469674375
150,0.1,0.5,AR2,pcglassoFast_PrimalDual,C,5.336699231206308e-6,0.39500000000003865,125.30718469674375
150,0.1,0.5,AR2,pcglassoFast_PrimalDual,C,1.873817422860384e-5,0.23599999999999,125.3071856262658
150,0.1,0.5,AR2,pcglassoFast_PrimalDual,C,6.579332246575681e-5,0.23649999999997817,125.3071856262658
150,0.1,0.5,AR2,pcglassoFast_PrimalDual,C,2.310129700083161e-4,0.23799999999999955,125.3071856262658
150,0.1,0.5,AR2,pcglassoFast_PrimalDual,C,8.11130830789687e-4,0.21900000000005093,125.30720071517045
150,0.1,0.5,AR2,pcglassoFast_PrimalDual,C,0.002848035868435802,0.22449999999992087,125.30720071517045
150,0.1,0.5,AR2,pcglassoFast_PrimalDual,C,0.010000000000000004,0.19849999999996726,125.30744783481775
150,0.1,0.5,AR2,pcglassoFast_PrimalDual,I,9.999999999999982e-9,0.18299999999999272,125.30718463452222
150,0.1,0.5,AR2,pcglassoFast_PrimalDual,I,3.5111917342151263e-8,0.1815000000000282,125.30718463452222
150,0.1,0.5,AR2,pcglassoFast_PrimalDual,I,1.2328467394420646e-7,0.285000000000025,125.30718463831592
150,0.1,0.5,AR2,pcglassoFast_PrimalDual,I,4.328761281083054e-7,0.16199999999997772,125.30718463831592
150,0.1,0.5,AR2,pcglassoFast_PrimalDual,I,1.5199110829529328e-6,0.14949999999998909,125.30718467755219
150,0.1,0.5,AR2,pcglassoFast_PrimalDual,I,5.336699231206308e-6,0.14699999999993452,125.30718467755219
150,0.1,0.5,AR2,pcglassoFast_PrimalDual,I,1.873817422860384e-5,0.13049999999998363,125.30718514014916
150,0.1,0.5,AR2,pcglassoFast_PrimalDual,I,6.579332246575681e-5,0.13049999999998363,125.30718514014916
150,0.1,0.5,AR2,pcglassoFast_PrimalDual,I,2.310129700083161e-4,0.11149999999997817,125.3071907281653
150,0.1,0.5,AR2,pcglassoFast_PrimalDual,I,8.11130830789687e-4,0.2125000000000341,125.3071907281653
150,0.1,0.5,AR2,pcglassoFast_PrimalDual,I,0.002848035868435802,0.08850000000001046,125.30725886145875
150,0.1,0.5,AR2,pcglassoFast_PrimalDual,I,0.010000000000000004,0.09249999999997272,125.30725886145875
150,0.1,0.5,hub_09,pcglasso,C,9.999999999999982e-9,1.8094999999999857,126.88597969460358
150,0.1,0.5,hub_09,pcglasso,C,3.5111917342151263e-8,1.6970000000000027,126.88597969279246
150,0.1,0.5,hub_09,pcglasso,C,1.2328467394420646e-7,1.6540000000000106,126.88597969164432
150,0.1,0.5,hub_09,pcglasso,C,4.328761281083054e-7,1.6055000000000064,126.88597971138995
150,0.1,0.5,hub_09,pcglasso,C,1.5199110829529328e-6,1.663000000000011,126.88598017151321
150,0.1,0.5,hub_09,pcglasso,C,5.336699231206308e-6,1.1340000000000003,126.88599299332789
150,0.1,0.5,hub_09,pcglasso,C,1.873817422860384e-5,0.7720000000000056,126.88619079481933
150,0.1,0.5,hub_09,pcglasso,C,6.579332246575681e-5,0.5405000000000086,126.88826850919408
150,0.1,0.5,hub_09,pcglasso,C,2.310129700083161e-4,0.40500000000000114,126.92090086783587
150,0.1,0.5,hub_09,pcglasso,C,8.11130830789687e-4,0.3714999999999975,126.91316769443576
150,0.1,0.5,hub_09,pcglasso,C,0.002848035868435802,0.06499999999999773,174.81627230709367
150,0.1,0.5,hub_09,pcglasso,C,0.010000000000000004,0.07050000000000978,175.53293495051133
150,0.1,0.5,hub_09,pcglasso,I,9.999999999999982e-9,2.6839999999999975,126.88597971009528
150,0.1,0.5,hub_09,pcglasso,I,3.5111917342151263e-8,2.6345000000000027,126.88597971095733
150,0.1,0.5,hub_09,pcglasso,I,1.2328467394420646e-7,2.7069999999999936,126.88597969146636
150,0.1,0.5,hub_09,pcglasso,I,4.328761281083054e-7,2.4625000000000057,126.88597971984218
150,0.1,0.5,hub_09,pcglasso,I,1.5199110829529328e-6,2.099499999999992,126.8859808019585
150,0.1,0.5,hub_09,pcglasso,I,5.336699231206308e-6,1.995500000000007,126.88599553518533
150,0.1,0.5,hub_09,pcglasso,I,1.873817422860384e-5,1.3029999999999973,126.88604832227239
150,0.1,0.5,hub_09,pcglasso,I,6.579332246575681e-5,0.7550000000000097,126.8879512620637
150,0.1,0.5,hub_09,pcglasso,I,2.310129700083161e-4,0.35550000000000637,126.88829495546041
150,0.1,0.5,hub_09,pcglasso,I,8.11130830789687e-4,0.1075000000000017,126.92487708766028
150,0.1,0.5,hub_09,pcglasso,I,0.002848035868435802,0.06749999999999545,126.94071083024113
150,0.1,0.5,hub_09,pcglasso,I,0.010000000000000004,0.07399999999998386,126.94053945234393
150,0.1,0.5,hub_09,pcglassoFast_Dual,C,9.999999999999982e-9,0.11750000000000682,126.88597969259163
150,0.1,0.5,hub_09,pcglassoFast_Dual,C,3.5111917342151263e-8,0.10599999999998033,126.88597969259163
150,0.1,0.5,hub_09,pcglassoFast_Dual,C,1.2328467394420646e-7,0.22450000000000614,126.88597970593774
150,0.1,0.5,hub_09,pcglassoFast_Dual,C,4.328761281083054e-7,0.22299999999999898,126.88597978172848
150,0.1,0.5,hub_09,pcglassoFast_Dual,C,1.5199110829529328e-6,0.08199999999999363,126.88598066431577
150,0.1,0.5,hub_09,pcglassoFast_Dual,C,5.336699231206308e-6,0.08849999999999625,126.88598066431577
150,0.1,0.5,hub_09,pcglassoFast_Dual,C,1.873817422860384e-5,0.08050000000001489,126.8859802712752
150,0.1,0.5,hub_09,pcglassoFast_Dual,C,6.579332246575681e-5,0.07550000000000523,126.88598483236954
150,0.1,0.5,hub_09,pcglassoFast_Dual,C,2.310129700083161e-4,0.07099999999998374,126.88600977428419
150,0.1,0.5,hub_09,pcglassoFast_Dual,C,8.11130830789687e-4,0.0625,126.88634124183658
150,0.1,0.5,hub_09,pcglassoFast_Dual,C,0.002848035868435802,0.052499999999994884,126.88681786777812
150,0.1,0.5,hub_09,pcglassoFast_Dual,C,0.010000000000000004,0.05150000000000432,126.88821533741704
150,0.1,0.5,hub_09,pcglassoFast_Dual,I,9.999999999999982e-9,0.278499999999994,126.8859796913227
150,0.1,0.5,hub_09,pcglassoFast_Dual,I,3.5111917342151263e-8,0.2530000000000001,126.88597971725953
150,0.1,0.5,hub_09,pcglassoFast_Dual,I,1.2328467394420646e-7,0.14050000000000296,126.885979704516
150,0.1,0.5,hub_09,pcglassoFast_Dual,I,4.328761281083054e-7,0.1325000000000074,126.88597978678581
150,0.1,0.5,hub_09,pcglassoFast_Dual,I,1.5199110829529328e-6,0.12699999999999534,126.885980111338
150,0.1,0.5,hub_09,pcglassoFast_Dual,I,5.336699231206308e-6,0.278499999999994,126.88598044248818
150,0.1,0.5,hub_09,pcglassoFast_Dual,I,1.873817422860384e-5,0.11300000000001376,126.8859847925207
150,0.1,0.5,hub_09,pcglassoFast_Dual,I,6.579332246575681e-5,0.22550000000001091,126.88600344949143
150,0.1,0.5,hub_09,pcglassoFast_Dual,I,2.310129700083161e-4,0.10000000000000853,126.88618642206822
150,0.1,0.5,hub_09,pcglassoFast_Dual,I,8.11130830789687e-4,0.23599999999999,126.88639451262371
150,0.1,0.5,hub_09,pcglassoFast_Dual,I,0.002848035868435802,0.19650000000000034,126.88929195372019
150,0.1,0.5,hub_09,pcglassoFast_Dual,I,0.010000000000000004,0.04049999999999443,126.92509748745198
150,0.1,0.5,hub_09,pcglassoFast_Primal,C,9.999999999999982e-9,0.6104999999999876,126.8859796945528
150,0.1,0.5,hub_09,pcglassoFast_Primal,C,3.5111917342151263e-8,0.5474999999999994,126.88597971607675
150,0.1,0.5,hub_09,pcglassoFast_Primal,C,1.2328467394420646e-7,0.5240000000000151,126.88597974906367
150,0.1,0.5,hub_09,pcglassoFast_Primal,C,4.328761281083054e-7,0.47400000000000375,126.88597998162629
150,0.1,0.5,hub_09,pcglassoFast_Primal,C,1.5199110829529328e-6,0.4455000000000098,126.88598033438511
150,0.1,0.5,hub_09,pcglassoFast_Primal,C,5.336699231206308e-6,0.38900000000001,126.88598283965166
150,0.1,0.5,hub_09,pcglassoFast_Primal,C,1.873817422860384e-5,0.36949999999998795,126.88598672463124
150,0.1,0.5,hub_09,pcglassoFast_Primal,C,6.579332246575681e-5,0.33499999999999375,126.88601533761373
150,0.1,0.5,hub_09,pcglassoFast_Primal,C,2.310129700083161e-4,0.2884999999999991,126.88606106002078
150,0.1,0.5,hub_09,pcglassoFast_Primal,C,8.11130830789687e-4,0.242999999999995,126.88642571037381
150,0.1,0.5,hub_09,pcglassoFast_Primal,C,0.002848035868435802,0.2074999999999818,126.88706367564374
150,0.1,0.5,hub_09,pcglassoFast_Primal,C,0.010000000000000004,0.21349999999999625,126.88874705484547
150,0.1,0.5,hub_09,pcglassoFast_Primal,I,9.999999999999982e-9,0.7560000000000002,126.88597969303216
150,0.1,0.5,hub_09,pcglassoFast_Primal,I,3.5111917342151263e-8,0.8135000000000048,126.88597970904337
150,0.1,0.5,hub_09,pcglassoFast_Primal,I,1.2328467394420646e-7,0.6119999999999948,126.88597978724701
150,0.1,0.5,hub_09,pcglassoFast_Primal,I,4.328761281083054e-7,0.5889999999999986,126.88597990507648
150,0.1,0.5,hub_09,pcglassoFast_Primal,I,1.5199110829529328e-6,0.5445000000000135,126.88598072811892
150,0.1,0.5,hub_09,pcglassoFast_Primal,I,5.336699231206308e-6,0.5719999999999885,126.88598196135578
150,0.1,0.5,hub_09,pcglassoFast_Primal,I,1.873817422860384e-5,0.4680000000000035,126.8859906002086
150,0.1,0.5,hub_09,pcglassoFast_Primal,I,6.579332246575681e-5,0.4140000000000015,126.88603089610127
150,0.1,0.5,hub_09,pcglassoFast_Primal,I,2.310129700083161e-4,0.42950000000001864,126.88608889855863
150,0.1,0.5,hub_09,pcglassoFast_Primal,I,8.11130830789687e-4,0.3430000000000035,126.88645197242374
150,0.1,0.5,hub_09,pcglassoFast_Primal,I,0.002848035868435802,0.26550000000000296,126.88943445314335
150,0.1,0.5,hub_09,pcglassoFast_Primal,I,0.010000000000000004,0.10699999999999932,126.92509057775197
150,0.1,0.5,hub_09,pcglassoFast_PrimalDual,C,9.999999999999982e-9,0.3989999999999867,126.88597969444555
150,0.1,0.5,hub_09,pcglassoFast_PrimalDual,C,3.5111917342151263e-8,0.4274999999999949,126.88597971569374
150,0.1,0.5,hub_09,pcglassoFast_PrimalDual,C,1.2328467394420646e-7,0.3480000000000132,126.88597974834232
150,0.1,0.5,hub_09,pcglassoFast_PrimalDual,C,4.328761281083054e-7,0.32100000000001216,126.88597997960439
150,0.1,0.5,hub_09,pcglassoFast_PrimalDual,C,1.5199110829529328e-6,0.2979999999999876,126.88598033164047
150,0.1,0.5,hub_09,pcglassoFast_PrimalDual,C,5.336699231206308e-6,0.2704999999999984,126.88598284262547
150,0.1,0.5,hub_09,pcglassoFast_PrimalDual,C,1.873817422860384e-5,0.2524999999999977,126.88598674916618
150,0.1,0.5,hub_09,pcglassoFast_PrimalDual,C,6.579332246575681e-5,0.36599999999999966,126.88601562587385
150,0.1,0.5,hub_09,pcglassoFast_PrimalDual,C,2.310129700083161e-4,0.20250000000000057,126.88606186885664
150,0.1,0.5,hub_09,pcglassoFast_PrimalDual,C,8.11130830789687e-4,0.1834999999999809,126.88643077030365
150,0.1,0.5,hub_09,pcglassoFast_PrimalDual,C,0.002848035868435802,0.15399999999999636,126.88707418713673
150,0.1,0.5,hub_09,pcglassoFast_PrimalDual,C,0.010000000000000004,0.13799999999999102,126.88876026177508
150,0.1,0.5,hub_09,pcglassoFast_PrimalDual,I,9.999999999999982e-9,0.4819999999999851,126.88597969265146
150,0.1,0.5,hub_09,pcglassoFast_PrimalDual,I,3.5111917342151263e-8,0.4539999999999935,126.88597970737273
150,0.1,0.5,hub_09,pcglassoFast_PrimalDual,I,1.2328467394420646e-7,0.4200000000000017,126.88597977966099
150,0.1,0.5,hub_09,pcglassoFast_PrimalDual,I,4.328761281083054e-7,0.41199999999999193,126.88597988899299
150,0.1,0.5,hub_09,pcglassoFast_PrimalDual,I,1.5199110829529328e-6,0.5030000000000001,126.88598065664752
150,0.1,0.5,hub_09,pcglassoFast_PrimalDual,I,5.336699231206308e-6,0.4829999999999899,126.88598181173444
150,0.1,0.5,hub_09,pcglassoFast_PrimalDual,I,1.873817422860384e-5,0.32650000000001,126.88598995254651
150,0.1,0.5,hub_09,pcglassoFast_PrimalDual,I,6.579332246575681e-5,0.2874999999999943,126.88602825082845
150,0.1,0.5,hub_09,pcglassoFast_PrimalDual,I,2.310129700083161e-4,0.27249999999999375,126.88608375774719
150,0.1,0.5,hub_09,pcglassoFast_PrimalDual,I,8.11130830789687e-4,0.24349999999998317,126.88643494026876
150,0.1,0.5,hub_09,pcglassoFast_PrimalDual,I,0.002848035868435802,0.31749999999996703,126.88938598209997
150,0.1,0.5,hub_09,pcglassoFast_PrimalDual,I,0.010000000000000004,0.09149999999999636,126.9250999234285
150,0.1,0.5,hub_1,pcglasso,C,9.999999999999982e-9,4.113999999999976,82.02859509496936
150,0.1,0.5,hub_1,pcglasso,C,3.5111917342151263e-8,3.340000000000032,82.02859598069226
150,0.1,0.5,hub_1,pcglasso,C,1.2328467394420646e-7,3.083000000000027,82.02860195972626
150,0.1,0.5,hub_1,pcglasso,C,4.328761281083054e-7,2.59699999999998,82.02864925219652
150,0.1,0.5,hub_1,pcglasso,C,1.5199110829529328e-6,2.4529999999999745,82.02867447967029
150,0.1,0.5,hub_1,pcglasso,C,5.336699231206308e-6,2.361499999999978,82.02878588959952
150,0.1,0.5,hub_1,pcglasso,C,1.873817422860384e-5,2.2305000000000064,82.03113502594019
150,0.1,0.5,hub_1,pcglasso,C,6.579332246575681e-5,2.0394999999999754,82.04446143545425
150,0.1,0.5,hub_1,pcglasso,C,2.310129700083161e-4,1.75649999999996,82.059263748787
150,0.1,0.5,hub_1,pcglasso,C,8.11130830789687e-4,2.5120000000000573,92.1140314171528
150,0.1,0.5,hub_1,pcglasso,C,0.002848035868435802,0.5509999999999877,233.98790451843212
150,0.1,0.5,hub_1,pcglasso,C,0.010000000000000004,0.5685000000000855,233.98790451843212
150,0.1,0.5,hub_1,pcglasso,I,9.999999999999982e-9,6.7205000000000155,82.02859511535137
150,0.1,0.5,hub_1,pcglasso,I,3.5111917342151263e-8,6.125,82.02859626643817
150,0.1,0.5,hub_1,pcglasso,I,1.2328467394420646e-7,5.94500000000005,82.02860377223331
150,0.1,0.5,hub_1,pcglasso,I,4.328761281083054e-7,5.2479999999999905,82.02863142431862
150,0.1,0.5,hub_1,pcglasso,I,1.5199110829529328e-6,5.132999999999981,82.0286824539084
150,0.1,0.5,hub_1,pcglasso,I,5.336699231206308e-6,4.5745000000000005,82.02924889926739
150,0.1,0.5,hub_1,pcglasso,I,1.873817422860384e-5,3.0200000000000387,82.03569092657135
150,0.1,0.5,hub_1,pcglasso,I,6.579332246575681e-5,0.5159999999999627,89.53320270723215
150,0.1,0.5,hub_1,pcglasso,I,2.310129700083161e-4,0.23099999999999454,90.83332236792766
150,0.1,0.5,hub_1,pcglasso,I,8.11130830789687e-4,0.22699999999997544,90.49185898465852
150,0.1,0.5,hub_1,pcglasso,I,0.002848035868435802,0.13749999999998863,91.12576390210442
150,0.1,0.5,hub_1,pcglasso,I,0.010000000000000004,0.12450000000001182,91.2608553567437
150,0.1,0.5,hub_1,pcglassoFast_Dual,C,9.999999999999982e-9,1.519999999999925,82.02859505650825
150,0.1,0.5,hub_1,pcglassoFast_Dual,C,3.5111917342151263e-8,1.1380000000000337,82.02859507815229
150,0.1,0.5,hub_1,pcglassoFast_Dual,C,1.2328467394420646e-7,1.072499999999991,82.0285950958502
150,0.1,0.5,hub_1,pcglassoFast_Dual,C,4.328761281083054e-7,1.301499999999976,82.02859549729477
150,0.1,0.5,hub_1,pcglassoFast_Dual,C,1.5199110829529328e-6,1.1400000000000432,82.028595617374
150,0.1,0.5,hub_1,pcglassoFast_Dual,C,5.336699231206308e-6,0.9569999999999936,82.02859590966784
150,0.1,0.5,hub_1,pcglassoFast_Dual,C,1.873817422860384e-5,0.910000000000025,82.02859824784622
150,0.1,0.5,hub_1,pcglassoFast_Dual,C,6.579332246575681e-5,0.8485000000000014,82.02864103322345
150,0.1,0.5,hub_1,pcglassoFast_Dual,C,2.310129700083161e-4,0.6899999999999977,82.02887500586829
150,0.1,0.5,hub_1,pcglassoFast_Dual,C,8.11130830789687e-4,0.7869999999999777,82.02984435937026
150,0.1,0.5,hub_1,pcglassoFast_Dual,C,0.002848035868435802,0.6304999999999836,82.0305551436884
150,0.1,0.5,hub_1,pcglassoFast_Dual,C,0.010000000000000004,0.6145000000000209,82.03460954878273
150,0.1,0.5,hub_1,pcglassoFast_Dual,I,9.999999999999982e-9,3.85450000000003,82.02859505292909
150,0.1,0.5,hub_1,pcglassoFast_Dual,I,3.5111917342151263e-8,3.771500000000003,82.02859505577999
150,0.1,0.5,hub_1,pcglassoFast_Dual,I,1.2328467394420646e-7,3.937000000000012,82.02859511376019
150,0.1,0.5,hub_1,pcglassoFast_Dual,I,4.328761281083054e-7,3.7755000000000223,82.0285952327203
150,0.1,0.5,hub_1,pcglassoFast_Dual,I,1.5199110829529328e-6,4.292500000000018,82.0285952327203
150,0.1,0.5,hub_1,pcglassoFast_Dual,I,5.336699231206308e-6,3.673500000000047,82.0285979976166
150,0.1,0.5,hub_1,pcglassoFast_Dual,I,1.873817422860384e-5,3.685000000000059,82.02859955485174
150,0.1,0.5,hub_1,pcglassoFast_Dual,I,6.579332246575681e-5,3.608500000000049,82.0286098490978
150,0.1,0.5,hub_1,pcglassoFast_Dual,I,2.310129700083161e-4,3.7555000000000405,82.02861020043709
150,0.1,0.5,hub_1,pcglassoFast_Dual,I,8.11130830789687e-4,3.4150000000000205,82.02865170106115
150,0.1,0.5,hub_1,pcglassoFast_Dual,I,0.002848035868435802,3.5229999999999677,82.02942122252595
150,0.1,0.5,hub_1,pcglassoFast_Dual,I,0.010000000000000004,3.8730000000000473,82.03280158768992
150,0.1,0.5,hub_1,pcglassoFast_Primal,C,9.999999999999982e-9,5.041500000000042,82.0285952462241
150,0.1,0.5,hub_1,pcglassoFast_Primal,C,3.5111917342151263e-8,4.59699999999998,82.028595507192
150,0.1,0.5,hub_1,pcglassoFast_Primal,C,1.2328467394420646e-7,3.7539999999999623,82.02859632513463
150,0.1,0.5,hub_1,pcglassoFast_Primal,C,4.328761281083054e-7,3.2045000000000528,82.02859963794627
150,0.1,0.5,hub_1,pcglassoFast_Primal,C,1.5199110829529328e-6,2.8344999999999914,82.0286121648096
150,0.1,0.5,hub_1,pcglassoFast_Primal,C,5.336699231206308e-6,2.4560000000000173,82.02860619011244
150,0.1,0.5,hub_1,pcglassoFast_Primal,C,1.873817422860384e-5,1.9175000000000182,82.0287200203795
150,0.1,0.5,hub_1,pcglassoFast_Primal,C,6.579332246575681e-5,1.5459999999999923,82.02919031956867
150,0.1,0.5,hub_1,pcglassoFast_Primal,C,2.310129700083161e-4,1.0955000000000155,82.03142475428332
150,0.1,0.5,hub_1,pcglassoFast_Primal,C,8.11130830789687e-4,0.9250000000000114,82.0317659901246
150,0.1,0.5,hub_1,pcglassoFast_Primal,C,0.002848035868435802,0.6219999999999573,82.06466257995969
150,0.1,0.5,hub_1,pcglassoFast_Primal,C,0.010000000000000004,0.5225000000000364,82.08441378243043
150,0.1,0.5,hub_1,pcglassoFast_Primal,I,9.999999999999982e-9,6.433499999999981,82.02859524532583
150,0.1,0.5,hub_1,pcglassoFast_Primal,I,3.5111917342151263e-8,5.538999999999987,82.02859551637324
150,0.1,0.5,hub_1,pcglassoFast_Primal,I,1.2328467394420646e-7,4.543000000000006,82.02859620797423
150,0.1,0.5,hub_1,pcglassoFast_Primal,I,4.328761281083054e-7,4.0745000000000005,82.02859618011554
150,0.1,0.5,hub_1,pcglassoFast_Primal,I,1.5199110829529328e-6,3.7150000000000887,82.02859768573376
150,0.1,0.5,hub_1,pcglassoFast_Primal,I,5.336699231206308e-6,3.187999999999988,82.02861478502636
150,0.1,0.5,hub_1,pcglassoFast_Primal,I,1.873817422860384e-5,2.548999999999978,82.02862644754136
150,0.1,0.5,hub_1,pcglassoFast_Primal,I,6.579332246575681e-5,1.9709999999999468,82.0286629572781
150,0.1,0.5,hub_1,pcglassoFast_Primal,I,2.310129700083161e-4,1.503500000000031,82.02925066637621
150,0.1,0.5,hub_1,pcglassoFast_Primal,I,8.11130830789687e-4,1.3719999999999573,82.02991260326893
150,0.1,0.5,hub_1,pcglassoFast_Primal,I,0.002848035868435802,1.0269999999999868,82.03805907860514
150,0.1,0.5,hub_1,pcglassoFast_Primal,I,0.010000000000000004,0.9784999999999968,82.0348621692895
150,0.1,0.5,hub_1,pcglassoFast_PrimalDual,C,9.999999999999982e-9,0.2104999999999677,82.02859505344692
150,0.1,0.5,hub_1,pcglassoFast_PrimalDual,C,3.5111917342151263e-8,0.2055000000000291,82.02859505344692
150,0.1,0.5,hub_1,pcglassoFast_PrimalDual,C,1.2328467394420646e-7,0.19650000000001455,82.02859506190528
150,0.1,0.5,hub_1,pcglassoFast_PrimalDual,C,4.328761281083054e-7,0.1845000000000141,82.02859511960332
150,0.1,0.5,hub_1,pcglassoFast_PrimalDual,C,1.5199110829529328e-6,0.18399999999996908,82.02859511960332
150,0.1,0.5,hub_1,pcglassoFast_PrimalDual,C,5.336699231206308e-6,0.2974999999999568,82.0285955244523
150,0.1,0.5,hub_1,pcglassoFast_PrimalDual,C,1.873817422860384e-5,0.17199999999996862,82.0285955244523
150,0.1,0.5,hub_1,pcglassoFast_PrimalDual,C,6.579332246575681e-5,0.27899999999999636,82.02859848617432
150,0.1,0.5,hub_1,pcglassoFast_PrimalDual,C,2.310129700083161e-4,0.14400000000000546,82.02862117411733
150,0.1,0.5,hub_1,pcglassoFast_PrimalDual,C,8.11130830789687e-4,0.14650000000006003,82.02862117411733
150,0.1,0.5,hub_1,pcglassoFast_PrimalDual,C,0.002848035868435802,0.13150000000007367,82.02880361604957
150,0.1,0.5,hub_1,pcglassoFast_PrimalDual,C,0.010000000000000004,0.13149999999995998,82.02880361604957
150,0.1,0.5,hub_1,pcglassoFast_PrimalDual,I,9.999999999999982e-9,0.9824999999999591,82.02859505273675
150,0.1,0.5,hub_1,pcglassoFast_PrimalDual,I,3.5111917342151263e-8,0.700999999999965,82.02859505273675
150,0.1,0.5,hub_1,pcglassoFast_PrimalDual,I,1.2328467394420646e-7,0.9295000000000186,82.02859505815972
150,0.1,0.5,hub_1,pcglassoFast_PrimalDual,I,4.328761281083054e-7,0.9189999999999259,82.02859509693991
150,0.1,0.5,hub_1,pcglassoFast_PrimalDual,I,1.5199110829529328e-6,0.8434999999999491,82.02859509693991
150,0.1,0.5,hub_1,pcglassoFast_PrimalDual,I,5.336699231206308e-6,0.6574999999999704,82.02859538474691
150,0.1,0.5,hub_1,pcglassoFast_PrimalDual,I,1.873817422860384e-5,0.7590000000000146,82.02859760666298
150,0.1,0.5,hub_1,pcglassoFast_PrimalDual,I,6.579332246575681e-5,0.6510000000000105,82.02859760666298
150,0.1,0.5,hub_1,pcglassoFast_PrimalDual,I,2.310129700083161e-4,0.6329999999999814,82.02861547802554
150,0.1,0.5,hub_1,pcglassoFast_PrimalDual,I,8.11130830789687e-4,0.6370000000000573,82.02861547802554
150,0.1,0.5,hub_1,pcglassoFast_PrimalDual,I,0.002848035868435802,0.7130000000000223,82.02876511334901
150,0.1,0.5,hub_1,pcglassoFast_PrimalDual,I,0.010000000000000004,0.6265000000000214,82.02876511334901
150,0.1,0.5,random,pcglasso,C,9.999999999999982e-9,2.943000000000012,121.06957519441248
150,0.1,0.5,random,pcglasso,C,3.5111917342151263e-8,2.332999999999984,121.0695752662774
150,0.1,0.5,random,pcglasso,C,1.2328467394420646e-7,1.7149999999999892,121.06957691703305
150,0.1,0.5,random,pcglasso,C,4.328761281083054e-7,1.5324999999999989,121.06962632946814
150,0.1,0.5,random,pcglasso,C,1.5199110829529328e-6,1.4285000000000139,121.06969562975901
150,0.1,0.5,random,pcglasso,C,5.336699231206308e-6,1.2639999999999958,121.07006254095863
150,0.1,0.5,random,pcglasso,C,1.873817422860384e-5,0.7934999999999945,121.07428659349975
150,0.1,0.5,random,pcglasso,C,6.579332246575681e-5,0.6279999999999859,121.1028920351696
150,0.1,0.5,random,pcglasso,C,2.310129700083161e-4,0.5054999999999978,121.56537548592405
150,0.1,0.5,random,pcglasso,C,8.11130830789687e-4,0.4099999999999966,123.24429854806851
150,0.1,0.5,random,pcglasso,C,0.002848035868435802,0.069500000000005,243.68091387397484
150,0.1,0.5,random,pcglasso,C,0.010000000000000004,0.06500000000001194,267.4620884430199
150,0.1,0.5,random,pcglasso,I,9.999999999999982e-9,1.9055000000000177,121.06957522278032
150,0.1,0.5,random,pcglasso,I,3.5111917342151263e-8,1.399499999999989,121.06957566472786
150,0.1,0.5,random,pcglasso,I,1.2328467394420646e-7,1.17349999999999,121.06958026404375
150,0.1,0.5,random,pcglasso,I,4.328761281083054e-7,1.195999999999998,121.06959604823156
150,0.1,0.5,random,pcglasso,I,1.5199110829529328e-6,0.8760000000000048,121.06977127920611
150,0.1,0.5,random,pcglasso,I,5.336699231206308e-6,0.6654999999999944,121.07160369148485
150,0.1,0.5,random,pcglasso,I,1.873817422860384e-5,0.4125000000000085,121.08087171997194
150,0.1,0.5,random,pcglasso,I,6.579332246575681e-5,0.24099999999999966,121.13693703497161
150,0.1,0.5,random,pcglasso,I,2.310129700083161e-4,0.1565000000000083,121.26436503573332
150,0.1,0.5,random,pcglasso,I,8.11130830789687e-4,0.0905000000000058,121.77082696816909
150,0.1,0.5,random,pcglasso,I,0.002848035868435802,0.07850000000001955,121.41992692042528
150,0.1,0.5,random,pcglasso,I,0.010000000000000004,0.08549999999999613,121.81665882508179
150,0.1,0.5,random,pcglassoFast_Dual,C,9.999999999999982e-9,0.541000000000011,121.06957525688321
150,0.1,0.5,random,pcglassoFast_Dual,C,3.5111917342151263e-8,0.30450000000000443,121.06957527438514
150,0.1,0.5,random,pcglassoFast_Dual,C,1.2328467394420646e-7,0.38450000000000273,121.06957577969457
150,0.1,0.5,random,pcglassoFast_Dual,C,4.328761281083054e-7,0.5109999999999957,121.06957586265544
150,0.1,0.5,random,pcglassoFast_Dual,C,1.5199110829529328e-6,0.5205000000000126,121.06958099568689
150,0.1,0.5,random,pcglassoFast_Dual,C,5.336699231206308e-6,0.17849999999998545,121.06958795269689
150,0.1,0.5,random,pcglassoFast_Dual,C,1.873817422860384e-5,0.15149999999999864,121.0696137710491
150,0.1,0.5,random,pcglassoFast_Dual,C,6.579332246575681e-5,0.16450000000000387,121.06962782235604
150,0.1,0.5,random,pcglassoFast_Dual,C,2.310129700083161e-4,0.10250000000000625,121.07056243202781
150,0.1,0.5,random,pcglassoFast_Dual,C,8.11130830789687e-4,0.10549999999999216,121.07056243202781
150,0.1,0.5,random,pcglassoFast_Dual,C,0.002848035868435802,0.08650000000000091,121.07210053379148
150,0.1,0.5,random,pcglassoFast_Dual,C,0.010000000000000004,0.09099999999999397,121.07341351702084
150,0.1,0.5,random,pcglassoFast_Dual,I,9.999999999999982e-9,0.5165000000000077,121.06957518534102
150,0.1,0.5,random,pcglassoFast_Dual,I,3.5111917342151263e-8,0.3744999999999976,121.0695753288856
150,0.1,0.5,random,pcglassoFast_Dual,I,1.2328467394420646e-7,0.3610000000000042,121.06957543177757
150,0.1,0.5,random,pcglassoFast_Dual,I,4.328761281083054e-7,0.3429999999999893,121.06957601416492
150,0.1,0.5,random,pcglassoFast_Dual,I,1.5199110829529328e-6,0.32200000000000273,121.06957734027488
150,0.1,0.5,random,pcglassoFast_Dual,I,5.336699231206308e-6,0.319500000000005,121.0695829593812
150,0.1,0.5,random,pcglassoFast_Dual,I,1.873817422860384e-5,0.2954999999999899,121.06958314315558
150,0.1,0.5,random,pcglassoFast_Dual,I,6.579332246575681e-5,0.13700000000000045,121.06968244403149
150,0.1,0.5,random,pcglassoFast_Dual,I,2.310129700083161e-4,0.26950000000002206,121.06982622911913
150,0.1,0.5,random,pcglassoFast_Dual,I,8.11130830789687e-4,0.09849999999998715,121.0701416913612
150,0.1,0.5,random,pcglassoFast_Dual,I,0.002848035868435802,0.07750000000000057,121.07156558614507
150,0.1,0.5,random,pcglassoFast_Dual,I,0.010000000000000004,0.06200000000001182,121.07340437038198
150,0.1,0.5,random,pcglassoFast_Primal,C,9.999999999999982e-9,1.3140000000000072,121.06957520071632
150,0.1,0.5,random,pcglassoFast_Primal,C,3.5111917342151263e-8,1.4819999999999993,121.06957526242925
150,0.1,0.5,random,pcglassoFast_Primal,C,1.2328467394420646e-7,1.1169999999999902,121.06957548860666
150,0.1,0.5,random,pcglassoFast_Primal,C,4.328761281083054e-7,1.1324999999999932,121.06957628395975
150,0.1,0.5,random,pcglassoFast_Primal,C,1.5199110829529328e-6,0.916000000000011,121.06957911622598
150,0.1,0.5,random,pcglassoFast_Primal,C,5.336699231206308e-6,0.9435000000000002,121.06958919988426
150,0.1,0.5,random,pcglassoFast_Primal,C,1.873817422860384e-5,0.7064999999999912,121.06962246964589
150,0.1,0.5,random,pcglassoFast_Primal,C,6.579332246575681e-5,0.5854999999999961,121.0697758431292
150,0.1,0.5,random,pcglassoFast_Primal,C,2.310129700083161e-4,0.4829999999999899,121.07014762184501
150,0.1,0.5,random,pcglassoFast_Primal,C,8.11130830789687e-4,0.41100000000000136,121.07140858616489
150,0.1,0.5,random,pcglassoFast_Primal,C,0.002848035868435802,0.3050000000000068,121.07413241871348
150,0.1,0.5,random,pcglassoFast_Primal,C,0.010000000000000004,0.25199999999999534,121.07901152263565
150,0.1,0.5,random,pcglassoFast_Primal,I,9.999999999999982e-9,1.5250000000000057,121.06957520032806
150,0.1,0.5,random,pcglassoFast_Primal,I,3.5111917342151263e-8,1.2665000000000077,121.06957526291247
150,0.1,0.5,random,pcglassoFast_Primal,I,1.2328467394420646e-7,1.1834999999999951,121.06957547159485
150,0.1,0.5,random,pcglassoFast_Primal,I,4.328761281083054e-7,1.218500000000006,121.06957615344761
150,0.1,0.5,random,pcglassoFast_Primal,I,1.5199110829529328e-6,0.95150000000001,121.06957946420266
150,0.1,0.5,random,pcglassoFast_Primal,I,5.336699231206308e-6,0.8485000000000014,121.06958900623162
150,0.1,0.5,random,pcglassoFast_Primal,I,1.873817422860384e-5,0.7469999999999999,121.06961927004157
150,0.1,0.5,random,pcglassoFast_Primal,I,6.579332246575681e-5,0.65049999999997965,121.06975677637125
150,0.1,0.5,random,pcglassoFast_Primal,I,2.310129700083161e-4,0.4960000000000093,121.07027375639267
150,0.1,0.5,random,pcglassoFast_Primal,I,8.11130830789687e-4,0.36599999999999966,121.07200687823237
150,0.1,0.5,random,pcglassoFast_Primal,I,0.002848035868435802,0.25499999999999545,121.0760545192092
150,0.1,0.5,random,pcglassoFast_Primal,I,0.010000000000000004,0.24200000000000443,121.08144424582275
150,0.1,0.5,random,pcglassoFast_PrimalDual,C,9.999999999999982e-9,1.4819999999999993,121.06957526885927
150,0.1,0.5,random,pcglassoFast_PrimalDual,C,3.5111917342151263e-8,1.1265000000000072,121.0695752941459
150,0.1,0.5,random,pcglassoFast_PrimalDual,C,1.2328467394420646e-7,1.0094999999999885,121.06957541299916
150,0.1,0.5,random,pcglassoFast_PrimalDual,C,4.328761281083054e-7,0.8815000000000026,121.06957587291619
150,0.1,0.5,random,pcglassoFast_PrimalDual,C,1.5199110829529328e-6,0.8075000000000045,121.06957700024392
150,0.1,0.5,random,pcglassoFast_PrimalDual,C,5.336699231206308e-6,0.8059999999999974,121.06958017472033
150,0.1,0.5,random,pcglassoFast_PrimalDual,C,1.873817422860384e-5,0.6279999999999859,121.06958924618638
150,0.1,0.5,random,pcglassoFast_PrimalDual,C,6.579332246575681e-5,0.6609999999999872,121.06961881201906
150,0.1,0.5,random,pcglassoFast_PrimalDual,C,2.310129700083161e-4,0.4749999999999801,121.06965800897157
150,0.1,0.5,random,pcglassoFast_PrimalDual,C,8.11130830789687e-4,0.4405000000000001,121.06975297025494
150,0.1,0.5,random,pcglassoFast_PrimalDual,C,0.002848035868435802,0.3914999999999935,121.07004306987453
150,0.1,0.5,random,pcglassoFast_PrimalDual,C,0.010000000000000004,0.33299999999997,121.07118024624464
150,0.1,0.5,random,pcglassoFast_PrimalDual,I,9.999999999999982e-9,1.8329999999999984,121.06957525687388
150,0.1,0.5,random,pcglassoFast_PrimalDual,I,3.5111917342151263e-8,1.4040000000000106,121.06957530087774
150,0.1,0.5,random,pcglassoFast_PrimalDual,I,1.2328467394420646e-7,1.3034999999999997,121.0695754482307
150,0.1,0.5,random,pcglassoFast_PrimalDual,I,4.328761281083054e-7,1.0980000000000132,121.06957570489112
150,0.1,0.5,random,pcglassoFast_PrimalDual,I,1.5199110829529328e-6,1.2190000000000083,121.06957738226991
150,0.1,0.5,random,pcglassoFast_PrimalDual,I,5.336699231206308e-6,0.875,121.06958098553463
150,0.1,0.5,random,pcglassoFast_PrimalDual,I,1.873817422860384e-5,0.737000000000009,121.06960217021444
150,0.1,0.5,random,pcglassoFast_PrimalDual,I,6.579332246575681e-5,0.6399999999999864,121.06965280268749
150,0.1,0.5,random,pcglassoFast_PrimalDual,I,2.310129700083161e-4,0.6995000000000005,121.06980918050564
150,0.1,0.5,random,pcglassoFast_PrimalDual,I,8.11130830789687e-4,0.43549999999999045,121.07036008131726
150,0.1,0.5,random,pcglassoFast_PrimalDual,I,0.002848035868435802,0.4084999999999894,121.0711266551319
150,0.1,0.5,random,pcglassoFast_PrimalDual,I,0.010000000000000004,0.3539999999999992,121.07288804257459
150,0.2,0,AR2,pcglasso,C,9.999999999999982e-9,1.4995000000000118,141.48055979219598
150,0.2,0,AR2,pcglasso,C,3.5111917342151263e-8,1.3540000000000418,141.48055983544435
150,0.2,0,AR2,pcglasso,C,1.2328467394420646e-7,1.1954999999999814,141.48055986060305
150,0.2,0,AR2,pcglasso,C,4.328761281083054e-7,1.2214999999999918,141.48055997663317
150,0.2,0,AR2,pcglasso,C,1.5199110829529328e-6,1.1469999999999914,141.48056810092754
150,0.2,0,AR2,pcglasso,C,5.336699231206308e-6,1.1745000000000232,141.48066487205722
150,0.2,0,AR2,pcglasso,C,1.873817422860384e-5,0.8115000000000236,141.48162256165972
150,0.2,0,AR2,pcglasso,C,6.579332246575681e-5,0.527499999999975,141.51807313065368
150,0.2,0,AR2,pcglasso,C,2.310129700083161e-4,0.3429999999999609,141.98675331560156
150,0.2,0,AR2,pcglasso,C,8.11130830789687e-4,0.16150000000004638,152.0587349792641
150,0.2,0,AR2,pcglasso,C,0.002848035868435802,0.06799999999998363,195.92266528401288
150,0.2,0,AR2,pcglasso,C,0.010000000000000004,0.06399999999996453,189.47052038672535
150,0.2,0,AR2,pcglasso,I,9.999999999999982e-9,0.9195000000000277,141.48055979449646
150,0.2,0,AR2,pcglasso,I,3.5111917342151263e-8,0.6845000000000141,141.48055981704888
150,0.2,0,AR2,pcglasso,I,1.2328467394420646e-7,0.7905000000000086,141.4805599993484
150,0.2,0,AR2,pcglasso,I,4.328761281083054e-7,0.7055000000000291,141.48056033465036
150,0.2,0,AR2,pcglasso,I,1.5199110829529328e-6,0.5790000000000077,141.4805640048493
150,0.2,0,AR2,pcglasso,I,5.336699231206308e-6,0.5169999999999391,141.48064724017976
150,0.2,0,AR2,pcglasso,I,1.873817422860384e-5,0.35550000000000637,141.4816011214079
150,0.2,0,AR2,pcglasso,I,6.579332246575681e-5,0.23850000000004457,141.492232740274
150,0.2,0,AR2,pcglasso,I,2.310129700083161e-4,0.12549999999998818,141.6124711477417
150,0.2,0,AR2,pcglasso,I,8.11130830789687e-4,0.0635000000000332,142.00317228010985
150,0.2,0,AR2,pcglasso,I,0.002848035868435802,0.055499999999995,142.11168973971238
150,0.2,0,AR2,pcglasso,I,0.010000000000000004,0.05900000000002592,142.11168973971238
150,0.2,0,AR2,pcglassoFast_Dual,C,9.999999999999982e-9,0.277499999999975,141.48055978751998
150,0.2,0,AR2,pcglassoFast_Dual,C,3.5111917342151263e-8,0.2925000000000182,141.48055979206117
150,0.2,0,AR2,pcglassoFast_Dual,C,1.2328467394420646e-7,0.1270000000000664,141.48055980487845
150,0.2,0,AR2,pcglassoFast_Dual,C,4.328761281083054e-7,0.11349999999998772,141.4805598577794
150,0.2,0,AR2,pcglassoFast_Dual,C,1.5199110829529328e-6,0.11599999999998545,141.48056000116546
150,0.2,0,AR2,pcglassoFast_Dual,C,5.336699231206308e-6,0.10799999999994725,141.48056047313776
150,0.2,0,AR2,pcglassoFast_Dual,C,1.873817422860384e-5,0.09749999999996817,141.48056208839725
150,0.2,0,AR2,pcglassoFast_Dual,C,6.579332246575681e-5,0.09699999999992315,141.4805676194464
150,0.2,0,AR2,pcglassoFast_Dual,C,2.310129700083161e-4,0.08999999999991815,141.48058698359873
150,0.2,0,AR2,pcglassoFast_Dual,C,8.11130830789687e-4,0.08700000000004593,141.48065578858834
150,0.2,0,AR2,pcglassoFast_Dual,C,0.002848035868435802,0.08199999999999363,141.48089321569722
150,0.2,0,AR2,pcglassoFast_Dual,C,0.010000000000000004,0.07300000000003593,141.4817235882198
150,0.2,0,AR2,pcglassoFast_Dual,I,9.999999999999982e-9,0.10199999999997544,141.48055978736033
150,0.2,0,AR2,pcglassoFast_Dual,I,3.5111917342151263e-8,0.09200000000004138,141.48055979169098
150,0.2,0,AR2,pcglassoFast_Dual,I,1.2328467394420646e-7,0.09100000000000819,141.4805598040375
150,0.2,0,AR2,pcglassoFast_Dual,I,4.328761281083054e-7,0.08600000000001273,141.4805598472143
150,0.2,0,AR2,pcglassoFast_Dual,I,1.5199110829529328e-6,0.07950000000005275,141.48055998794783
150,0.2,0,AR2,pcglassoFast_Dual,I,5.336699231206308e-6,0.0735000000000241,141.48056045608936
150,0.2,0,AR2,pcglassoFast_Dual,I,1.873817422860384e-5,0.0705000000000382,141.4805620727621
150,0.2,0,AR2,pcglassoFast_Dual,I,6.579332246575681e-5,0.059000000000082764,141.48056764741924
150,0.2,0,AR2,pcglassoFast_Dual,I,2.310129700083161e-4,0.06299999999998818,141.48058709547036
150,0.2,0,AR2,pcglassoFast_Dual,I,8.11130830789687e-4,0.05699999999995953,141.48065672558693
150,0.2,0,AR2,pcglassoFast_Dual,I,0.002848035868435802,0.05000000000001137,141.4809018223454
150,0.2,0,AR2,pcglassoFast_Dual,I,0.010000000000000004,0.04750000000001364,141.48182825017966
150,0.2,0,AR2,pcglassoFast_Primal,C,9.999999999999982e-9,0.5535000000000423,141.48055978777438
150,0.2,0,AR2,pcglassoFast_Primal,C,3.5111917342151263e-8,0.5269999999999868,141.4805597926054
150,0.2,0,AR2,pcglassoFast_Primal,C,1.2328467394420646e-7,0.48500000000001364,141.48055980918488
150,0.2,0,AR2,pcglassoFast_Primal,C,4.328761281083054e-7,0.48399999999998045,141.48055986068468
150,0.2,0,AR2,pcglassoFast_Primal,C,1.5199110829529328e-6,0.45350000000001955,141.48056002113634
150,0.2,0,AR2,pcglassoFast_Primal,C,5.336699231206308e-6,0.4194999999999709,141.480560525516
150,0.2,0,AR2,pcglassoFast_Primal,C,1.873817422860384e-5,0.3855000000000359,141.48056763703596
150,0.2,0,AR2,pcglassoFast_Primal,C,6.579332246575681e-5,0.3569999999999709,141.48058559731027
150,0.2,0,AR2,pcglassoFast_Primal,C,2.310129700083161e-4,0.33299999999997,141.48064569141138
150,0.2,0,AR2,pcglassoFast_Primal,C,8.11130830789687e-4,0.3210000000000264,141.48084719514358
150,0.2,0,AR2,pcglassoFast_Primal,C,0.002848035868435802,0.28750000000002274,141.48152732278595
150,0.2,0,AR2,pcglassoFast_Primal,C,0.010000000000000004,0.26900000000000546,141.48384996762343
150,0.2,0,AR2,pcglassoFast_Primal,I,9.999999999999982e-9,0.4275000000000091,141.48055978738478
150,0.2,0,AR2,pcglassoFast_Primal,I,3.5111917342151263e-8,0.4259999999999877,141.48055979155893
150,0.2,0,AR2,pcglassoFast_Primal,I,1.2328467394420646e-7,0.3774999999999977,141.48055984048412
150,0.2,0,AR2,pcglassoFast_Primal,I,4.328761281083054e-7,0.34050000000002,141.48055996016365
150,0.2,0,AR2,pcglassoFast_Primal,I,1.5199110829529328e-6,0.32850000000001955,141.48056034084857
150,0.2,0,AR2,pcglassoFast_Primal,I,5.336699231206308e-6,0.30349999999998545,141.48056161298106
150,0.2,0,AR2,pcglassoFast_Primal,I,1.873817422860384e-5,0.27450000000004593,141.4805658347458
150,0.2,0,AR2,pcglassoFast_Primal,I,6.579332246575681e-5,0.2604999999999791,141.4805800092546
150,0.2,0,AR2,pcglassoFast_Primal,I,2.310129700083161e-4,0.2300000000000182,141.48062836876875
150,0.2,0,AR2,pcglassoFast_Primal,I,8.11130830789687e-4,0.21100000000001273,141.48079468306378
150,0.2,0,AR2,pcglassoFast_Primal,I,0.002848035868435802,0.19299999999998363,141.4813738161536
150,0.2,0,AR2,pcglassoFast_Primal,I,0.010000000000000004,0.1694999999999709,141.48341930115674
150,0.2,0,AR2,pcglassoFast_PrimalDual,C,9.999999999999982e-9,0.7909999999999968,141.48055978734885
150,0.2,0,AR2,pcglassoFast_PrimalDual,C,3.5111917342151263e-8,0.6825000000000045,141.48055985818132
150,0.2,0,AR2,pcglassoFast_PrimalDual,C,1.2328467394420646e-7,0.6584999999999468,141.4805599281939
150,0.2,0,AR2,pcglassoFast_PrimalDual,C,4.328761281083054e-7,0.7929999999999495,141.480560016125
150,0.2,0,AR2,pcglassoFast_PrimalDual,C,1.5199110829529328e-6,0.7314999999999827,141.48056035676643
150,0.2,0,AR2,pcglassoFast_PrimalDual,C,5.336699231206308e-6,0.5849999999999795,141.48056134822866
150,0.2,0,AR2,pcglassoFast_PrimalDual,C,1.873817422860384e-5,0.5475000000000136,141.48056442323383
150,0.2,0,AR2,pcglassoFast_PrimalDual,C,6.579332246575681e-5,0.5144999999999413,141.48057407128977
150,0.2,0,AR2,pcglassoFast_PrimalDual,C,2.310129700083161e-4,0.6510000000000105,141.48060474889087
150,0.2,0,AR2,pcglassoFast_PrimalDual,C,8.11130830789687e-4,0.45849999999995816,141.48070234813105
150,0.2,0,AR2,pcglassoFast_PrimalDual,C,0.002848035868435802,0.4329999999999927,141.48101357692093
150,0.2,0,AR2,pcglassoFast_PrimalDual,C,0.010000000000000004,0.5774999999999864,141.48201012774285
150,0.2,0,AR2,pcglassoFast_PrimalDual,I,9.999999999999982e-9,0.5985000000000014,141.48055978681742
150,0.2,0,AR2,pcglassoFast_PrimalDual,I,3.5111917342151263e-8,0.6470000000000482,141.48055986892888
150,0.2,0,AR2,pcglassoFast_PrimalDual,I,1.2328467394420646e-7,0.4525000000000432,141.48055992542842
150,0.2,0,AR2,pcglassoFast_PrimalDual,I,4.328761281083054e-7,0.4434999999999718,141.4805600036812
150,0.2,0,AR2,pcglassoFast_PrimalDual,I,1.5199110829529328e-6,0.5789999999999509,141.48056025900485
150,0.2,0,AR2,pcglassoFast_PrimalDual,I,5.336699231206308e-6,0.3809999999999718,141.48056101125735
150,0.2,0,AR2,pcglassoFast_PrimalDual,I,1.873817422860384e-5,0.36850000000004,141.48056344915346
150,0.2,0,AR2,pcglassoFast_PrimalDual,I,6.579332246575681e-5,0.4485000000000241,141.48057116645765
150,0.2,0,AR2,pcglassoFast_PrimalDual,I,2.310129700083161e-4,0.3009999999999877,141.480595676212
150,0.2,0,AR2,pcglassoFast_PrimalDual,I,8.11130830789687e-4,0.28199999999998226,141.48067484554724
150,0.2,0,AR2,pcglassoFast_PrimalDual,I,0.002848035868435802,0.21800000000001774,141.48177091781872
150,0.2,0,AR2,pcglassoFast_PrimalDual,I,0.010000000000000004,0.3109999999999786,141.48453362437255
150,0.2,0,hub_09,pcglasso,C,9.999999999999982e-9,1.2934999999999661,149.0135980992995
150,0.2,0,hub_09,pcglasso,C,3.5111917342151263e-8,1.3729999999999905,149.01359809275243
150,0.2,0,hub_09,pcglasso,C,1.2328467394420646e-7,1.0879999999999939,149.0135981331483
150,0.2,0,hub_09,pcglasso,C,4.328761281083054e-7,0.9110000000000014,149.01359850680586
150,0.2,0,hub_09,pcglasso,C,1.5199110829529328e-6,0.7644999999999982,149.01360317846093
150,0.2,0,hub_09,pcglasso,C,5.336699231206308e-6,0.791499999999985,149.01360317846093
150,0.2,0,hub_09,pcglasso,C,1.873817422860384e-5,0.5829999999999984,149.0139373006982
150,0.2,0,hub_09,pcglasso,C,6.579332246575681e-5,0.5140000000000384,149.01393160310712
150,0.2,0,hub_09,pcglasso,C,2.310129700083161e-4,0.33849999999998204,149.08899327466483
150,0.2,0,hub_09,pcglasso,C,8.11130830789687e-4,0.4124999999999943,149.15945361484594
150,0.2,0,hub_09,pcglasso,C,0.002848035868435802,0.06150000000002365,207.57754501013773
150,0.2,0,hub_09,pcglasso,C,0.010000000000000004,0.061499999999995225,208.44064742072055
150,0.2,0,hub_09,pcglasso,I,9.999999999999982e-9,1.573500000000024,149.01359810200657
150,0.2,0,hub_09,pcglasso,I,3.5111917342151263e-8,1.518000000000029,149.01359810242272
150,0.2,0,hub_09,pcglasso,I,1.2328467394420646e-7,1.163499999999999,149.0135981402909
150,0.2,0,hub_09,pcglasso,I,4.328761281083054e-7,1.0974999999999966,149.013598310014
150,0.2,0,hub_09,pcglasso,I,1.5199110829529328e-6,1.0465000000000373,149.01359961730827
150,0.2,0,hub_09,pcglasso,I,5.336699231206308e-6,1.0319999999999823,149.01359961730827
150,0.2,0,hub_09,pcglasso,I,1.873817422860384e-5,0.8404999999999916,149.01376839829103
150,0.2,0,hub_09,pcglasso,I,6.579332246575681e-5,0.5984999999999729,149.01367399773457
150,0.2,0,hub_09,pcglasso,I,2.310129700083161e-4,0.27499999999997726,149.01884039474257
150,0.2,0,hub_09,pcglasso,I,8.11130830789687e-4,0.19299999999998363,149.22532773054238
150,0.2,0,hub_09,pcglasso,I,0.002848035868435802,0.08949999999998681,149.65230590309736
150,0.2,0,hub_09,pcglasso,I,0.010000000000000004,0.08600000000001273,149.65230590309736
150,0.2,0,hub_09,pcglassoFast_Dual,C,9.999999999999982e-9,0.11099999999999,149.01359808930656
150,0.2,0,hub_09,pcglassoFast_Dual,C,3.5111917342151263e-8,0.10150000000001569,149.01359809236928
150,0.2,0,hub_09,pcglassoFast_Dual,C,1.2328467394420646e-7,0.09000000000003183,149.01359814626232
150,0.2,0,hub_09,pcglassoFast_Dual,C,4.328761281083054e-7,0.08050000000000068,149.01359853664044
150,0.2,0,hub_09,pcglassoFast_Dual,C,1.5199110829529328e-6,0.0735000000000241,149.01359843910555
150,0.2,0,hub_09,pcglassoFast_Dual,C,5.336699231206308e-6,0.06999999999999318,149.0135991921568
150,0.2,0,hub_09,pcglassoFast_Dual,C,1.873817422860384e-5,0.20300000000000296,149.0135985392998
150,0.2,0,hub_09,pcglassoFast_Dual,C,6.579332246575681e-5,0.059499999999985675,149.01362209229103
150,0.2,0,hub_09,pcglassoFast_Dual,C,2.310129700083161e-4,0.052500000000009095,149.0137811064397
150,0.2,0,hub_09,pcglassoFast_Dual,C,8.11130830789687e-4,0.04850000000001842,149.0137811064397
150,0.2,0,hub_09,pcglassoFast_Dual,C,0.002848035868435802,0.04599999999999227,149.0138550479032
150,0.2,0,hub_09,pcglassoFast_Dual,C,0.010000000000000004,0.04200000000000159,149.01450303838556
150,0.2,0,hub_09,pcglassoFast_Dual,I,9.999999999999982e-9,0.1155000000000257,149.01359808915953
150,0.2,0,hub_09,pcglassoFast_Dual,I,3.5111917342151263e-8,0.2585000000000264,149.01359812130008
150,0.2,0,hub_09,pcglassoFast_Dual,I,1.2328467394420646e-7,0.22649999999998727,149.01359812130008
150,0.2,0,hub_09,pcglassoFast_Dual,I,4.328761281083054e-7,0.228999999999985,149.0135983085407
150,0.2,0,hub_09,pcglassoFast_Dual,I,1.5199110829529328e-6,0.19499999999999318,149.0135986826543
150,0.2,0,hub_09,pcglassoFast_Dual,I,5.336699231206308e-6,0.23050000000000637,149.01359830029574
150,0.2,0,hub_09,pcglassoFast_Dual,I,1.873817422860384e-5,0.06799999999995521,149.01360042539545
150,0.2,0,hub_09,pcglassoFast_Dual,I,6.579332246575681e-5,0.06350000000000477,149.0136356134086
150,0.2,0,hub_09,pcglassoFast_Dual,I,2.310129700083161e-4,0.0595000000000141,149.0136356134086
150,0.2,0,hub_09,pcglassoFast_Dual,I,8.11130830789687e-4,0.054500000000018645,149.01368338097836
150,0.2,0,hub_09,pcglassoFast_Dual,I,0.002848035868435802,0.0595000000000141,149.01368338097836
150,0.2,0,hub_09,pcglassoFast_Dual,I,0.010000000000000004,0.16449999999997544,149.01400465072507
150,0.2,0,hub_09,pcglassoFast_Primal,C,9.999999999999982e-9,0.42199999999999704,149.0135980897222
150,0.2,0,hub_09,pcglassoFast_Primal,C,3.5111917342151263e-8,0.30049999999999955,149.0135980897222
150,0.2,0,hub_09,pcglassoFast_Primal,C,1.2328467394420646e-7,0.2810000000000059,149.01359809619566
150,0.2,0,hub_09,pcglassoFast_Primal,C,4.328761281083054e-7,0.2515000000000214,149.01359813465643
150,0.2,0,hub_09,pcglassoFast_Primal,C,1.5199110829529328e-6,0.2535000000000025,149.01359813465643
150,0.2,0,hub_09,pcglassoFast_Primal,C,5.336699231206308e-6,0.23200000000002774,149.01359856514904
150,0.2,0,hub_09,pcglassoFast_Primal,C,1.873817422860384e-5,0.20650000000000546,149.01360028991908
150,0.2,0,hub_09,pcglassoFast_Primal,C,6.579332246575681e-5,0.2055000000000291,149.01360028991908
150,0.2,0,hub_09,pcglassoFast_Primal,C,2.310129700083161e-4,0.20550000000000068,149.01360028991908
150,0.2,0,hub_09,pcglassoFast_Primal,C,8.11130830789687e-4,0.17949999999999022,149.01361279436242
150,0.2,0,hub_09,pcglassoFast_Primal,C,0.002848035868435802,0.1775000000000091,149.01361279436242
150,0.2,0,hub_09,pcglassoFast_Primal,C,0.010000000000000004,0.15850000000000364,149.01394836271257
150,0.2,0,hub_09,pcglassoFast_Primal,I,9.999999999999982e-9,0.32800000000000296,149.01359808973208
150,0.2,0,hub_09,pcglassoFast_Primal,I,3.5111917342151263e-8,0.3235000000000241,149.01359808973208
150,0.2,0,hub_09,pcglassoFast_Primal,I,1.2328467394420646e-7,0.43250000000000455,149.01359809527372
150,0.2,0,hub_09,pcglassoFast_Primal,I,4.328761281083054e-7,0.2804999999999893,149.0135981388761
150,0.2,0,hub_09,pcglassoFast_Primal,I,1.5199110829529328e-6,0.25200000000000955,149.01359838304288
150,0.2,0,hub_09,pcglassoFast_Primal,I,5.336699231206308e-6,0.24750000000000227,149.01359838304288
150,0.2,0,hub_09,pcglassoFast_Primal,I,1.873817422860384e-5,0.22350000000000136,149.0135993763274
150,0.2,0,hub_09,pcglassoFast_Primal,I,6.579332246575681e-5,0.2265000000000157,149.0135993763274
150,0.2,0,hub_09,pcglassoFast_Primal,I,2.310129700083161e-4,0.22550000000001091,149.0135993763274
150,0.2,0,hub_09,pcglassoFast_Primal,I,8.11130830789687e-4,0.20499999999998408,149.01361078747607
150,0.2,0,hub_09,pcglassoFast_Primal,I,0.002848035868435802,0.17549999999999955,149.0138491285465
150,0.2,0,hub_09,pcglassoFast_Primal,I,0.010000000000000004,0.17549999999999955,149.0138491285465
150,0.2,0,hub_09,pcglassoFast_PrimalDual,C,9.999999999999982e-9,0.22150000000002024,149.01359808871143
150,0.2,0,hub_09,pcglassoFast_PrimalDual,C,3.5111917342151263e-8,0.20599999999998886,149.01359809011265
150,0.2,0,hub_09,pcglassoFast_PrimalDual,C,1.2328467394420646e-7,0.20600000000001728,149.01359809011265
150,0.2,0,hub_09,pcglassoFast_PrimalDual,C,4.328761281083054e-7,0.18799999999998818,149.01359810750347
150,0.2,0,hub_09,pcglassoFast_PrimalDual,C,1.5199110829529328e-6,0.19299999999998363,149.01359810750347
150,0.2,0,hub_09,pcglassoFast_PrimalDual,C,5.336699231206308e-6,0.17599999999998772,149.0135983158515
150,0.2,0,hub_09,pcglassoFast_PrimalDual,C,1.873817422860384e-5,0.2884999999999991,149.0135983158515
150,0.2,0,hub_09,pcglassoFast_PrimalDual,C,6.579332246575681e-5,0.15699999999998226,149.01360081266853
150,0.2,0,hub_09,pcglassoFast_PrimalDual,C,2.310129700083161e-4,0.1559999999999775,149.01360081266853
150,0.2,0,hub_09,pcglassoFast_PrimalDual,C,8.11130830789687e-4,0.13750000000001705,149.01363097325415
150,0.2,0,hub_09,pcglassoFast_PrimalDual,C,0.002848035868435802,0.13949999999999818,149.01363097325415
150,0.2,0,hub_09,pcglassoFast_PrimalDual,C,0.010000000000000004,0.12100000000003774,149.0140096685958
150,0.2,0,hub_09,pcglassoFast_PrimalDual,I,9.999999999999982e-9,0.24049999999999727,149.01359808866314
150,0.2,0,hub_09,pcglassoFast_PrimalDual,I,3.5111917342151263e-8,0.22799999999998022,149.01359808978262
150,0.2,0,hub_09,pcglassoFast_PrimalDual,I,1.2328467394420646e-7,0.22799999999998022,149.01359808978262
150,0.2,0,hub_09,pcglassoFast_PrimalDual,I,4.328761281083054e-7,0.2074999999999818,149.01359810046318
150,0.2,0,hub_09,pcglassoFast_PrimalDual,I,1.5199110829529328e-6,0.20700000000002206,149.01359810046318
150,0.2,0,hub_09,pcglassoFast_PrimalDual,I,5.336699231206308e-6,0.19249999999999545,149.01359823181454
150,0.2,0,hub_09,pcglassoFast_PrimalDual,I,1.873817422860384e-5,0.17599999999998772,149.01359979795777
150,0.2,0,hub_09,pcglassoFast_PrimalDual,I,6.579332246575681e-5,0.17249999999998522,149.01359979795777
150,0.2,0,hub_09,pcglassoFast_PrimalDual,I,2.310129700083161e-4,0.1605000000000132,149.01361837502552
150,0.2,0,hub_09,pcglassoFast_PrimalDual,I,8.11130830789687e-4,0.15749999999997044,149.01361837502552
150,0.2,0,hub_09,pcglassoFast_PrimalDual,I,0.002848035868435802,0.14000000000001478,149.01383477972894
150,0.2,0,hub_09,pcglassoFast_PrimalDual,I,0.010000000000000004,0.29050000000000864,149.01383477972894
150,0.2,0,hub_1,pcglasso,C,9.999999999999982e-9,7.749500000000012,55.52797789008634
150,0.2,0,hub_1,pcglasso,C,3.5111917342151263e-8,6.916499999999985,55.5279797779126
150,0.2,0,hub_1,pcglasso,C,1.2328467394420646e-7,5.107999999999947,55.52805316837041
150,0.2,0,hub_1,pcglasso,C,4.328761281083054e-7,4.293000000000006,55.528281840131974
150,0.2,0,hub_1,pcglasso,C,1.5199110829529328e-6,4.005999999999972,55.528720589892984
150,0.2,0,hub_1,pcglasso,C,5.336699231206308e-6,3.841500000000053,55.53039147332729
150,0.2,0,hub_1,pcglasso,C,1.873817422860384e-5,3.26400000000001,55.53497351026421
150,0.2,0,hub_1,pcglasso,C,6.579332246575681e-5,2.771500000000003,55.537488832021225
150,0.2,0,hub_1,pcglasso,C,2.310129700083161e-4,1.1409999999999627,75.47809867012886
150,0.2,0,hub_1,pcglasso,C,8.11130830789687e-4,1.033999999999935,90.39300133432643
150,0.2,0,hub_1,pcglasso,C,0.002848035868435802,0.5275000000000318,301.8750898855494
150,0.2,0,hub_1,pcglasso,C,0.010000000000000004,0.3815000000000168,301.8750898855494
150,0.2,0,hub_1,pcglasso,I,9.999999999999982e-9,12.178500000000042,55.527977966130464
150,0.2,0,hub_1,pcglasso,I,3.5111917342151263e-8,10.699999999999989,55.52798081762796
150,0.2,0,hub_1,pcglasso,I,1.2328467394420646e-7,10.396500000000003,55.52798940192716
150,0.2,0,hub_1,pcglasso,I,4.328761281083054e-7,9.183499999999981,55.52833984097816
150,0.2,0,hub_1,pcglasso,I,1.5199110829529328e-6,8.069999999999993,55.53097979220591
150,0.2,0,hub_1,pcglasso,I,5.336699231206308e-6,8.15749999999997,55.530576152575065
150,0.2,0,hub_1,pcglasso,I,1.873817422860384e-5,5.237500000000011,55.66098562296189
150,0.2,0,hub_1,pcglasso,I,6.579332246575681e-5,3.1649999999999636,56.38199454929712
150,0.2,0,hub_1,pcglasso,I,2.310129700083161e-4,0.4555000000000291,70.89988574852194
150,0.2,0,hub_1,pcglasso,I,8.11130830789687e-4,0.4700000000000273,71.19512948991806
150,0.2,0,hub_1,pcglasso,I,0.002848035868435802,0.29300000000000637,71.86504738787403
150,0.2,0,hub_1,pcglasso,I,0.010000000000000004,0.27499999999997726,72.76160906741235
150,0.2,0,hub_1,pcglassoFast_Dual,C,9.999999999999982e-9,1.9839999999999804,55.52797769863674
150,0.2,0,hub_1,pcglassoFast_Dual,C,3.5111917342151263e-8,1.9429999999999836,55.52797772319932
150,0.2,0,hub_1,pcglassoFast_Dual,C,1.2328467394420646e-7,2.3990000000000578,55.527977731482295
150,0.2,0,hub_1,pcglassoFast_Dual,C,4.328761281083054e-7,2.08299999999997,55.52797799633653
150,0.2,0,hub_1,pcglassoFast_Dual,C,1.5199110829529328e-6,1.7620000000000005,55.52797834190443
150,0.2,0,hub_1,pcglassoFast_Dual,C,5.336699231206308e-6,1.98599999999999,55.52797910563978
150,0.2,0,hub_1,pcglassoFast_Dual,C,1.873817422860384e-5,1.572499999999991,55.52798824204571
150,0.2,0,hub_1,pcglassoFast_Dual,C,6.579332246575681e-5,1.472500000000025,55.528006891801915
150,0.2,0,hub_1,pcglassoFast_Dual,C,2.310129700083161e-4,1.3589999999999804,55.52802927228896
150,0.2,0,hub_1,pcglassoFast_Dual,C,8.11130830789687e-4,1.5015000000000214,55.528373838945065
150,0.2,0,hub_1,pcglassoFast_Dual,C,0.002848035868435802,1.2129999999999654,55.52887559759906
150,0.2,0,hub_1,pcglassoFast_Dual,C,0.010000000000000004,1.2980000000000018,55.53975511600333
150,0.2,0,hub_1,pcglassoFast_Dual,I,9.999999999999982e-9,8.747000000000014,55.527977695188
150,0.2,0,hub_1,pcglassoFast_Dual,I,3.5111917342151263e-8,8.603999999999985,55.527977704362804
150,0.2,0,hub_1,pcglassoFast_Dual,I,1.2328467394420646e-7,8.416499999999985,55.52797771586506
150,0.2,0,hub_1,pcglassoFast_Dual,I,4.328761281083054e-7,8.514000000000067,55.527977768223806
150,0.2,0,hub_1,pcglassoFast_Dual,I,1.5199110829529328e-6,8.386500000000012,55.52797800713118
150,0.2,0,hub_1,pcglassoFast_Dual,I,5.336699231206308e-6,7.815499999999986,55.52798094733926
150,0.2,0,hub_1,pcglassoFast_Dual,I,1.873817422860384e-5,8.323500000000024,55.52798041346753
150,0.2,0,hub_1,pcglassoFast_Dual,I,6.579332246575681e-5,8.204499999999996,55.52799911458108
150,0.2,0,hub_1,pcglassoFast_Dual,I,2.310129700083161e-4,7.722500000000025,55.52804722342723
150,0.2,0,hub_1,pcglassoFast_Dual,I,8.11130830789687e-4,8.230000000000018,55.52813239891084
150,0.2,0,hub_1,pcglassoFast_Dual,I,0.002848035868435802,7.9424999999999955,55.52846486681187
150,0.2,0,hub_1,pcglassoFast_Dual,I,0.010000000000000004,7.918000000000063,55.53026816454347
150,0.2,0,hub_1,pcglassoFast_Primal,C,9.999999999999982e-9,10.105500000000006,55.527978058963775
150,0.2,0,hub_1,pcglassoFast_Primal,C,3.5111917342151263e-8,7.715999999999951,55.52797828708268
150,0.2,0,hub_1,pcglassoFast_Primal,C,1.2328467394420646e-7,6.358499999999935,55.52797963234512
150,0.2,0,hub_1,pcglassoFast_Primal,C,4.328761281083054e-7,5.432999999999993,55.52797819503701
150,0.2,0,hub_1,pcglassoFast_Primal,C,1.5199110829529328e-6,4.648500000000013,55.527983698544595
150,0.2,0,hub_1,pcglassoFast_Primal,C,5.336699231206308e-6,3.84050000000002,55.52799995465837
150,0.2,0,hub_1,pcglassoFast_Primal,C,1.873817422860384e-5,3.122500000000059,55.52815240857281
150,0.2,0,hub_1,pcglassoFast_Primal,C,6.579332246575681e-5,2.5224999999999795,55.52820159755933
150,0.2,0,hub_1,pcglassoFast_Primal,C,2.310129700083161e-4,1.690499999999986,55.5293581568097
150,0.2,0,hub_1,pcglassoFast_Primal,C,8.11130830789687e-4,1.2995000000000232,55.52930827580883
150,0.2,0,hub_1,pcglassoFast_Primal,C,0.002848035868435802,1.011000000000024,55.55949376887949
150,0.2,0,hub_1,pcglassoFast_Primal,C,0.010000000000000004,1,55.54531665797996
150,0.2,0,hub_1,pcglassoFast_Primal,I,9.999999999999982e-9,9.755999999999972,55.52797796734487
150,0.2,0,hub_1,pcglassoFast_Primal,I,3.5111917342151263e-8,7.743499999999983,55.5279791488887
150,0.2,0,hub_1,pcglassoFast_Primal,I,1.2328467394420646e-7,6.435000000000002,55.527980090895184
150,0.2,0,hub_1,pcglassoFast_Primal,I,4.328761281083054e-7,5.569000000000017,55.527989752409844
150,0.2,0,hub_1,pcglassoFast_Primal,I,1.5199110829529328e-6,4.516999999999996,55.527993591412105
150,0.2,0,hub_1,pcglassoFast_Primal,I,5.336699231206308e-6,3.916500000000042,55.52805805191544
150,0.2,0,hub_1,pcglassoFast_Primal,I,1.873817422860384e-5,3.1820000000000164,55.527994080274254
150,0.2,0,hub_1,pcglassoFast_Primal,I,6.579332246575681e-5,2.506999999999948,55.52829583766243
150,0.2,0,hub_1,pcglassoFast_Primal,I,2.310129700083161e-4,2.232499999999959,55.528769447958965
150,0.2,0,hub_1,pcglassoFast_Primal,I,8.11130830789687e-4,1.7690000000000623,55.53132498151962
150,0.2,0,hub_1,pcglassoFast_Primal,I,0.002848035868435802,1.3215000000000146,55.55309579469151
150,0.2,0,hub_1,pcglassoFast_Primal,I,0.010000000000000004,1.3245000000000005,55.53036401397697
150,0.2,0,hub_1,pcglassoFast_PrimalDual,C,9.999999999999982e-9,0.242999999999995,55.52797769458538
150,0.2,0,hub_1,pcglassoFast_PrimalDual,C,3.5111917342151263e-8,0.2419999999999618,55.52797769458538
150,0.2,0,hub_1,pcglassoFast_PrimalDual,C,1.2328467394420646e-7,0.222500000000025,55.52797770166189
150,0.2,0,hub_1,pcglassoFast_PrimalDual,C,4.328761281083054e-7,0.2189999999999941,55.527977749112225
150,0.2,0,hub_1,pcglassoFast_PrimalDual,C,1.5199110829529328e-6,0.3300000000000409,55.527977749112225
150,0.2,0,hub_1,pcglassoFast_PrimalDual,C,5.336699231206308e-6,0.19700000000000273,55.52797806916573
150,0.2,0,hub_1,pcglassoFast_PrimalDual,C,1.873817422860384e-5,0.19549999999998136,55.52798030206582
150,0.2,0,hub_1,pcglassoFast_PrimalDual,C,6.579332246575681e-5,0.18849999999997635,55.52798030206582
150,0.2,0,hub_1,pcglassoFast_PrimalDual,C,2.310129700083161e-4,0.1710000000000491,55.52799650441365
150,0.2,0,hub_1,pcglassoFast_PrimalDual,C,8.11130830789687e-4,0.17799999999994043,55.52799650441365
150,0.2,0,hub_1,pcglassoFast_PrimalDual,C,0.002848035868435802,0.160000000000025,55.528121508827525
150,0.2,0,hub_1,pcglassoFast_PrimalDual,C,0.010000000000000004,0.15850000000000364,55.528121508827525
150,0.2,0,hub_1,pcglassoFast_PrimalDual,I,9.999999999999982e-9,1.0644999999999527,55.527977693716046
150,0.2,0,hub_1,pcglassoFast_PrimalDual,I,3.5111917342151263e-8,1.097500000000025,55.52797769641134
150,0.2,0,hub_1,pcglassoFast_PrimalDual,I,1.2328467394420646e-7,1.212500000000034,55.52797769641134
150,0.2,0,hub_1,pcglassoFast_PrimalDual,I,4.328761281083054e-7,1.0430000000000064,55.52797771683247
150,0.2,0,hub_1,pcglassoFast_PrimalDual,I,1.5199110829529328e-6,1.0634999999999764,55.52797786640474
150,0.2,0,hub_1,pcglassoFast_PrimalDual,I,5.336699231206308e-6,1.0559999999999832,55.52797786640474
150,0.2,0,hub_1,pcglassoFast_PrimalDual,I,1.873817422860384e-5,1.1479999999999677,55.527978997725015
150,0.2,0,hub_1,pcglassoFast_PrimalDual,I,6.579332246575681e-5,1.0559999999999832,55.527978997725015
150,0.2,0,hub_1,pcglassoFast_PrimalDual,I,2.310129700083161e-4,1.0024999999999977,55.52798814031985
150,0.2,0,hub_1,pcglassoFast_PrimalDual,I,8.11130830789687e-4,1.0024999999999977,55.52798814031985
150,0.2,0,hub_1,pcglassoFast_PrimalDual,I,0.002848035868435802,1.1309999999999718,55.52807329592835
150,0.2,0,hub_1,pcglassoFast_PrimalDual,I,0.010000000000000004,1.1389999999999532,55.52807329592835
150,0.2,0,random,pcglasso,C,9.999999999999982e-9,4.208499999999987,127.92934221718873
150,0.2,0,random,pcglasso,C,3.5111917342151263e-8,3.6639999999999873,127.9293445533156
150,0.2,0,random,pcglasso,C,1.2328467394420646e-7,2.712999999999994,127.9293629210918
150,0.2,0,random,pcglasso,C,4.328761281083054e-7,2.2430000000000234,127.92990315084727
150,0.2,0,random,pcglasso,C,1.5199110829529328e-6,1.8284999999999911,127.93192416140742
150,0.2,0,random,pcglasso,C,5.336699231206308e-6,1.4180000000000064,127.96841290729884
150,0.2,0,random,pcglasso,C,1.873817422860384e-5,1.018000000000029,128.16300600795617
150,0.2,0,random,pcglasso,C,6.579332246575681e-5,0.8495000000000346,128.7706213548285
150,0.2,0,random,pcglasso,C,2.310129700083161e-4,0.5739999999999839,129.3777389405141
150,0.2,0,random,pcglasso,C,8.11130830789687e-4,0.49049999999999727,135.71945756711253
150,0.2,0,random,pcglasso,C,0.002848035868435802,0.06800000000001205,246.69413705118632
150,0.2,0,random,pcglasso,C,0.010000000000000004,0.059499999999985675,272.5154002655106
150,0.2,0,random,pcglasso,I,9.999999999999982e-9,4.108499999999992,127.92934528304568
150,0.2,0,random,pcglasso,I,3.5111917342151263e-8,3.366500000000002,127.9293723761573
150,0.2,0,random,pcglasso,I,1.2328467394420646e-7,2.311000000000007,127.92957505088478
150,0.2,0,random,pcglasso,I,4.328761281083054e-7,1.914999999999992,127.9302828651474
150,0.2,0,random,pcglasso,I,1.5199110829529328e-6,1.2574999999999932,127.9333896568529
150,0.2,0,random,pcglasso,I,5.336699231206308e-6,1.2355000000000018,127.96998683731383
150,0.2,0,random,pcglasso,I,1.873817422860384e-5,0.6160000000000139,128.07946282386126
150,0.2,0,random,pcglasso,I,6.579332246575681e-5,0.42149999999998045,128.1844326588671
150,0.2,0,random,pcglasso,I,2.310129700083161e-4,0.17949999999999022,128.93463460192405
150,0.2,0,random,pcglasso,I,8.11130830789687e-4,0.09700000000000841,131.06393270402214
150,0.2,0,random,pcglasso,I,0.002848035868435802,0.07749999999998636,131.54205226282
150,0.2,0,random,pcglasso,I,0.010000000000000004,0.07800000000000296,131.54205226282
150,0.2,0,random,pcglassoFast_Dual,C,9.999999999999982e-9,0.789999999999992,127.92934172582723
150,0.2,0,random,pcglassoFast_Dual,C,3.5111917342151263e-8,0.4124999999999943,127.92934189625194
150,0.2,0,random,pcglassoFast_Dual,C,1.2328467394420646e-7,0.40800000000001546,127.92934196612129
150,0.2,0,random,pcglassoFast_Dual,C,4.328761281083054e-7,0.4294999999999902,127.92935260500555
150,0.2,0,random,pcglassoFast_Dual,C,1.5199110829529328e-6,0.70150000000001,127.92935260500555
150,0.2,0,random,pcglassoFast_Dual,C,5.336699231206308e-6,0.589999999999975,127.92935299770123
150,0.2,0,random,pcglassoFast_Dual,C,1.873817422860384e-5,0.5795000000000243,127.92938509721765
150,0.2,0,random,pcglassoFast_Dual,C,6.579332246575681e-5,0.21199999999998909,127.92942452961596
150,0.2,0,random,pcglassoFast_Dual,C,2.310129700083161e-4,0.21000000000000796,127.9294499770914
150,0.2,0,random,pcglassoFast_Dual,C,8.11130830789687e-4,0.3925000000000125,127.93095494995953
150,0.2,0,random,pcglassoFast_Dual,C,0.002848035868435802,0.2604999999999791,127.93368654237196
150,0.2,0,random,pcglassoFast_Dual,C,0.010000000000000004,0.24200000000001864,127.9519640920186
150,0.2,0,random,pcglassoFast_Dual,I,9.999999999999982e-9,1.0270000000000152,127.92934172190807
150,0.2,0,random,pcglassoFast_Dual,I,3.5111917342151263e-8,0.5394999999999754,127.92934180318208
150,0.2,0,random,pcglassoFast_Dual,I,1.2328467394420646e-7,0.6359999999999957,127.92934198606531
150,0.2,0,random,pcglassoFast_Dual,I,4.328761281083054e-7,0.5169999999999959,127.92934228770044
150,0.2,0,random,pcglassoFast_Dual,I,1.5199110829529328e-6,0.592000000000013,127.92934300490784
150,0.2,0,random,pcglassoFast_Dual,I,5.336699231206308e-6,0.3860000000000241,127.92934733112236
150,0.2,0,random,pcglassoFast_Dual,I,1.873817422860384e-5,0.34900000000001796,127.9293635936281
150,0.2,0,random,pcglassoFast_Dual,I,6.579332246575681e-5,0.2144999999999868,127.92939343783078
150,0.2,0,random,pcglassoFast_Dual,I,2.310129700083161e-4,0.16200000000000614,127.92951912431505
150,0.2,0,random,pcglassoFast_Dual,I,8.11130830789687e-4,0.2580000000000098,127.92971376658632
150,0.2,0,random,pcglassoFast_Dual,I,0.002848035868435802,0.11650000000000205,127.9309163329702
150,0.2,0,random,pcglassoFast_Dual,I,0.010000000000000004,0.07650000000001,127.9490643542788
150,0.2,0,random,pcglassoFast_Primal,C,9.999999999999982e-9,3.178500000000014,127.9293417755248
150,0.2,0,random,pcglassoFast_Primal,C,3.5111917342151263e-8,2.748500000000007,127.92934178405778
150,0.2,0,random,pcglassoFast_Primal,C,1.2328467394420646e-7,2.302999999999969,127.92934190225617
150,0.2,0,random,pcglassoFast_Primal,C,4.328761281083054e-7,2.011499999999984,127.92934224851224
150,0.2,0,random,pcglassoFast_Primal,C,1.5199110829529328e-6,1.74350000000004,127.92934356455028
150,0.2,0,random,pcglassoFast_Primal,C,5.336699231206308e-6,1.4054999999999893,127.92934783219172
150,0.2,0,random,pcglassoFast_Primal,C,1.873817422860384e-5,1.0819999999999936,127.92936551935131
150,0.2,0,random,pcglassoFast_Primal,C,6.579332246575681e-5,0.9104999999999848,127.92944672963347
150,0.2,0,random,pcglassoFast_Primal,C,2.310129700083161e-4,0.6450000000000102,127.92965753651197
150,0.2,0,random,pcglassoFast_Primal,C,8.11130830789687e-4,0.5200000000000102,127.9301875007575
150,0.2,0,random,pcglassoFast_Primal,C,0.002848035868435802,0.47049999999998704,127.94341677162325
150,0.2,0,random,pcglassoFast_Primal,C,0.010000000000000004,0.23799999999999955,127.9531840063024
150,0.2,0,random,pcglassoFast_Primal,I,9.999999999999982e-9,4.411500000000018,127.92934176724482
150,0.2,0,random,pcglassoFast_Primal,I,3.5111917342151263e-8,4.1270000000000095,127.92934178257836
150,0.2,0,random,pcglassoFast_Primal,I,1.2328467394420646e-7,3.905000000000001,127.92934191843385
150,0.2,0,random,pcglassoFast_Primal,I,4.328761281083054e-7,2.9575000000000102,127.92934212410606
150,0.2,0,random,pcglassoFast_Primal,I,1.5199110829529328e-6,2.6454999999999984,127.92934384492702
150,0.2,0,random,pcglassoFast_Primal,I,5.336699231206308e-6,2.2075000000000102,127.92934992123058
150,0.2,0,random,pcglassoFast_Primal,I,1.873817422860384e-5,1.7649999999999864,127.92937062765264
150,0.2,0,random,pcglassoFast_Primal,I,6.579332246575681e-5,1.5885000000000105,127.92940471113644
150,0.2,0,random,pcglassoFast_Primal,I,2.310129700083161e-4,1.0804999999999723,127.92959565024437
150,0.2,0,random,pcglassoFast_Primal,I,8.11130830789687e-4,0.7100000000000364,127.93005845128832
150,0.2,0,random,pcglassoFast_Primal,I,0.002848035868435802,0.5120000000000005,127.93256253627399
150,0.2,0,random,pcglassoFast_Primal,I,0.010000000000000004,0.37999999999999545,127.9423207489279
150,0.2,0,random,pcglassoFast_PrimalDual,C,9.999999999999982e-9,1.4754999999999825,127.92934190714287
150,0.2,0,random,pcglassoFast_PrimalDual,C,3.5111917342151263e-8,1.2580000000000098,127.92934194711161
150,0.2,0,random,pcglassoFast_PrimalDual,C,1.2328467394420646e-7,1.2644999999999982,127.92934233617605
150,0.2,0,random,pcglassoFast_PrimalDual,C,4.328761281083054e-7,1.0535000000000139,127.92934272468796
150,0.2,0,random,pcglassoFast_PrimalDual,C,1.5199110829529328e-6,0.8940000000000055,127.9293444335638
150,0.2,0,random,pcglassoFast_PrimalDual,C,5.336699231206308e-6,0.7724999999999795,127.9293476091189
150,0.2,0,random,pcglassoFast_PrimalDual,C,1.873817422860384e-5,0.5720000000000027,127.92935647497306
150,0.2,0,random,pcglassoFast_PrimalDual,C,6.579332246575681e-5,0.5894999999999868,127.92938844623862
150,0.2,0,random,pcglassoFast_PrimalDual,C,2.310129700083161e-4,0.4240000000000066,127.92943782275314
150,0.2,0,random,pcglassoFast_PrimalDual,C,8.11130830789687e-4,0.3760000000000048,127.92958672654575
150,0.2,0,random,pcglassoFast_PrimalDual,C,0.002848035868435802,0.3719999999999857,127.92958672654575
150,0.2,0,random,pcglassoFast_PrimalDual,C,0.010000000000000004,0.3205000000000098,127.93022925531446
150,0.2,0,random,pcglassoFast_PrimalDual,I,9.999999999999982e-9,2.100999999999999,127.92934179029417
150,0.2,0,random,pcglassoFast_PrimalDual,I,3.5111917342151263e-8,1.7024999999999864,127.92934199190617
150,0.2,0,random,pcglassoFast_PrimalDual,I,1.2328467394420646e-7,1.7084999999999582,127.92934206622913
150,0.2,0,random,pcglassoFast_PrimalDual,I,4.328761281083054e-7,1.329499999999996,127.92934292623386
150,0.2,0,random,pcglassoFast_PrimalDual,I,1.5199110829529328e-6,1.3755000000000166,127.92934539545064
150,0.2,0,random,pcglassoFast_PrimalDual,I,5.336699231206308e-6,1.0810000000000173,127.92935121338982
150,0.2,0,random,pcglassoFast_PrimalDual,I,1.873817422860384e-5,0.9205000000000041,127.92937295003239
150,0.2,0,random,pcglassoFast_PrimalDual,I,6.579332246575681e-5,0.8354999999999961,127.92942044245365
150,0.2,0,random,pcglassoFast_PrimalDual,I,2.310129700083161e-4,0.7280000000000086,127.92956366819983
150,0.2,0,random,pcglassoFast_PrimalDual,I,8.11130830789687e-4,0.6255000000000166,127.93003197659328
150,0.2,0,random,pcglassoFast_PrimalDual,I,0.002848035868435802,0.4865000000000066,127.93289469427079
150,0.2,0,random,pcglassoFast_PrimalDual,I,0.010000000000000004,0.4350000000000307,127.93561666167528
150,0.2,0.5,AR2,pcglasso,C,9.999999999999982e-9,0.589999999999975,126.96304239372235
150,0.2,0.5,AR2,pcglasso,C,3.5111917342151263e-8,0.43100000000004,126.9630423937339
150,0.2,0.5,AR2,pcglasso,C,1.2328467394420646e-7,0.4819999999999709,126.9630423937826
150,0.2,0.5,AR2,pcglasso,C,4.328761281083054e-7,0.40800000000001546,126.96304239434339
150,0.2,0.5,AR2,pcglasso,C,1.5199110829529328e-6,0.5519999999999641,126.96304239434339
150,0.2,0.5,AR2,pcglasso,C,5.336699231206308e-6,0.39800000000002456,126.96304240450307
150,0.2,0.5,AR2,pcglasso,C,1.873817422860384e-5,0.36599999999998545,126.96304245420268
150,0.2,0.5,AR2,pcglasso,C,6.579332246575681e-5,0.28949999999997544,126.96304552619848
150,0.2,0.5,AR2,pcglasso,C,2.310129700083161e-4,0.2734999999999559,126.96323609055871
150,0.2,0.5,AR2,pcglasso,C,8.11130830789687e-4,0.17700000000002092,126.97045089187428
150,0.2,0.5,AR2,pcglasso,C,0.002848035868435802,0.059000000000082764,235.35954382186958
150,0.2,0.5,AR2,pcglasso,C,0.010000000000000004,0.06700000000000728,235.35954382186958
150,0.2,0.5,AR2,pcglasso,I,9.999999999999982e-9,0.15950000000003683,126.96304239372087
150,0.2,0.5,AR2,pcglasso,I,3.5111917342151263e-8,0.15200000000004366,126.96304239372829
150,0.2,0.5,AR2,pcglasso,I,1.2328467394420646e-7,0.14150000000000773,126.96304239374926
150,0.2,0.5,AR2,pcglasso,I,4.328761281083054e-7,0.13350000000002638,126.96304239424458
150,0.2,0.5,AR2,pcglasso,I,1.5199110829529328e-6,0.13400000000001455,126.96304239424458
150,0.2,0.5,AR2,pcglasso,I,5.336699231206308e-6,0.12199999999995725,126.96304240834971
150,0.2,0.5,AR2,pcglasso,I,1.873817422860384e-5,0.17799999999999727,126.96304240802917
150,0.2,0.5,AR2,pcglasso,I,6.579332246575681e-5,0.08849999999995362,126.96304332202091
150,0.2,0.5,AR2,pcglasso,I,2.310129700083161e-4,0.0665000000000191,126.96310398089027
150,0.2,0.5,AR2,pcglasso,I,8.11130830789687e-4,0.047500000000070486,126.96399398624756
150,0.2,0.5,AR2,pcglasso,I,0.002848035868435802,0.04099999999999682,126.96697496901513
150,0.2,0.5,AR2,pcglasso,I,0.010000000000000004,0.020999999999958163,128.86183761057703
150,0.2,0.5,AR2,pcglassoFast_Dual,C,9.999999999999982e-9,0.06749999999999545,126.96304239373548
150,0.2,0.5,AR2,pcglassoFast_Dual,C,3.5111917342151263e-8,0.0645000000000664,126.96304239436655
150,0.2,0.5,AR2,pcglassoFast_Dual,C,1.2328467394420646e-7,0.06550000000004275,126.96304239436655
150,0.2,0.5,AR2,pcglassoFast_Dual,C,4.328761281083054e-7,0.0625,126.96304239436655
150,0.2,0.5,AR2,pcglassoFast_Dual,C,1.5199110829529328e-6,0.05699999999995953,126.9630424196911
150,0.2,0.5,AR2,pcglassoFast_Dual,C,5.336699231206308e-6,0.0544999999999618,126.9630424196911
150,0.2,0.5,AR2,pcglassoFast_Dual,C,1.873817422860384e-5,0.060000000000002274,126.9630424196911
150,0.2,0.5,AR2,pcglassoFast_Dual,C,6.579332246575681e-5,0.05649999999997135,126.9630424196911
150,0.2,0.5,AR2,pcglassoFast_Dual,C,2.310129700083161e-4,0.05099999999998772,126.96304365973553
150,0.2,0.5,AR2,pcglassoFast_Dual,C,8.11130830789687e-4,0.05099999999998772,126.96304365973553
150,0.2,0.5,AR2,pcglassoFast_Dual,C,0.002848035868435802,0.05700000000001637,126.96304365973553
150,0.2,0.5,AR2,pcglassoFast_Dual,C,0.010000000000000004,0.04600000000004911,126.96311160400188
150,0.2,0.5,AR2,pcglassoFast_Dual,I,9.999999999999982e-9,0.044499999999970896,126.96304239372884
150,0.2,0.5,AR2,pcglassoFast_Dual,I,3.5111917342151263e-8,0.036999999999920874,126.96304239414088
150,0.2,0.5,AR2,pcglassoFast_Dual,I,1.2328467394420646e-7,0.035000000000081855,126.96304239414088
150,0.2,0.5,AR2,pcglassoFast_Dual,I,4.328761281083054e-7,0.036500000000046384,126.96304239414088
150,0.2,0.5,AR2,pcglassoFast_Dual,I,1.5199110829529328e-6,0.03099999999994907,126.96304241164489
150,0.2,0.5,AR2,pcglassoFast_Dual,I,5.336699231206308e-6,0.03600000000005821,126.96304241164489
150,0.2,0.5,AR2,pcglassoFast_Dual,I,1.873817422860384e-5,0.03099999999994907,126.96304241164489
150,0.2,0.5,AR2,pcglassoFast_Dual,I,6.579332246575681e-5,0.02899999999993952,126.96304323096577
150,0.2,0.5,AR2,pcglassoFast_Dual,I,2.310129700083161e-4,0.02600000000001046,126.96304323096577
150,0.2,0.5,AR2,pcglassoFast_Dual,I,8.11130830789687e-4,0.025500000000022283,126.96304323096577
150,0.2,0.5,AR2,pcglassoFast_Dual,I,0.002848035868435802,0.02400000000000091,126.96308621567731
150,0.2,0.5,AR2,pcglassoFast_Dual,I,0.010000000000000004,0.027000000000043656,126.96308621567731
150,0.2,0.5,AR2,pcglassoFast_Primal,C,9.999999999999982e-9,0.29649999999998045,126.96304239373532
150,0.2,0.5,AR2,pcglassoFast_Primal,C,3.5111917342151263e-8,0.27050000000002683,126.96304239435408
150,0.2,0.5,AR2,pcglassoFast_Primal,C,1.2328467394420646e-7,0.27049999999997,126.96304239435408
150,0.2,0.5,AR2,pcglassoFast_Primal,C,4.328761281083054e-7,0.27350000000001273,126.96304239435408
150,0.2,0.5,AR2,pcglassoFast_Primal,C,1.5199110829529328e-6,0.24799999999999045,126.96304241886133
150,0.2,0.5,AR2,pcglassoFast_Primal,C,5.336699231206308e-6,0.24750000000000227,126.96304241886133
150,0.2,0.5,AR2,pcglassoFast_Primal,C,1.873817422860384e-5,0.24750000000000227,126.96304241886133
150,0.2,0.5,AR2,pcglassoFast_Primal,C,6.579332246575681e-5,0.2230000000000132,126.96304359918854
150,0.2,0.5,AR2,pcglassoFast_Primal,C,2.310129700083161e-4,0.22450000000003456,126.96304359918854
150,0.2,0.5,AR2,pcglassoFast_Primal,C,8.11130830789687e-4,0.22849999999999682,126.96304359918854
150,0.2,0.5,AR2,pcglassoFast_Primal,C,0.002848035868435802,0.22149999999999181,126.96304359918854
150,0.2,0.5,AR2,pcglassoFast_Primal,C,0.010000000000000004,0.19799999999997908,126.96310723476856
150,0.2,0.5,AR2,pcglassoFast_Primal,I,9.999999999999982e-9,0.14899999999994407,126.9630423937294
150,0.2,0.5,AR2,pcglassoFast_Primal,I,3.5111917342151263e-8,0.12349999999992178,126.96304239415836
150,0.2,0.5,AR2,pcglassoFast_Primal,I,1.2328467394420646e-7,0.12700000000000955,126.96304239415836
150,0.2,0.5,AR2,pcglassoFast_Primal,I,4.328761281083054e-7,0.1875,126.96304239415836
150,0.2,0.5,AR2,pcglassoFast_Primal,I,1.5199110829529328e-6,0.10099999999999909,126.96304241219107
150,0.2,0.5,AR2,pcglassoFast_Primal,I,5.336699231206308e-6,0.0999999999999659,126.96304241219107
150,0.2,0.5,AR2,pcglassoFast_Primal,I,1.873817422860384e-5,0.10250000000002046,126.96304241219107
150,0.2,0.5,AR2,pcglassoFast_Primal,I,6.579332246575681e-5,0.07949999999999591,126.96304324643219
150,0.2,0.5,AR2,pcglassoFast_Primal,I,2.310129700083161e-4,0.08150000000000546,126.96304324643219
150,0.2,0.5,AR2,pcglassoFast_Primal,I,8.11130830789687e-4,0.0805000000000291,126.96304324643219
150,0.2,0.5,AR2,pcglassoFast_Primal,I,0.002848035868435802,0.05649999999997135,126.96308649431364
150,0.2,0.5,AR2,pcglassoFast_Primal,I,0.010000000000000004,0.05700000000001637,126.96308649431364
150,0.2,0.5,AR2,pcglassoFast_PrimalDual,C,9.999999999999982e-9,0.19399999999995998,126.96304239373619
150,0.2,0.5,AR2,pcglassoFast_PrimalDual,C,3.5111917342151263e-8,0.2995000000000232,126.96304239438354
150,0.2,0.5,AR2,pcglassoFast_PrimalDual,C,1.2328467394420646e-7,0.18350000000003774,126.96304239438354
150,0.2,0.5,AR2,pcglassoFast_PrimalDual,C,4.328761281083054e-7,0.18350000000003774,126.96304239438354
150,0.2,0.5,AR2,pcglassoFast_PrimalDual,C,1.5199110829529328e-6,0.17299999999994498,126.96304241995186
150,0.2,0.5,AR2,pcglassoFast_PrimalDual,C,5.336699231206308e-6,0.3310000000000173,126.96304241995186
150,0.2,0.5,AR2,pcglassoFast_PrimalDual,C,1.873817422860384e-5,0.16500000000002046,126.96304241995186
150,0.2,0.5,AR2,pcglassoFast_PrimalDual,C,6.579332246575681e-5,0.17250000000001364,126.96304241995186
150,0.2,0.5,AR2,pcglassoFast_PrimalDual,C,2.310129700083161e-4,0.1610000000000582,126.96304364846206
150,0.2,0.5,AR2,pcglassoFast_PrimalDual,C,8.11130830789687e-4,0.3109999999999786,126.96304364846206
150,0.2,0.5,AR2,pcglassoFast_PrimalDual,C,0.002848035868435802,0.15899999999999181,126.96304364846206
150,0.2,0.5,AR2,pcglassoFast_PrimalDual,C,0.010000000000000004,0.14749999999997954,126.9631096289796
150,0.2,0.5,AR2,pcglassoFast_PrimalDual,I,9.999999999999982e-9,0.09049999999996317,126.96304239372948
150,0.2,0.5,AR2,pcglassoFast_PrimalDual,I,3.5111917342151263e-8,0.07999999999998408,126.96304239416115
150,0.2,0.5,AR2,pcglassoFast_PrimalDual,I,1.2328467394420646e-7,0.07999999999998408,126.96304239416115
150,0.2,0.5,AR2,pcglassoFast_PrimalDual,I,4.328761281083054e-7,0.07699999999999818,126.96304239416115
150,0.2,0.5,AR2,pcglassoFast_PrimalDual,I,1.5199110829529328e-6,0.06349999999997635,126.96304241226368
150,0.2,0.5,AR2,pcglassoFast_PrimalDual,I,5.336699231206308e-6,0.06800000000004047,126.96304241226368
150,0.2,0.5,AR2,pcglassoFast_PrimalDual,I,1.873817422860384e-5,0.06450000000000955,126.96304241226368
150,0.2,0.5,AR2,pcglassoFast_PrimalDual,I,6.579332246575681e-5,0.051000000000044565,126.96304324796043
150,0.2,0.5,AR2,pcglassoFast_PrimalDual,I,2.310129700083161e-4,0.05299999999999727,126.96304324796043
150,0.2,0.5,AR2,pcglassoFast_PrimalDual,I,8.11130830789687e-4,0.05200000000002092,126.96304324796043
150,0.2,0.5,AR2,pcglassoFast_PrimalDual,I,0.002848035868435802,0.04100000000005366,126.96308651047042
150,0.2,0.5,AR2,pcglassoFast_PrimalDual,I,0.010000000000000004,0.03899999999998727,126.96308651047042
150,0.2,0.5,hub_09,pcglasso,C,9.999999999999982e-9,0.2644999999999982,126.98603854437647
150,0.2,0.5,hub_09,pcglasso,C,3.5111917342151263e-8,0.262999999999991,126.98603857115825
150,0.2,0.5,hub_09,pcglasso,C,1.2328467394420646e-7,0.24150000000000205,126.98603889922248
150,0.2,0.5,hub_09,pcglasso,C,4.328761281083054e-7,0.23000000000000398,126.98604291854838
150,0.2,0.5,hub_09,pcglasso,C,1.5199110829529328e-6,0.23750000000001137,126.98604291854838
150,0.2,0.5,hub_09,pcglasso,C,5.336699231206308e-6,0.23749999999999716,126.98604291854838
150,0.2,0.5,hub_09,pcglasso,C,1.873817422860384e-5,0.2284999999999826,126.98604300198932
150,0.2,0.5,hub_09,pcglasso,C,6.579332246575681e-5,0.16750000000000398,126.98679939097846
150,0.2,0.5,hub_09,pcglasso,C,2.310129700083161e-4,0.1490000000000009,126.9940020684009
150,0.2,0.5,hub_09,pcglasso,C,8.11130830789687e-4,0.15799999999998704,127.1263336440521
150,0.2,0.5,hub_09,pcglasso,C,0.002848035868435802,0.09900000000000375,170.64476866793441
150,0.2,0.5,hub_09,pcglasso,C,0.010000000000000004,0.06449999999999534,179.47958314620345
150,0.2,0.5,hub_09,pcglasso,I,9.999999999999982e-9,0.06350000000000477,126.98603854229546
150,0.2,0.5,hub_09,pcglasso,I,3.5111917342151263e-8,0.050500000000013756,126.98603854566554
150,0.2,0.5,hub_09,pcglasso,I,1.2328467394420646e-7,0.04550000000000409,126.9860385869489
150,0.2,0.5,hub_09,pcglasso,I,4.328761281083054e-7,0.03549999999999898,126.98603909267219
150,0.2,0.5,hub_09,pcglasso,I,1.5199110829529328e-6,0.03499999999999659,126.98603909267219
150,0.2,0.5,hub_09,pcglasso,I,5.336699231206308e-6,0.03550000000001319,126.98603909267219
150,0.2,0.5,hub_09,pcglasso,I,1.873817422860384e-5,0.03499999999999659,126.98603909267219
150,0.2,0.5,hub_09,pcglasso,I,6.579332246575681e-5,0.03200000000001069,126.98604528769286
150,0.2,0.5,hub_09,pcglasso,I,2.310129700083161e-4,0.0344999999999942,126.98612118054768
150,0.2,0.5,hub_09,pcglasso,I,8.11130830789687e-4,0.023499999999998522,126.99844463422984
150,0.2,0.5,hub_09,pcglasso,I,0.002848035868435802,0.02400000000000091,127.13774633505942
150,0.2,0.5,hub_09,pcglasso,I,0.010000000000000004,0.02199999999999136,128.86183761057703
150,0.2,0.5,hub_09,pcglassoFast_Dual,C,9.999999999999982e-9,0.057999999999992724,126.9860385419959
150,0.2,0.5,hub_09,pcglassoFast_Dual,C,3.5111917342151263e-8,0.05999999999998806,126.9860385419959
150,0.2,0.5,hub_09,pcglassoFast_Dual,C,1.2328467394420646e-7,0.05649999999999977,126.9860385419959
150,0.2,0.5,hub_09,pcglassoFast_Dual,C,4.328761281083054e-7,0.05999999999998806,126.9860385419959
150,0.2,0.5,hub_09,pcglassoFast_Dual,C,1.5199110829529328e-6,0.19299999999999784,126.9860385419959
150,0.2,0.5,hub_09,pcglassoFast_Dual,C,5.336699231206308e-6,0.0619999999999834,126.9860385419959
150,0.2,0.5,hub_09,pcglassoFast_Dual,C,1.873817422860384e-5,0.0589999999999975,126.9860385419959
150,0.2,0.5,hub_09,pcglassoFast_Dual,C,6.579332246575681e-5,0.05849999999999511,126.9860385419959
150,0.2,0.5,hub_09,pcglassoFast_Dual,C,2.310129700083161e-4,0.05349999999999966,126.9860385419959
150,0.2,0.5,hub_09,pcglassoFast_Dual,C,8.11130830789687e-4,0.053999999999987836,126.9860385419959
150,0.2,0.5,hub_09,pcglassoFast_Dual,C,0.002848035868435802,0.19299999999999784,126.9860385419959
150,0.2,0.5,hub_09,pcglassoFast_Dual,C,0.010000000000000004,0.05299999999999727,126.9860385419959
150,0.2,0.5,hub_09,pcglassoFast_Dual,I,9.999999999999982e-9,0.024500000000003297,126.9860385419959
150,0.2,0.5,hub_09,pcglassoFast_Dual,I,3.5111917342151263e-8,0.023499999999998522,126.9860385419959
150,0.2,0.5,hub_09,pcglassoFast_Dual,I,1.2328467394420646e-7,0.026500000000012847,126.9860385419959
150,0.2,0.5,hub_09,pcglassoFast_Dual,I,4.328761281083054e-7,0.02400000000000091,126.9860385419959
150,0.2,0.5,hub_09,pcglassoFast_Dual,I,1.5199110829529328e-6,0.027000000000001023,126.9860385419959
150,0.2,0.5,hub_09,pcglassoFast_Dual,I,5.336699231206308e-6,0.022999999999996135,126.9860385419959
150,0.2,0.5,hub_09,pcglassoFast_Dual,I,1.873817422860384e-5,0.02400000000000091,126.9860385419959
150,0.2,0.5,hub_09,pcglassoFast_Dual,I,6.579332246575681e-5,0.023499999999998522,126.9860385419959
150,0.2,0.5,hub_09,pcglassoFast_Dual,I,2.310129700083161e-4,0.024500000000003297,126.9860385419959
150,0.2,0.5,hub_09,pcglassoFast_Dual,I,8.11130830789687e-4,0.023499999999998522,126.9860385419959
150,0.2,0.5,hub_09,pcglassoFast_Dual,I,0.002848035868435802,0.02400000000000091,126.9860385419959
150,0.2,0.5,hub_09,pcglassoFast_Dual,I,0.010000000000000004,0.027000000000015234,126.9860385419959
150,0.2,0.5,hub_09,pcglassoFast_Primal,C,9.999999999999982e-9,0.22350000000000136,126.9860385419959
150,0.2,0.5,hub_09,pcglassoFast_Primal,C,3.5111917342151263e-8,0.21750000000000114,126.9860385419959
150,0.2,0.5,hub_09,pcglassoFast_Primal,C,1.2328467394420646e-7,0.22350000000000136,126.9860385419959
150,0.2,0.5,hub_09,pcglassoFast_Primal,C,4.328761281083054e-7,0.21700000000001296,126.9860385419959
150,0.2,0.5,hub_09,pcglassoFast_Primal,C,1.5199110829529328e-6,0.2225000000000108,126.9860385419959
150,0.2,0.5,hub_09,pcglassoFast_Primal,C,5.336699231206308e-6,0.3499999999999943,126.9860385419959
150,0.2,0.5,hub_09,pcglassoFast_Primal,C,1.873817422860384e-5,0.22100000000000364,126.9860385419959
150,0.2,0.5,hub_09,pcglassoFast_Primal,C,6.579332246575681e-5,0.21750000000000114,126.9860385419959
150,0.2,0.5,hub_09,pcglassoFast_Primal,C,2.310129700083161e-4,0.2219999999999942,126.9860385419959
150,0.2,0.5,hub_09,pcglassoFast_Primal,C,8.11130830789687e-4,0.1915000000000049,126.9860385419959
150,0.2,0.5,hub_09,pcglassoFast_Primal,C,0.002848035868435802,0.19249999999999545,126.9860385419959
150,0.2,0.5,hub_09,pcglassoFast_Primal,C,0.010000000000000004,0.1979999999999933,126.9860385419959
150,0.2,0.5,hub_09,pcglassoFast_Primal,I,9.999999999999982e-9,0.06399999999999295,126.9860385419959
150,0.2,0.5,hub_09,pcglassoFast_Primal,I,3.5111917342151263e-8,0.06650000000000489,126.9860385419959
150,0.2,0.5,hub_09,pcglassoFast_Primal,I,1.2328467394420646e-7,0.06399999999999295,126.9860385419959
150,0.2,0.5,hub_09,pcglassoFast_Primal,I,4.328761281083054e-7,0.06800000000001205,126.9860385419959
150,0.2,0.5,hub_09,pcglassoFast_Primal,I,1.5199110829529328e-6,0.06399999999999295,126.9860385419959
150,0.2,0.5,hub_09,pcglassoFast_Primal,I,5.336699231206308e-6,0.06399999999999295,126.9860385419959
150,0.2,0.5,hub_09,pcglassoFast_Primal,I,1.873817422860384e-5,0.06399999999999295,126.9860385419959
150,0.2,0.5,hub_09,pcglassoFast_Primal,I,6.579332246575681e-5,0.06400000000002137,126.9860385419959
150,0.2,0.5,hub_09,pcglassoFast_Primal,I,2.310129700083161e-4,0.06300000000000239,126.9860385419959
150,0.2,0.5,hub_09,pcglassoFast_Primal,I,8.11130830789687e-4,0.06399999999999295,126.9860385419959
150,0.2,0.5,hub_09,pcglassoFast_Primal,I,0.002848035868435802,0.06349999999999056,126.9860385419959
150,0.2,0.5,hub_09,pcglassoFast_Primal,I,0.010000000000000004,0.06350000000000477,126.9860385419959
150,0.2,0.5,hub_09,pcglassoFast_PrimalDual,C,9.999999999999982e-9,0.26449999999998397,126.9860385419959
150,0.2,0.5,hub_09,pcglassoFast_PrimalDual,C,3.5111917342151263e-8,0.13750000000000284,126.9860385419959
150,0.2,0.5,hub_09,pcglassoFast_PrimalDual,C,1.2328467394420646e-7,0.14100000000000534,126.9860385419959
150,0.2,0.5,hub_09,pcglassoFast_PrimalDual,C,4.328761281083054e-7,0.13649999999999807,126.9860385419959
150,0.2,0.5,hub_09,pcglassoFast_PrimalDual,C,1.5199110829529328e-6,0.1384999999999934,126.9860385419959
150,0.2,0.5,hub_09,pcglassoFast_PrimalDual,C,5.336699231206308e-6,0.14050000000000296,126.9860385419959
150,0.2,0.5,hub_09,pcglassoFast_PrimalDual,C,1.873817422860384e-5,0.1349999999999909,126.9860385419959
150,0.2,0.5,hub_09,pcglassoFast_PrimalDual,C,6.579332246575681e-5,0.13799999999999102,126.9860385419959
150,0.2,0.5,hub_09,pcglassoFast_PrimalDual,C,2.310129700083161e-4,0.11699999999999022,126.9860385419959
150,0.2,0.5,hub_09,pcglassoFast_PrimalDual,C,8.11130830789687e-4,0.11599999999999966,126.9860385419959
150,0.2,0.5,hub_09,pcglassoFast_PrimalDual,C,0.002848035868435802,0.1314999999999884,126.9860385419959
150,0.2,0.5,hub_09,pcglassoFast_PrimalDual,C,0.010000000000000004,0.117999999999995,126.9860385419959
150,0.2,0.5,hub_09,pcglassoFast_PrimalDual,I,9.999999999999982e-9,0.04250000000000398,126.9860385419959
150,0.2,0.5,hub_09,pcglassoFast_PrimalDual,I,3.5111917342151263e-8,0.041499999999999204,126.9860385419959
150,0.2,0.5,hub_09,pcglassoFast_PrimalDual,I,1.2328467394420646e-7,0.04599999999999227,126.9860385419959
150,0.2,0.5,hub_09,pcglassoFast_PrimalDual,I,4.328761281083054e-7,0.04200000000000159,126.9860385419959
150,0.2,0.5,hub_09,pcglassoFast_PrimalDual,I,1.5199110829529328e-6,0.04549999999998988,126.9860385419959
150,0.2,0.5,hub_09,pcglassoFast_PrimalDual,I,5.336699231206308e-6,0.04250000000000398,126.9860385419959
150,0.2,0.5,hub_09,pcglassoFast_PrimalDual,I,1.873817422860384e-5,0.17650000000000432,126.9860385419959
150,0.2,0.5,hub_09,pcglassoFast_PrimalDual,I,6.579332246575681e-5,0.04099999999999682,126.9860385419959
150,0.2,0.5,hub_09,pcglassoFast_PrimalDual,I,2.310129700083161e-4,0.04250000000000398,126.9860385419959
150,0.2,0.5,hub_09,pcglassoFast_PrimalDual,I,8.11130830789687e-4,0.04199999999998738,126.9860385419959
150,0.2,0.5,hub_09,pcglassoFast_PrimalDual,I,0.002848035868435802,0.04250000000000398,126.9860385419959
150,0.2,0.5,hub_09,pcglassoFast_PrimalDual,I,0.010000000000000004,0.04599999999999227,126.9860385419959
150,0.2,0.5,hub_1,pcglasso,C,9.999999999999982e-9,3.599999999999966,84.44594903361839
150,0.2,0.5,hub_1,pcglasso,C,3.5111917342151263e-8,3.3579999999999472,84.44594916393147
150,0.2,0.5,hub_1,pcglasso,C,1.2328467394420646e-7,2.1614999999999895,84.4459503086305
150,0.2,0.5,hub_1,pcglasso,C,4.328761281083054e-7,2.121500000000026,84.44595742400747
150,0.2,0.5,hub_1,pcglasso,C,1.5199110829529328e-6,1.9010000000000105,84.44657438076797
150,0.2,0.5,hub_1,pcglasso,C,5.336699231206308e-6,1.8045000000000186,84.4499961975026
150,0.2,0.5,hub_1,pcglasso,C,1.873817422860384e-5,1.531000000000006,84.54471302789408
150,0.2,0.5,hub_1,pcglasso,C,6.579332246575681e-5,1.5294999999999845,84.66031046003444
150,0.2,0.5,hub_1,pcglasso,C,2.310129700083161e-4,1.6455000000000268,85.87232880361431
150,0.2,0.5,hub_1,pcglasso,C,8.11130830789687e-4,1.0220000000000482,107.4999892670263
150,0.2,0.5,hub_1,pcglasso,C,0.002848035868435802,0.35700000000002774,386.5606051443022
150,0.2,0.5,hub_1,pcglasso,C,0.010000000000000004,0.3620000000000232,386.5606051443022
150,0.2,0.5,hub_1,pcglasso,I,9.999999999999982e-9,3.461500000000001,84.4459490301168
150,0.2,0.5,hub_1,pcglasso,I,3.5111917342151263e-8,3.0575000000000045,84.44595023127334
150,0.2,0.5,hub_1,pcglasso,I,1.2328467394420646e-7,2.5364999999999895,84.44595250649228
150,0.2,0.5,hub_1,pcglasso,I,4.328761281083054e-7,2.531000000000006,84.44595250649228
150,0.2,0.5,hub_1,pcglasso,I,1.5199110829529328e-6,2.5855000000000246,84.44603509123758
150,0.2,0.5,hub_1,pcglasso,I,5.336699231206308e-6,2.5774999999999864,84.44644351595865
150,0.2,0.5,hub_1,pcglasso,I,1.873817422860384e-5,1.858000000000004,84.44982620610604
150,0.2,0.5,hub_1,pcglasso,I,6.579332246575681e-5,1.0199999999999818,84.74027243508915
150,0.2,0.5,hub_1,pcglasso,I,2.310129700083161e-4,0.6960000000000264,85.39269133591065
150,0.2,0.5,hub_1,pcglasso,I,8.11130830789687e-4,0.10099999999999909,105.22287699218845
150,0.2,0.5,hub_1,pcglasso,I,0.002848035868435802,0.13650000000001228,104.93550262581716
150,0.2,0.5,hub_1,pcglasso,I,0.010000000000000004,0.07949999999993906,102.93549178497199
150,0.2,0.5,hub_1,pcglassoFast_Dual,C,9.999999999999982e-9,1.0289999999999964,84.44594901870072
150,0.2,0.5,hub_1,pcglassoFast_Dual,C,3.5111917342151263e-8,1.0259999999999536,84.44594902672308
150,0.2,0.5,hub_1,pcglassoFast_Dual,C,1.2328467394420646e-7,1.2194999999999823,84.44594902672308
150,0.2,0.5,hub_1,pcglassoFast_Dual,C,4.328761281083054e-7,1.0124999999999886,84.44594902459173
150,0.2,0.5,hub_1,pcglassoFast_Dual,C,1.5199110829529328e-6,0.8410000000000082,84.44594963347568
150,0.2,0.5,hub_1,pcglassoFast_Dual,C,5.336699231206308e-6,0.84699999999998,84.44595032044514
150,0.2,0.5,hub_1,pcglassoFast_Dual,C,1.873817422860384e-5,0.6205000000000496,84.4459662467067
150,0.2,0.5,hub_1,pcglassoFast_Dual,C,6.579332246575681e-5,0.6920000000000073,84.4459662467067
150,0.2,0.5,hub_1,pcglassoFast_Dual,C,2.310129700083161e-4,0.7559999999999718,84.4459762021817
150,0.2,0.5,hub_1,pcglassoFast_Dual,C,8.11130830789687e-4,0.5639999999999645,84.446089711780985
150,0.2,0.5,hub_1,pcglassoFast_Dual,C,0.002848035868435802,0.5874999999999773,84.4463454859026
150,0.2,0.5,hub_1,pcglassoFast_Dual,C,0.010000000000000004,0.5040000000000191,84.44732684859711
150,0.2,0.5,hub_1,pcglassoFast_Dual,I,9.999999999999982e-9,2.236500000000035,84.44594902017634
150,0.2,0.5,hub_1,pcglassoFast_Dual,I,3.5111917342151263e-8,1.7235000000000014,84.44594903941382
150,0.2,0.5,hub_1,pcglassoFast_Dual,I,1.2328467394420646e-7,1.7554999999999836,84.44594905358906
150,0.2,0.5,hub_1,pcglassoFast_Dual,I,4.328761281083054e-7,1.7959999999999354,84.44594908298065
150,0.2,0.5,hub_1,pcglassoFast_Dual,I,1.5199110829529328e-6,1.6270000000000095,84.44595235601237
150,0.2,0.5,hub_1,pcglassoFast_Dual,I,5.336699231206308e-6,1.54099999999994,84.44595235601237
150,0.2,0.5,hub_1,pcglassoFast_Dual,I,1.873817422860384e-5,1.4980000000000473,84.44595661074547
150,0.2,0.5,hub_1,pcglassoFast_Dual,I,6.579332246575681e-5,1.385500000000036,84.44596735963133
150,0.2,0.5,hub_1,pcglassoFast_Dual,I,2.310129700083161e-4,1.2699999999999818,84.44613051607759
150,0.2,0.5,hub_1,pcglassoFast_Dual,I,8.11130830789687e-4,1.2639999999999532,84.44655045550061
150,0.2,0.5,hub_1,pcglassoFast_Dual,I,0.002848035868435802,0.9624999999999773,84.4465021191581
150,0.2,0.5,hub_1,pcglassoFast_Dual,I,0.010000000000000004,1.0090000000000146,84.44726022310238
150,0.2,0.5,hub_1,pcglassoFast_Primal,C,9.999999999999982e-9,34.20600000000002,84.44595032687718
150,0.2,0.5,hub_1,pcglassoFast_Primal,C,3.5111917342151263e-8,27.356499999999983,84.44595252985467
150,0.2,0.5,hub_1,pcglassoFast_Primal,C,1.2328467394420646e-7,25.226499999999987,84.44595268069597
150,0.2,0.5,hub_1,pcglassoFast_Primal,C,4.328761281083054e-7,19.225000000000023,84.44596315191103
150,0.2,0.5,hub_1,pcglassoFast_Primal,C,1.5199110829529328e-6,16.589500000000044,84.4460194667777
150,0.2,0.5,hub_1,pcglassoFast_Primal,C,5.336699231206308e-6,11.641500000000065,84.44595248173782
150,0.2,0.5,hub_1,pcglassoFast_Primal,C,1.873817422860384e-5,7.473500000000001,84.4460742135159
150,0.2,0.5,hub_1,pcglassoFast_Primal,C,6.579332246575681e-5,3.839499999999987,84.44776223861507
150,0.2,0.5,hub_1,pcglassoFast_Primal,C,2.310129700083161e-4,1.7824999999999704,84.45199072829165
150,0.2,0.5,hub_1,pcglassoFast_Primal,C,8.11130830789687e-4,1.1100000000000136,84.45974507103465
150,0.2,0.5,hub_1,pcglassoFast_Primal,C,0.002848035868435802,0.72950000000003,84.52583911426842
150,0.2,0.5,hub_1,pcglassoFast_Primal,C,0.010000000000000004,0.3914999999999509,84.64181469153544
150,0.2,0.5,hub_1,pcglassoFast_Primal,I,9.999999999999982e-9,39.51600000000002,84.44595035112629
150,0.2,0.5,hub_1,pcglassoFast_Primal,I,3.5111917342151263e-8,35.45950000000005,84.44595023212497
150,0.2,0.5,hub_1,pcglassoFast_Primal,I,1.2328467394420646e-7,27.481499999999926,84.44595227513663
150,0.2,0.5,hub_1,pcglassoFast_Primal,I,4.328761281083054e-7,23.45449999999994,84.44596675135975
150,0.2,0.5,hub_1,pcglassoFast_Primal,I,1.5199110829529328e-6,19.42700000000002,84.44595350359123
150,0.2,0.5,hub_1,pcglassoFast_Primal,I,5.336699231206308e-6,15.766499999999951,84.44596238229057
150,0.2,0.5,hub_1,pcglassoFast_Primal,I,1.873817422860384e-5,11.66900000000004,84.44621157605046
150,0.2,0.5,hub_1,pcglassoFast_Primal,I,6.579332246575681e-5,8.626500000000021,84.44601510824603
150,0.2,0.5,hub_1,pcglassoFast_Primal,I,2.310129700083161e-4,6.117999999999995,84.44608985418672
150,0.2,0.5,hub_1,pcglassoFast_Primal,I,8.11130830789687e-4,3.9260000000000446,84.48943743845376
150,0.2,0.5,hub_1,pcglassoFast_Primal,I,0.002848035868435802,2.4534999999999627,84.4492558176414
150,0.2,0.5,hub_1,pcglassoFast_Primal,I,0.010000000000000004,0.9975000000000023,84.4937231024142
150,0.2,0.5,hub_1,pcglassoFast_PrimalDual,C,9.999999999999982e-9,0.19600000000002638,84.44594901563475
150,0.2,0.5,hub_1,pcglassoFast_PrimalDual,C,3.5111917342151263e-8,0.18149999999997135,84.44594901853027
150,0.2,0.5,hub_1,pcglassoFast_PrimalDual,C,1.2328467394420646e-7,0.18400000000002592,84.44594901853027
150,0.2,0.5,hub_1,pcglassoFast_PrimalDual,C,4.328761281083054e-7,0.3224999999999909,84.44594903931869
150,0.2,0.5,hub_1,pcglassoFast_PrimalDual,C,1.5199110829529328e-6,0.16150000000004638,84.44594919008975
150,0.2,0.5,hub_1,pcglassoFast_PrimalDual,C,5.336699231206308e-6,0.21249999999997726,84.44594919008975
150,0.2,0.5,hub_1,pcglassoFast_PrimalDual,C,1.873817422860384e-5,0.14599999999995816,84.4459503293551
150,0.2,0.5,hub_1,pcglassoFast_PrimalDual,C,6.579332246575681e-5,0.1419999999999959,84.4459503293551
150,0.2,0.5,hub_1,pcglassoFast_PrimalDual,C,2.310129700083161e-4,0.12950000000000728,84.44595929720717
150,0.2,0.5,hub_1,pcglassoFast_PrimalDual,C,8.11130830789687e-4,0.11749999999994998,84.4460327203954
150,0.2,0.5,hub_1,pcglassoFast_PrimalDual,C,0.002848035868435802,0.1209999999999809,84.4460327203954
150,0.2,0.5,hub_1,pcglassoFast_PrimalDual,C,0.010000000000000004,0.10650000000003956,84.44665654715483
150,0.2,0.5,hub_1,pcglassoFast_PrimalDual,I,9.999999999999982e-9,0.34499999999997044,84.4459490157944
150,0.2,0.5,hub_1,pcglassoFast_PrimalDual,I,3.5111917342151263e-8,0.3299999999999841,84.44594901982869
150,0.2,0.5,hub_1,pcglassoFast_PrimalDual,I,1.2328467394420646e-7,0.46399999999999864,84.44594901982869
150,0.2,0.5,hub_1,pcglassoFast_PrimalDual,I,4.328761281083054e-7,0.39150000000000773,84.44594904596279
150,0.2,0.5,hub_1,pcglassoFast_PrimalDual,I,1.5199110829529328e-6,0.3089999999999691,84.44594921993368
150,0.2,0.5,hub_1,pcglassoFast_PrimalDual,I,5.336699231206308e-6,0.3035000000000423,84.44594921993368
150,0.2,0.5,hub_1,pcglassoFast_PrimalDual,I,1.873817422860384e-5,0.29300000000000637,84.44595041684643
150,0.2,0.5,hub_1,pcglassoFast_PrimalDual,I,6.579332246575681e-5,0.4460000000000264,84.44595896315178
150,0.2,0.5,hub_1,pcglassoFast_PrimalDual,I,2.310129700083161e-4,0.27899999999999636,84.44595896315178
150,0.2,0.5,hub_1,pcglassoFast_PrimalDual,I,8.11130830789687e-4,0.26849999999996044,84.44602255217829
150,0.2,0.5,hub_1,pcglassoFast_PrimalDual,I,0.002848035868435802,0.2744999999999891,84.44602255217829
150,0.2,0.5,hub_1,pcglassoFast_PrimalDual,I,0.010000000000000004,0.39549999999997,84.44654520751138
150,0.2,0.5,random,pcglasso,C,9.999999999999982e-9,2.971500000000006,124.45679053264546
150,0.2,0.5,random,pcglasso,C,3.5111917342151263e-8,2.5364999999999895,124.45679055559684
150,0.2,0.5,random,pcglasso,C,1.2328467394420646e-7,2.464999999999989,124.45679092307022
150,0.2,0.5,random,pcglasso,C,4.328761281083054e-7,2.2309999999999945,124.4567962897807
150,0.2,0.5,random,pcglasso,C,1.5199110829529328e-6,2.048000000000002,124.45685295474186
150,0.2,0.5,random,pcglasso,C,5.336699231206308e-6,1.6134999999999877,124.45718843906377
150,0.2,0.5,random,pcglasso,C,1.873817422860384e-5,1.0065000000000168,124.45922474756104
150,0.2,0.5,random,pcglasso,C,6.579332246575681e-5,0.8100000000000023,124.46674057847385
150,0.2,0.5,random,pcglasso,C,2.310129700083161e-4,0.5195000000000078,124.57218560346087
150,0.2,0.5,random,pcglasso,C,8.11130830789687e-4,0.2669999999999959,126.78864731111744
150,0.2,0.5,random,pcglasso,C,0.002848035868435802,0.07399999999999807,260.8229003744671
150,0.2,0.5,random,pcglasso,C,0.010000000000000004,0.06350000000000477,280.48911514183635
150,0.2,0.5,random,pcglasso,I,9.999999999999982e-9,5.268000000000001,124.45679054632568
150,0.2,0.5,random,pcglasso,I,3.5111917342151263e-8,4.545999999999992,124.45679075728896
150,0.2,0.5,random,pcglasso,I,1.2328467394420646e-7,3.8170000000000073,124.45679331243436
150,0.2,0.5,random,pcglasso,I,4.328761281083054e-7,2.4365000000000094,124.45682448445407
150,0.2,0.5,random,pcglasso,I,1.5199110829529328e-6,1.7169999999999987,124.45721798675305
150,0.2,0.5,random,pcglasso,I,5.336699231206308e-6,1.2759999999999962,124.4575703958655
150,0.2,0.5,random,pcglasso,I,1.873817422860384e-5,0.6340000000000003,124.46729202357318
150,0.2,0.5,random,pcglasso,I,6.579332246575681e-5,0.3430000000000035,124.53172409071875
150,0.2,0.5,random,pcglasso,I,2.310129700083161e-4,0.19400000000000261,124.8025380982243
150,0.2,0.5,random,pcglasso,I,8.11130830789687e-4,0.11700000000001864,125.20498972708621
150,0.2,0.5,random,pcglasso,I,0.002848035868435802,0.08249999999999602,124.9095396177356
150,0.2,0.5,random,pcglasso,I,0.010000000000000004,0.06349999999999056,125.61486252523855
150,0.2,0.5,random,pcglassoFast_Dual,C,9.999999999999982e-9,0.38750000000000284,124.45679053944923
150,0.2,0.5,random,pcglassoFast_Dual,C,3.5111917342151263e-8,0.33200000000000784,124.45679071236286
150,0.2,0.5,random,pcglassoFast_Dual,C,1.2328467394420646e-7,0.44599999999998374,124.45679077802357
150,0.2,0.5,random,pcglassoFast_Dual,C,4.328761281083054e-7,0.4094999999999942,124.45679160551494
150,0.2,0.5,random,pcglassoFast_Dual,C,1.5199110829529328e-6,0.2699999999999818,124.45679274363641
150,0.2,0.5,random,pcglassoFast_Dual,C,5.336699231206308e-6,0.39500000000001023,124.45679810923936
150,0.2,0.5,random,pcglassoFast_Dual,C,1.873817422860384e-5,0.3640000000000043,124.45681182564478
150,0.2,0.5,random,pcglassoFast_Dual,C,6.579332246575681e-5,0.19650000000001455,124.45684696536466
150,0.2,0.5,random,pcglassoFast_Dual,C,2.310129700083161e-4,0.4410000000000025,124.4569617790962
150,0.2,0.5,random,pcglassoFast_Dual,C,8.11130830789687e-4,0.13000000000000966,124.45822560640073
150,0.2,0.5,random,pcglassoFast_Dual,C,0.002848035868435802,0.09199999999999875,124.46304183456343
150,0.2,0.5,random,pcglassoFast_Dual,C,0.010000000000000004,0.07850000000000534,124.46489994449095
150,0.2,0.5,random,pcglassoFast_Dual,I,9.999999999999982e-9,0.6380000000000052,124.4567905567348
150,0.2,0.5,random,pcglassoFast_Dual,I,3.5111917342151263e-8,0.2879999999999825,124.4567907138035
150,0.2,0.5,random,pcglassoFast_Dual,I,1.2328467394420646e-7,0.2779999999999916,124.45679086326885
150,0.2,0.5,random,pcglassoFast_Dual,I,4.328761281083054e-7,0.24549999999999272,124.45679131360399
150,0.2,0.5,random,pcglassoFast_Dual,I,1.5199110829529328e-6,0.20450000000001012,124.45679455318204
150,0.2,0.5,random,pcglassoFast_Dual,I,5.336699231206308e-6,0.3205000000000098,124.45679814067974
150,0.2,0.5,random,pcglassoFast_Dual,I,1.873817422860384e-5,0.1735000000000042,124.45680861512734
150,0.2,0.5,random,pcglassoFast_Dual,I,6.579332246575681e-5,0.2919999999999874,124.45684722948059
150,0.2,0.5,random,pcglassoFast_Dual,I,2.310129700083161e-4,0.13150000000000261,124.4570038188371
150,0.2,0.5,random,pcglassoFast_Dual,I,8.11130830789687e-4,0.11250000000001137,124.45744027313002
150,0.2,0.5,random,pcglassoFast_Dual,I,0.002848035868435802,0.08950000000000102,124.45917696440664
150,0.2,0.5,random,pcglassoFast_Dual,I,0.010000000000000004,0.07349999999999568,124.46173352760312
150,0.2,0.5,random,pcglassoFast_Primal,C,9.999999999999982e-9,1.5259999999999962,124.45679056482268
150,0.2,0.5,random,pcglassoFast_Primal,C,3.5111917342151263e-8,1.2794999999999987,124.45679064429835
150,0.2,0.5,random,pcglassoFast_Primal,C,1.2328467394420646e-7,1.0889999999999844,124.45679101943004
150,0.2,0.5,random,pcglassoFast_Primal,C,4.328761281083054e-7,1.1199999999999903,124.45679215645269
150,0.2,0.5,random,pcglassoFast_Primal,C,1.5199110829529328e-6,0.7775000000000034,124.4567965727698
150,0.2,0.5,random,pcglassoFast_Primal,C,5.336699231206308e-6,0.6340000000000003,124.45680909288834
150,0.2,0.5,random,pcglassoFast_Primal,C,1.873817422860384e-5,0.7169999999999987,124.4568307926694
150,0.2,0.5,random,pcglassoFast_Primal,C,6.579332246575681e-5,0.47700000000000387,124.4568974945147
150,0.2,0.5,random,pcglassoFast_Primal,C,2.310129700083161e-4,0.3924999999999983,124.45716039009143
150,0.2,0.5,random,pcglassoFast_Primal,C,8.11130830789687e-4,0.332499999999996,124.4577608488023
150,0.2,0.5,random,pcglassoFast_Primal,C,0.002848035868435802,0.42650000000001853,124.4596556375408
150,0.2,0.5,random,pcglassoFast_Primal,C,0.010000000000000004,0.2569999999999908,124.46218044533899
150,0.2,0.5,random,pcglassoFast_Primal,I,9.999999999999982e-9,2.0250000000000057,124.45679056215428
150,0.2,0.5,random,pcglassoFast_Primal,I,3.5111917342151263e-8,1.8490000000000038,124.45679069490168
150,0.2,0.5,random,pcglassoFast_Primal,I,1.2328467394420646e-7,1.5570000000000022,124.45679111478336
150,0.2,0.5,random,pcglassoFast_Primal,I,4.328761281083054e-7,1.518000000000015,124.45679239132002
150,0.2,0.5,random,pcglassoFast_Primal,I,1.5199110829529328e-6,1.4065000000000083,124.45679703290898
150,0.2,0.5,random,pcglassoFast_Primal,I,5.336699231206308e-6,1.2175000000000153,124.45681234077941
150,0.2,0.5,random,pcglassoFast_Primal,I,1.873817422860384e-5,0.9080000000000155,124.45686599439162
150,0.2,0.5,random,pcglassoFast_Primal,I,6.579332246575681e-5,0.7530000000000001,124.45705534204278
150,0.2,0.5,random,pcglassoFast_Primal,I,2.310129700083161e-4,0.771000000000015,124.45719889910208
150,0.2,0.5,random,pcglassoFast_Primal,I,8.11130830789687e-4,0.4335000000000093,124.45897413233372
150,0.2,0.5,random,pcglassoFast_Primal,I,0.002848035868435802,0.24799999999999045,124.46695548608258
150,0.2,0.5,random,pcglassoFast_Primal,I,0.010000000000000004,0.2014999999999958,124.47381321498241
150,0.2,0.5,random,pcglassoFast_PrimalDual,C,9.999999999999982e-9,2.4124999999999943,124.45679055705817
150,0.2,0.5,random,pcglassoFast_PrimalDual,C,3.5111917342151263e-8,2.092500000000001,124.45679071368848
150,0.2,0.5,random,pcglassoFast_PrimalDual,C,1.2328467394420646e-7,1.6424999999999983,124.45679100501492
150,0.2,0.5,random,pcglassoFast_PrimalDual,C,4.328761281083054e-7,1.5250000000000057,124.45679154004603
150,0.2,0.5,random,pcglassoFast_PrimalDual,C,1.5199110829529328e-6,1.2904999999999944,124.45679462054945
150,0.2,0.5,random,pcglassoFast_PrimalDual,C,5.336699231206308e-6,1.13600000000001,124.45680266814666
150,0.2,0.5,random,pcglassoFast_PrimalDual,C,1.873817422860384e-5,1.0914999999999964,124.45684374269341
150,0.2,0.5,random,pcglassoFast_PrimalDual,C,6.579332246575681e-5,0.7500000000000142,124.45692496492278
150,0.2,0.5,random,pcglassoFast_PrimalDual,C,2.310129700083161e-4,0.7400000000000091,124.45717399490597
150,0.2,0.5,random,pcglassoFast_PrimalDual,C,8.11130830789687e-4,0.6689999999999969,124.45768247978745
150,0.2,0.5,random,pcglassoFast_PrimalDual,C,0.002848035868435802,0.45250000000000057,124.45829466511188
150,0.2,0.5,random,pcglassoFast_PrimalDual,C,0.010000000000000004,0.5259999999999962,124.45968410676734
150,0.2,0.5,random,pcglassoFast_PrimalDual,I,9.999999999999982e-9,2.4014999999999986,124.45679061953523
150,0.2,0.5,random,pcglassoFast_PrimalDual,I,3.5111917342151263e-8,2.373499999999993,124.45679070761723
150,0.2,0.5,random,pcglassoFast_PrimalDual,I,1.2328467394420646e-7,2.1925000000000097,124.45679097894822
150,0.2,0.5,random,pcglassoFast_PrimalDual,I,4.328761281083054e-7,1.9289999999999878,124.45679179967178
150,0.2,0.5,random,pcglassoFast_PrimalDual,I,1.5199110829529328e-6,1.686000000000007,124.45679444376094
150,0.2,0.5,random,pcglassoFast_PrimalDual,I,5.336699231206308e-6,1.3345000000000056,124.45680559758485
150,0.2,0.5,random,pcglassoFast_PrimalDual,I,1.873817422860384e-5,1.295500000000004,124.45683760304534
150,0.2,0.5,random,pcglassoFast_PrimalDual,I,6.579332246575681e-5,0.9225000000000136,124.45698562201996
150,0.2,0.5,random,pcglassoFast_PrimalDual,I,2.310129700083161e-4,0.8539999999999992,124.45742127018187
150,0.2,0.5,random,pcglassoFast_PrimalDual,I,8.11130830789687e-4,0.5700000000000074,124.4583713358365
150,0.2,0.5,random,pcglassoFast_PrimalDual,I,0.002848035868435802,0.578000000000003,124.46119465087415
150,0.2,0.5,random,pcglassoFast_PrimalDual,I,0.010000000000000004,0.37349999999999284,124.46351254589726
200,0.1,0,AR2,pcglasso,C,9.999999999999982e-9,4.4365000000000006,163.96660534629484
200,0.1,0,AR2,pcglasso,C,3.5111917342151263e-8,3.2210000000000036,163.9666058445071
200,0.1,0,AR2,pcglasso,C,1.2328467394420646e-7,2.989500000000021,163.96660634016365
200,0.1,0,AR2,pcglasso,C,4.328761281083054e-7,2.91549999999998,163.9666093042166
200,0.1,0,AR2,pcglasso,C,1.5199110829529328e-6,2.5185000000000173,163.9666435121603
200,0.1,0,AR2,pcglasso,C,5.336699231206308e-6,2.2075000000000387,163.96715657425102
200,0.1,0,AR2,pcglasso,C,1.873817422860384e-5,1.8109999999999786,163.974519640406
200,0.1,0,AR2,pcglasso,C,6.579332246575681e-5,0.9900000000000091,164.0723445015999
200,0.1,0,AR2,pcglasso,C,2.310129700083161e-4,0.6265000000000214,165.02090257087542
200,0.1,0,AR2,pcglasso,C,8.11130830789687e-4,0.21049999999991087,192.19797457294072
200,0.1,0,AR2,pcglasso,C,0.002848035868435802,0.15049999999996544,232.42087339835908
200,0.1,0,AR2,pcglasso,C,0.010000000000000004,0.13149999999995998,207.55883647093833
200,0.1,0,AR2,pcglasso,I,9.999999999999982e-9,3.2790000000000035,163.9666053545023
200,0.1,0,AR2,pcglasso,I,3.5111917342151263e-8,2.8079999999999927,163.96660572199312
200,0.1,0,AR2,pcglasso,I,1.2328467394420646e-7,2.290999999999997,163.96660611629687
200,0.1,0,AR2,pcglasso,I,4.328761281083054e-7,2.171500000000009,163.96661038425168
200,0.1,0,AR2,pcglasso,I,1.5199110829529328e-6,1.739500000000021,163.96665375951662
200,0.1,0,AR2,pcglasso,I,5.336699231206308e-6,1.525000000000034,163.96728801782024
200,0.1,0,AR2,pcglasso,I,1.873817422860384e-5,1.2959999999999923,163.969473009745
200,0.1,0,AR2,pcglasso,I,6.579332246575681e-5,0.7379999999999427,164.00275694066113
200,0.1,0,AR2,pcglasso,I,2.310129700083161e-4,0.5699999999999363,164.34168838304853
200,0.1,0,AR2,pcglasso,I,8.11130830789687e-4,0.1964999999999577,168.48070668378716
200,0.1,0,AR2,pcglasso,I,0.002848035868435802,0.1290000000000191,168.74017494271988
200,0.1,0,AR2,pcglasso,I,0.010000000000000004,0.12400000000002365,168.74017494271988
200,0.1,0,AR2,pcglassoFast_Dual,C,9.999999999999982e-9,0.5,163.9666053397728
200,0.1,0,AR2,pcglassoFast_Dual,C,3.5111917342151263e-8,0.4730000000000132,163.9666053431178
200,0.1,0,AR2,pcglassoFast_Dual,C,1.2328467394420646e-7,0.3025000000000091,163.96660539000757
200,0.1,0,AR2,pcglassoFast_Dual,C,4.328761281083054e-7,0.40850000000003206,163.96660549771633
200,0.1,0,AR2,pcglassoFast_Dual,C,1.5199110829529328e-6,0.3824999999999932,163.96660549771633
200,0.1,0,AR2,pcglassoFast_Dual,C,5.336699231206308e-6,0.36850000000004,163.96660586772174
200,0.1,0,AR2,pcglassoFast_Dual,C,1.873817422860384e-5,0.2389999999999759,163.96661316122055
200,0.1,0,AR2,pcglassoFast_Dual,C,6.579332246575681e-5,0.35049999999995407,163.96661316122055
200,0.1,0,AR2,pcglassoFast_Dual,C,2.310129700083161e-4,0.22500000000002274,163.9666312230388
200,0.1,0,AR2,pcglassoFast_Dual,C,8.11130830789687e-4,0.21549999999996317,163.96672011030856
200,0.1,0,AR2,pcglassoFast_Dual,C,0.002848035868435802,0.2034999999999627,163.96718476016412
200,0.1,0,AR2,pcglassoFast_Dual,C,0.010000000000000004,0.18549999999999045,163.96915784854573
200,0.1,0,AR2,pcglassoFast_Dual,I,9.999999999999982e-9,0.43950000000000244,163.96660534009987
200,0.1,0,AR2,pcglassoFast_Dual,I,3.5111917342151263e-8,0.2635000000000076,163.96660534386893
200,0.1,0,AR2,pcglassoFast_Dual,I,1.2328467394420646e-7,0.38999999999998636,163.96660535566411
200,0.1,0,AR2,pcglassoFast_Dual,I,4.328761281083054e-7,0.21250000000000568,163.96660539966396
200,0.1,0,AR2,pcglassoFast_Dual,I,1.5199110829529328e-6,0.2079999999999984,163.9666055620288
200,0.1,0,AR2,pcglassoFast_Dual,I,5.336699231206308e-6,0.19549999999998136,163.96660610718126
200,0.1,0,AR2,pcglassoFast_Dual,I,1.873817422860384e-5,0.18100000000004002,163.96660839559945
200,0.1,0,AR2,pcglassoFast_Dual,I,6.579332246575681e-5,0.17199999999996862,163.96661955716525
200,0.1,0,AR2,pcglassoFast_Dual,I,2.310129700083161e-4,0.28449999999998,163.96661955716525
200,0.1,0,AR2,pcglassoFast_Dual,I,8.11130830789687e-4,0.15349999999995134,163.96690553062416
200,0.1,0,AR2,pcglassoFast_Dual,I,0.002848035868435802,0.14449999999999363,163.96694214390953
200,0.1,0,AR2,pcglassoFast_Dual,I,0.010000000000000004,0.1230000000000473,163.9720717113887
200,0.1,0,AR2,pcglassoFast_Primal,C,9.999999999999982e-9,2.5069999999999997,163.96660534185673
200,0.1,0,AR2,pcglassoFast_Primal,C,3.5111917342151263e-8,1.3205000000000098,163.966605356757
200,0.1,0,AR2,pcglassoFast_Primal,C,1.2328467394420646e-7,1.2410000000000139,163.96660537989527
200,0.1,0,AR2,pcglassoFast_Primal,C,4.328761281083054e-7,1.1495000000000175,163.96660544355348
200,0.1,0,AR2,pcglassoFast_Primal,C,1.5199110829529328e-6,1.1634999999999422,163.96660604544957
200,0.1,0,AR2,pcglassoFast_Primal,C,5.336699231206308e-6,0.9765000000000441,163.96660722642088
200,0.1,0,AR2,pcglassoFast_Primal,C,1.873817422860384e-5,0.922999999999945,163.9666104401064
200,0.1,0,AR2,pcglassoFast_Primal,C,6.579332246575681e-5,0.8790000000000191,163.9666195082414
200,0.1,0,AR2,pcglassoFast_Primal,C,2.310129700083161e-4,0.7529999999999291,163.96672121568412
200,0.1,0,AR2,pcglassoFast_Primal,C,8.11130830789687e-4,0.8274999999999864,163.96694785937524
200,0.1,0,AR2,pcglassoFast_Primal,C,0.002848035868435802,0.7794999999999845,163.96764254099372
200,0.1,0,AR2,pcglassoFast_Primal,C,0.010000000000000004,0.5914999999999964,163.96982147045586
200,0.1,0,AR2,pcglassoFast_Primal,I,9.999999999999982e-9,1.4215000000000089,163.96660534427554
200,0.1,0,AR2,pcglassoFast_Primal,I,3.5111917342151263e-8,1.490000000000009,163.96660535165293
200,0.1,0,AR2,pcglassoFast_Primal,I,1.2328467394420646e-7,1.179000000000002,163.9666053681969
200,0.1,0,AR2,pcglassoFast_Primal,I,4.328761281083054e-7,1.0480000000000018,163.96660554104758
200,0.1,0,AR2,pcglassoFast_Primal,I,1.5199110829529328e-6,0.9935000000000116,163.96660589696614
200,0.1,0,AR2,pcglassoFast_Primal,I,5.336699231206308e-6,0.9519999999999982,163.96660688593914
200,0.1,0,AR2,pcglassoFast_Primal,I,1.873817422860384e-5,0.880999999999915,163.9666096575609
200,0.1,0,AR2,pcglassoFast_Primal,I,6.579332246575681e-5,0.8405000000000769,163.96661769307525
200,0.1,0,AR2,pcglassoFast_Primal,I,2.310129700083161e-4,0.8459999999999468,163.96671113972002
200,0.1,0,AR2,pcglassoFast_Primal,I,8.11130830789687e-4,0.660000000000025,163.96692379258363
200,0.1,0,AR2,pcglassoFast_Primal,I,0.002848035868435802,0.6120000000000232,163.96758362170192
200,0.1,0,AR2,pcglassoFast_Primal,I,0.010000000000000004,0.5474999999999568,163.96966961996162
200,0.1,0,AR2,pcglassoFast_PrimalDual,C,9.999999999999982e-9,2.435500000000001,163.9666053987638
200,0.1,0,AR2,pcglassoFast_PrimalDual,C,3.5111917342151263e-8,2.1525000000000176,163.9666054613108
200,0.1,0,AR2,pcglassoFast_PrimalDual,C,1.2328467394420646e-7,1.5949999999999989,163.9666058832026
200,0.1,0,AR2,pcglassoFast_PrimalDual,C,4.328761281083054e-7,1.3884999999999934,163.96660592591104
200,0.1,0,AR2,pcglassoFast_PrimalDual,C,1.5199110829529328e-6,1.3604999999999734,163.9666063052106
200,0.1,0,AR2,pcglassoFast_PrimalDual,C,5.336699231206308e-6,1.260500000000036,163.96660713506526
200,0.1,0,AR2,pcglassoFast_PrimalDual,C,1.873817422860384e-5,1.1839999999999122,163.9666103501189
200,0.1,0,AR2,pcglassoFast_PrimalDual,C,6.579332246575681e-5,1.2309999999999377,163.96662161074926
200,0.1,0,AR2,pcglassoFast_PrimalDual,C,2.310129700083161e-4,1.0205000000000268,163.9666618374276
200,0.1,0,AR2,pcglassoFast_PrimalDual,C,8.11130830789687e-4,0.9449999999999363,163.96680458743162
200,0.1,0,AR2,pcglassoFast_PrimalDual,C,0.002848035868435802,0.8535000000000537,163.96731509041567
200,0.1,0,AR2,pcglassoFast_PrimalDual,C,0.010000000000000004,0.7579999999999814,163.96914263298277
200,0.1,0,AR2,pcglassoFast_PrimalDual,I,9.999999999999982e-9,2.5544999999999902,163.96660537271507
200,0.1,0,AR2,pcglassoFast_PrimalDual,I,3.5111917342151263e-8,2.0670000000000073,163.9666054689667
200,0.1,0,AR2,pcglassoFast_PrimalDual,I,1.2328467394420646e-7,1.7819999999999823,163.96660550148053
200,0.1,0,AR2,pcglassoFast_PrimalDual,I,4.328761281083054e-7,1.3954999999999984,163.9666060050048
200,0.1,0,AR2,pcglassoFast_PrimalDual,I,1.5199110829529328e-6,1.5370000000000346,163.96660627547118
200,0.1,0,AR2,pcglassoFast_PrimalDual,I,5.336699231206308e-6,1.2549999999999955,163.96660721433804
200,0.1,0,AR2,pcglassoFast_PrimalDual,I,1.873817422860384e-5,1.2005000000000337,163.9666107470652
200,0.1,0,AR2,pcglassoFast_PrimalDual,I,6.579332246575681e-5,1.1090000000000373,163.96662295964737
200,0.1,0,AR2,pcglassoFast_PrimalDual,I,2.310129700083161e-4,1.032000000000039,163.96666659627206
200,0.1,0,AR2,pcglassoFast_PrimalDual,I,8.11130830789687e-4,1.05499999999995,163.9668208069617
200,0.1,0,AR2,pcglassoFast_PrimalDual,I,0.002848035868435802,0.8229999999999791,163.9673696699644
200,0.1,0,AR2,pcglassoFast_PrimalDual,I,0.010000000000000004,0.8369999999999891,163.96932026624873
200,0.1,0,hub_09,pcglasso,C,9.999999999999982e-9,2.5305,197.2643520603396
200,0.1,0,hub_09,pcglasso,C,3.5111917342151263e-8,2.342500000000001,197.2643520603396
200,0.1,0,hub_09,pcglasso,C,1.2328467394420646e-7,1.8545000000000016,197.26435212663063
200,0.1,0,hub_09,pcglasso,C,4.328761281083054e-7,1.7379999999999995,197.2643524360231
200,0.1,0,hub_09,pcglasso,C,1.5199110829529328e-6,1.4975000000000023,197.2643524360231
200,0.1,0,hub_09,pcglasso,C,5.336699231206308e-6,1.3575000000000017,197.264353053967
200,0.1,0,hub_09,pcglasso,C,1.873817422860384e-5,1.2220000000000084,197.26436664721857
200,0.1,0,hub_09,pcglasso,C,6.579332246575681e-5,0.8770000000000095,197.26516319395395
200,0.1,0,hub_09,pcglasso,C,2.310129700083161e-4,0.650999999999982,197.29535714431464
200,0.1,0,hub_09,pcglasso,C,8.11130830789687e-4,0.4095000000000084,198.62390332911275
200,0.1,0,hub_09,pcglasso,C,0.002848035868435802,0.10150000000001569,237.50262516022943
200,0.1,0,hub_09,pcglasso,C,0.010000000000000004,0.10999999999998522,237.50262516022943
200,0.1,0,hub_09,pcglasso,I,9.999999999999982e-9,2.383000000000001,197.26435206041072
200,0.1,0,hub_09,pcglasso,I,3.5111917342151263e-8,2.3104999999999976,197.26435206041072
200,0.1,0,hub_09,pcglasso,I,1.2328467394420646e-7,2.01100000000001,197.26435206376624
200,0.1,0,hub_09,pcglasso,I,4.328761281083054e-7,1.8640000000000043,197.26435215157187
200,0.1,0,hub_09,pcglasso,I,1.5199110829529328e-6,1.3980000000000103,197.2643543007223
200,0.1,0,hub_09,pcglasso,I,5.336699231206308e-6,1.4240000000000066,197.26435816068266
200,0.1,0,hub_09,pcglasso,I,1.873817422860384e-5,1.05149999999999,197.26441807586767
200,0.1,0,hub_09,pcglasso,I,6.579332246575681e-5,0.694500000000005,197.26474189395137
200,0.1,0,hub_09,pcglasso,I,2.310129700083161e-4,0.4905000000000257,197.37839823335614
200,0.1,0,hub_09,pcglasso,I,8.11130830789687e-4,0.2184999999999775,197.6947899433186
200,0.1,0,hub_09,pcglasso,I,0.002848035868435802,0.22350000000000136,197.53245125163176
200,0.1,0,hub_09,pcglasso,I,0.010000000000000004,0.21750000000002956,197.53245125163176
200,0.1,0,hub_09,pcglassoFast_Dual,C,9.999999999999982e-9,1.1954999999999991,197.26435206529254
200,0.1,0,hub_09,pcglassoFast_Dual,C,3.5111917342151263e-8,0.4135000000000062,197.26435207098902
200,0.1,0,hub_09,pcglassoFast_Dual,C,1.2328467394420646e-7,0.23749999999999716,197.26435208466629
200,0.1,0,hub_09,pcglassoFast_Dual,C,4.328761281083054e-7,0.23449999999999704,197.2643521814075
200,0.1,0,hub_09,pcglassoFast_Dual,C,1.5199110829529328e-6,0.1950000000000074,197.26435471328628
200,0.1,0,hub_09,pcglassoFast_Dual,C,5.336699231206308e-6,0.18549999999999045,197.26435561007654
200,0.1,0,hub_09,pcglassoFast_Dual,C,1.873817422860384e-5,0.18999999999999773,197.2643541369174
200,0.1,0,hub_09,pcglassoFast_Dual,C,6.579332246575681e-5,0.26599999999999113,197.26436008987145
200,0.1,0,hub_09,pcglassoFast_Dual,C,2.310129700083161e-4,0.132000000000005,197.26459286660136
200,0.1,0,hub_09,pcglassoFast_Dual,C,8.11130830789687e-4,0.12999999999999545,197.26465079866747
200,0.1,0,hub_09,pcglassoFast_Dual,C,0.002848035868435802,0.25149999999999295,197.26500668851867
200,0.1,0,hub_09,pcglassoFast_Dual,C,0.010000000000000004,0.11600000000001387,197.26465414440963
200,0.1,0,hub_09,pcglassoFast_Dual,I,9.999999999999982e-9,0.23749999999999716,197.26435205530026
200,0.1,0,hub_09,pcglassoFast_Dual,I,3.5111917342151263e-8,0.3470000000000013,197.26435205691138
200,0.1,0,hub_09,pcglassoFast_Dual,I,1.2328467394420646e-7,0.19899999999999807,197.26435206770594
200,0.1,0,hub_09,pcglassoFast_Dual,I,4.328761281083054e-7,0.2769999999999868,197.26435282776282
200,0.1,0,hub_09,pcglassoFast_Dual,I,1.5199110829529328e-6,0.17099999999999227,197.26435282776282
200,0.1,0,hub_09,pcglassoFast_Dual,I,5.336699231206308e-6,0.14750000000000796,197.26435220947238
200,0.1,0,hub_09,pcglassoFast_Dual,I,1.873817422860384e-5,0.12999999999999545,197.2643536411229
200,0.1,0,hub_09,pcglassoFast_Dual,I,6.579332246575681e-5,0.11550000000001148,197.26437214583456
200,0.1,0,hub_09,pcglassoFast_Dual,I,2.310129700083161e-4,0.09850000000000136,197.26440425035602
200,0.1,0,hub_09,pcglassoFast_Dual,I,8.11130830789687e-4,0.09550000000001546,197.26448802758406
200,0.1,0,hub_09,pcglassoFast_Dual,I,0.002848035868435802,0.19550000000000978,197.2647210994268
200,0.1,0,hub_09,pcglassoFast_Dual,I,0.010000000000000004,0.08100000000001728,197.2647210994268
200,0.1,0,hub_09,pcglassoFast_Primal,C,9.999999999999982e-9,1.4605000000000015,197.26435205158268
200,0.1,0,hub_09,pcglassoFast_Primal,C,3.5111917342151263e-8,0.7720000000000056,197.26435205331174
200,0.1,0,hub_09,pcglassoFast_Primal,C,1.2328467394420646e-7,0.7124999999999986,197.2643520644208
200,0.1,0,hub_09,pcglassoFast_Primal,C,4.328761281083054e-7,0.7070000000000078,197.2643520644208
200,0.1,0,hub_09,pcglassoFast_Primal,C,1.5199110829529328e-6,0.6115000000000066,197.26435215518063
200,0.1,0,hub_09,pcglassoFast_Primal,C,5.336699231206308e-6,0.6384999999999934,197.26435215518063
200,0.1,0,hub_09,pcglassoFast_Primal,C,1.873817422860384e-5,0.6295000000000073,197.26435215518063
200,0.1,0,hub_09,pcglassoFast_Primal,C,6.579332246575681e-5,0.5469999999999686,197.26435343307676
200,0.1,0,hub_09,pcglassoFast_Primal,C,2.310129700083161e-4,0.7040000000000077,197.26435343307676
200,0.1,0,hub_09,pcglassoFast_Primal,C,8.11130830789687e-4,0.4919999999999902,197.26437579989442
200,0.1,0,hub_09,pcglassoFast_Primal,C,0.002848035868435802,0.46999999999999886,197.26437579989442
200,0.1,0,hub_09,pcglassoFast_Primal,C,0.010000000000000004,0.44649999999998613,197.26480453342853
200,0.1,0,hub_09,pcglassoFast_Primal,I,9.999999999999982e-9,0.7580000000000009,197.2643520528415
200,0.1,0,hub_09,pcglassoFast_Primal,I,3.5111917342151263e-8,0.6355000000000004,197.2643520528415
200,0.1,0,hub_09,pcglassoFast_Primal,I,1.2328467394420646e-7,0.5534999999999997,197.26435206091014
200,0.1,0,hub_09,pcglassoFast_Primal,I,4.328761281083054e-7,0.5769999999999982,197.26435206091014
200,0.1,0,hub_09,pcglassoFast_Primal,I,1.5199110829529328e-6,0.5024999999999977,197.26435213689672
200,0.1,0,hub_09,pcglassoFast_Primal,I,5.336699231206308e-6,0.48399999999998045,197.26435213689672
200,0.1,0,hub_09,pcglassoFast_Primal,I,1.873817422860384e-5,0.4385000000000048,197.2643531868451
200,0.1,0,hub_09,pcglassoFast_Primal,I,6.579332246575681e-5,0.4305000000000234,197.2643531868451
200,0.1,0,hub_09,pcglassoFast_Primal,I,2.310129700083161e-4,0.3575000000000159,197.26436921249513
200,0.1,0,hub_09,pcglassoFast_Primal,I,8.11130830789687e-4,0.4819999999999709,197.26436921249513
200,0.1,0,hub_09,pcglassoFast_Primal,I,0.002848035868435802,0.3650000000000091,197.26436921249513
200,0.1,0,hub_09,pcglassoFast_Primal,I,0.010000000000000004,0.29899999999997817,197.26459548292334
200,0.1,0,hub_09,pcglassoFast_PrimalDual,C,9.999999999999982e-9,0.7375000000000007,197.26435205123673
200,0.1,0,hub_09,pcglassoFast_PrimalDual,C,3.5111917342151263e-8,0.6529999999999987,197.26435205653235
200,0.1,0,hub_09,pcglassoFast_PrimalDual,C,1.2328467394420646e-7,0.6420000000000101,197.26435205653235
200,0.1,0,hub_09,pcglassoFast_PrimalDual,C,4.328761281083054e-7,0.5809999999999889,197.26435207505455
200,0.1,0,hub_09,pcglassoFast_PrimalDual,C,1.5199110829529328e-6,0.7289999999999992,197.26435207505455
200,0.1,0,hub_09,pcglassoFast_PrimalDual,C,5.336699231206308e-6,0.6985000000000099,197.26435207505455
200,0.1,0,hub_09,pcglassoFast_PrimalDual,C,1.873817422860384e-5,0.4965000000000259,197.26435247535312
200,0.1,0,hub_09,pcglassoFast_PrimalDual,C,6.579332246575681e-5,0.6675000000000182,197.26435247535312
200,0.1,0,hub_09,pcglassoFast_PrimalDual,C,2.310129700083161e-4,0.620000000000033,197.26435247535312
200,0.1,0,hub_09,pcglassoFast_PrimalDual,C,8.11130830789687e-4,0.4344999999999857,197.2643633946396
200,0.1,0,hub_09,pcglassoFast_PrimalDual,C,0.002848035868435802,0.45050000000000523,197.2643633946396
200,0.1,0,hub_09,pcglassoFast_PrimalDual,C,0.010000000000000004,0.38649999999998386,197.26466553562332
200,0.1,0,hub_09,pcglassoFast_PrimalDual,I,9.999999999999982e-9,0.634999999999998,197.26435205725332
200,0.1,0,hub_09,pcglassoFast_PrimalDual,I,3.5111917342151263e-8,0.6214999999999975,197.26435205725332
200,0.1,0,hub_09,pcglassoFast_PrimalDual,I,1.2328467394420646e-7,0.5904999999999916,197.26435206055945
200,0.1,0,hub_09,pcglassoFast_PrimalDual,I,4.328761281083054e-7,0.5760000000000076,197.26435206055945
200,0.1,0,hub_09,pcglassoFast_PrimalDual,I,1.5199110829529328e-6,0.49799999999999045,197.26435212687954
200,0.1,0,hub_09,pcglassoFast_PrimalDual,I,5.336699231206308e-6,0.6479999999999961,197.26435212687954
200,0.1,0,hub_09,pcglassoFast_PrimalDual,I,1.873817422860384e-5,0.4439999999999884,197.264353070357
200,0.1,0,hub_09,pcglassoFast_PrimalDual,I,6.579332246575681e-5,0.5430000000000064,197.264353070357
200,0.1,0,hub_09,pcglassoFast_PrimalDual,I,2.310129700083161e-4,0.5489999999999782,197.2643669677806
200,0.1,0,hub_09,pcglassoFast_PrimalDual,I,8.11130830789687e-4,0.3855000000000075,197.2643669677806
200,0.1,0,hub_09,pcglassoFast_PrimalDual,I,0.002848035868435802,0.48299999999997567,197.2643669677806
200,0.1,0,hub_09,pcglassoFast_PrimalDual,I,0.010000000000000004,0.4579999999999984,197.2645704363453
200,0.1,0,hub_1,pcglasso,C,9.999999999999982e-9,53.586,68.66445710051312
200,0.1,0,hub_1,pcglasso,C,3.5111917342151263e-8,40.598,68.66445979634013
200,0.1,0,hub_1,pcglasso,C,1.2328467394420646e-7,32.90700000000001,68.66446040504157
200,0.1,0,hub_1,pcglasso,C,4.328761281083054e-7,22.280500000000018,68.66459795861522
200,0.1,0,hub_1,pcglasso,C,1.5199110829529328e-6,20.948499999999996,68.66463477021269
200,0.1,0,hub_1,pcglasso,C,5.336699231206308e-6,19.230999999999995,68.66476928640118
200,0.1,0,hub_1,pcglasso,C,1.873817422860384e-5,12.19300000000004,68.67431240151353
200,0.1,0,hub_1,pcglasso,C,6.579332246575681e-5,8.8245,70.17812001450045
200,0.1,0,hub_1,pcglasso,C,2.310129700083161e-4,8.53649999999999,70.33718077601401
200,0.1,0,hub_1,pcglasso,C,8.11130830789687e-4,8.385000000000048,84.43990635523804
200,0.1,0,hub_1,pcglasso,C,0.002848035868435802,2.114499999999964,209.4701331057515
200,0.1,0,hub_1,pcglasso,C,0.010000000000000004,1.9580000000000837,209.4701331057515
200,0.1,0,hub_1,pcglasso,I,9.999999999999982e-9,183.87150000000003,68.66445696744753
200,0.1,0,hub_1,pcglasso,I,3.5111917342151263e-8,155.183,68.66445698697305
200,0.1,0,hub_1,pcglasso,I,1.2328467394420646e-7,120.92049999999998,68.66445722465436
200,0.1,0,hub_1,pcglasso,I,4.328761281083054e-7,87.10100000000003,68.66446005502802
200,0.1,0,hub_1,pcglasso,I,1.5199110829529328e-6,63.97399999999999,68.6645038825822
200,0.1,0,hub_1,pcglasso,I,5.336699231206308e-6,42.132499999999936,68.66532521703186
200,0.1,0,hub_1,pcglasso,I,1.873817422860384e-5,2.8524999999999636,73.91672014250801
200,0.1,0,hub_1,pcglasso,I,6.579332246575681e-5,1.1965000000000146,76.01030404638702
200,0.1,0,hub_1,pcglasso,I,2.310129700083161e-4,1.156499999999994,76.35778610756167
200,0.1,0,hub_1,pcglasso,I,8.11130830789687e-4,1.198000000000036,76.09532671209743
200,0.1,0,hub_1,pcglasso,I,0.002848035868435802,0.7390000000000327,76.79110083157613
200,0.1,0,hub_1,pcglasso,I,0.010000000000000004,0.6909999999999741,78.24518838479725
200,0.1,0,hub_1,pcglassoFast_Dual,C,9.999999999999982e-9,42.6195,68.66445700782455
200,0.1,0,hub_1,pcglassoFast_Dual,C,3.5111917342151263e-8,34.561,68.66445850851049
200,0.1,0,hub_1,pcglassoFast_Dual,C,1.2328467394420646e-7,35.900999999999996,68.66445722240645
200,0.1,0,hub_1,pcglassoFast_Dual,C,4.328761281083054e-7,25.408000000000015,68.66446048617672
200,0.1,0,hub_1,pcglassoFast_Dual,C,1.5199110829529328e-6,25.634000000000015,68.66446713471376
200,0.1,0,hub_1,pcglassoFast_Dual,C,5.336699231206308e-6,20.05250000000001,68.66448786777032
200,0.1,0,hub_1,pcglassoFast_Dual,C,1.873817422860384e-5,16.317499999999995,68.66471485902686
200,0.1,0,hub_1,pcglassoFast_Dual,C,6.579332246575681e-5,14.159500000000037,68.66533815523852
200,0.1,0,hub_1,pcglassoFast_Dual,C,2.310129700083161e-4,14.37050000000005,68.66571393668733
200,0.1,0,hub_1,pcglassoFast_Dual,C,8.11130830789687e-4,12.77600000000001,68.66711056052783
200,0.1,0,hub_1,pcglassoFast_Dual,C,0.002848035868435802,9.806499999999971,68.69146639064842
200,0.1,0,hub_1,pcglassoFast_Dual,C,0.010000000000000004,9.999000000000024,68.69639779586714
200,0.1,0,hub_1,pcglassoFast_Dual,I,9.999999999999982e-9,104.5245,68.6644569796464
200,0.1,0,hub_1,pcglassoFast_Dual,I,3.5111917342151263e-8,92.58699999999999,68.66445741684923
200,0.1,0,hub_1,pcglassoFast_Dual,I,1.2328467394420646e-7,88.667,68.664457707673
200,0.1,0,hub_1,pcglassoFast_Dual,I,4.328761281083054e-7,87.2295,68.66445794755151
200,0.1,0,hub_1,pcglassoFast_Dual,I,1.5199110829529328e-6,84.21199999999999,68.66446167061775
200,0.1,0,hub_1,pcglassoFast_Dual,I,5.336699231206308e-6,81.83750000000003,68.66448090819308
200,0.1,0,hub_1,pcglassoFast_Dual,I,1.873817422860384e-5,78.53249999999997,68.66454033686882
200,0.1,0,hub_1,pcglassoFast_Dual,I,6.579332246575681e-5,77.41899999999998,68.66458356084506
200,0.1,0,hub_1,pcglassoFast_Dual,I,2.310129700083161e-4,73.68699999999995,68.66508486200318
200,0.1,0,hub_1,pcglassoFast_Dual,I,8.11130830789687e-4,70.26150000000001,68.66989701221333
200,0.1,0,hub_1,pcglassoFast_Dual,I,0.002848035868435802,67.14050000000003,68.67296868303382
200,0.1,0,hub_1,pcglassoFast_Dual,I,0.010000000000000004,64.33800000000008,68.70439997917717
200,0.1,0,hub_1,pcglassoFast_Primal,C,9.999999999999982e-9,21.3095,68.66445710019707
200,0.1,0,hub_1,pcglassoFast_Primal,C,3.5111917342151263e-8,18.0505,68.66445750552481
200,0.1,0,hub_1,pcglassoFast_Primal,C,1.2328467394420646e-7,14.700500000000005,68.66445886498326
200,0.1,0,hub_1,pcglassoFast_Primal,C,4.328761281083054e-7,12.533999999999992,68.66446288207082
200,0.1,0,hub_1,pcglassoFast_Primal,C,1.5199110829529328e-6,11.081500000000005,68.664476573527
200,0.1,0,hub_1,pcglassoFast_Primal,C,5.336699231206308e-6,9.954000000000008,68.66449065453463
200,0.1,0,hub_1,pcglassoFast_Primal,C,1.873817422860384e-5,9.190499999999986,68.66449301120699
200,0.1,0,hub_1,pcglassoFast_Primal,C,6.579332246575681e-5,8.529999999999973,68.66450681593074
200,0.1,0,hub_1,pcglassoFast_Primal,C,2.310129700083161e-4,7.384500000000003,68.66470965874443
200,0.1,0,hub_1,pcglassoFast_Primal,C,8.11130830789687e-4,6.118499999999983,68.66517721027698
200,0.1,0,hub_1,pcglassoFast_Primal,C,0.002848035868435802,4.625500000000102,68.66810818239112
200,0.1,0,hub_1,pcglassoFast_Primal,C,0.010000000000000004,3.725499999999954,68.67789851025897
200,0.1,0,hub_1,pcglassoFast_Primal,I,9.999999999999982e-9,19.0735,68.6644570945149
200,0.1,0,hub_1,pcglassoFast_Primal,I,3.5111917342151263e-8,17.562999999999988,68.66445745776184
200,0.1,0,hub_1,pcglassoFast_Primal,I,1.2328467394420646e-7,14.765999999999991,68.66445866641462
200,0.1,0,hub_1,pcglassoFast_Primal,I,4.328761281083054e-7,12.082499999999982,68.66446256473365
200,0.1,0,hub_1,pcglassoFast_Primal,I,1.5199110829529328e-6,11.230500000000006,68.66447402074067
200,0.1,0,hub_1,pcglassoFast_Primal,I,5.336699231206308e-6,9.96999999999997,68.66448821789263
200,0.1,0,hub_1,pcglassoFast_Primal,I,1.873817422860384e-5,9.373499999999979,68.66450729786504
200,0.1,0,hub_1,pcglassoFast_Primal,I,6.579332246575681e-5,8.655500000000075,68.66453895177432
200,0.1,0,hub_1,pcglassoFast_Primal,I,2.310129700083161e-4,8.114499999999964,68.66478325167895
200,0.1,0,hub_1,pcglassoFast_Primal,I,8.11130830789687e-4,7.026000000000067,68.66594719075084
200,0.1,0,hub_1,pcglassoFast_Primal,I,0.002848035868435802,6.666499999999985,68.66966814628982
200,0.1,0,hub_1,pcglassoFast_Primal,I,0.010000000000000004,5.6679999999999495,68.68563026549155
200,0.1,0,hub_1,pcglassoFast_PrimalDual,C,9.999999999999982e-9,3.5950000000000006,68.66445698316859
200,0.1,0,hub_1,pcglassoFast_PrimalDual,C,3.5111917342151263e-8,2.896500000000003,68.66445709328949
200,0.1,0,hub_1,pcglassoFast_PrimalDual,C,1.2328467394420646e-7,2.4114999999999895,68.66445720882378
200,0.1,0,hub_1,pcglassoFast_PrimalDual,C,4.328761281083054e-7,2.3865000000000123,68.66445778191918
200,0.1,0,hub_1,pcglassoFast_PrimalDual,C,1.5199110829529328e-6,2.0710000000000264,68.66446027490085
200,0.1,0,hub_1,pcglassoFast_PrimalDual,C,5.336699231206308e-6,1.9074999999999704,68.66446695460246
200,0.1,0,hub_1,pcglassoFast_PrimalDual,C,1.873817422860384e-5,1.7425000000000637,68.66448617057515
200,0.1,0,hub_1,pcglassoFast_PrimalDual,C,6.579332246575681e-5,1.4014999999999986,68.66458451531814
200,0.1,0,hub_1,pcglassoFast_PrimalDual,C,2.310129700083161e-4,1.3584999999999923,68.6648401980065
200,0.1,0,hub_1,pcglassoFast_PrimalDual,C,8.11130830789687e-4,1.0114999999999554,68.66613978671656
200,0.1,0,hub_1,pcglassoFast_PrimalDual,C,0.002848035868435802,0.8360000000000127,68.66965093119988
200,0.1,0,hub_1,pcglassoFast_PrimalDual,C,0.010000000000000004,0.6775000000000091,68.68087611338578
200,0.1,0,hub_1,pcglassoFast_PrimalDual,I,9.999999999999982e-9,8.426500000000004,68.66445698252791
200,0.1,0,hub_1,pcglassoFast_PrimalDual,I,3.5111917342151263e-8,7.565500000000014,68.66445710621096
200,0.1,0,hub_1,pcglassoFast_PrimalDual,I,1.2328467394420646e-7,6.571499999999986,68.66445717929987
200,0.1,0,hub_1,pcglassoFast_PrimalDual,I,4.328761281083054e-7,7.02049999999997,68.66445797467024
200,0.1,0,hub_1,pcglassoFast_PrimalDual,I,1.5199110829529328e-6,6.428999999999974,68.66445976737118
200,0.1,0,hub_1,pcglassoFast_PrimalDual,I,5.336699231206308e-6,6.097499999999968,68.66446926260168
200,0.1,0,hub_1,pcglassoFast_PrimalDual,I,1.873817422860384e-5,6.0625,68.6644933437191
200,0.1,0,hub_1,pcglassoFast_PrimalDual,I,6.579332246575681e-5,5.506999999999948,68.66456659176458
200,0.1,0,hub_1,pcglassoFast_PrimalDual,I,2.310129700083161e-4,5.5855000000000246,68.6649236087101
200,0.1,0,hub_1,pcglassoFast_PrimalDual,I,8.11130830789687e-4,5.232500000000016,68.66583242444915
200,0.1,0,hub_1,pcglassoFast_PrimalDual,I,0.002848035868435802,5.000499999999988,68.6701129219629
200,0.1,0,hub_1,pcglassoFast_PrimalDual,I,0.010000000000000004,4.4845000000000255,68.68694737640327
200,0.1,0,random,pcglasso,C,9.999999999999982e-9,19.613000000000003,146.15225822880404
200,0.1,0,random,pcglasso,C,3.5111917342151263e-8,16.7935,146.1522666692935
200,0.1,0,random,pcglasso,C,1.2328467394420646e-7,12.469999999999985,146.15233724731618
200,0.1,0,random,pcglasso,C,4.328761281083054e-7,9.764499999999998,146.1549498172323
200,0.1,0,random,pcglasso,C,1.5199110829529328e-6,7.275500000000008,146.1604710378319
200,0.1,0,random,pcglasso,C,5.336699231206308e-6,4.147999999999996,146.51239440029235
200,0.1,0,random,pcglasso,C,1.873817422860384e-5,2.5705000000000098,146.99087727997707
200,0.1,0,random,pcglasso,C,6.579332246575681e-5,2.1234999999999786,149.2640762659028
200,0.1,0,random,pcglasso,C,2.310129700083161e-4,1.0360000000000014,153.37080526716426
200,0.1,0,random,pcglasso,C,8.11130830789687e-4,1.3414999999999964,168.028581315188
200,0.1,0,random,pcglasso,C,0.002848035868435802,0.17850000000001387,295.69267128375003
200,0.1,0,random,pcglasso,C,0.010000000000000004,0.2980000000000018,295.69267128375003
200,0.1,0,random,pcglasso,I,9.999999999999982e-9,21.688499999999998,146.15225827598206
200,0.1,0,random,pcglasso,I,3.5111917342151263e-8,18.353499999999997,146.15226135458425
200,0.1,0,random,pcglasso,I,1.2328467394420646e-7,16.816999999999993,146.15230593725343
200,0.1,0,random,pcglasso,I,4.328761281083054e-7,13.322499999999991,146.1528628774608
200,0.1,0,random,pcglasso,I,1.5199110829529328e-6,8.743500000000012,146.16575568091554
200,0.1,0,random,pcglasso,I,5.336699231206308e-6,4.381,146.462315069454
200,0.1,0,random,pcglasso,I,1.873817422860384e-5,2.414500000000004,147.51735450795456
200,0.1,0,random,pcglasso,I,6.579332246575681e-5,1.5235000000000127,148.86146248278618
200,0.1,0,random,pcglasso,I,2.310129700083161e-4,1.0054999999999836,150.9907401571121
200,0.1,0,random,pcglasso,I,8.11130830789687e-4,0.46999999999999886,154.3352521331301
200,0.1,0,random,pcglasso,I,0.002848035868435802,0.3975000000000364,155.92607412029957
200,0.1,0,random,pcglasso,I,0.010000000000000004,0.41250000000002274,155.92607412029957
200,0.1,0,random,pcglassoFast_Dual,C,9.999999999999982e-9,8.842500000000001,146.15225793740774
200,0.1,0,random,pcglassoFast_Dual,C,3.5111917342151263e-8,10.14,146.15225796583266
200,0.1,0,random,pcglassoFast_Dual,C,1.2328467394420646e-7,8.129999999999995,146.1522600048324
200,0.1,0,random,pcglassoFast_Dual,C,4.328761281083054e-7,5.242499999999993,146.1522634239216
200,0.1,0,random,pcglassoFast_Dual,C,1.5199110829529328e-6,3.742999999999995,146.15226090570445
200,0.1,0,random,pcglassoFast_Dual,C,5.336699231206308e-6,3.3100000000000023,146.15231136729471
200,0.1,0,random,pcglassoFast_Dual,C,1.873817422860384e-5,3.1570000000000107,146.15231403020982
200,0.1,0,random,pcglassoFast_Dual,C,6.579332246575681e-5,2.2609999999999957,146.15241088652058
200,0.1,0,random,pcglassoFast_Dual,C,2.310129700083161e-4,1.5660000000000167,146.15512649805157
200,0.1,0,random,pcglassoFast_Dual,C,8.11130830789687e-4,1.0914999999999964,146.15765671997875
200,0.1,0,random,pcglassoFast_Dual,C,0.002848035868435802,0.9524999999999864,146.15939557699016
200,0.1,0,random,pcglassoFast_Dual,C,0.010000000000000004,1.093999999999994,146.1601037116266
200,0.1,0,random,pcglassoFast_Dual,I,9.999999999999982e-9,7.217499999999999,146.15225794836226
200,0.1,0,random,pcglassoFast_Dual,I,3.5111917342151263e-8,6.509,146.15225794818645
200,0.1,0,random,pcglassoFast_Dual,I,1.2328467394420646e-7,5.686499999999995,146.15225869909233
200,0.1,0,random,pcglassoFast_Dual,I,4.328761281083054e-7,6.171499999999995,146.15225886078886
200,0.1,0,random,pcglassoFast_Dual,I,1.5199110829529328e-6,5.345500000000001,146.15226046592483
200,0.1,0,random,pcglassoFast_Dual,I,5.336699231206308e-6,5.207999999999998,146.15226652089552
200,0.1,0,random,pcglassoFast_Dual,I,1.873817422860384e-5,5.3940000000000055,146.1522794728672
200,0.1,0,random,pcglassoFast_Dual,I,6.579332246575681e-5,4.5,146.15247391251737
200,0.1,0,random,pcglassoFast_Dual,I,2.310129700083161e-4,4.387999999999977,146.15310911471465
200,0.1,0,random,pcglassoFast_Dual,I,8.11130830789687e-4,4.140000000000015,146.15297098128002
200,0.1,0,random,pcglassoFast_Dual,I,0.002848035868435802,3.794000000000011,146.17513793663667
200,0.1,0,random,pcglassoFast_Dual,I,0.010000000000000004,2.9615000000000293,146.2615685101295
200,0.1,0,random,pcglassoFast_Primal,C,9.999999999999982e-9,32.831,146.1522586532408
200,0.1,0,random,pcglassoFast_Primal,C,3.5111917342151263e-8,24.951999999999998,146.15225894070386
200,0.1,0,random,pcglassoFast_Primal,C,1.2328467394420646e-7,19.010500000000008,146.1522594341723
200,0.1,0,random,pcglassoFast_Primal,C,4.328761281083054e-7,14.320999999999998,146.1522604731848
200,0.1,0,random,pcglassoFast_Primal,C,1.5199110829529328e-6,11.44250000000001,146.15226284007602
200,0.1,0,random,pcglassoFast_Primal,C,5.336699231206308e-6,6.848499999999987,146.1522698760972
200,0.1,0,random,pcglassoFast_Primal,C,1.873817422860384e-5,5.34699999999998,146.15229991269905
200,0.1,0,random,pcglassoFast_Primal,C,6.579332246575681e-5,4.483500000000021,146.15243874102455
200,0.1,0,random,pcglassoFast_Primal,C,2.310129700083161e-4,3.0624999999999716,146.1528475587795
200,0.1,0,random,pcglassoFast_Primal,C,8.11130830789687e-4,2.595499999999987,146.1540321707763
200,0.1,0,random,pcglassoFast_Primal,C,0.002848035868435802,1.7835000000000036,146.15773500658386
200,0.1,0,random,pcglassoFast_Primal,C,0.010000000000000004,1.3395000000000152,146.16957431860607
200,0.1,0,random,pcglassoFast_Primal,I,9.999999999999982e-9,55.1685,146.15225862392853
200,0.1,0,random,pcglassoFast_Primal,I,3.5111917342151263e-8,44.83700000000002,146.15225887114343
200,0.1,0,random,pcglassoFast_Primal,I,1.2328467394420646e-7,40.246,146.15225942248316
200,0.1,0,random,pcglassoFast_Primal,I,4.328761281083054e-7,34.0235,146.15226058377098
200,0.1,0,random,pcglassoFast_Primal,I,1.5199110829529328e-6,26.626499999999993,146.15226226733537
200,0.1,0,random,pcglassoFast_Primal,I,5.336699231206308e-6,20.149,146.1522706678609
200,0.1,0,random,pcglassoFast_Primal,I,1.873817422860384e-5,13.538999999999987,146.1522977190078
200,0.1,0,random,pcglassoFast_Primal,I,6.579332246575681e-5,10.16549999999998,146.15241058648877
200,0.1,0,random,pcglassoFast_Primal,I,2.310129700083161e-4,7.936500000000024,146.15271329272375
200,0.1,0,random,pcglassoFast_Primal,I,8.11130830789687e-4,5.072499999999991,146.15399607137422
200,0.1,0,random,pcglassoFast_Primal,I,0.002848035868435802,3.6419999999999675,146.16208526552882
200,0.1,0,random,pcglassoFast_Primal,I,0.010000000000000004,3.1779999999999973,146.19634915916313
200,0.1,0,random,pcglassoFast_PrimalDual,C,9.999999999999982e-9,6.753499999999999,146.1522580466142
200,0.1,0,random,pcglassoFast_PrimalDual,C,3.5111917342151263e-8,5.541499999999999,146.15225812747795
200,0.1,0,random,pcglassoFast_PrimalDual,C,1.2328467394420646e-7,4.139499999999998,146.15225916816237
200,0.1,0,random,pcglassoFast_PrimalDual,C,4.328761281083054e-7,4.536000000000001,146.15225952434852
200,0.1,0,random,pcglassoFast_PrimalDual,C,1.5199110829529328e-6,3.2590000000000003,146.15226299099476
200,0.1,0,random,pcglassoFast_PrimalDual,C,5.336699231206308e-6,2.8499999999999943,146.15227383220082
200,0.1,0,random,pcglassoFast_PrimalDual,C,1.873817422860384e-5,2.549999999999997,146.1523036535914
200,0.1,0,random,pcglassoFast_PrimalDual,C,6.579332246575681e-5,1.911500000000018,146.15240327550418
200,0.1,0,random,pcglassoFast_PrimalDual,C,2.310129700083161e-4,1.5560000000000116,146.152748335742
200,0.1,0,random,pcglassoFast_PrimalDual,C,8.11130830789687e-4,1.0660000000000025,146.15400366372182
200,0.1,0,random,pcglassoFast_PrimalDual,C,0.002848035868435802,0.8435000000000059,146.15565466374917
200,0.1,0,random,pcglassoFast_PrimalDual,C,0.010000000000000004,0.7210000000000036,146.15725342612274
200,0.1,0,random,pcglassoFast_PrimalDual,I,9.999999999999982e-9,91.2965,146.15225801900579
200,0.1,0,random,pcglassoFast_PrimalDual,I,3.5111917342151263e-8,9.499999999999993,146.15225829510976
200,0.1,0,random,pcglassoFast_PrimalDual,I,1.2328467394420646e-7,7.8174999999999955,146.15225885961817
200,0.1,0,random,pcglassoFast_PrimalDual,I,4.328761281083054e-7,7.212500000000006,146.15225931813143
200,0.1,0,random,pcglassoFast_PrimalDual,I,1.5199110829529328e-6,6.739000000000004,146.15226393360317
200,0.1,0,random,pcglassoFast_PrimalDual,I,5.336699231206308e-6,5.445999999999984,146.15227627322247
200,0.1,0,random,pcglassoFast_PrimalDual,I,1.873817422860384e-5,5.098000000000013,146.1523092790147
200,0.1,0,random,pcglassoFast_PrimalDual,I,6.579332246575681e-5,4.649000000000001,146.15245896744764
200,0.1,0,random,pcglassoFast_PrimalDual,I,2.310129700083161e-4,3.8774999999999977,146.1528742178719
200,0.1,0,random,pcglassoFast_PrimalDual,I,8.11130830789687e-4,3.612000000000023,146.15424583452017
200,0.1,0,random,pcglassoFast_PrimalDual,I,0.002848035868435802,3.1955000000000098,146.16082112440606
200,0.1,0,random,pcglassoFast_PrimalDual,I,0.010000000000000004,2.2694999999999936,146.199711286586
200,0.1,0.5,AR2,pcglasso,C,9.999999999999982e-9,1.6445000000000007,167.0540789038516
200,0.1,0.5,AR2,pcglasso,C,3.5111917342151263e-8,1.6210000000000093,167.0540789053846
200,0.1,0.5,AR2,pcglasso,C,1.2328467394420646e-7,1.4154999999999802,167.05407893696065
200,0.1,0.5,AR2,pcglasso,C,4.328761281083054e-7,1.3564999999999827,167.05407921453823
200,0.1,0.5,AR2,pcglasso,C,1.5199110829529328e-6,1.4715000000000487,167.05407921453823
200,0.1,0.5,AR2,pcglasso,C,5.336699231206308e-6,1.3249999999999886,167.05407947544785
200,0.1,0.5,AR2,pcglasso,C,1.873817422860384e-5,0.9694999999999823,167.05408685272596
200,0.1,0.5,AR2,pcglasso,C,6.579332246575681e-5,0.7139999999999986,167.05421134243886
200,0.1,0.5,AR2,pcglasso,C,2.310129700083161e-4,0.6890000000000214,167.0554233754931
200,0.1,0.5,AR2,pcglasso,C,8.11130830789687e-4,0.34449999999998226,167.990722271413
200,0.1,0.5,AR2,pcglasso,C,0.002848035868435802,0.1370000000000573,283.7106635526587
200,0.1,0.5,AR2,pcglasso,C,0.010000000000000004,0.12950000000000728,277.7360623584828
200,0.1,0.5,AR2,pcglasso,I,9.999999999999982e-9,0.9795000000000016,167.05407890384703
200,0.1,0.5,AR2,pcglasso,I,3.5111917342151263e-8,0.6965000000000003,167.05407890490443
200,0.1,0.5,AR2,pcglasso,I,1.2328467394420646e-7,0.7040000000000077,167.05407893284325
200,0.1,0.5,AR2,pcglasso,I,4.328761281083054e-7,0.5360000000000298,167.05407988254493
200,0.1,0.5,AR2,pcglasso,I,1.5199110829529328e-6,0.6020000000000039,167.05407988254493
200,0.1,0.5,AR2,pcglasso,I,5.336699231206308e-6,0.47200000000003683,167.0540806440051
200,0.1,0.5,AR2,pcglasso,I,1.873817422860384e-5,0.36950000000001637,167.0541368167881
200,0.1,0.5,AR2,pcglasso,I,6.579332246575681e-5,0.22399999999998954,167.05515471957932
200,0.1,0.5,AR2,pcglasso,I,2.310129700083161e-4,0.20949999999999136,167.0544957661767
200,0.1,0.5,AR2,pcglasso,I,8.11130830789687e-4,0.11550000000005411,167.06988497154921
200,0.1,0.5,AR2,pcglasso,I,0.002848035868435802,0.11750000000006366,167.08533393417164
200,0.1,0.5,AR2,pcglasso,I,0.010000000000000004,0.0959999999999468,167.09303716718608
200,0.1,0.5,AR2,pcglassoFast_Dual,C,9.999999999999982e-9,0.2015000000000029,167.0540789038921
200,0.1,0.5,AR2,pcglassoFast_Dual,C,3.5111917342151263e-8,0.18099999999999739,167.0540789051186
200,0.1,0.5,AR2,pcglassoFast_Dual,C,1.2328467394420646e-7,0.16799999999997794,167.0540789051186
200,0.1,0.5,AR2,pcglassoFast_Dual,C,4.328761281083054e-7,0.3830000000000098,167.0540789051186
200,0.1,0.5,AR2,pcglassoFast_Dual,C,1.5199110829529328e-6,0.14699999999999136,167.05407892970555
200,0.1,0.5,AR2,pcglassoFast_Dual,C,5.336699231206308e-6,0.14950000000004593,167.05407892970555
200,0.1,0.5,AR2,pcglassoFast_Dual,C,1.873817422860384e-5,0.13900000000001,167.05407942592024
200,0.1,0.5,AR2,pcglassoFast_Dual,C,6.579332246575681e-5,0.319500000000005,167.05407942592024
200,0.1,0.5,AR2,pcglassoFast_Dual,C,2.310129700083161e-4,0.24849999999997863,167.054089599595
200,0.1,0.5,AR2,pcglassoFast_Dual,C,8.11130830789687e-4,0.12599999999997635,167.054089599595
200,0.1,0.5,AR2,pcglassoFast_Dual,C,0.002848035868435802,0.13100000000002865,167.054089599595
200,0.1,0.5,AR2,pcglassoFast_Dual,C,0.010000000000000004,0.12049999999999272,167.0542913476329
200,0.1,0.5,AR2,pcglassoFast_Dual,I,9.999999999999982e-9,0.12949999999999307,167.05407890390558
200,0.1,0.5,AR2,pcglassoFast_Dual,I,3.5111917342151263e-8,0.11449999999996407,167.0540789052256
200,0.1,0.5,AR2,pcglassoFast_Dual,I,1.2328467394420646e-7,0.1144999999999925,167.0540789052256
200,0.1,0.5,AR2,pcglassoFast_Dual,I,4.328761281083054e-7,0.10249999999996362,167.0540789233807
200,0.1,0.5,AR2,pcglassoFast_Dual,I,1.5199110829529328e-6,0.10200000000003229,167.0540789233807
200,0.1,0.5,AR2,pcglassoFast_Dual,I,5.336699231206308e-6,0.23449999999996862,167.05407917746248
200,0.1,0.5,AR2,pcglassoFast_Dual,I,1.873817422860384e-5,0.09399999999999409,167.05407917746248
200,0.1,0.5,AR2,pcglassoFast_Dual,I,6.579332246575681e-5,0.0805000000000291,167.05408280171616
200,0.1,0.5,AR2,pcglassoFast_Dual,I,2.310129700083161e-4,0.0805000000000291,167.05408280171616
200,0.1,0.5,AR2,pcglassoFast_Dual,I,8.11130830789687e-4,0.19650000000001455,167.05413399485022
200,0.1,0.5,AR2,pcglassoFast_Dual,I,0.002848035868435802,0.1715000000000373,167.05413399485022
200,0.1,0.5,AR2,pcglassoFast_Dual,I,0.010000000000000004,0.069500000000005,167.05413399485022
200,0.1,0.5,AR2,pcglassoFast_Primal,C,9.999999999999982e-9,1.5939999999999976,167.05407890395892
200,0.1,0.5,AR2,pcglassoFast_Primal,C,3.5111917342151263e-8,0.7715000000000316,167.05407890581574
200,0.1,0.5,AR2,pcglassoFast_Primal,C,1.2328467394420646e-7,0.7675000000000125,167.05407890581574
200,0.1,0.5,AR2,pcglassoFast_Primal,C,4.328761281083054e-7,0.7775000000000034,167.05407890581574
200,0.1,0.5,AR2,pcglassoFast_Primal,C,1.5199110829529328e-6,0.6885000000000332,167.05407893936598
200,0.1,0.5,AR2,pcglassoFast_Primal,C,5.336699231206308e-6,0.7930000000000064,167.05407893936598
200,0.1,0.5,AR2,pcglassoFast_Primal,C,1.873817422860384e-5,0.7605000000000359,167.0540795421146
200,0.1,0.5,AR2,pcglassoFast_Primal,C,6.579332246575681e-5,0.6299999999999955,167.0540795421146
200,0.1,0.5,AR2,pcglassoFast_Primal,C,2.310129700083161e-4,0.5790000000000077,167.05409056264193
200,0.1,0.5,AR2,pcglassoFast_Primal,C,8.11130830789687e-4,0.577000000000055,167.05409056264193
200,0.1,0.5,AR2,pcglassoFast_Primal,C,0.002848035868435802,0.5599999999999454,167.05409056264193
200,0.1,0.5,AR2,pcglassoFast_Primal,C,0.010000000000000004,0.5135000000000218,167.0542964131409
200,0.1,0.5,AR2,pcglassoFast_Primal,I,9.999999999999982e-9,0.6290000000000049,167.05407890403632
200,0.1,0.5,AR2,pcglassoFast_Primal,I,3.5111917342151263e-8,0.5649999999999977,167.0540789066745
200,0.1,0.5,AR2,pcglassoFast_Primal,I,1.2328467394420646e-7,0.5139999999999816,167.0540789066745
200,0.1,0.5,AR2,pcglassoFast_Primal,I,4.328761281083054e-7,0.4609999999999843,167.0540789394087
200,0.1,0.5,AR2,pcglassoFast_Primal,I,1.5199110829529328e-6,0.4514999999999816,167.0540789394087
200,0.1,0.5,AR2,pcglassoFast_Primal,I,5.336699231206308e-6,0.444500000000005,167.0540789394087
200,0.1,0.5,AR2,pcglassoFast_Primal,I,1.873817422860384e-5,0.3924999999999841,167.05407935334546
200,0.1,0.5,AR2,pcglassoFast_Primal,I,6.579332246575681e-5,0.39549999999997,167.05407935334546
200,0.1,0.5,AR2,pcglassoFast_Primal,I,2.310129700083161e-4,0.34000000000003183,167.05408469063107
200,0.1,0.5,AR2,pcglassoFast_Primal,I,8.11130830789687e-4,0.33899999999999864,167.05408469063107
200,0.1,0.5,AR2,pcglassoFast_Primal,I,0.002848035868435802,0.29300000000000637,167.0541552411616
200,0.1,0.5,AR2,pcglassoFast_Primal,I,0.010000000000000004,0.28449999999998,167.0541552411616
200,0.1,0.5,AR2,pcglassoFast_PrimalDual,C,9.999999999999982e-9,0.7424999999999926,167.05407890559525
200,0.1,0.5,AR2,pcglassoFast_PrimalDual,C,3.5111917342151263e-8,0.6954999999999814,167.05407890559525
200,0.1,0.5,AR2,pcglassoFast_PrimalDual,C,1.2328467394420646e-7,0.7894999999999754,167.0540789119481
200,0.1,0.5,AR2,pcglassoFast_PrimalDual,C,4.328761281083054e-7,0.6040000000000134,167.0540789119481
200,0.1,0.5,AR2,pcglassoFast_PrimalDual,C,1.5199110829529328e-6,0.6875,167.0540789928715
200,0.1,0.5,AR2,pcglassoFast_PrimalDual,C,5.336699231206308e-6,0.5670000000000073,167.0540789928715
200,0.1,0.5,AR2,pcglassoFast_PrimalDual,C,1.873817422860384e-5,0.7280000000000086,167.0540789928715
200,0.1,0.5,AR2,pcglassoFast_PrimalDual,C,6.579332246575681e-5,0.7515000000000214,167.05408021457447
200,0.1,0.5,AR2,pcglassoFast_PrimalDual,C,2.310129700083161e-4,0.5240000000000009,167.05408021457447
200,0.1,0.5,AR2,pcglassoFast_PrimalDual,C,8.11130830789687e-4,0.4714999999999918,167.05409920042598
200,0.1,0.5,AR2,pcglassoFast_PrimalDual,C,0.002848035868435802,0.47500000000002274,167.05409920042598
200,0.1,0.5,AR2,pcglassoFast_PrimalDual,C,0.010000000000000004,0.42950000000001864,167.05440121858254
200,0.1,0.5,AR2,pcglassoFast_PrimalDual,I,9.999999999999982e-9,0.727999999999998,167.05407890538672
200,0.1,0.5,AR2,pcglassoFast_PrimalDual,I,3.5111917342151263e-8,0.5515000000000327,167.05407890538672
200,0.1,0.5,AR2,pcglassoFast_PrimalDual,I,1.2328467394420646e-7,0.3689999999999998,167.05407891072983
200,0.1,0.5,AR2,pcglassoFast_PrimalDual,I,4.328761281083054e-7,0.4934999999999832,167.05407891072983
200,0.1,0.5,AR2,pcglassoFast_PrimalDual,I,1.5199110829529328e-6,0.3254999999999768,167.0540789683648
200,0.1,0.5,AR2,pcglassoFast_PrimalDual,I,5.336699231206308e-6,0.32550000000003365,167.0540789683648
200,0.1,0.5,AR2,pcglassoFast_PrimalDual,I,1.873817422860384e-5,0.40850000000000364,167.05407961167714
200,0.1,0.5,AR2,pcglassoFast_PrimalDual,I,6.579332246575681e-5,0.28449999999998,167.05407961167714
200,0.1,0.5,AR2,pcglassoFast_PrimalDual,I,2.310129700083161e-4,0.24600000000003774,167.0540870987218
200,0.1,0.5,AR2,pcglassoFast_PrimalDual,I,8.11130830789687e-4,0.24349999999998317,167.0540870987218
200,0.1,0.5,AR2,pcglassoFast_PrimalDual,I,0.002848035868435802,0.3165000000000191,167.05417692420855
200,0.1,0.5,AR2,pcglassoFast_PrimalDual,I,0.010000000000000004,0.19249999999999545,167.05417692420855
200,0.1,0.5,hub_09,pcglasso,C,9.999999999999982e-9,3.4414999999999996,169.31078643532203
200,0.1,0.5,hub_09,pcglasso,C,3.5111917342151263e-8,3.0594999999999963,169.31078643536696
200,0.1,0.5,hub_09,pcglasso,C,1.2328467394420646e-7,3.4399999999999977,169.31078643536696
200,0.1,0.5,hub_09,pcglasso,C,4.328761281083054e-7,3.1300000000000026,169.31078643536696
200,0.1,0.5,hub_09,pcglasso,C,1.5199110829529328e-6,3.279999999999987,169.31078643545524
200,0.1,0.5,hub_09,pcglasso,C,5.336699231206308e-6,3.1004999999999967,169.31078643629965
200,0.1,0.5,hub_09,pcglasso,C,1.873817422860384e-5,2.119500000000002,169.31078647306612
200,0.1,0.5,hub_09,pcglasso,C,6.579332246575681e-5,1.4834999999999923,169.31078662762667
200,0.1,0.5,hub_09,pcglasso,C,2.310129700083161e-4,1.214500000000001,169.31079174503904
200,0.1,0.5,hub_09,pcglasso,C,8.11130830789687e-4,0.5905000000000058,169.40235438351027
200,0.1,0.5,hub_09,pcglasso,C,0.002848035868435802,0.13350000000001216,219.59312206272276
200,0.1,0.5,hub_09,pcglasso,C,0.010000000000000004,0.1460000000000008,219.59312206272276
200,0.1,0.5,hub_09,pcglasso,I,9.999999999999982e-9,0.8850000000000016,169.31078643532226
200,0.1,0.5,hub_09,pcglasso,I,3.5111917342151263e-8,0.6640000000000015,169.31078643532612
200,0.1,0.5,hub_09,pcglasso,I,1.2328467394420646e-7,0.5970000000000013,169.31078643537109
200,0.1,0.5,hub_09,pcglasso,I,4.328761281083054e-7,0.4939999999999998,169.31078643695756
200,0.1,0.5,hub_09,pcglasso,I,1.5199110829529328e-6,0.4930000000000092,169.31078643695756
200,0.1,0.5,hub_09,pcglasso,I,5.336699231206308e-6,0.46350000000002467,169.31078644556644
200,0.1,0.5,hub_09,pcglasso,I,1.873817422860384e-5,0.43949999999999534,169.31078644566816
200,0.1,0.5,hub_09,pcglasso,I,6.579332246575681e-5,0.3299999999999983,169.3107872349441
200,0.1,0.5,hub_09,pcglasso,I,2.310129700083161e-4,0.2775000000000034,169.31079450614095
200,0.1,0.5,hub_09,pcglasso,I,8.11130830789687e-4,0.14149999999999352,169.3120615012498
200,0.1,0.5,hub_09,pcglasso,I,0.002848035868435802,0.09550000000000125,169.32613144217527
200,0.1,0.5,hub_09,pcglasso,I,0.010000000000000004,0.04999999999999716,171.81578348076937
200,0.1,0.5,hub_09,pcglassoFast_Dual,C,9.999999999999982e-9,0.9300000000000015,169.31078643560028
200,0.1,0.5,hub_09,pcglassoFast_Dual,C,3.5111917342151263e-8,0.47100000000000364,169.31078643785793
200,0.1,0.5,hub_09,pcglassoFast_Dual,C,1.2328467394420646e-7,0.3895000000000053,169.31078643785793
200,0.1,0.5,hub_09,pcglassoFast_Dual,C,4.328761281083054e-7,0.3500000000000014,169.31078645869084
200,0.1,0.5,hub_09,pcglassoFast_Dual,C,1.5199110829529328e-6,0.34949999999999193,169.31078645869084
200,0.1,0.5,hub_09,pcglassoFast_Dual,C,5.336699231206308e-6,0.3369999999999891,169.31078665067423
200,0.1,0.5,hub_09,pcglassoFast_Dual,C,1.873817422860384e-5,0.3259999999999934,169.310788420028
200,0.1,0.5,hub_09,pcglassoFast_Dual,C,6.579332246575681e-5,0.2009999999999934,169.310788420028
200,0.1,0.5,hub_09,pcglassoFast_Dual,C,2.310129700083161e-4,0.18600000000000705,169.3108046469363
200,0.1,0.5,hub_09,pcglassoFast_Dual,C,8.11130830789687e-4,0.1880000000000024,169.3108046469363
200,0.1,0.5,hub_09,pcglassoFast_Dual,C,0.002848035868435802,0.1635000000000133,169.3109394163017
200,0.1,0.5,hub_09,pcglassoFast_Dual,C,0.010000000000000004,0.1605000000000132,169.311822702202
200,0.1,0.5,hub_09,pcglassoFast_Dual,I,9.999999999999982e-9,0.2594999999999992,169.31078643649752
200,0.1,0.5,hub_09,pcglassoFast_Dual,I,3.5111917342151263e-8,0.11850000000000094,169.31078643649752
200,0.1,0.5,hub_09,pcglassoFast_Dual,I,1.2328467394420646e-7,0.10150000000000148,169.3107864460232
200,0.1,0.5,hub_09,pcglassoFast_Dual,I,4.328761281083054e-7,0.09950000000000614,169.3107864460232
200,0.1,0.5,hub_09,pcglassoFast_Dual,I,1.5199110829529328e-6,0.08950000000000102,169.31078653270274
200,0.1,0.5,hub_09,pcglassoFast_Dual,I,5.336699231206308e-6,0.08600000000001273,169.31078653270274
200,0.1,0.5,hub_09,pcglassoFast_Dual,I,1.873817422860384e-5,0.2190000000000083,169.3107873219174
200,0.1,0.5,hub_09,pcglassoFast_Dual,I,6.579332246575681e-5,0.07600000000000762,169.3107873219174
200,0.1,0.5,hub_09,pcglassoFast_Dual,I,2.310129700083161e-4,0.06399999999999295,169.31079485176278
200,0.1,0.5,hub_09,pcglassoFast_Dual,I,8.11130830789687e-4,0.05299999999999727,169.31086642468748
200,0.1,0.5,hub_09,pcglassoFast_Dual,I,0.002848035868435802,0.050500000000013756,169.31086642468748
200,0.1,0.5,hub_09,pcglassoFast_Dual,I,0.010000000000000004,0.052499999999994884,169.31086642468748
200,0.1,0.5,hub_09,pcglassoFast_Primal,C,9.999999999999982e-9,1.7934999999999999,169.3107864357541
200,0.1,0.5,hub_09,pcglassoFast_Primal,C,3.5111917342151263e-8,0.9970000000000034,169.31078643917778
200,0.1,0.5,hub_09,pcglassoFast_Primal,C,1.2328467394420646e-7,1.0015,169.31078643917778
200,0.1,0.5,hub_09,pcglassoFast_Primal,C,4.328761281083054e-7,0.9444999999999979,169.31078647011094
200,0.1,0.5,hub_09,pcglassoFast_Primal,C,1.5199110829529328e-6,0.9390000000000072,169.31078647011094
200,0.1,0.5,hub_09,pcglassoFast_Primal,C,5.336699231206308e-6,0.8854999999999933,169.3107867491293
200,0.1,0.5,hub_09,pcglassoFast_Primal,C,1.873817422860384e-5,0.875,169.3107867491293
200,0.1,0.5,hub_09,pcglassoFast_Primal,C,6.579332246575681e-5,0.8155000000000143,169.3107892639347
200,0.1,0.5,hub_09,pcglassoFast_Primal,C,2.310129700083161e-4,0.7544999999999931,169.3108119081558
200,0.1,0.5,hub_09,pcglassoFast_Primal,C,8.11130830789687e-4,0.75,169.3108119081558
200,0.1,0.5,hub_09,pcglassoFast_Primal,C,0.002848035868435802,0.671999999999997,169.31098975676812
200,0.1,0.5,hub_09,pcglassoFast_Primal,C,0.010000000000000004,0.6480000000000103,169.31212454431363
200,0.1,0.5,hub_09,pcglassoFast_Primal,I,9.999999999999982e-9,0.6344999999999992,169.3107864354674
200,0.1,0.5,hub_09,pcglassoFast_Primal,I,3.5111917342151263e-8,0.44649999999999324,169.31078643661945
200,0.1,0.5,hub_09,pcglassoFast_Primal,I,1.2328467394420646e-7,0.38649999999999807,169.31078644689293
200,0.1,0.5,hub_09,pcglassoFast_Primal,I,4.328761281083054e-7,0.5259999999999962,169.31078644689293
200,0.1,0.5,hub_09,pcglassoFast_Primal,I,1.5199110829529328e-6,0.3269999999999982,169.31078653849457
200,0.1,0.5,hub_09,pcglassoFast_Primal,I,5.336699231206308e-6,0.32450000000000045,169.31078653849457
200,0.1,0.5,hub_09,pcglassoFast_Primal,I,1.873817422860384e-5,0.27249999999999375,169.31078735692458
200,0.1,0.5,hub_09,pcglassoFast_Primal,I,6.579332246575681e-5,0.26549999999998875,169.31078735692458
200,0.1,0.5,hub_09,pcglassoFast_Primal,I,2.310129700083161e-4,0.20199999999999818,169.31079502065012
200,0.1,0.5,hub_09,pcglassoFast_Primal,I,8.11130830789687e-4,0.14749999999999375,169.3108669393638
200,0.1,0.5,hub_09,pcglassoFast_Primal,I,0.002848035868435802,0.2704999999999984,169.3108669393638
200,0.1,0.5,hub_09,pcglassoFast_Primal,I,0.010000000000000004,0.14150000000000773,169.3108669393638
200,0.1,0.5,hub_09,pcglassoFast_PrimalDual,C,9.999999999999982e-9,0.8610000000000007,169.31078643574483
200,0.1,0.5,hub_09,pcglassoFast_PrimalDual,C,3.5111917342151263e-8,0.8225000000000016,169.31078643909532
200,0.1,0.5,hub_09,pcglassoFast_PrimalDual,C,1.2328467394420646e-7,0.5544999999999973,169.31078643909532
200,0.1,0.5,hub_09,pcglassoFast_PrimalDual,C,4.328761281083054e-7,0.535499999999999,169.3107864693687
200,0.1,0.5,hub_09,pcglassoFast_PrimalDual,C,1.5199110829529328e-6,0.6784999999999997,169.3107864693687
200,0.1,0.5,hub_09,pcglassoFast_PrimalDual,C,5.336699231206308e-6,0.5009999999999906,169.31078674244793
200,0.1,0.5,hub_09,pcglassoFast_PrimalDual,C,1.873817422860384e-5,0.5085000000000122,169.31078674244793
200,0.1,0.5,hub_09,pcglassoFast_PrimalDual,C,6.579332246575681e-5,0.6240000000000094,169.3107892038602
200,0.1,0.5,hub_09,pcglassoFast_PrimalDual,C,2.310129700083161e-4,0.4374999999999858,169.31081136850793
200,0.1,0.5,hub_09,pcglassoFast_PrimalDual,C,8.11130830789687e-4,0.5574999999999761,169.31081136850793
200,0.1,0.5,hub_09,pcglassoFast_PrimalDual,C,0.002848035868435802,0.4194999999999993,169.31098586129448
200,0.1,0.5,hub_09,pcglassoFast_PrimalDual,C,0.010000000000000004,0.3795000000000073,169.31210172036265
200,0.1,0.5,hub_09,pcglassoFast_PrimalDual,I,9.999999999999982e-9,0.4319999999999986,169.31078643546738
200,0.1,0.5,hub_09,pcglassoFast_PrimalDual,I,3.5111917342151263e-8,0.37400000000000233,169.3107864366192
200,0.1,0.5,hub_09,pcglassoFast_PrimalDual,I,1.2328467394420646e-7,0.21599999999999397,169.31078644689123
200,0.1,0.5,hub_09,pcglassoFast_PrimalDual,I,4.328761281083054e-7,0.21400000000001285,169.31078644689123
200,0.1,0.5,hub_09,pcglassoFast_PrimalDual,I,1.5199110829529328e-6,0.18649999999999523,169.31078653848346
200,0.1,0.5,hub_09,pcglassoFast_PrimalDual,I,5.336699231206308e-6,0.1869999999999976,169.31078653848346
200,0.1,0.5,hub_09,pcglassoFast_PrimalDual,I,1.873817422860384e-5,0.15500000000000114,169.3107873568584
200,0.1,0.5,hub_09,pcglassoFast_PrimalDual,I,6.579332246575681e-5,0.15399999999999636,169.3107873568584
200,0.1,0.5,hub_09,pcglassoFast_PrimalDual,I,2.310129700083161e-4,0.12699999999998113,169.31079502033253
200,0.1,0.5,hub_09,pcglassoFast_PrimalDual,I,8.11130830789687e-4,0.09499999999999886,169.31086693855065
200,0.1,0.5,hub_09,pcglassoFast_PrimalDual,I,0.002848035868435802,0.09550000000000125,169.31086693855065
200,0.1,0.5,hub_09,pcglassoFast_PrimalDual,I,0.010000000000000004,0.10200000000000387,169.31086693855065
200,0.1,0.5,hub_1,pcglasso,C,9.999999999999982e-9,15.753499999999995,107.79923040168978
200,0.1,0.5,hub_1,pcglasso,C,3.5111917342151263e-8,12.734499999999997,107.79923376864153
200,0.1,0.5,hub_1,pcglasso,C,1.2328467394420646e-7,10.422000000000025,107.79925389776812
200,0.1,0.5,hub_1,pcglasso,C,4.328761281083054e-7,10.724500000000035,107.79933417534947
200,0.1,0.5,hub_1,pcglasso,C,1.5199110829529328e-6,7.807000000000016,107.80018864356661
200,0.1,0.5,hub_1,pcglasso,C,5.336699231206308e-6,8.357499999999959,107.80087751453546
200,0.1,0.5,hub_1,pcglasso,C,1.873817422860384e-5,6.7514999999999645,107.80617022949455
200,0.1,0.5,hub_1,pcglasso,C,6.579332246575681e-5,5.393500000000017,108.08888485759257
200,0.1,0.5,hub_1,pcglasso,C,2.310129700083161e-4,6.215000000000032,108.00872510676948
200,0.1,0.5,hub_1,pcglasso,C,8.11130830789687e-4,9.591000000000008,122.22898441679914
200,0.1,0.5,hub_1,pcglasso,C,0.002848035868435802,2.162999999999954,335.1589038637586
200,0.1,0.5,hub_1,pcglasso,C,0.010000000000000004,2.173000000000002,335.1589038637586
200,0.1,0.5,hub_1,pcglasso,I,9.999999999999982e-9,17.13799999999999,107.79923042243252
200,0.1,0.5,hub_1,pcglasso,I,3.5111917342151263e-8,14.361500000000007,107.7992355044137
200,0.1,0.5,hub_1,pcglasso,I,1.2328467394420646e-7,12.91100000000003,107.79924849257102
200,0.1,0.5,hub_1,pcglasso,I,4.328761281083054e-7,11.893000000000029,107.79936224087707
200,0.1,0.5,hub_1,pcglasso,I,1.5199110829529328e-6,10.054500000000075,107.79962040133026
200,0.1,0.5,hub_1,pcglasso,I,5.336699231206308e-6,9.644000000000005,107.80608091478032
200,0.1,0.5,hub_1,pcglasso,I,1.873817422860384e-5,7.7379999999999995,107.81666706130747
200,0.1,0.5,hub_1,pcglasso,I,6.579332246575681e-5,0.7344999999999686,119.29562013187045
200,0.1,0.5,hub_1,pcglasso,I,2.310129700083161e-4,0.5849999999999227,120.4873802875461
200,0.1,0.5,hub_1,pcglasso,I,8.11130830789687e-4,0.5760000000000218,119.99182099317454
200,0.1,0.5,hub_1,pcglasso,I,0.002848035868435802,0.34449999999998226,121.06410197135841
200,0.1,0.5,hub_1,pcglasso,I,0.010000000000000004,0.4469999999999459,121.84522077433706
200,0.1,0.5,hub_1,pcglassoFast_Dual,C,9.999999999999982e-9,143.29200000000003,107.79923023719005
200,0.1,0.5,hub_1,pcglassoFast_Dual,C,3.5111917342151263e-8,140.455,107.79923023719005
200,0.1,0.5,hub_1,pcglassoFast_Dual,C,1.2328467394420646e-7,138.3925,107.79923024927776
200,0.1,0.5,hub_1,pcglassoFast_Dual,C,4.328761281083054e-7,126.44749999999999,107.7992302465765
200,0.1,0.5,hub_1,pcglassoFast_Dual,C,1.5199110829529328e-6,125.04149999999996,107.79923296155177
200,0.1,0.5,hub_1,pcglassoFast_Dual,C,5.336699231206308e-6,125.22200000000001,107.79923296155177
200,0.1,0.5,hub_1,pcglassoFast_Dual,C,1.873817422860384e-5,123.57400000000001,107.79924675966275
200,0.1,0.5,hub_1,pcglassoFast_Dual,C,6.579332246575681e-5,123.97749999999996,107.79924679921058
200,0.1,0.5,hub_1,pcglassoFast_Dual,C,2.310129700083161e-4,124.27750000000003,107.79967584719819
200,0.1,0.5,hub_1,pcglassoFast_Dual,C,8.11130830789687e-4,121.19749999999999,107.79967584719819
200,0.1,0.5,hub_1,pcglassoFast_Dual,C,0.002848035868435802,120.51049999999998,107.79965173812329
200,0.1,0.5,hub_1,pcglassoFast_Dual,C,0.010000000000000004,121.59899999999999,107.80366606988026
200,0.1,0.5,hub_1,pcglassoFast_Dual,I,9.999999999999982e-9,18.366,107.79923020853141
200,0.1,0.5,hub_1,pcglassoFast_Dual,I,3.5111917342151263e-8,17.6045,107.79923020853141
200,0.1,0.5,hub_1,pcglassoFast_Dual,I,1.2328467394420646e-7,16.803499999999985,107.79923022266954
200,0.1,0.5,hub_1,pcglassoFast_Dual,I,4.328761281083054e-7,16.21549999999999,107.79923047558843
200,0.1,0.5,hub_1,pcglassoFast_Dual,I,1.5199110829529328e-6,15.694999999999993,107.79923167048923
200,0.1,0.5,hub_1,pcglassoFast_Dual,I,5.336699231206308e-6,15.420500000000004,107.79923167048923
200,0.1,0.5,hub_1,pcglassoFast_Dual,I,1.873817422860384e-5,15.150000000000034,107.7992408278829
200,0.1,0.5,hub_1,pcglassoFast_Dual,I,6.579332246575681e-5,15.030999999999949,107.79925471773709
200,0.1,0.5,hub_1,pcglassoFast_Dual,I,2.310129700083161e-4,14.968999999999994,107.7992870810386
200,0.1,0.5,hub_1,pcglassoFast_Dual,I,8.11130830789687e-4,14.906999999999982,107.7992870810386
200,0.1,0.5,hub_1,pcglassoFast_Dual,I,0.002848035868435802,14.305499999999995,107.79937801008855
200,0.1,0.5,hub_1,pcglassoFast_Dual,I,0.010000000000000004,14.066500000000019,107.81865326603236
200,0.1,0.5,hub_1,pcglassoFast_Primal,C,9.999999999999982e-9,82.852,107.79923205304065
200,0.1,0.5,hub_1,pcglassoFast_Primal,C,3.5111917342151263e-8,66.6795,107.79923406157607
200,0.1,0.5,hub_1,pcglassoFast_Primal,C,1.2328467394420646e-7,56.55800000000002,107.79923714614672
200,0.1,0.5,hub_1,pcglassoFast_Primal,C,4.328761281083054e-7,44.322,107.7992329541958
200,0.1,0.5,hub_1,pcglassoFast_Primal,C,1.5199110829529328e-6,34.295500000000004,107.7992625894
200,0.1,0.5,hub_1,pcglassoFast_Primal,C,5.336699231206308e-6,26.307999999999993,107.79941848683109
200,0.1,0.5,hub_1,pcglassoFast_Primal,C,1.873817422860384e-5,17.855999999999995,107.80014979737585
200,0.1,0.5,hub_1,pcglassoFast_Primal,C,6.579332246575681e-5,8.475000000000023,107.79954415718407
200,0.1,0.5,hub_1,pcglassoFast_Primal,C,2.310129700083161e-4,3.9375,107.79982779864808
200,0.1,0.5,hub_1,pcglassoFast_Primal,C,8.11130830789687e-4,2.2684999999999604,107.83075229958384
200,0.1,0.5,hub_1,pcglassoFast_Primal,C,0.002848035868435802,1.955000000000041,107.81367658681772
200,0.1,0.5,hub_1,pcglassoFast_Primal,C,0.010000000000000004,1.72199999999998,107.81805168846151
200,0.1,0.5,hub_1,pcglassoFast_Primal,I,9.999999999999982e-9,94.937,107.79923162548796
200,0.1,0.5,hub_1,pcglassoFast_Primal,I,3.5111917342151263e-8,67.53600000000003,107.7992330299235
200,0.1,0.5,hub_1,pcglassoFast_Primal,I,1.2328467394420646e-7,65.410000000000025,107.79923108042647
200,0.1,0.5,hub_1,pcglassoFast_Primal,I,4.328761281083054e-7,44.720500000000044,107.79925765828708
200,0.1,0.5,hub_1,pcglassoFast_Primal,I,1.5199110829529328e-6,36.902499999999975,107.79923861359443
200,0.1,0.5,hub_1,pcglassoFast_Primal,I,5.336699231206308e-6,28.4015,107.79937304388355
200,0.1,0.5,hub_1,pcglassoFast_Primal,I,1.873817422860384e-5,19.116000000000042,107.80022041650783
200,0.1,0.5,hub_1,pcglassoFast_Primal,I,6.579332246575681e-5,11.648500000000013,107.79944365829057
200,0.1,0.5,hub_1,pcglassoFast_Primal,I,2.310129700083161e-4,5.620999999999981,107.80164110790675
200,0.1,0.5,hub_1,pcglassoFast_Primal,I,8.11130830789687e-4,3.277999999999963,107.80609243032099
200,0.1,0.5,hub_1,pcglassoFast_Primal,I,0.002848035868435802,2.3234999999999673,107.87525140820057
200,0.1,0.5,hub_1,pcglassoFast_Primal,I,0.010000000000000004,2.1019999999999754,108.02353603987754
200,0.1,0.5,hub_1,pcglassoFast_PrimalDual,C,9.999999999999982e-9,0.8839999999999986,107.79923020307511
200,0.1,0.5,hub_1,pcglassoFast_PrimalDual,C,3.5111917342151263e-8,0.6964999999999861,107.79923020307511
200,0.1,0.5,hub_1,pcglassoFast_PrimalDual,C,1.2328467394420646e-7,0.41399999999998727,107.79923020901248
200,0.1,0.5,hub_1,pcglassoFast_PrimalDual,C,4.328761281083054e-7,0.515500000000003,107.7992302562864
200,0.1,0.5,hub_1,pcglassoFast_PrimalDual,C,1.5199110829529328e-6,0.3725000000000023,107.7992302562864
200,0.1,0.5,hub_1,pcglassoFast_PrimalDual,C,5.336699231206308e-6,0.34099999999995134,107.79923062856383
200,0.1,0.5,hub_1,pcglassoFast_PrimalDual,C,1.873817422860384e-5,0.4749999999999659,107.79923062856383
200,0.1,0.5,hub_1,pcglassoFast_PrimalDual,C,6.579332246575681e-5,0.3154999999999859,107.7992336066488
200,0.1,0.5,hub_1,pcglassoFast_PrimalDual,C,2.310129700083161e-4,0.42799999999999727,107.79926131650699
200,0.1,0.5,hub_1,pcglassoFast_PrimalDual,C,8.11130830789687e-4,0.2810000000000059,107.79926131650699
200,0.1,0.5,hub_1,pcglassoFast_PrimalDual,C,0.002848035868435802,0.2534999999999741,107.79948846096653
200,0.1,0.5,hub_1,pcglassoFast_PrimalDual,C,0.010000000000000004,0.24949999999995498,107.79948846096653
200,0.1,0.5,hub_1,pcglassoFast_PrimalDual,I,9.999999999999982e-9,2.122499999999995,107.79923020226276
200,0.1,0.5,hub_1,pcglassoFast_PrimalDual,I,3.5111917342151263e-8,1.8009999999999948,107.79923020479174
200,0.1,0.5,hub_1,pcglassoFast_PrimalDual,I,1.2328467394420646e-7,1.6185000000000116,107.79923020479174
200,0.1,0.5,hub_1,pcglassoFast_PrimalDual,I,4.328761281083054e-7,1.6559999999999775,107.79923022549852
200,0.1,0.5,hub_1,pcglassoFast_PrimalDual,I,1.5199110829529328e-6,1.5209999999999866,107.7992303977455
200,0.1,0.5,hub_1,pcglassoFast_PrimalDual,I,5.336699231206308e-6,1.5299999999999727,107.7992303977455
200,0.1,0.5,hub_1,pcglassoFast_PrimalDual,I,1.873817422860384e-5,1.6365000000000123,107.79923185282757
200,0.1,0.5,hub_1,pcglassoFast_PrimalDual,I,6.579332246575681e-5,1.6129999999999995,107.79923185282757
200,0.1,0.5,hub_1,pcglassoFast_PrimalDual,I,2.310129700083161e-4,1.597500000000025,107.79924433218528
200,0.1,0.5,hub_1,pcglassoFast_PrimalDual,I,8.11130830789687e-4,1.5885000000000105,107.79924433218528
200,0.1,0.5,hub_1,pcglassoFast_PrimalDual,I,0.002848035868435802,1.4374999999999432,107.79935301132838
200,0.1,0.5,hub_1,pcglassoFast_PrimalDual,I,0.010000000000000004,1.5389999999999873,107.80031528198546
200,0.1,0.5,random,pcglasso,C,9.999999999999982e-9,15.036999999999999,156.35691180723074
200,0.1,0.5,random,pcglasso,C,3.5111917342151263e-8,13.618500000000001,156.35691260636932
200,0.1,0.5,random,pcglasso,C,1.2328467394420646e-7,9.760499999999993,156.35694119804722
200,0.1,0.5,random,pcglasso,C,4.328761281083054e-7,9.095500000000008,156.35704342037747
200,0.1,0.5,random,pcglasso,C,1.5199110829529328e-6,7.599500000000006,156.35783257520174
200,0.1,0.5,random,pcglasso,C,5.336699231206308e-6,4.141999999999996,156.37796338219823
200,0.1,0.5,random,pcglasso,C,1.873817422860384e-5,2.858000000000004,156.4386160061308
200,0.1,0.5,random,pcglasso,C,6.579332246575681e-5,2.021499999999989,157.11616445225852
200,0.1,0.5,random,pcglasso,C,2.310129700083161e-4,1.150500000000008,159.63817228846997
200,0.1,0.5,random,pcglasso,C,8.11130830789687e-4,0.5725000000000051,163.98528240841694
200,0.1,0.5,random,pcglasso,C,0.002848035868435802,0.17049999999998988,386.59108708401084
200,0.1,0.5,random,pcglasso,C,0.010000000000000004,0.1729999999999876,386.59108708401084
200,0.1,0.5,random,pcglasso,I,9.999999999999982e-9,21.247,156.3569116955466
200,0.1,0.5,random,pcglasso,I,3.5111917342151263e-8,19.454500000000003,156.35691264040943
200,0.1,0.5,random,pcglasso,I,1.2328467394420646e-7,15.821500000000007,156.3569262068632
200,0.1,0.5,random,pcglasso,I,4.328761281083054e-7,11.88199999999999,156.3570837158989
200,0.1,0.5,random,pcglasso,I,1.5199110829529328e-6,8.472999999999999,156.3601793415739
200,0.1,0.5,random,pcglasso,I,5.336699231206308e-6,4.069999999999993,156.41278936334334
200,0.1,0.5,random,pcglasso,I,1.873817422860384e-5,1.4030000000000058,156.59034785784203
200,0.1,0.5,random,pcglasso,I,6.579332246575681e-5,0.6965000000000003,156.85672396320197
200,0.1,0.5,random,pcglasso,I,2.310129700083161e-4,0.38049999999999784,157.47232068724028
200,0.1,0.5,random,pcglasso,I,8.11130830789687e-4,0.21249999999999147,158.75134608832494
200,0.1,0.5,random,pcglasso,I,0.002848035868435802,0.17949999999999022,158.8673691555748
200,0.1,0.5,random,pcglasso,I,0.010000000000000004,0.1700000000000017,159.03489478117677
200,0.1,0.5,random,pcglassoFast_Dual,C,9.999999999999982e-9,3.010500000000002,156.3569116446857
200,0.1,0.5,random,pcglassoFast_Dual,C,3.5111917342151263e-8,2.915999999999997,156.35691163406668
200,0.1,0.5,random,pcglassoFast_Dual,C,1.2328467394420646e-7,2.7804999999999964,156.35691177353343
200,0.1,0.5,random,pcglassoFast_Dual,C,4.328761281083054e-7,1.798499999999997,156.35691221689947
200,0.1,0.5,random,pcglassoFast_Dual,C,1.5199110829529328e-6,2.6100000000000136,156.35691396085497
200,0.1,0.5,random,pcglassoFast_Dual,C,5.336699231206308e-6,2.197000000000017,156.35691677588352
200,0.1,0.5,random,pcglassoFast_Dual,C,1.873817422860384e-5,1.9230000000000018,156.35693569394556
200,0.1,0.5,random,pcglassoFast_Dual,C,6.579332246575681e-5,1.5930000000000035,156.35699215134645
200,0.1,0.5,random,pcglassoFast_Dual,C,2.310129700083161e-4,1.413499999999999,156.3574112318977
200,0.1,0.5,random,pcglassoFast_Dual,C,8.11130830789687e-4,0.8455000000000013,156.36186601339367
200,0.1,0.5,random,pcglassoFast_Dual,C,0.002848035868435802,0.4440000000000026,156.37152955000957
200,0.1,0.5,random,pcglassoFast_Dual,C,0.010000000000000004,0.5934999999999917,156.38401380743747
200,0.1,0.5,random,pcglassoFast_Dual,I,9.999999999999982e-9,5.038500000000001,156.3569116171971
200,0.1,0.5,random,pcglassoFast_Dual,I,3.5111917342151263e-8,3.2364999999999995,156.35691166539704
200,0.1,0.5,random,pcglassoFast_Dual,I,1.2328467394420646e-7,2.9609999999999985,156.35691366251535
200,0.1,0.5,random,pcglassoFast_Dual,I,4.328761281083054e-7,2.7695000000000007,156.35692268038508
200,0.1,0.5,random,pcglassoFast_Dual,I,1.5199110829529328e-6,2.117999999999995,156.35692394679234
200,0.1,0.5,random,pcglassoFast_Dual,I,5.336699231206308e-6,2.4270000000000067,156.35694052354316
200,0.1,0.5,random,pcglassoFast_Dual,I,1.873817422860384e-5,2.183000000000007,156.35694671713523
200,0.1,0.5,random,pcglassoFast_Dual,I,6.579332246575681e-5,1.9450000000000074,156.35704732163953
200,0.1,0.5,random,pcglassoFast_Dual,I,2.310129700083161e-4,1.6614999999999895,156.35720994198394
200,0.1,0.5,random,pcglassoFast_Dual,I,8.11130830789687e-4,1.4184999999999945,156.35785679811255
200,0.1,0.5,random,pcglassoFast_Dual,I,0.002848035868435802,1.0390000000000015,156.36119622329176
200,0.1,0.5,random,pcglassoFast_Dual,I,0.010000000000000004,0.8144999999999953,156.3991989060774
200,0.1,0.5,random,pcglassoFast_Primal,C,9.999999999999982e-9,16.493000000000002,156.35691170668287
200,0.1,0.5,random,pcglassoFast_Primal,C,3.5111917342151263e-8,12.889999999999999,156.35691174976756
200,0.1,0.5,random,pcglassoFast_Primal,C,1.2328467394420646e-7,11.353000000000002,156.35691196840475
200,0.1,0.5,random,pcglassoFast_Primal,C,4.328761281083054e-7,9.423000000000009,156.3569125071026
200,0.1,0.5,random,pcglassoFast_Primal,C,1.5199110829529328e-6,7.9465,156.3569136108669
200,0.1,0.5,random,pcglassoFast_Primal,C,5.336699231206308e-6,6.5595,156.3569247425881
200,0.1,0.5,random,pcglassoFast_Primal,C,1.873817422860384e-5,5.070000000000007,156.35695179927106
200,0.1,0.5,random,pcglassoFast_Primal,C,6.579332246575681e-5,3.7335000000000065,156.35710487487586
200,0.1,0.5,random,pcglassoFast_Primal,C,2.310129700083161e-4,2.456000000000003,156.35765065259355
200,0.1,0.5,random,pcglassoFast_Primal,C,8.11130830789687e-4,1.9745000000000061,156.35970046463845
200,0.1,0.5,random,pcglassoFast_Primal,C,0.002848035868435802,1.4000000000000057,156.36373664037626
200,0.1,0.5,random,pcglassoFast_Primal,C,0.010000000000000004,0.7134999999999962,156.41399325880636
200,0.1,0.5,random,pcglassoFast_Primal,I,9.999999999999982e-9,21.783,156.35691170665487
200,0.1,0.5,random,pcglassoFast_Primal,I,3.5111917342151263e-8,19.71,156.35691174735837
200,0.1,0.5,random,pcglassoFast_Primal,I,1.2328467394420646e-7,17.786,156.356911948718
200,0.1,0.5,random,pcglassoFast_Primal,I,4.328761281083054e-7,14.888999999999996,156.3569123145526
200,0.1,0.5,random,pcglassoFast_Primal,I,1.5199110829529328e-6,13.259000000000015,156.35691351723318
200,0.1,0.5,random,pcglassoFast_Primal,I,5.336699231206308e-6,11.254500000000007,156.35692017813247
200,0.1,0.5,random,pcglassoFast_Primal,I,1.873817422860384e-5,9.034999999999997,156.35695105352968
200,0.1,0.5,random,pcglassoFast_Primal,I,6.579332246575681e-5,6.768500000000003,156.35710473585783
200,0.1,0.5,random,pcglassoFast_Primal,I,2.310129700083161e-4,5.515000000000015,156.35746036768768
200,0.1,0.5,random,pcglassoFast_Primal,I,8.11130830789687e-4,3.7379999999999995,156.35954454058685
200,0.1,0.5,random,pcglassoFast_Primal,I,0.002848035868435802,2.7449999999999903,156.36737837262578
200,0.1,0.5,random,pcglassoFast_Primal,I,0.010000000000000004,1.9369999999999976,156.40957836882833
200,0.1,0.5,random,pcglassoFast_PrimalDual,C,9.999999999999982e-9,8.068999999999999,156.35691164296375
200,0.1,0.5,random,pcglassoFast_PrimalDual,C,3.5111917342151263e-8,5.975500000000004,156.3569118797616
200,0.1,0.5,random,pcglassoFast_PrimalDual,C,1.2328467394420646e-7,6.172000000000004,156.3569120314971
200,0.1,0.5,random,pcglassoFast_PrimalDual,C,4.328761281083054e-7,4.987000000000002,156.3569131259709
200,0.1,0.5,random,pcglassoFast_PrimalDual,C,1.5199110829529328e-6,4.498499999999993,156.35691693744397
200,0.1,0.5,random,pcglassoFast_PrimalDual,C,5.336699231206308e-6,4.226499999999987,156.35692742448038
200,0.1,0.5,random,pcglassoFast_PrimalDual,C,1.873817422860384e-5,3.5405000000000086,156.35695785251244
200,0.1,0.5,random,pcglassoFast_PrimalDual,C,6.579332246575681e-5,3.1555000000000035,156.3570920756252
200,0.1,0.5,random,pcglassoFast_PrimalDual,C,2.310129700083161e-4,2.668999999999997,156.35758096798915
200,0.1,0.5,random,pcglassoFast_PrimalDual,C,8.11130830789687e-4,2.2350000000000136,156.35989993148516
200,0.1,0.5,random,pcglassoFast_PrimalDual,C,0.002848035868435802,1.2604999999999933,156.36810447964405
200,0.1,0.5,random,pcglassoFast_PrimalDual,C,0.010000000000000004,0.8064999999999998,156.37741880384698
200,0.1,0.5,random,pcglassoFast_PrimalDual,I,9.999999999999982e-9,9.273500000000002,156.35691165199268
200,0.1,0.5,random,pcglassoFast_PrimalDual,I,3.5111917342151263e-8,7.748500000000007,156.3569118964259
200,0.1,0.5,random,pcglassoFast_PrimalDual,I,1.2328467394420646e-7,7.838000000000001,156.35691197465715
200,0.1,0.5,random,pcglassoFast_PrimalDual,I,4.328761281083054e-7,6.667999999999992,156.35691281798682
200,0.1,0.5,random,pcglassoFast_PrimalDual,I,1.5199110829529328e-6,6.465000000000003,156.35691603518055
200,0.1,0.5,random,pcglassoFast_PrimalDual,I,5.336699231206308e-6,5.798000000000002,156.3569285253771
200,0.1,0.5,random,pcglassoFast_PrimalDual,I,1.873817422860384e-5,5.1640000000000015,156.35696141444063
200,0.1,0.5,random,pcglassoFast_PrimalDual,I,6.579332246575681e-5,4.9750000000000085,156.3571068059448
200,0.1,0.5,random,pcglassoFast_PrimalDual,I,2.310129700083161e-4,4.402500000000003,156.3576415457509
200,0.1,0.5,random,pcglassoFast_PrimalDual,I,8.11130830789687e-4,3.6049999999999898,156.3595053742922
200,0.1,0.5,random,pcglassoFast_PrimalDual,I,0.002848035868435802,2.894999999999982,156.3693024845847
200,0.1,0.5,random,pcglassoFast_PrimalDual,I,0.010000000000000004,2.045500000000004,156.4024514218619
200,0.2,0,AR2,pcglasso,C,9.999999999999982e-9,3.753999999999998,188.57412731794338
200,0.2,0,AR2,pcglasso,C,3.5111917342151263e-8,3.0305000000000177,188.57412735035405
200,0.2,0,AR2,pcglasso,C,1.2328467394420646e-7,2.689499999999981,188.57412777852713
200,0.2,0,AR2,pcglasso,C,4.328761281083054e-7,2.792999999999978,188.57412802425466
200,0.2,0,AR2,pcglasso,C,1.5199110829529328e-6,2.402499999999975,188.57413301450492
200,0.2,0,AR2,pcglasso,C,5.336699231206308e-6,2.4630000000000223,188.57445554431055
200,0.2,0,AR2,pcglasso,C,1.873817422860384e-5,1.847500000000025,188.5778519464027
200,0.2,0,AR2,pcglasso,C,6.579332246575681e-5,1.1235000000000355,188.61300344134676
200,0.2,0,AR2,pcglasso,C,2.310129700083161e-4,0.9085000000000036,189.18940518128406
200,0.2,0,AR2,pcglasso,C,8.11130830789687e-4,0.34199999999998454,202.94934895336712
200,0.2,0,AR2,pcglasso,C,0.002848035868435802,0.13800000000003365,262.80396596551566
200,0.2,0,AR2,pcglasso,C,0.010000000000000004,0.13249999999999318,258.372623585919
200,0.2,0,AR2,pcglasso,I,9.999999999999982e-9,1.843999999999994,188.5741273182208
200,0.2,0,AR2,pcglasso,I,3.5111917342151263e-8,1.6315000000000168,188.5741273302733
200,0.2,0,AR2,pcglasso,I,1.2328467394420646e-7,1.3070000000000164,188.57412748203333
200,0.2,0,AR2,pcglasso,I,4.328761281083054e-7,1.2819999999999823,188.57412777462935
200,0.2,0,AR2,pcglasso,I,1.5199110829529328e-6,1.3280000000000314,188.5741310290778
200,0.2,0,AR2,pcglasso,I,5.336699231206308e-6,1.3599999999999568,188.57422624678063
200,0.2,0,AR2,pcglasso,I,1.873817422860384e-5,0.785000000000025,188.57528400079514
200,0.2,0,AR2,pcglasso,I,6.579332246575681e-5,0.5104999999999791,188.58837633203936
200,0.2,0,AR2,pcglasso,I,2.310129700083161e-4,0.27499999999997726,188.7855281700258
200,0.2,0,AR2,pcglasso,I,8.11130830789687e-4,0.24549999999993588,189.26923986668623
200,0.2,0,AR2,pcglasso,I,0.002848035868435802,0.11599999999998545,189.42515675122564
200,0.2,0,AR2,pcglasso,I,0.010000000000000004,0.1239999999999668,189.42515675122564
200,0.2,0,AR2,pcglassoFast_Dual,C,9.999999999999982e-9,0.39699999999999136,188.5741273095197
200,0.2,0,AR2,pcglassoFast_Dual,C,3.5111917342151263e-8,0.4309999999999832,188.5741273095197
200,0.2,0,AR2,pcglassoFast_Dual,C,1.2328467394420646e-7,0.3760000000000048,188.57412731939726
200,0.2,0,AR2,pcglassoFast_Dual,C,4.328761281083054e-7,0.2259999999999991,188.57412748137148
200,0.2,0,AR2,pcglassoFast_Dual,C,1.5199110829529328e-6,0.32749999999998636,188.57412788670024
200,0.2,0,AR2,pcglassoFast_Dual,C,5.336699231206308e-6,0.20949999999993452,188.57412932169458
200,0.2,0,AR2,pcglassoFast_Dual,C,1.873817422860384e-5,0.19849999999996726,188.5741343954892
200,0.2,0,AR2,pcglassoFast_Dual,C,6.579332246575681e-5,0.20100000000002183,188.5741343954892
200,0.2,0,AR2,pcglassoFast_Dual,C,2.310129700083161e-4,0.1834999999999809,188.57415272644369
200,0.2,0,AR2,pcglassoFast_Dual,C,8.11130830789687e-4,0.1750000000000682,188.574218562613
200,0.2,0,AR2,pcglassoFast_Dual,C,0.002848035868435802,0.17149999999998045,188.57445819800148
200,0.2,0,AR2,pcglassoFast_Dual,C,0.010000000000000004,0.15750000000002728,188.57534048123804
200,0.2,0,AR2,pcglassoFast_Dual,I,9.999999999999982e-9,0.23750000000001137,188.57412730935783
200,0.2,0,AR2,pcglassoFast_Dual,I,3.5111917342151263e-8,0.1839999999999975,188.57412731903864
200,0.2,0,AR2,pcglassoFast_Dual,I,1.2328467394420646e-7,0.17799999999999727,188.57412735400095
200,0.2,0,AR2,pcglassoFast_Dual,I,4.328761281083054e-7,0.31150000000002365,188.57412747240292
200,0.2,0,AR2,pcglassoFast_Dual,I,1.5199110829529328e-6,0.15450000000004138,188.5741278819918
200,0.2,0,AR2,pcglassoFast_Dual,I,5.336699231206308e-6,0.28449999999998,188.57412935074214
200,0.2,0,AR2,pcglassoFast_Dual,I,1.873817422860384e-5,0.1439999999999486,188.57412935074214
200,0.2,0,AR2,pcglassoFast_Dual,I,6.579332246575681e-5,0.13450000000005957,188.57413459417077
200,0.2,0,AR2,pcglassoFast_Dual,I,2.310129700083161e-4,0.2599999999999909,188.57415348887594
200,0.2,0,AR2,pcglassoFast_Dual,I,8.11130830789687e-4,0.1139999999999759,188.5742238138759
200,0.2,0,AR2,pcglassoFast_Dual,I,0.002848035868435802,0.2300000000000182,188.5744836115316
200,0.2,0,AR2,pcglassoFast_Dual,I,0.010000000000000004,0.21500000000003183,188.57549196804203
200,0.2,0,AR2,pcglassoFast_Primal,C,9.999999999999982e-9,2.373499999999998,188.57412730663145
200,0.2,0,AR2,pcglassoFast_Primal,C,3.5111917342151263e-8,1.4975000000000307,188.57412731064667
200,0.2,0,AR2,pcglassoFast_Primal,C,1.2328467394420646e-7,1.2094999999999914,188.5741273215055
200,0.2,0,AR2,pcglassoFast_Primal,C,4.328761281083054e-7,1.234499999999997,188.5741274857266
200,0.2,0,AR2,pcglassoFast_Primal,C,1.5199110829529328e-6,1.218500000000006,188.5741278964425
200,0.2,0,AR2,pcglassoFast_Primal,C,5.336699231206308e-6,1.0054999999999836,188.57412930450545
200,0.2,0,AR2,pcglassoFast_Primal,C,1.873817422860384e-5,0.9674999999999727,188.57413409408673
200,0.2,0,AR2,pcglassoFast_Primal,C,6.579332246575681e-5,0.9134999999999991,188.57415049795458
200,0.2,0,AR2,pcglassoFast_Primal,C,2.310129700083161e-4,0.8435000000000628,188.57420745018862
200,0.2,0,AR2,pcglassoFast_Primal,C,8.11130830789687e-4,0.7959999999999923,188.5744061886279
200,0.2,0,AR2,pcglassoFast_Primal,C,0.002848035868435802,0.8940000000000055,188.57510355835396
200,0.2,0,AR2,pcglassoFast_Primal,C,0.010000000000000004,0.6829999999999927,188.57756585845766
200,0.2,0,AR2,pcglassoFast_Primal,I,9.999999999999982e-9,1.0324999999999989,188.5741273096456
200,0.2,0,AR2,pcglassoFast_Primal,I,3.5111917342151263e-8,0.9980000000000189,188.57412731875806
200,0.2,0,AR2,pcglassoFast_Primal,I,1.2328467394420646e-7,0.9999999999999716,188.57412735108772
200,0.2,0,AR2,pcglassoFast_Primal,I,4.328761281083054e-7,0.82000000000005,188.5741274557329
200,0.2,0,AR2,pcglassoFast_Primal,I,1.5199110829529328e-6,0.7794999999999845,188.57412779790747
200,0.2,0,AR2,pcglassoFast_Primal,I,5.336699231206308e-6,0.7224999999999682,188.57412897513464
200,0.2,0,AR2,pcglassoFast_Primal,I,1.873817422860384e-5,0.6690000000000396,188.57413300472783
200,0.2,0,AR2,pcglassoFast_Primal,I,6.579332246575681e-5,0.7900000000000205,188.5741469577548
200,0.2,0,AR2,pcglassoFast_Primal,I,2.310129700083161e-4,0.5595000000000141,188.5741962795213
200,0.2,0,AR2,pcglassoFast_Primal,I,8.11130830789687e-4,0.5,188.5743730538216
200,0.2,0,AR2,pcglassoFast_Primal,I,0.002848035868435802,0.45400000000000773,188.57501804089162
200,0.2,0,AR2,pcglassoFast_Primal,I,0.010000000000000004,0.4009999999999536,188.57741068075273
200,0.2,0,AR2,pcglassoFast_PrimalDual,C,9.999999999999982e-9,1.7665000000000006,188.57412738287184
200,0.2,0,AR2,pcglassoFast_PrimalDual,C,3.5111917342151263e-8,1.9519999999999982,188.57412739114056
200,0.2,0,AR2,pcglassoFast_PrimalDual,C,1.2328467394420646e-7,1.7460000000000093,188.57412745001875
200,0.2,0,AR2,pcglassoFast_PrimalDual,C,4.328761281083054e-7,1.3595000000000255,188.57412752945268
200,0.2,0,AR2,pcglassoFast_PrimalDual,C,1.5199110829529328e-6,1.4425000000000523,188.5741277587627
200,0.2,0,AR2,pcglassoFast_PrimalDual,C,5.336699231206308e-6,1.2525000000000546,188.57412850094215
200,0.2,0,AR2,pcglassoFast_PrimalDual,C,1.873817422860384e-5,1.3174999999999955,188.57413080737416
200,0.2,0,AR2,pcglassoFast_PrimalDual,C,6.579332246575681e-5,1.2549999999999955,188.57413848543175
200,0.2,0,AR2,pcglassoFast_PrimalDual,C,2.310129700083161e-4,1.0949999999999704,188.57416374905586
200,0.2,0,AR2,pcglassoFast_PrimalDual,C,8.11130830789687e-4,1.1519999999999868,188.5742480882235
200,0.2,0,AR2,pcglassoFast_PrimalDual,C,0.002848035868435802,0.9409999999999741,188.57453026810845
200,0.2,0,AR2,pcglassoFast_PrimalDual,C,0.010000000000000004,0.8929999999999723,188.5754771616234
200,0.2,0,AR2,pcglassoFast_PrimalDual,I,9.999999999999982e-9,1.5345000000000013,188.57412730796935
200,0.2,0,AR2,pcglassoFast_PrimalDual,I,3.5111917342151263e-8,1.105499999999978,188.57412742858946
200,0.2,0,AR2,pcglassoFast_PrimalDual,I,1.2328467394420646e-7,0.9950000000000045,188.57412744568063
200,0.2,0,AR2,pcglassoFast_PrimalDual,I,4.328761281083054e-7,0.9469999999999743,188.57412750931124
200,0.2,0,AR2,pcglassoFast_PrimalDual,I,1.5199110829529328e-6,0.8889999999999532,188.5741277381165
200,0.2,0,AR2,pcglassoFast_PrimalDual,I,5.336699231206308e-6,0.9805000000000064,188.5741283794789
200,0.2,0,AR2,pcglassoFast_PrimalDual,I,1.873817422860384e-5,0.7835000000000036,188.57413052881748
200,0.2,0,AR2,pcglassoFast_PrimalDual,I,6.579332246575681e-5,0.7249999999999659,188.57413764072595
200,0.2,0,AR2,pcglassoFast_PrimalDual,I,2.310129700083161e-4,0.7889999999999304,188.57416131395183
200,0.2,0,AR2,pcglassoFast_PrimalDual,I,8.11130830789687e-4,0.6055000000000632,188.57424141005484
200,0.2,0,AR2,pcglassoFast_PrimalDual,I,0.002848035868435802,0.5494999999999663,188.5745146859359
200,0.2,0,AR2,pcglassoFast_PrimalDual,I,0.010000000000000004,0.4640000000000555,188.5754563272689
200,0.2,0,hub_09,pcglasso,C,9.999999999999982e-9,6.043000000000001,199.8719210333041
200,0.2,0,hub_09,pcglasso,C,3.5111917342151263e-8,3.7850000000000037,199.87192105537835
200,0.2,0,hub_09,pcglasso,C,1.2328467394420646e-7,3.333500000000001,199.87192104311737
200,0.2,0,hub_09,pcglasso,C,4.328761281083054e-7,3.2024999999999864,199.8719211086273
200,0.2,0,hub_09,pcglasso,C,1.5199110829529328e-6,2.6845,199.87192492943817
200,0.2,0,hub_09,pcglasso,C,5.336699231206308e-6,2.486000000000004,199.87195582893634
200,0.2,0,hub_09,pcglasso,C,1.873817422860384e-5,1.4990000000000236,199.87237418327464
200,0.2,0,hub_09,pcglasso,C,6.579332246575681e-5,1.0559999999999832,199.88270374716373
200,0.2,0,hub_09,pcglasso,C,2.310129700083161e-4,0.6219999999999857,199.8963311946464
200,0.2,0,hub_09,pcglasso,C,8.11130830789687e-4,0.5755000000000052,199.9282910749463
200,0.2,0,hub_09,pcglasso,C,0.002848035868435802,0.14350000000001728,267.77356800923985
200,0.2,0,hub_09,pcglasso,C,0.010000000000000004,0.24100000000001387,268.71784388521803
200,0.2,0,hub_09,pcglasso,I,9.999999999999982e-9,11.099499999999999,199.87192103413005
200,0.2,0,hub_09,pcglasso,I,3.5111917342151263e-8,9.626999999999995,199.8719210338917
200,0.2,0,hub_09,pcglasso,I,1.2328467394420646e-7,9.728499999999997,199.8719210455218
200,0.2,0,hub_09,pcglasso,I,4.328761281083054e-7,8.949000000000012,199.87192135955473
200,0.2,0,hub_09,pcglasso,I,1.5199110829529328e-6,7.970500000000001,199.87192280519542
200,0.2,0,hub_09,pcglasso,I,5.336699231206308e-6,6.350000000000023,199.8719487289253
200,0.2,0,hub_09,pcglasso,I,1.873817422860384e-5,4.492000000000004,199.87231207995004
200,0.2,0,hub_09,pcglasso,I,6.579332246575681e-5,2.5400000000000205,199.87520328608133
200,0.2,0,hub_09,pcglasso,I,2.310129700083161e-4,0.3755000000000166,199.9715513714244
200,0.2,0,hub_09,pcglasso,I,8.11130830789687e-4,0.1869999999999834,199.97468063716985
200,0.2,0,hub_09,pcglasso,I,0.002848035868435802,0.11099999999999,199.9778422701808
200,0.2,0,hub_09,pcglasso,I,0.010000000000000004,0.09000000000000341,199.97801069639434
200,0.2,0,hub_09,pcglassoFast_Dual,C,9.999999999999982e-9,0.8725000000000005,199.87192103429246
200,0.2,0,hub_09,pcglassoFast_Dual,C,3.5111917342151263e-8,0.21649999999999636,199.87192104168284
200,0.2,0,hub_09,pcglassoFast_Dual,C,1.2328467394420646e-7,0.3639999999999901,199.87192105604052
200,0.2,0,hub_09,pcglassoFast_Dual,C,4.328761281083054e-7,0.20350000000000534,199.87192105604052
200,0.2,0,hub_09,pcglassoFast_Dual,C,1.5199110829529328e-6,0.16800000000000637,199.87192105675413
200,0.2,0,hub_09,pcglassoFast_Dual,C,5.336699231206308e-6,0.26550000000000296,199.87192202371074
200,0.2,0,hub_09,pcglassoFast_Dual,C,1.873817422860384e-5,0.1599999999999966,199.87192202371074
200,0.2,0,hub_09,pcglassoFast_Dual,C,6.579332246575681e-5,0.13349999999999795,199.87192375285707
200,0.2,0,hub_09,pcglassoFast_Dual,C,2.310129700083161e-4,0.12250000000000227,199.87197907306137
200,0.2,0,hub_09,pcglassoFast_Dual,C,8.11130830789687e-4,0.1150000000000091,199.87208387349213
200,0.2,0,hub_09,pcglassoFast_Dual,C,0.002848035868435802,0.10800000000000409,199.87207731286333
200,0.2,0,hub_09,pcglassoFast_Dual,C,0.010000000000000004,0.10549999999997794,199.87261371371287
200,0.2,0,hub_09,pcglassoFast_Dual,I,9.999999999999982e-9,0.5534999999999997,199.87192103549393
200,0.2,0,hub_09,pcglassoFast_Dual,I,3.5111917342151263e-8,0.5865000000000009,199.87192103549393
200,0.2,0,hub_09,pcglassoFast_Dual,I,1.2328467394420646e-7,0.4344999999999999,199.87192103549393
200,0.2,0,hub_09,pcglassoFast_Dual,I,4.328761281083054e-7,0.8804999999999978,199.87192104384104
200,0.2,0,hub_09,pcglassoFast_Dual,I,1.5199110829529328e-6,0.40149999999999864,199.87192126493895
200,0.2,0,hub_09,pcglassoFast_Dual,I,5.336699231206308e-6,0.5250000000000057,199.87192126493895
200,0.2,0,hub_09,pcglassoFast_Dual,I,1.873817422860384e-5,0.6485000000000127,199.87192263546515
200,0.2,0,hub_09,pcglassoFast_Dual,I,6.579332246575681e-5,0.6949999999999932,199.871925849401
200,0.2,0,hub_09,pcglassoFast_Dual,I,2.310129700083161e-4,0.4519999999999982,199.87207634515482
200,0.2,0,hub_09,pcglassoFast_Dual,I,8.11130830789687e-4,0.4790000000000134,199.8721248848402
200,0.2,0,hub_09,pcglassoFast_Dual,I,0.002848035868435802,0.07100000000002638,199.97523172730732
200,0.2,0,hub_09,pcglassoFast_Dual,I,0.010000000000000004,0.1980000000000075,199.98038015571032
200,0.2,0,hub_09,pcglassoFast_Primal,C,9.999999999999982e-9,1.6745000000000019,199.87192103561296
200,0.2,0,hub_09,pcglassoFast_Primal,C,3.5111917342151263e-8,1.125,199.87192104029015
200,0.2,0,hub_09,pcglassoFast_Primal,C,1.2328467394420646e-7,1.180500000000002,199.87192105417142
200,0.2,0,hub_09,pcglassoFast_Primal,C,4.328761281083054e-7,1.0900000000000034,199.87192122750932
200,0.2,0,hub_09,pcglassoFast_Primal,C,1.5199110829529328e-6,0.8474999999999966,199.8719216250139
200,0.2,0,hub_09,pcglassoFast_Primal,C,5.336699231206308e-6,0.7830000000000013,199.87192284100354
200,0.2,0,hub_09,pcglassoFast_Primal,C,1.873817422860384e-5,0.7139999999999702,199.8719266210609
200,0.2,0,hub_09,pcglassoFast_Primal,C,6.579332246575681e-5,0.6544999999999845,199.87193829042985
200,0.2,0,hub_09,pcglassoFast_Primal,C,2.310129700083161e-4,0.603999999999985,199.87197449189458
200,0.2,0,hub_09,pcglassoFast_Primal,C,8.11130830789687e-4,0.5345000000000084,199.8720878925286
200,0.2,0,hub_09,pcglassoFast_Primal,C,0.002848035868435802,0.630500000000012,199.8724536855466
200,0.2,0,hub_09,pcglassoFast_Primal,C,0.010000000000000004,0.4310000000000116,199.8737003789399
200,0.2,0,hub_09,pcglassoFast_Primal,I,9.999999999999982e-9,2.535499999999999,199.8719210372221
200,0.2,0,hub_09,pcglassoFast_Primal,I,3.5111917342151263e-8,2.227499999999999,199.87192104511604
200,0.2,0,hub_09,pcglassoFast_Primal,I,1.2328467394420646e-7,2.38900000000001,199.87192106944778
200,0.2,0,hub_09,pcglassoFast_Primal,I,4.328761281083054e-7,2.228999999999999,199.8719211432651
200,0.2,0,hub_09,pcglassoFast_Primal,I,1.5199110829529328e-6,2.123499999999993,199.87192136686818
200,0.2,0,hub_09,pcglassoFast_Primal,I,5.336699231206308e-6,1.8429999999999893,199.8719220442355
200,0.2,0,hub_09,pcglassoFast_Primal,I,1.873817422860384e-5,1.801000000000002,199.8719241249582
200,0.2,0,hub_09,pcglassoFast_Primal,I,6.579332246575681e-5,1.7709999999999582,199.87194944134444
200,0.2,0,hub_09,pcglassoFast_Primal,I,2.310129700083161e-4,1.6049999999999613,199.8720056214693
200,0.2,0,hub_09,pcglassoFast_Primal,I,8.11130830789687e-4,1.8499999999999943,199.87218638609866
200,0.2,0,hub_09,pcglassoFast_Primal,I,0.002848035868435802,0.24800000000001887,199.97531936429345
200,0.2,0,hub_09,pcglassoFast_Primal,I,0.010000000000000004,0.13749999999998863,199.98041161564282
200,0.2,0,hub_09,pcglassoFast_PrimalDual,C,9.999999999999982e-9,1.1290000000000013,199.87192103751457
200,0.2,0,hub_09,pcglassoFast_PrimalDual,C,3.5111917342151263e-8,1.0135000000000005,199.87192104530598
200,0.2,0,hub_09,pcglassoFast_PrimalDual,C,1.2328467394420646e-7,0.9929999999999808,199.87192106820027
200,0.2,0,hub_09,pcglassoFast_PrimalDual,C,4.328761281083054e-7,0.6614999999999895,199.8719211344161
200,0.2,0,hub_09,pcglassoFast_PrimalDual,C,1.5199110829529328e-6,0.6290000000000049,199.87192132608172
200,0.2,0,hub_09,pcglassoFast_PrimalDual,C,5.336699231206308e-6,0.5380000000000109,199.87192349626966
200,0.2,0,hub_09,pcglassoFast_PrimalDual,C,1.873817422860384e-5,0.6050000000000182,199.87192825343044
200,0.2,0,hub_09,pcglassoFast_PrimalDual,C,6.579332246575681e-5,0.7104999999999961,199.87194221273495
200,0.2,0,hub_09,pcglassoFast_PrimalDual,C,2.310129700083161e-4,0.5339999999999918,199.8719832707276
200,0.2,0,hub_09,pcglassoFast_PrimalDual,C,8.11130830789687e-4,0.5199999999999818,199.8721055707484
200,0.2,0,hub_09,pcglassoFast_PrimalDual,C,0.002848035868435802,0.4890000000000043,199.8724776440131
200,0.2,0,hub_09,pcglassoFast_PrimalDual,C,0.010000000000000004,0.2955000000000041,199.87363844431005
200,0.2,0,hub_09,pcglassoFast_PrimalDual,I,9.999999999999982e-9,1.7040000000000006,199.8719210356652
200,0.2,0,hub_09,pcglassoFast_PrimalDual,I,3.5111917342151263e-8,1.742999999999995,199.8719210401044
200,0.2,0,hub_09,pcglassoFast_PrimalDual,I,1.2328467394420646e-7,1.5,199.87192108922878
200,0.2,0,hub_09,pcglassoFast_PrimalDual,I,4.328761281083054e-7,1.6544999999999987,199.87192119489956
200,0.2,0,hub_09,pcglassoFast_PrimalDual,I,1.5199110829529328e-6,1.5125000000000028,199.87192149934776
200,0.2,0,hub_09,pcglassoFast_PrimalDual,I,5.336699231206308e-6,1.183000000000007,199.87192237491647
200,0.2,0,hub_09,pcglassoFast_PrimalDual,I,1.873817422860384e-5,1.0849999999999795,199.87192492915662
200,0.2,0,hub_09,pcglassoFast_PrimalDual,I,6.579332246575681e-5,1.200999999999965,199.87195334970102
200,0.2,0,hub_09,pcglassoFast_PrimalDual,I,2.310129700083161e-4,1.1550000000000296,199.8720126041828
200,0.2,0,hub_09,pcglassoFast_PrimalDual,I,8.11130830789687e-4,1.1794999999999902,199.87217626025128
200,0.2,0,hub_09,pcglassoFast_PrimalDual,I,0.002848035868435802,0.15449999999998454,199.9753183562999
200,0.2,0,hub_09,pcglassoFast_PrimalDual,I,0.010000000000000004,0.09349999999997749,199.98041161651176
200,0.2,0,hub_1,pcglasso,C,9.999999999999982e-9,25.113,72.11594152597542
200,0.2,0,hub_1,pcglasso,C,3.5111917342151263e-8,22.251999999999995,72.11595555504327
200,0.2,0,hub_1,pcglasso,C,1.2328467394420646e-7,16.45350000000002,72.1160283130362
200,0.2,0,hub_1,pcglasso,C,4.328761281083054e-7,14.177500000000009,72.11876549140881
200,0.2,0,hub_1,pcglasso,C,1.5199110829529328e-6,13.530000000000001,72.11876549140881
200,0.2,0,hub_1,pcglasso,C,5.336699231206308e-6,12.538000000000068,72.12018190243978
200,0.2,0,hub_1,pcglasso,C,1.873817422860384e-5,11.875999999999976,72.14997133481555
200,0.2,0,hub_1,pcglasso,C,6.579332246575681e-5,9.161499999999933,72.1727681542132
200,0.2,0,hub_1,pcglasso,C,2.310129700083161e-4,3.412499999999966,99.3494650937887
200,0.2,0,hub_1,pcglasso,C,8.11130830789687e-4,3.3899999999999864,100.4613831993083
200,0.2,0,hub_1,pcglasso,C,0.002848035868435802,1.6049999999999613,442.44621687178363
200,0.2,0,hub_1,pcglasso,C,0.010000000000000004,1.343500000000006,442.44621687178363
200,0.2,0,hub_1,pcglasso,I,9.999999999999982e-9,30.774500000000003,72.11594210654432
200,0.2,0,hub_1,pcglasso,I,3.5111917342151263e-8,26.6815,72.11595330388504
200,0.2,0,hub_1,pcglasso,I,1.2328467394420646e-7,24.98750000000001,72.11600282967548
200,0.2,0,hub_1,pcglasso,I,4.328761281083054e-7,22.814999999999998,72.11603233767174
200,0.2,0,hub_1,pcglasso,I,1.5199110829529328e-6,20.62349999999998,72.11651984994266
200,0.2,0,hub_1,pcglasso,I,5.336699231206308e-6,14.966499999999996,72.39986663078957
200,0.2,0,hub_1,pcglasso,I,1.873817422860384e-5,11.966999999999985,72.18877524876753
200,0.2,0,hub_1,pcglasso,I,6.579332246575681e-5,1.4379999999999313,95.27581904559365
200,0.2,0,hub_1,pcglasso,I,2.310129700083161e-4,1.4219999999999686,94.99368558737531
200,0.2,0,hub_1,pcglasso,I,8.11130830789687e-4,1.3255000000000337,94.95256009514264
200,0.2,0,hub_1,pcglasso,I,0.002848035868435802,0.7364999999999782,96.24493020894715
200,0.2,0,hub_1,pcglasso,I,0.010000000000000004,0.6964999999999577,97.08468199702403
200,0.2,0,hub_1,pcglassoFast_Dual,C,9.999999999999982e-9,7.067000000000002,72.1159406525806
200,0.2,0,hub_1,pcglassoFast_Dual,C,3.5111917342151263e-8,5.043999999999983,72.11594065493495
200,0.2,0,hub_1,pcglassoFast_Dual,C,1.2328467394420646e-7,4.6200000000000045,72.11594067482507
200,0.2,0,hub_1,pcglassoFast_Dual,C,4.328761281083054e-7,4.188999999999993,72.11594072698257
200,0.2,0,hub_1,pcglassoFast_Dual,C,1.5199110829529328e-6,3.578999999999951,72.11594149055948
200,0.2,0,hub_1,pcglassoFast_Dual,C,5.336699231206308e-6,3.8359999999999843,72.11594711762844
200,0.2,0,hub_1,pcglassoFast_Dual,C,1.873817422860384e-5,3.1929999999999836,72.115950996681
200,0.2,0,hub_1,pcglassoFast_Dual,C,6.579332246575681e-5,3.3009999999999877,72.11604249232528
200,0.2,0,hub_1,pcglassoFast_Dual,C,2.310129700083161e-4,3.7210000000000036,72.11604249232528
200,0.2,0,hub_1,pcglassoFast_Dual,C,8.11130830789687e-4,2.910000000000025,72.11654609588882
200,0.2,0,hub_1,pcglassoFast_Dual,C,0.002848035868435802,2.7630000000000337,72.11808211668014
200,0.2,0,hub_1,pcglassoFast_Dual,C,0.010000000000000004,2.40300000000002,72.12022406987455
200,0.2,0,hub_1,pcglassoFast_Dual,I,9.999999999999982e-9,28.9355,72.11594065298434
200,0.2,0,hub_1,pcglassoFast_Dual,I,3.5111917342151263e-8,26.381999999999977,72.11594065441994
200,0.2,0,hub_1,pcglassoFast_Dual,I,1.2328467394420646e-7,23.748500000000007,72.11594101364335
200,0.2,0,hub_1,pcglassoFast_Dual,I,4.328761281083054e-7,23.710499999999996,72.11594105478832
200,0.2,0,hub_1,pcglassoFast_Dual,I,1.5199110829529328e-6,23.473000000000013,72.11594105426865
200,0.2,0,hub_1,pcglassoFast_Dual,I,5.336699231206308e-6,22.97550000000001,72.11594659089401
200,0.2,0,hub_1,pcglassoFast_Dual,I,1.873817422860384e-5,22.970500000000015,72.1159492158555
200,0.2,0,hub_1,pcglassoFast_Dual,I,6.579332246575681e-5,22.898500000000013,72.11595293511242
200,0.2,0,hub_1,pcglassoFast_Dual,I,2.310129700083161e-4,23.111500000000035,72.1161376509054
200,0.2,0,hub_1,pcglassoFast_Dual,I,8.11130830789687e-4,22.434499999999957,72.11622767093179
200,0.2,0,hub_1,pcglassoFast_Dual,I,0.002848035868435802,22.478499999999997,72.11673438902383
200,0.2,0,hub_1,pcglassoFast_Dual,I,0.010000000000000004,21.58949999999993,72.1208707293664
200,0.2,0,hub_1,pcglassoFast_Primal,C,9.999999999999982e-9,256.2265,72.11594694918831
200,0.2,0,hub_1,pcglassoFast_Primal,C,3.5111917342151263e-8,187.03650000000002,72.11596009359646
200,0.2,0,hub_1,pcglassoFast_Primal,C,1.2328467394420646e-7,120.487,72.11597430365855
200,0.2,0,hub_1,pcglassoFast_Primal,C,4.328761281083054e-7,83.67950000000002,72.11597749235185
200,0.2,0,hub_1,pcglassoFast_Primal,C,1.5199110829529328e-6,54.68150000000003,72.11594781780316
200,0.2,0,hub_1,pcglassoFast_Primal,C,5.336699231206308e-6,38.10450000000003,72.11600824881367
200,0.2,0,hub_1,pcglassoFast_Primal,C,1.873817422860384e-5,20.323499999999967,72.11659235862773
200,0.2,0,hub_1,pcglassoFast_Primal,C,6.579332246575681e-5,7.63900000000001,72.11852709155971
200,0.2,0,hub_1,pcglassoFast_Primal,C,2.310129700083161e-4,4.841000000000065,72.11704463777062
200,0.2,0,hub_1,pcglassoFast_Primal,C,8.11130830789687e-4,3.662999999999954,72.1373234280566
200,0.2,0,hub_1,pcglassoFast_Primal,C,0.002848035868435802,3.125499999999988,72.12226312949065
200,0.2,0,hub_1,pcglassoFast_Primal,C,0.010000000000000004,2.4535000000000196,72.49137232748645
200,0.2,0,hub_1,pcglassoFast_Primal,I,9.999999999999982e-9,228.674,72.11594694492902
200,0.2,0,hub_1,pcglassoFast_Primal,I,3.5111917342151263e-8,141.846,72.11596239996805
200,0.2,0,hub_1,pcglassoFast_Primal,I,1.2328467394420646e-7,111.61449999999999,72.11596066445948
200,0.2,0,hub_1,pcglassoFast_Primal,I,4.328761281083054e-7,77.64049999999997,72.11598523413268
200,0.2,0,hub_1,pcglassoFast_Primal,I,1.5199110829529328e-6,58.52449999999999,72.11595457949156
200,0.2,0,hub_1,pcglassoFast_Primal,I,5.336699231206308e-6,40.833500000000015,72.11598452805794
200,0.2,0,hub_1,pcglassoFast_Primal,I,1.873817422860384e-5,23.709500000000048,72.11669105679638
200,0.2,0,hub_1,pcglassoFast_Primal,I,6.579332246575681e-5,11.403500000000008,72.11601046731273
200,0.2,0,hub_1,pcglassoFast_Primal,I,2.310129700083161e-4,6.472499999999968,72.11614945295902
200,0.2,0,hub_1,pcglassoFast_Primal,I,8.11130830789687e-4,4.721000000000004,72.11906791078057
200,0.2,0,hub_1,pcglassoFast_Primal,I,0.002848035868435802,3.482500000000016,72.2332027496258
200,0.2,0,hub_1,pcglassoFast_Primal,I,0.010000000000000004,3.1070000000000277,72.15422863030155
200,0.2,0,hub_1,pcglassoFast_PrimalDual,C,9.999999999999982e-9,0.7959999999999994,72.11594065237809
200,0.2,0,hub_1,pcglassoFast_PrimalDual,C,3.5111917342151263e-8,0.6389999999999816,72.11594065683413
200,0.2,0,hub_1,pcglassoFast_PrimalDual,C,1.2328467394420646e-7,0.45450000000002433,72.11594065683413
200,0.2,0,hub_1,pcglassoFast_PrimalDual,C,4.328761281083054e-7,0.4344999999999857,72.11594068570213
200,0.2,0,hub_1,pcglassoFast_PrimalDual,C,1.5199110829529328e-6,0.5750000000000455,72.1159408748088
200,0.2,0,hub_1,pcglassoFast_PrimalDual,C,5.336699231206308e-6,0.40850000000000364,72.1159408748088
200,0.2,0,hub_1,pcglassoFast_PrimalDual,C,1.873817422860384e-5,0.5369999999999777,72.11594214449349
200,0.2,0,hub_1,pcglassoFast_PrimalDual,C,6.579332246575681e-5,0.49099999999998545,72.11595090901164
200,0.2,0,hub_1,pcglassoFast_PrimalDual,C,2.310129700083161e-4,0.4984999999999786,72.11595090901164
200,0.2,0,hub_1,pcglassoFast_PrimalDual,C,8.11130830789687e-4,0.32900000000000773,72.11601665343282
200,0.2,0,hub_1,pcglassoFast_PrimalDual,C,0.002848035868435802,0.3240000000000123,72.11601665343282
200,0.2,0,hub_1,pcglassoFast_PrimalDual,C,0.010000000000000004,0.2955000000000041,72.11650249103737
200,0.2,0,hub_1,pcglassoFast_PrimalDual,I,9.999999999999982e-9,2.7960000000000207,72.11594065179679
200,0.2,0,hub_1,pcglassoFast_PrimalDual,I,3.5111917342151263e-8,2.7524999999999693,72.11594065366737
200,0.2,0,hub_1,pcglassoFast_PrimalDual,I,1.2328467394420646e-7,2.569000000000017,72.1159406676371
200,0.2,0,hub_1,pcglassoFast_PrimalDual,I,4.328761281083054e-7,2.632499999999993,72.1159406676371
200,0.2,0,hub_1,pcglassoFast_PrimalDual,I,1.5199110829529328e-6,2.6095000000000255,72.11594077414401
200,0.2,0,hub_1,pcglassoFast_PrimalDual,I,5.336699231206308e-6,2.3250000000000455,72.11594077414401
200,0.2,0,hub_1,pcglassoFast_PrimalDual,I,1.873817422860384e-5,2.4375,72.11594160585078
200,0.2,0,hub_1,pcglassoFast_PrimalDual,I,6.579332246575681e-5,2.423000000000002,72.11594826643234
200,0.2,0,hub_1,pcglassoFast_PrimalDual,I,2.310129700083161e-4,2.2649999999999864,72.11594826643234
200,0.2,0,hub_1,pcglassoFast_PrimalDual,I,8.11130830789687e-4,2.2309999999999945,72.11600273043508
200,0.2,0,hub_1,pcglassoFast_PrimalDual,I,0.002848035868435802,2.2760000000000105,72.11600273043508
200,0.2,0,hub_1,pcglassoFast_PrimalDual,I,0.010000000000000004,2.5369999999999777,72.11600273043508
200,0.2,0,random,pcglasso,C,9.999999999999982e-9,30.715,159.60513325849294
200,0.2,0,random,pcglasso,C,3.5111917342151263e-8,24.014000000000003,159.605140920118
200,0.2,0,random,pcglasso,C,1.2328467394420646e-7,19.29650000000001,159.60528844510213
200,0.2,0,random,pcglasso,C,4.328761281083054e-7,11.096500000000006,159.61785222186552
200,0.2,0,random,pcglasso,C,1.5199110829529328e-6,8.551999999999992,159.62821561274473
200,0.2,0,random,pcglasso,C,5.336699231206308e-6,7.299999999999997,159.64550077820007
200,0.2,0,random,pcglasso,C,1.873817422860384e-5,4.483499999999992,161.2334864043965
200,0.2,0,random,pcglasso,C,6.579332246575681e-5,2.9364999999999952,162.75228488806957
200,0.2,0,random,pcglasso,C,2.310129700083161e-4,2.1580000000000155,166.62542518332486
200,0.2,0,random,pcglasso,C,8.11130830789687e-4,1.6285000000000025,179.89858811350766
200,0.2,0,random,pcglasso,C,0.002848035868435802,0.1599999999999966,370.2851885857506
200,0.2,0,random,pcglasso,C,0.010000000000000004,0.16349999999997067,370.2851885857506
200,0.2,0,random,pcglasso,I,9.999999999999982e-9,29.862499999999997,159.60514011211544
200,0.2,0,random,pcglasso,I,3.5111917342151263e-8,23.772000000000006,159.6052570075166
200,0.2,0,random,pcglasso,I,1.2328467394420646e-7,23.34750000000001,159.6053296732773
200,0.2,0,random,pcglasso,I,4.328761281083054e-7,13.896500000000003,159.6084481252787
200,0.2,0,random,pcglasso,I,1.5199110829529328e-6,12.39800000000001,159.61276739771228
200,0.2,0,random,pcglasso,I,5.336699231206308e-6,6.340000000000003,159.8176227559786
200,0.2,0,random,pcglasso,I,1.873817422860384e-5,2.870000000000033,161.48249588566756
200,0.2,0,random,pcglasso,I,6.579332246575681e-5,1.7404999999999973,161.1889191218805
200,0.2,0,random,pcglasso,I,2.310129700083161e-4,0.8930000000000007,163.71066002809363
200,0.2,0,random,pcglasso,I,8.11130830789687e-4,0.22899999999995657,166.45885531819363
200,0.2,0,random,pcglasso,I,0.002848035868435802,0.18950000000000955,167.96997295822408
200,0.2,0,random,pcglasso,I,0.010000000000000004,0.1880000000000166,167.96997295822408
200,0.2,0,random,pcglassoFast_Dual,C,9.999999999999982e-9,5.466999999999999,159.60513145119813
200,0.2,0,random,pcglassoFast_Dual,C,3.5111917342151263e-8,5.445999999999998,159.60513146337763
200,0.2,0,random,pcglassoFast_Dual,C,1.2328467394420646e-7,5.020499999999998,159.605132017117
200,0.2,0,random,pcglassoFast_Dual,C,4.328761281083054e-7,3.2025000000000006,159.60513551230778
200,0.2,0,random,pcglassoFast_Dual,C,1.5199110829529328e-6,2.7064999999999912,159.60514135533515
200,0.2,0,random,pcglassoFast_Dual,C,5.336699231206308e-6,2.0549999999999926,159.6051986332095
200,0.2,0,random,pcglassoFast_Dual,C,1.873817422860384e-5,1.431999999999988,159.60532695059553
200,0.2,0,random,pcglassoFast_Dual,C,6.579332246575681e-5,1.4765000000000157,159.60532146992426
200,0.2,0,random,pcglassoFast_Dual,C,2.310129700083161e-4,1.4225000000000136,159.60554447924883
200,0.2,0,random,pcglassoFast_Dual,C,8.11130830789687e-4,0.8374999999999773,159.60638203200864
200,0.2,0,random,pcglassoFast_Dual,C,0.002848035868435802,0.7145000000000152,159.61566589047845
200,0.2,0,random,pcglassoFast_Dual,C,0.010000000000000004,0.5959999999999752,159.62317653514003
200,0.2,0,random,pcglassoFast_Dual,I,9.999999999999982e-9,6.702999999999999,159.60513132598098
200,0.2,0,random,pcglassoFast_Dual,I,3.5111917342151263e-8,4.984500000000004,159.60513154265107
200,0.2,0,random,pcglassoFast_Dual,I,1.2328467394420646e-7,4.936500000000009,159.60513216506635
200,0.2,0,random,pcglassoFast_Dual,I,4.328761281083054e-7,4.201499999999996,159.6051378849985
200,0.2,0,random,pcglassoFast_Dual,I,1.5199110829529328e-6,2.9634999999999962,159.60513828967407
200,0.2,0,random,pcglassoFast_Dual,I,5.336699231206308e-6,2.8215000000000146,159.60516671574914
200,0.2,0,random,pcglassoFast_Dual,I,1.873817422860384e-5,2.95450000000001,159.60517074789465
200,0.2,0,random,pcglassoFast_Dual,I,6.579332246575681e-5,2.0774999999999864,159.60552371612806
200,0.2,0,random,pcglassoFast_Dual,I,2.310129700083161e-4,2.400000000000034,159.605719131134
200,0.2,0,random,pcglassoFast_Dual,I,8.11130830789687e-4,2.408999999999992,159.60622541317787
200,0.2,0,random,pcglassoFast_Dual,I,0.002848035868435802,2.021500000000003,159.60719770134344
200,0.2,0,random,pcglassoFast_Dual,I,0.010000000000000004,1.5175000000000125,159.6271278670221
200,0.2,0,random,pcglassoFast_Primal,C,9.999999999999982e-9,26.738,159.60513167157765
200,0.2,0,random,pcglassoFast_Primal,C,3.5111917342151263e-8,22.1405,159.60513180168584
200,0.2,0,random,pcglassoFast_Primal,C,1.2328467394420646e-7,17.93650000000001,159.6051322380758
200,0.2,0,random,pcglassoFast_Primal,C,4.328761281083054e-7,17.15950000000001,159.60513314272254
200,0.2,0,random,pcglassoFast_Primal,C,1.5199110829529328e-6,11.386999999999986,159.60513409640052
200,0.2,0,random,pcglassoFast_Primal,C,5.336699231206308e-6,7.5024999999999835,159.6051390556002
200,0.2,0,random,pcglassoFast_Primal,C,1.873817422860384e-5,5.725999999999971,159.60515163120013
200,0.2,0,random,pcglassoFast_Primal,C,6.579332246575681e-5,4.035500000000013,159.60526109616853
200,0.2,0,random,pcglassoFast_Primal,C,2.310129700083161e-4,2.9025000000000034,159.6058317971234
200,0.2,0,random,pcglassoFast_Primal,C,8.11130830789687e-4,2.3279999999999745,159.60613070591364
200,0.2,0,random,pcglassoFast_Primal,C,0.002848035868435802,1.8600000000000136,159.608741642085
200,0.2,0,random,pcglassoFast_Primal,C,0.010000000000000004,1.0325000000000273,159.64151873083856
200,0.2,0,random,pcglassoFast_Primal,I,9.999999999999982e-9,42.4995,159.6051315591509
200,0.2,0,random,pcglassoFast_Primal,I,3.5111917342151263e-8,40.090500000000006,159.60513167438071
200,0.2,0,random,pcglassoFast_Primal,I,1.2328467394420646e-7,33.318,159.6051319634209
200,0.2,0,random,pcglassoFast_Primal,I,4.328761281083054e-7,29.259,159.6051330300873
200,0.2,0,random,pcglassoFast_Primal,I,1.5199110829529328e-6,24.033,159.6051363320235
200,0.2,0,random,pcglassoFast_Primal,I,5.336699231206308e-6,19.984499999999997,159.6051470934524
200,0.2,0,random,pcglassoFast_Primal,I,1.873817422860384e-5,13.35250000000002,159.60518361892264
200,0.2,0,random,pcglassoFast_Primal,I,6.579332246575681e-5,9.057999999999993,159.60532988422085
200,0.2,0,random,pcglassoFast_Primal,I,2.310129700083161e-4,6.680499999999967,159.60582642286005
200,0.2,0,random,pcglassoFast_Primal,I,8.11130830789687e-4,5.249500000000012,159.60581358668335
200,0.2,0,random,pcglassoFast_Primal,I,0.002848035868435802,3.664999999999992,159.60788014729872
200,0.2,0,random,pcglassoFast_Primal,I,0.010000000000000004,3.160000000000025,159.6264151702066
200,0.2,0,random,pcglassoFast_PrimalDual,C,9.999999999999982e-9,6.288500000000001,159.60513154198154
200,0.2,0,random,pcglassoFast_PrimalDual,C,3.5111917342151263e-8,4.8705,159.6051317460555
200,0.2,0,random,pcglassoFast_PrimalDual,C,1.2328467394420646e-7,4.938499999999991,159.60513184941448
200,0.2,0,random,pcglassoFast_PrimalDual,C,4.328761281083054e-7,4.119,159.60513385768184
200,0.2,0,random,pcglassoFast_PrimalDual,C,1.5199110829529328e-6,3.463000000000008,159.6051358707786
200,0.2,0,random,pcglassoFast_PrimalDual,C,5.336699231206308e-6,2.766999999999996,159.6051497739537
200,0.2,0,random,pcglassoFast_PrimalDual,C,1.873817422860384e-5,2.5974999999999966,159.6051853158862
200,0.2,0,random,pcglassoFast_PrimalDual,C,6.579332246575681e-5,1.8840000000000146,159.6052679736991
200,0.2,0,random,pcglassoFast_PrimalDual,C,2.310129700083161e-4,1.5914999999999964,159.60554729425775
200,0.2,0,random,pcglassoFast_PrimalDual,C,8.11130830789687e-4,1.6620000000000061,159.60612736085028
200,0.2,0,random,pcglassoFast_PrimalDual,C,0.002848035868435802,1.156499999999994,159.6079924998123
200,0.2,0,random,pcglassoFast_PrimalDual,C,0.010000000000000004,0.84050000000002,159.6170553176509
200,0.2,0,random,pcglassoFast_PrimalDual,I,9.999999999999982e-9,7.757000000000005,159.60513149719793
200,0.2,0,random,pcglassoFast_PrimalDual,I,3.5111917342151263e-8,7.4155000000000015,159.60513150816425
200,0.2,0,random,pcglassoFast_PrimalDual,I,1.2328467394420646e-7,6.407499999999999,159.60513168234945
200,0.2,0,random,pcglassoFast_PrimalDual,I,4.328761281083054e-7,5.778500000000008,159.6051327113835
200,0.2,0,random,pcglassoFast_PrimalDual,I,1.5199110829529328e-6,5.5885000000000105,159.60513462048266
200,0.2,0,random,pcglassoFast_PrimalDual,I,5.336699231206308e-6,4.890000000000015,159.60514156343936
200,0.2,0,random,pcglassoFast_PrimalDual,I,1.873817422860384e-5,4.6370000000000005,159.60517094451154
200,0.2,0,random,pcglassoFast_PrimalDual,I,6.579332246575681e-5,4.342999999999989,159.60525409308997
200,0.2,0,random,pcglassoFast_PrimalDual,I,2.310129700083161e-4,3.728499999999997,159.6054113702272
200,0.2,0,random,pcglassoFast_PrimalDual,I,8.11130830789687e-4,3.7539999999999907,159.6058598020736
200,0.2,0,random,pcglassoFast_PrimalDual,I,0.002848035868435802,3.366500000000002,159.6092809960839
200,0.2,0,random,pcglassoFast_PrimalDual,I,0.010000000000000004,3.005500000000012,159.62635904548466
200,0.2,0.5,AR2,pcglasso,C,9.999999999999982e-9,1.8050000000000015,169.29222414372902
200,0.2,0.5,AR2,pcglasso,C,3.5111917342151263e-8,1.073999999999998,169.29222414375374
200,0.2,0.5,AR2,pcglasso,C,1.2328467394420646e-7,1.0784999999999911,169.2922241438435
200,0.2,0.5,AR2,pcglasso,C,4.328761281083054e-7,0.9525000000000148,169.29222414473313
200,0.2,0.5,AR2,pcglasso,C,1.5199110829529328e-6,0.8994999999999891,169.29222414473313
200,0.2,0.5,AR2,pcglasso,C,5.336699231206308e-6,0.9454999999999814,169.29222416048475
200,0.2,0.5,AR2,pcglasso,C,1.873817422860384e-5,0.771000000000015,169.2922242511005
200,0.2,0.5,AR2,pcglasso,C,6.579332246575681e-5,0.6120000000000232,169.29222886230073
200,0.2,0.5,AR2,pcglasso,C,2.310129700083161e-4,0.4959999999999809,169.29223648412113
200,0.2,0.5,AR2,pcglasso,C,8.11130830789687e-4,0.5390000000000441,169.29277629759454
200,0.2,0.5,AR2,pcglasso,C,0.002848035868435802,0.12299999999999045,317.5102349871718
200,0.2,0.5,AR2,pcglasso,C,0.010000000000000004,0.12999999999999545,317.5102349871718
200,0.2,0.5,AR2,pcglasso,I,9.999999999999982e-9,0.458999999999989,169.2922241437315
200,0.2,0.5,AR2,pcglasso,I,3.5111917342151263e-8,0.37400000000000944,169.29222414374317
200,0.2,0.5,AR2,pcglasso,I,1.2328467394420646e-7,0.3219999999999743,169.29222414377998
200,0.2,0.5,AR2,pcglasso,I,4.328761281083054e-7,0.2869999999999777,169.29222414430936
200,0.2,0.5,AR2,pcglasso,I,1.5199110829529328e-6,0.28899999999998727,169.29222414430936
200,0.2,0.5,AR2,pcglasso,I,5.336699231206308e-6,0.2669999999999959,169.29222415727972
200,0.2,0.5,AR2,pcglasso,I,1.873817422860384e-5,0.2559999999999718,169.29222415703816
200,0.2,0.5,AR2,pcglasso,I,6.579332246575681e-5,0.2009999999999934,169.2922251008054
200,0.2,0.5,AR2,pcglasso,I,2.310129700083161e-4,0.13999999999998636,169.29229332669212
200,0.2,0.5,AR2,pcglasso,I,8.11130830789687e-4,0.15399999999999636,169.29334934277267
200,0.2,0.5,AR2,pcglasso,I,0.002848035868435802,0.09149999999999636,169.29742792886833
200,0.2,0.5,AR2,pcglasso,I,0.010000000000000004,0.04199999999997317,171.81578348076937
200,0.2,0.5,AR2,pcglassoFast_Dual,C,9.999999999999982e-9,0.16049999999999898,169.29222414379754
200,0.2,0.5,AR2,pcglassoFast_Dual,C,3.5111917342151263e-8,0.1595000000000084,169.29222414379754
200,0.2,0.5,AR2,pcglassoFast_Dual,C,1.2328467394420646e-7,0.1384999999999934,169.29222414595236
200,0.2,0.5,AR2,pcglassoFast_Dual,C,4.328761281083054e-7,0.18250000000000455,169.29222414595236
200,0.2,0.5,AR2,pcglassoFast_Dual,C,1.5199110829529328e-6,0.12950000000000728,169.29222414595236
200,0.2,0.5,AR2,pcglassoFast_Dual,C,5.336699231206308e-6,0.2510000000000048,169.2922242162747
200,0.2,0.5,AR2,pcglassoFast_Dual,C,1.873817422860384e-5,0.1199999999999477,169.2922242162747
200,0.2,0.5,AR2,pcglassoFast_Dual,C,6.579332246575681e-5,0.12600000000000477,169.2922242162747
200,0.2,0.5,AR2,pcglassoFast_Dual,C,2.310129700083161e-4,0.22500000000002274,169.29222687506223
200,0.2,0.5,AR2,pcglassoFast_Dual,C,8.11130830789687e-4,0.1139999999999759,169.29222687506223
200,0.2,0.5,AR2,pcglassoFast_Dual,C,0.002848035868435802,0.11250000000006821,169.29222687506223
200,0.2,0.5,AR2,pcglassoFast_Dual,C,0.010000000000000004,0.10149999999998727,169.29234344427277
200,0.2,0.5,AR2,pcglassoFast_Dual,I,9.999999999999982e-9,0.09600000000000364,169.29222414376483
200,0.2,0.5,AR2,pcglassoFast_Dual,I,3.5111917342151263e-8,0.15349999999997976,169.29222414376483
200,0.2,0.5,AR2,pcglassoFast_Dual,I,1.2328467394420646e-7,0.23099999999996612,169.29222414495698
200,0.2,0.5,AR2,pcglassoFast_Dual,I,4.328761281083054e-7,0.07649999999998158,169.29222414495698
200,0.2,0.5,AR2,pcglassoFast_Dual,I,1.5199110829529328e-6,0.06749999999999545,169.29222418493723
200,0.2,0.5,AR2,pcglassoFast_Dual,I,5.336699231206308e-6,0.06800000000001205,169.29222418493723
200,0.2,0.5,AR2,pcglassoFast_Dual,I,1.873817422860384e-5,0.0654999999999859,169.29222418493723
200,0.2,0.5,AR2,pcglassoFast_Dual,I,6.579332246575681e-5,0.06399999999996453,169.29222560898586
200,0.2,0.5,AR2,pcglassoFast_Dual,I,2.310129700083161e-4,0.060000000000002274,169.29222560898586
200,0.2,0.5,AR2,pcglassoFast_Dual,I,8.11130830789687e-4,0.05750000000000455,169.29222560898586
200,0.2,0.5,AR2,pcglassoFast_Dual,I,0.002848035868435802,0.04899999999997817,169.29228217215004
200,0.2,0.5,AR2,pcglassoFast_Dual,I,0.010000000000000004,0.05000000000006821,169.29228217215004
200,0.2,0.5,AR2,pcglassoFast_Primal,C,9.999999999999982e-9,1.2649999999999988,169.29222414379896
200,0.2,0.5,AR2,pcglassoFast_Primal,C,3.5111917342151263e-8,0.7774999999999892,169.29222414379896
200,0.2,0.5,AR2,pcglassoFast_Primal,C,1.2328467394420646e-7,0.6574999999999989,169.29222414597663
200,0.2,0.5,AR2,pcglassoFast_Primal,C,4.328761281083054e-7,0.8394999999999868,169.29222414597663
200,0.2,0.5,AR2,pcglassoFast_Primal,C,1.5199110829529328e-6,0.6339999999999861,169.29222414597663
200,0.2,0.5,AR2,pcglassoFast_Primal,C,5.336699231206308e-6,0.5750000000000455,169.29222421636257
200,0.2,0.5,AR2,pcglassoFast_Primal,C,1.873817422860384e-5,0.5834999999999866,169.29222421636257
200,0.2,0.5,AR2,pcglassoFast_Primal,C,6.579332246575681e-5,0.5779999999999177,169.29222421636257
200,0.2,0.5,AR2,pcglassoFast_Primal,C,2.310129700083161e-4,0.52049999999997,169.29222684870822
200,0.2,0.5,AR2,pcglassoFast_Primal,C,8.11130830789687e-4,0.5319999999999823,169.29222684870822
200,0.2,0.5,AR2,pcglassoFast_Primal,C,0.002848035868435802,0.5199999999999818,169.29222684870822
200,0.2,0.5,AR2,pcglassoFast_Primal,C,0.010000000000000004,0.46549999999996317,169.2923405612255
200,0.2,0.5,AR2,pcglassoFast_Primal,I,9.999999999999982e-9,0.38349999999999795,169.29222414376648
200,0.2,0.5,AR2,pcglassoFast_Primal,I,3.5111917342151263e-8,0.3865000000000123,169.29222414376648
200,0.2,0.5,AR2,pcglassoFast_Primal,I,1.2328467394420646e-7,0.305499999999995,169.29222414499807
200,0.2,0.5,AR2,pcglassoFast_Primal,I,4.328761281083054e-7,0.3574999999999875,169.29222414499807
200,0.2,0.5,AR2,pcglassoFast_Primal,I,1.5199110829529328e-6,0.2435000000000116,169.29222418592252
200,0.2,0.5,AR2,pcglassoFast_Primal,I,5.336699231206308e-6,0.23900000000000432,169.29222418592252
200,0.2,0.5,AR2,pcglassoFast_Primal,I,1.873817422860384e-5,0.23799999999999955,169.29222418592252
200,0.2,0.5,AR2,pcglassoFast_Primal,I,6.579332246575681e-5,0.18899999999999295,169.29222562965515
200,0.2,0.5,AR2,pcglassoFast_Primal,I,2.310129700083161e-4,0.18299999999999272,169.29222562965515
200,0.2,0.5,AR2,pcglassoFast_Primal,I,8.11130830789687e-4,0.18049999999993815,169.29222562965515
200,0.2,0.5,AR2,pcglassoFast_Primal,I,0.002848035868435802,0.13299999999998136,169.29228247650605
200,0.2,0.5,AR2,pcglassoFast_Primal,I,0.010000000000000004,0.1309999999999718,169.29228247650605
200,0.2,0.5,AR2,pcglassoFast_PrimalDual,C,9.999999999999982e-9,0.49100000000000144,169.29222414380553
200,0.2,0.5,AR2,pcglassoFast_PrimalDual,C,3.5111917342151263e-8,0.5294999999999987,169.29222414380553
200,0.2,0.5,AR2,pcglassoFast_PrimalDual,C,1.2328467394420646e-7,0.6360000000000099,169.29222414616675
200,0.2,0.5,AR2,pcglassoFast_PrimalDual,C,4.328761281083054e-7,0.4194999999999709,169.29222414616675
200,0.2,0.5,AR2,pcglassoFast_PrimalDual,C,1.5199110829529328e-6,0.39750000000000796,169.29222414616675
200,0.2,0.5,AR2,pcglassoFast_PrimalDual,C,5.336699231206308e-6,0.3725000000000023,169.2922242219592
200,0.2,0.5,AR2,pcglassoFast_PrimalDual,C,1.873817422860384e-5,0.48799999999999955,169.2922242219592
200,0.2,0.5,AR2,pcglassoFast_PrimalDual,C,6.579332246575681e-5,0.3675000000000068,169.2922242219592
200,0.2,0.5,AR2,pcglassoFast_PrimalDual,C,2.310129700083161e-4,0.34699999999998,169.29222703412788
200,0.2,0.5,AR2,pcglassoFast_PrimalDual,C,8.11130830789687e-4,0.34300000000001774,169.29222703412788
200,0.2,0.5,AR2,pcglassoFast_PrimalDual,C,0.002848035868435802,0.4130000000000109,169.29222703412788
200,0.2,0.5,AR2,pcglassoFast_PrimalDual,C,0.010000000000000004,0.31799999999998363,169.29234744416928
200,0.2,0.5,AR2,pcglassoFast_PrimalDual,I,9.999999999999982e-9,0.2240000000000002,169.29222414376738
200,0.2,0.5,AR2,pcglassoFast_PrimalDual,I,3.5111917342151263e-8,0.2155000000000058,169.29222414376738
200,0.2,0.5,AR2,pcglassoFast_PrimalDual,I,1.2328467394420646e-7,0.17349999999999,169.2922241450195
200,0.2,0.5,AR2,pcglassoFast_PrimalDual,I,4.328761281083054e-7,0.3085000000000093,169.2922241450195
200,0.2,0.5,AR2,pcglassoFast_PrimalDual,I,1.5199110829529328e-6,0.14150000000000773,169.29222418637994
200,0.2,0.5,AR2,pcglassoFast_PrimalDual,I,5.336699231206308e-6,0.1419999999999959,169.29222418637994
200,0.2,0.5,AR2,pcglassoFast_PrimalDual,I,1.873817422860384e-5,0.14050000000000296,169.29222418637994
200,0.2,0.5,AR2,pcglassoFast_PrimalDual,I,6.579332246575681e-5,0.11599999999998545,169.292225637451
200,0.2,0.5,AR2,pcglassoFast_PrimalDual,I,2.310129700083161e-4,0.18399999999996908,169.292225637451
200,0.2,0.5,AR2,pcglassoFast_PrimalDual,I,8.11130830789687e-4,0.11349999999998772,169.292225637451
200,0.2,0.5,AR2,pcglassoFast_PrimalDual,I,0.002848035868435802,0.08500000000003638,169.29228254348868
200,0.2,0.5,AR2,pcglassoFast_PrimalDual,I,0.010000000000000004,0.08250000000003865,169.29228254348868
200,0.2,0.5,hub_09,pcglasso,C,9.999999999999982e-9,0.4964999999999993,169.31471807488612
200,0.2,0.5,hub_09,pcglasso,C,3.5111917342151263e-8,0.5764999999999993,169.3147182874099
200,0.2,0.5,hub_09,pcglasso,C,1.2328467394420646e-7,0.4400000000000013,169.31472089111395
200,0.2,0.5,hub_09,pcglasso,C,4.328761281083054e-7,0.4339999999999975,169.31472089111395
200,0.2,0.5,hub_09,pcglasso,C,1.5199110829529328e-6,0.5645000000000024,169.31472089111395
200,0.2,0.5,hub_09,pcglasso,C,5.336699231206308e-6,0.43650000000000233,169.31472089111395
200,0.2,0.5,hub_09,pcglasso,C,1.873817422860384e-5,0.40449999999999875,169.315122347132
200,0.2,0.5,hub_09,pcglasso,C,6.579332246575681e-5,0.31800000000001205,169.32010135098105
200,0.2,0.5,hub_09,pcglasso,C,2.310129700083161e-4,0.318499999999986,169.37878078029905
200,0.2,0.5,hub_09,pcglasso,C,8.11130830789687e-4,0.2189999999999941,169.36168845974026
200,0.2,0.5,hub_09,pcglasso,C,0.002848035868435802,0.15550000000000352,221.8305143196915
200,0.2,0.5,hub_09,pcglasso,C,0.010000000000000004,0.13750000000000284,221.840461019172
200,0.2,0.5,hub_09,pcglasso,I,9.999999999999982e-9,0.14899999999999913,169.31471805639396
200,0.2,0.5,hub_09,pcglasso,I,3.5111917342151263e-8,0.11349999999999838,169.3147180608874
200,0.2,0.5,hub_09,pcglasso,I,1.2328467394420646e-7,0.09849999999999426,169.31471811593184
200,0.2,0.5,hub_09,pcglasso,I,4.328761281083054e-7,0.07199999999999562,169.31471879022956
200,0.2,0.5,hub_09,pcglasso,I,1.5199110829529328e-6,0.06900000000000261,169.31471879022956
200,0.2,0.5,hub_09,pcglasso,I,5.336699231206308e-6,0.07150000000000034,169.31471879022956
200,0.2,0.5,hub_09,pcglasso,I,1.873817422860384e-5,0.07450000000000045,169.31471879022956
200,0.2,0.5,hub_09,pcglasso,I,6.579332246575681e-5,0.07150000000000034,169.31472705025718
200,0.2,0.5,hub_09,pcglasso,I,2.310129700083161e-4,0.0759999999999934,169.31482824073024
200,0.2,0.5,hub_09,pcglasso,I,8.11130830789687e-4,0.05099999999998772,169.33125951230645
200,0.2,0.5,hub_09,pcglasso,I,0.002848035868435802,0.04800000000000182,169.51699511341255
200,0.2,0.5,hub_09,pcglasso,I,0.010000000000000004,0.05100000000000193,171.81578348076937
200,0.2,0.5,hub_09,pcglassoFast_Dual,C,9.999999999999982e-9,0.30299999999999905,169.31471805599452
200,0.2,0.5,hub_09,pcglassoFast_Dual,C,3.5111917342151263e-8,0.11199999999999832,169.31471805599452
200,0.2,0.5,hub_09,pcglassoFast_Dual,C,1.2328467394420646e-7,0.11499999999999488,169.31471805599452
200,0.2,0.5,hub_09,pcglassoFast_Dual,C,4.328761281083054e-7,0.11149999999999949,169.31471805599452
200,0.2,0.5,hub_09,pcglassoFast_Dual,C,1.5199110829529328e-6,0.11200000000000188,169.31471805599452
200,0.2,0.5,hub_09,pcglassoFast_Dual,C,5.336699231206308e-6,0.11249999999999716,169.31471805599452
200,0.2,0.5,hub_09,pcglassoFast_Dual,C,1.873817422860384e-5,0.11699999999999733,169.31471805599452
200,0.2,0.5,hub_09,pcglassoFast_Dual,C,6.579332246575681e-5,0.11300000000001376,169.31471805599452
200,0.2,0.5,hub_09,pcglassoFast_Dual,C,2.310129700083161e-4,0.11549999999999727,169.31471805599452
200,0.2,0.5,hub_09,pcglassoFast_Dual,C,8.11130830789687e-4,0.11200000000000898,169.31471805599452
200,0.2,0.5,hub_09,pcglassoFast_Dual,C,0.002848035868435802,0.1004999999999967,169.3147180559949
200,0.2,0.5,hub_09,pcglassoFast_Dual,C,0.010000000000000004,0.1004999999999967,169.3147180559949
200,0.2,0.5,hub_09,pcglassoFast_Dual,I,9.999999999999982e-9,0.17800000000000082,169.31471805599455
200,0.2,0.5,hub_09,pcglassoFast_Dual,I,3.5111917342151263e-8,0.05299999999999727,169.31471805599455
200,0.2,0.5,hub_09,pcglassoFast_Dual,I,1.2328467394420646e-7,0.05099999999999483,169.31471805599455
200,0.2,0.5,hub_09,pcglassoFast_Dual,I,4.328761281083054e-7,0.05850000000000222,169.31471805599455
200,0.2,0.5,hub_09,pcglassoFast_Dual,I,1.5199110829529328e-6,0.05449999999999733,169.31471805599455
200,0.2,0.5,hub_09,pcglassoFast_Dual,I,5.336699231206308e-6,0.05000000000000426,169.31471805599455
200,0.2,0.5,hub_09,pcglassoFast_Dual,I,1.873817422860384e-5,0.21349999999999625,169.31471805599455
200,0.2,0.5,hub_09,pcglassoFast_Dual,I,6.579332246575681e-5,0.05350000000001387,169.31471805599455
200,0.2,0.5,hub_09,pcglassoFast_Dual,I,2.310129700083161e-4,0.05299999999999727,169.31471805599455
200,0.2,0.5,hub_09,pcglassoFast_Dual,I,8.11130830789687e-4,0.050499999999999545,169.31471805599455
200,0.2,0.5,hub_09,pcglassoFast_Dual,I,0.002848035868435802,0.054500000000004434,169.31471805599455
200,0.2,0.5,hub_09,pcglassoFast_Dual,I,0.010000000000000004,0.18799999999998818,169.31471805599455
200,0.2,0.5,hub_09,pcglassoFast_Primal,C,9.999999999999982e-9,0.8179999999999996,169.31471805599455
200,0.2,0.5,hub_09,pcglassoFast_Primal,C,3.5111917342151263e-8,0.6404999999999994,169.31471805599455
200,0.2,0.5,hub_09,pcglassoFast_Primal,C,1.2328467394420646e-7,0.44550000000000267,169.31471805599455
200,0.2,0.5,hub_09,pcglassoFast_Primal,C,4.328761281083054e-7,0.4440000000000097,169.31471805599455
200,0.2,0.5,hub_09,pcglassoFast_Primal,C,1.5199110829529328e-6,0.5955000000000013,169.31471805599455
200,0.2,0.5,hub_09,pcglassoFast_Primal,C,5.336699231206308e-6,0.447499999999998,169.31471805599455
200,0.2,0.5,hub_09,pcglassoFast_Primal,C,1.873817422860384e-5,0.4444999999999979,169.31471805599455
200,0.2,0.5,hub_09,pcglassoFast_Primal,C,6.579332246575681e-5,0.4510000000000076,169.31471805599455
200,0.2,0.5,hub_09,pcglassoFast_Primal,C,2.310129700083161e-4,0.6079999999999899,169.31471805599455
200,0.2,0.5,hub_09,pcglassoFast_Primal,C,8.11130830789687e-4,0.45649999999999125,169.31471805599455
200,0.2,0.5,hub_09,pcglassoFast_Primal,C,0.002848035868435802,0.45249999999998636,169.31471805599455
200,0.2,0.5,hub_09,pcglassoFast_Primal,C,0.010000000000000004,0.3855000000000075,169.31471805599563
200,0.2,0.5,hub_09,pcglassoFast_Primal,I,9.999999999999982e-9,0.15250000000000163,169.31471805599455
200,0.2,0.5,hub_09,pcglassoFast_Primal,I,3.5111917342151263e-8,0.15000000000000213,169.31471805599455
200,0.2,0.5,hub_09,pcglassoFast_Primal,I,1.2328467394420646e-7,0.14799999999999613,169.31471805599455
200,0.2,0.5,hub_09,pcglassoFast_Primal,I,4.328761281083054e-7,0.15149999999999864,169.31471805599455
200,0.2,0.5,hub_09,pcglassoFast_Primal,I,1.5199110829529328e-6,0.1495000000000033,169.31471805599455
200,0.2,0.5,hub_09,pcglassoFast_Primal,I,5.336699231206308e-6,0.1454999999999984,169.31471805599455
200,0.2,0.5,hub_09,pcglassoFast_Primal,I,1.873817422860384e-5,0.15099999999998914,169.31471805599455
200,0.2,0.5,hub_09,pcglassoFast_Primal,I,6.579332246575681e-5,0.15049999999999386,169.31471805599455
200,0.2,0.5,hub_09,pcglassoFast_Primal,I,2.310129700083161e-4,0.14650000000000318,169.31471805599455
200,0.2,0.5,hub_09,pcglassoFast_Primal,I,8.11130830789687e-4,0.14799999999999613,169.31471805599455
200,0.2,0.5,hub_09,pcglassoFast_Primal,I,0.002848035868435802,0.15050000000000807,169.31471805599455
200,0.2,0.5,hub_09,pcglassoFast_Primal,I,0.010000000000000004,0.14750000000000796,169.31471805599455
200,0.2,0.5,hub_09,pcglassoFast_PrimalDual,C,9.999999999999982e-9,0.391,169.31471805599452
200,0.2,0.5,hub_09,pcglassoFast_PrimalDual,C,3.5111917342151263e-8,0.2564999999999955,169.31471805599452
200,0.2,0.5,hub_09,pcglassoFast_PrimalDual,C,1.2328467394420646e-7,0.41000000000000014,169.31471805599452
200,0.2,0.5,hub_09,pcglassoFast_PrimalDual,C,4.328761281083054e-7,0.3930000000000007,169.31471805599452
200,0.2,0.5,hub_09,pcglassoFast_PrimalDual,C,1.5199110829529328e-6,0.25250000000000483,169.31471805599452
200,0.2,0.5,hub_09,pcglassoFast_PrimalDual,C,5.336699231206308e-6,0.38400000000000034,169.31471805599452
200,0.2,0.5,hub_09,pcglassoFast_PrimalDual,C,1.873817422860384e-5,0.2564999999999884,169.31471805599452
200,0.2,0.5,hub_09,pcglassoFast_PrimalDual,C,6.579332246575681e-5,0.252999999999993,169.31471805599452
200,0.2,0.5,hub_09,pcglassoFast_PrimalDual,C,2.310129700083161e-4,0.2529999999999859,169.31471805599452
200,0.2,0.5,hub_09,pcglassoFast_PrimalDual,C,8.11130830789687e-4,0.2510000000000048,169.31471805599452
200,0.2,0.5,hub_09,pcglassoFast_PrimalDual,C,0.002848035868435802,0.3884999999999934,169.31471805599452
200,0.2,0.5,hub_09,pcglassoFast_PrimalDual,C,0.010000000000000004,0.33499999999999375,169.31471805599557
200,0.2,0.5,hub_09,pcglassoFast_PrimalDual,I,9.999999999999982e-9,0.0940000000000012,169.31471805599455
200,0.2,0.5,hub_09,pcglassoFast_PrimalDual,I,3.5111917342151263e-8,0.09250000000000824,169.31471805599455
200,0.2,0.5,hub_09,pcglassoFast_PrimalDual,I,1.2328467394420646e-7,0.22400000000000375,169.31471805599455
200,0.2,0.5,hub_09,pcglassoFast_PrimalDual,I,4.328761281083054e-7,0.09100000000000819,169.31471805599455
200,0.2,0.5,hub_09,pcglassoFast_PrimalDual,I,1.5199110829529328e-6,0.09499999999999886,169.31471805599455
200,0.2,0.5,hub_09,pcglassoFast_PrimalDual,I,5.336699231206308e-6,0.09199999999999164,169.31471805599455
200,0.2,0.5,hub_09,pcglassoFast_PrimalDual,I,1.873817422860384e-5,0.09150000000001057,169.31471805599455
200,0.2,0.5,hub_09,pcglassoFast_PrimalDual,I,6.579332246575681e-5,0.09300000000000352,169.31471805599455
200,0.2,0.5,hub_09,pcglassoFast_PrimalDual,I,2.310129700083161e-4,0.09250000000000114,169.31471805599455
200,0.2,0.5,hub_09,pcglassoFast_PrimalDual,I,8.11130830789687e-4,0.0905000000000058,169.31471805599455
200,0.2,0.5,hub_09,pcglassoFast_PrimalDual,I,0.002848035868435802,0.09300000000000352,169.31471805599455
200,0.2,0.5,hub_09,pcglassoFast_PrimalDual,I,0.010000000000000004,0.09299999999998931,169.31471805599455
200,0.2,0.5,hub_1,pcglasso,C,9.999999999999982e-9,12.940999999999988,110.60045650670786
200,0.2,0.5,hub_1,pcglasso,C,3.5111917342151263e-8,11.659000000000006,110.60045718304279
200,0.2,0.5,hub_1,pcglasso,C,1.2328467394420646e-7,10.265500000000003,110.60046489539198
200,0.2,0.5,hub_1,pcglasso,C,4.328761281083054e-7,7.9669999999999845,110.60049878054727
200,0.2,0.5,hub_1,pcglasso,C,1.5199110829529328e-6,6.163000000000011,110.61826384580301
200,0.2,0.5,hub_1,pcglasso,C,5.336699231206308e-6,5.750500000000017,110.63546835429935
200,0.2,0.5,hub_1,pcglasso,C,1.873817422860384e-5,6.208000000000027,110.65788129687697
200,0.2,0.5,hub_1,pcglasso,C,6.579332246575681e-5,5.440500000000014,111.17039285555856
200,0.2,0.5,hub_1,pcglasso,C,2.310129700083161e-4,5.625,113.52890817267277
200,0.2,0.5,hub_1,pcglasso,C,8.11130830789687e-4,2.894999999999982,142.29250709696498
200,0.2,0.5,hub_1,pcglasso,C,0.002848035868435802,1.2864999999999327,580.9310803910286
200,0.2,0.5,hub_1,pcglasso,C,0.010000000000000004,1.392500000000041,580.9310803910286
200,0.2,0.5,hub_1,pcglasso,I,9.999999999999982e-9,11.174000000000007,110.6004565317313
200,0.2,0.5,hub_1,pcglasso,I,3.5111917342151263e-8,9.77800000000002,110.6004568459964
200,0.2,0.5,hub_1,pcglasso,I,1.2328467394420646e-7,7.694500000000033,110.60045809042853
200,0.2,0.5,hub_1,pcglasso,I,4.328761281083054e-7,7.531499999999994,110.60051290465174
200,0.2,0.5,hub_1,pcglasso,I,1.5199110829529328e-6,5.9739999999999895,110.6018414997557
200,0.2,0.5,hub_1,pcglasso,I,5.336699231206308e-6,5.786000000000001,110.60327166457566
200,0.2,0.5,hub_1,pcglasso,I,1.873817422860384e-5,4.588999999999999,110.70939057916871
200,0.2,0.5,hub_1,pcglasso,I,6.579332246575681e-5,2.427500000000009,111.96694615424143
200,0.2,0.5,hub_1,pcglasso,I,2.310129700083161e-4,1.9039999999999964,112.05937646416028
200,0.2,0.5,hub_1,pcglasso,I,8.11130830789687e-4,0.47949999999997317,137.3656758389306
200,0.2,0.5,hub_1,pcglasso,I,0.002848035868435802,0.33650000000005775,139.46316991716733
200,0.2,0.5,hub_1,pcglasso,I,0.010000000000000004,0.16499999999996362,138.83069140775876
200,0.2,0.5,hub_1,pcglassoFast_Dual,C,9.999999999999982e-9,4.369999999999999,110.60045643576814
200,0.2,0.5,hub_1,pcglassoFast_Dual,C,3.5111917342151263e-8,3.4599999999999937,110.60045644342566
200,0.2,0.5,hub_1,pcglassoFast_Dual,C,1.2328467394420646e-7,2.916499999999999,110.60045647224298
200,0.2,0.5,hub_1,pcglassoFast_Dual,C,4.328761281083054e-7,2.646500000000003,110.60045653676013
200,0.2,0.5,hub_1,pcglassoFast_Dual,C,1.5199110829529328e-6,2.4524999999999864,110.60045858265852
200,0.2,0.5,hub_1,pcglassoFast_Dual,C,5.336699231206308e-6,2.3465000000000202,110.60045858265852
200,0.2,0.5,hub_1,pcglassoFast_Dual,C,1.873817422860384e-5,2.0385000000000275,110.60045943641319
200,0.2,0.5,hub_1,pcglassoFast_Dual,C,6.579332246575681e-5,1.9524999999999864,110.60046853521567
200,0.2,0.5,hub_1,pcglassoFast_Dual,C,2.310129700083161e-4,1.8034999999999854,110.6005805074757
200,0.2,0.5,hub_1,pcglassoFast_Dual,C,8.11130830789687e-4,1.5844999999999914,110.60068080167703
200,0.2,0.5,hub_1,pcglassoFast_Dual,C,0.002848035868435802,1.4189999999999827,110.60130757672566
200,0.2,0.5,hub_1,pcglassoFast_Dual,C,0.010000000000000004,1.5610000000000355,110.60105054819122
200,0.2,0.5,hub_1,pcglassoFast_Dual,I,9.999999999999982e-9,6.859499999999999,110.60045643805526
200,0.2,0.5,hub_1,pcglassoFast_Dual,I,3.5111917342151263e-8,6.368000000000009,110.60045643805526
200,0.2,0.5,hub_1,pcglassoFast_Dual,I,1.2328467394420646e-7,5.961500000000001,110.60045645935833
200,0.2,0.5,hub_1,pcglassoFast_Dual,I,4.328761281083054e-7,5.736499999999978,110.60045645935833
200,0.2,0.5,hub_1,pcglassoFast_Dual,I,1.5199110829529328e-6,5.643999999999977,110.60045682468719
200,0.2,0.5,hub_1,pcglassoFast_Dual,I,5.336699231206308e-6,5.002499999999998,110.6004617838945
200,0.2,0.5,hub_1,pcglassoFast_Dual,I,1.873817422860384e-5,4.952500000000015,110.60046659331424
200,0.2,0.5,hub_1,pcglassoFast_Dual,I,6.579332246575681e-5,4.561499999999967,110.6004722750632
200,0.2,0.5,hub_1,pcglassoFast_Dual,I,2.310129700083161e-4,4.512000000000057,110.60049914765858
200,0.2,0.5,hub_1,pcglassoFast_Dual,I,8.11130830789687e-4,4.42999999999995,110.60070973868325
200,0.2,0.5,hub_1,pcglassoFast_Dual,I,0.002848035868435802,4.134999999999991,110.60208189836982
200,0.2,0.5,hub_1,pcglassoFast_Dual,I,0.010000000000000004,3.774499999999989,110.61414586352763
200,0.2,0.5,hub_1,pcglassoFast_Primal,C,9.999999999999982e-9,173.7315,110.60045747160032
200,0.2,0.5,hub_1,pcglassoFast_Primal,C,3.5111917342151263e-8,133.853,110.6004574898333
200,0.2,0.5,hub_1,pcglassoFast_Primal,C,1.2328467394420646e-7,108.56900000000002,110.60046534124189
200,0.2,0.5,hub_1,pcglassoFast_Primal,C,4.328761281083054e-7,89.16,110.60045802888723
200,0.2,0.5,hub_1,pcglassoFast_Primal,C,1.5199110829529328e-6,70.71349999999998,110.60055792839603
200,0.2,0.5,hub_1,pcglassoFast_Primal,C,5.336699231206308e-6,52.67949999999996,110.60048754376892
200,0.2,0.5,hub_1,pcglassoFast_Primal,C,1.873817422860384e-5,38.26650000000001,110.60051100565936
200,0.2,0.5,hub_1,pcglassoFast_Primal,C,6.579332246575681e-5,25.97150000000002,110.60075954957371
200,0.2,0.5,hub_1,pcglassoFast_Primal,C,2.310129700083161e-4,15.479499999999973,110.60868085883571
200,0.2,0.5,hub_1,pcglassoFast_Primal,C,8.11130830789687e-4,7.300500000000056,110.64217815167488
200,0.2,0.5,hub_1,pcglassoFast_Primal,C,0.002848035868435802,2.0849999999999227,110.66154240714131
200,0.2,0.5,hub_1,pcglassoFast_Primal,C,0.010000000000000004,1.5170000000000528,110.62140724820196
200,0.2,0.5,hub_1,pcglassoFast_Primal,I,9.999999999999982e-9,160.91899999999998,110.60045887573867
200,0.2,0.5,hub_1,pcglassoFast_Primal,I,3.5111917342151263e-8,137.09150000000002,110.60045850050913
200,0.2,0.5,hub_1,pcglassoFast_Primal,I,1.2328467394420646e-7,126.129,110.60045934032223
200,0.2,0.5,hub_1,pcglassoFast_Primal,I,4.328761281083054e-7,97.58550000000002,110.60046229162582
200,0.2,0.5,hub_1,pcglassoFast_Primal,I,1.5199110829529328e-6,71.20750000000001,110.60045813022107
200,0.2,0.5,hub_1,pcglassoFast_Primal,I,5.336699231206308e-6,55.49950000000001,110.60088727738356
200,0.2,0.5,hub_1,pcglassoFast_Primal,I,1.873817422860384e-5,40.739000000000004,110.60046876869032
200,0.2,0.5,hub_1,pcglassoFast_Primal,I,6.579332246575681e-5,29.222500000000082,110.60224847340407
200,0.2,0.5,hub_1,pcglassoFast_Primal,I,2.310129700083161e-4,19.93100000000001,110.60121833116594
200,0.2,0.5,hub_1,pcglassoFast_Primal,I,8.11130830789687e-4,12.724000000000046,110.63124568823802
200,0.2,0.5,hub_1,pcglassoFast_Primal,I,0.002848035868435802,7.744000000000028,110.61325199527053
200,0.2,0.5,hub_1,pcglassoFast_Primal,I,0.010000000000000004,4.06699999999995,110.64719004283374
200,0.2,0.5,hub_1,pcglassoFast_PrimalDual,C,9.999999999999982e-9,0.6809999999999992,110.60045643537697
200,0.2,0.5,hub_1,pcglassoFast_PrimalDual,C,3.5111917342151263e-8,0.417500000000004,110.60045643734892
200,0.2,0.5,hub_1,pcglassoFast_PrimalDual,C,1.2328467394420646e-7,0.561000000000007,110.60045643734892
200,0.2,0.5,hub_1,pcglassoFast_PrimalDual,C,4.328761281083054e-7,0.511999999999972,110.6004564536612
200,0.2,0.5,hub_1,pcglassoFast_PrimalDual,C,1.5199110829529328e-6,0.6345000000000312,110.60045658306574
200,0.2,0.5,hub_1,pcglassoFast_PrimalDual,C,5.336699231206308e-6,0.5095000000000027,110.60045658306574
200,0.2,0.5,hub_1,pcglassoFast_PrimalDual,C,1.873817422860384e-5,0.2939999999999827,110.60045762761457
200,0.2,0.5,hub_1,pcglassoFast_PrimalDual,C,6.579332246575681e-5,0.41950000000002774,110.60045762761457
200,0.2,0.5,hub_1,pcglassoFast_PrimalDual,C,2.310129700083161e-4,0.32200000000000273,110.6004662089477
200,0.2,0.5,hub_1,pcglassoFast_PrimalDual,C,8.11130830789687e-4,0.24449999999995953,110.60053797171224
200,0.2,0.5,hub_1,pcglassoFast_PrimalDual,C,0.002848035868435802,0.24349999999998317,110.60053797171224
200,0.2,0.5,hub_1,pcglassoFast_PrimalDual,C,0.010000000000000004,0.2674999999999841,110.60114896632726
200,0.2,0.5,hub_1,pcglassoFast_PrimalDual,I,9.999999999999982e-9,0.9765000000000157,110.60045643552043
200,0.2,0.5,hub_1,pcglassoFast_PrimalDual,I,3.5111917342151263e-8,0.9954999999999927,110.60045643869478
200,0.2,0.5,hub_1,pcglassoFast_PrimalDual,I,1.2328467394420646e-7,0.9065000000000225,110.60045643869478
200,0.2,0.5,hub_1,pcglassoFast_PrimalDual,I,4.328761281083054e-7,0.7589999999999861,110.60045646405715
200,0.2,0.5,hub_1,pcglassoFast_PrimalDual,I,1.5199110829529328e-6,0.8205000000000098,110.60045646405715
200,0.2,0.5,hub_1,pcglassoFast_PrimalDual,I,5.336699231206308e-6,0.8255000000000052,110.60045666656089
200,0.2,0.5,hub_1,pcglassoFast_PrimalDual,I,1.873817422860384e-5,0.7205000000000155,110.60045832271949
200,0.2,0.5,hub_1,pcglassoFast_PrimalDual,I,6.579332246575681e-5,0.7779999999999916,110.60045832271949
200,0.2,0.5,hub_1,pcglassoFast_PrimalDual,I,2.310129700083161e-4,0.6235000000000355,110.60047217763572
200,0.2,0.5,hub_1,pcglassoFast_PrimalDual,I,8.11130830789687e-4,0.6905000000000427,110.60047217763572
200,0.2,0.5,hub_1,pcglassoFast_PrimalDual,I,0.002848035868435802,0.6055000000000064,110.60059052006636
200,0.2,0.5,hub_1,pcglassoFast_PrimalDual,I,0.010000000000000004,0.722500000000025,110.60162016923353
200,0.2,0.5,random,pcglasso,C,9.999999999999982e-9,11.857500000000002,161.00734420156894
200,0.2,0.5,random,pcglasso,C,3.5111917342151263e-8,10.9115,161.0073459497506
200,0.2,0.5,random,pcglasso,C,1.2328467394420646e-7,8.551499999999997,161.00735453178112
200,0.2,0.5,random,pcglasso,C,4.328761281083054e-7,8.070499999999996,161.00744647212065
200,0.2,0.5,random,pcglasso,C,1.5199110829529328e-6,6.375,161.0083602005654
200,0.2,0.5,random,pcglasso,C,5.336699231206308e-6,5.657499999999999,161.01082228653632
200,0.2,0.5,random,pcglasso,C,1.873817422860384e-5,4.223500000000001,161.01773604419134
200,0.2,0.5,random,pcglasso,C,6.579332246575681e-5,2.9845000000000113,161.12087210622244
200,0.2,0.5,random,pcglasso,C,2.310129700083161e-4,1.3865000000000123,163.9187570051609
200,0.2,0.5,random,pcglasso,C,8.11130830789687e-4,0.7529999999999859,168.913734744974
200,0.2,0.5,random,pcglasso,C,0.002848035868435802,0.17300000000000182,418.47704423645536
200,0.2,0.5,random,pcglasso,C,0.010000000000000004,0.1735000000000042,418.47704423645536
200,0.2,0.5,random,pcglasso,I,9.999999999999982e-9,11.096999999999998,161.00734424435402
200,0.2,0.5,random,pcglasso,I,3.5111917342151263e-8,9.810000000000002,161.00734736654894
200,0.2,0.5,random,pcglasso,I,1.2328467394420646e-7,8.4465,161.00736390641256
200,0.2,0.5,random,pcglasso,I,4.328761281083054e-7,7.33400000000001,161.0074043387705
200,0.2,0.5,random,pcglasso,I,1.5199110829529328e-6,6.670500000000004,161.00796787407378
200,0.2,0.5,random,pcglasso,I,5.336699231206308e-6,5.350999999999999,161.00918177173477
200,0.2,0.5,random,pcglasso,I,1.873817422860384e-5,3.6839999999999975,161.01629877620823
200,0.2,0.5,random,pcglasso,I,6.579332246575681e-5,1.461500000000001,161.393535325055
200,0.2,0.5,random,pcglasso,I,2.310129700083161e-4,0.3680000000000092,163.00637855809546
200,0.2,0.5,random,pcglasso,I,8.11130830789687e-4,0.25,164.86500934000432
200,0.2,0.5,random,pcglasso,I,0.002848035868435802,0.1564999999999941,164.10541482938814
200,0.2,0.5,random,pcglasso,I,0.010000000000000004,0.1979999999999933,165.18090954299998
200,0.2,0.5,random,pcglassoFast_Dual,C,9.999999999999982e-9,3.3995000000000015,161.00734391266062
200,0.2,0.5,random,pcglassoFast_Dual,C,3.5111917342151263e-8,2.4964999999999975,161.00734392969056
200,0.2,0.5,random,pcglassoFast_Dual,C,1.2328467394420646e-7,2.362000000000002,161.00734423266218
200,0.2,0.5,random,pcglassoFast_Dual,C,4.328761281083054e-7,1.8765,161.00734428566702
200,0.2,0.5,random,pcglassoFast_Dual,C,1.5199110829529328e-6,1.526999999999994,161.00734907705188
200,0.2,0.5,random,pcglassoFast_Dual,C,5.336699231206308e-6,1.7494999999999976,161.00735211243085
200,0.2,0.5,random,pcglassoFast_Dual,C,1.873817422860384e-5,1.0060000000000002,161.0073762095556
200,0.2,0.5,random,pcglassoFast_Dual,C,6.579332246575681e-5,0.972999999999999,161.00742313155484
200,0.2,0.5,random,pcglassoFast_Dual,C,2.310129700083161e-4,0.8275000000000148,161.00772029409336
200,0.2,0.5,random,pcglassoFast_Dual,C,8.11130830789687e-4,0.5849999999999937,161.0123659230481
200,0.2,0.5,random,pcglassoFast_Dual,C,0.002848035868435802,0.5720000000000027,161.01207400596243
200,0.2,0.5,random,pcglassoFast_Dual,C,0.010000000000000004,0.8345000000000056,161.01653771196578
200,0.2,0.5,random,pcglassoFast_Dual,I,9.999999999999982e-9,2.537000000000001,161.00734390012357
200,0.2,0.5,random,pcglassoFast_Dual,I,3.5111917342151263e-8,1.7054999999999971,161.00734409730322
200,0.2,0.5,random,pcglassoFast_Dual,I,1.2328467394420646e-7,1.9080000000000013,161.00734421647383
200,0.2,0.5,random,pcglassoFast_Dual,I,4.328761281083054e-7,2.488999999999997,161.00734489337532
200,0.2,0.5,random,pcglassoFast_Dual,I,1.5199110829529328e-6,1.4464999999999932,161.00734802411245
200,0.2,0.5,random,pcglassoFast_Dual,I,5.336699231206308e-6,1.6345000000000098,161.0073754255523
200,0.2,0.5,random,pcglassoFast_Dual,I,1.873817422860384e-5,1.3719999999999999,161.0074167678494
200,0.2,0.5,random,pcglassoFast_Dual,I,6.579332246575681e-5,1.1049999999999898,161.00753729781502
200,0.2,0.5,random,pcglassoFast_Dual,I,2.310129700083161e-4,0.9784999999999968,161.00812129571344
200,0.2,0.5,random,pcglassoFast_Dual,I,8.11130830789687e-4,0.5589999999999975,161.01086631958026
200,0.2,0.5,random,pcglassoFast_Dual,I,0.002848035868435802,0.5845000000000056,161.01758947210357
200,0.2,0.5,random,pcglassoFast_Dual,I,0.010000000000000004,0.3445000000000107,161.03402835877893
200,0.2,0.5,random,pcglassoFast_Primal,C,9.999999999999982e-9,14.285000000000002,161.00734395979956
200,0.2,0.5,random,pcglassoFast_Primal,C,3.5111917342151263e-8,11.616499999999998,161.00734405497417
200,0.2,0.5,random,pcglassoFast_Primal,C,1.2328467394420646e-7,9.524999999999999,161.00734426508885
200,0.2,0.5,random,pcglassoFast_Primal,C,4.328761281083054e-7,8.217500000000001,161.0073449092558
200,0.2,0.5,random,pcglassoFast_Primal,C,1.5199110829529328e-6,7.103499999999997,161.00734683991604
200,0.2,0.5,random,pcglassoFast_Primal,C,5.336699231206308e-6,6.4284999999999926,161.0073522391769
200,0.2,0.5,random,pcglassoFast_Primal,C,1.873817422860384e-5,5.320999999999998,161.00737985691214
200,0.2,0.5,random,pcglassoFast_Primal,C,6.579332246575681e-5,4.038499999999999,161.00742265697124
200,0.2,0.5,random,pcglassoFast_Primal,C,2.310129700083161e-4,2.8160000000000025,161.00766165526895
200,0.2,0.5,random,pcglassoFast_Primal,C,8.11130830789687e-4,2.2350000000000136,161.00807167689968
200,0.2,0.5,random,pcglassoFast_Primal,C,0.002848035868435802,1.6960000000000122,161.00847271284505
200,0.2,0.5,random,pcglassoFast_Primal,C,0.010000000000000004,1.2329999999999899,161.02183767842925
200,0.2,0.5,random,pcglassoFast_Primal,I,9.999999999999982e-9,16.395000000000003,161.00734395957403
200,0.2,0.5,random,pcglassoFast_Primal,I,3.5111917342151263e-8,15.513500000000004,161.0073440487234
200,0.2,0.5,random,pcglassoFast_Primal,I,1.2328467394420646e-7,13.426499999999997,161.00734433723323
200,0.2,0.5,random,pcglassoFast_Primal,I,4.328761281083054e-7,12.025000000000006,161.00734499016244
200,0.2,0.5,random,pcglassoFast_Primal,I,1.5199110829529328e-6,10.625500000000002,161.00734678069682
200,0.2,0.5,random,pcglassoFast_Primal,I,5.336699231206308e-6,8.848999999999997,161.00735349429954
200,0.2,0.5,random,pcglassoFast_Primal,I,1.873817422860384e-5,7.238499999999995,161.00738183815673
200,0.2,0.5,random,pcglassoFast_Primal,I,6.579332246575681e-5,5.9114999999999895,161.0075074324324
200,0.2,0.5,random,pcglassoFast_Primal,I,2.310129700083161e-4,4.483000000000018,161.00815589830944
200,0.2,0.5,random,pcglassoFast_Primal,I,8.11130830789687e-4,3.2794999999999987,161.00932009750298
200,0.2,0.5,random,pcglassoFast_Primal,I,0.002848035868435802,2.6069999999999993,161.01068599742777
200,0.2,0.5,random,pcglassoFast_Primal,I,0.010000000000000004,2.0220000000000056,161.0155989792542
200,0.2,0.5,random,pcglassoFast_PrimalDual,C,9.999999999999982e-9,5.609,161.00734392163724
200,0.2,0.5,random,pcglassoFast_PrimalDual,C,3.5111917342151263e-8,4.153999999999996,161.00734413502857
200,0.2,0.5,random,pcglassoFast_PrimalDual,C,1.2328467394420646e-7,3.968999999999994,161.00734430335922
200,0.2,0.5,random,pcglassoFast_PrimalDual,C,4.328761281083054e-7,3.7560000000000002,161.0073452192295
200,0.2,0.5,random,pcglassoFast_PrimalDual,C,1.5199110829529328e-6,3.360500000000002,161.00734711528392
200,0.2,0.5,random,pcglassoFast_PrimalDual,C,5.336699231206308e-6,3.150499999999994,161.00735278006695
200,0.2,0.5,random,pcglassoFast_PrimalDual,C,1.873817422860384e-5,2.6265,161.00737038172633
200,0.2,0.5,random,pcglassoFast_PrimalDual,C,6.579332246575681e-5,2.3310000000000173,161.0074308858255
200,0.2,0.5,random,pcglassoFast_PrimalDual,C,2.310129700083161e-4,2.034499999999994,161.0076530106646
200,0.2,0.5,random,pcglassoFast_PrimalDual,C,8.11130830789687e-4,1.6909999999999883,161.00855308166103
200,0.2,0.5,random,pcglassoFast_PrimalDual,C,0.002848035868435802,1.456000000000003,161.0093302833448
200,0.2,0.5,random,pcglassoFast_PrimalDual,C,0.010000000000000004,1.2295000000000016,161.01419388220162
200,0.2,0.5,random,pcglassoFast_PrimalDual,I,9.999999999999982e-9,5.4069999999999965,161.00734392596925
200,0.2,0.5,random,pcglassoFast_PrimalDual,I,3.5111917342151263e-8,4.7379999999999995,161.0073440815488
200,0.2,0.5,random,pcglassoFast_PrimalDual,I,1.2328467394420646e-7,4.378,161.007344339579
200,0.2,0.5,random,pcglassoFast_PrimalDual,I,4.328761281083054e-7,3.9399999999999977,161.0073450573544
200,0.2,0.5,random,pcglassoFast_PrimalDual,I,1.5199110829529328e-6,3.575499999999998,161.00734773561052
200,0.2,0.5,random,pcglassoFast_PrimalDual,I,5.336699231206308e-6,3.460499999999996,161.00735469252902
200,0.2,0.5,random,pcglassoFast_PrimalDual,I,1.873817422860384e-5,3.0659999999999883,161.0073779737965
200,0.2,0.5,random,pcglassoFast_PrimalDual,I,6.579332246575681e-5,2.743000000000009,161.00746312833178
200,0.2,0.5,random,pcglassoFast_PrimalDual,I,2.310129700083161e-4,2.388999999999996,161.00763239261843
200,0.2,0.5,random,pcglassoFast_PrimalDual,I,8.11130830789687e-4,2.170500000000004,161.00807458156683
200,0.2,0.5,random,pcglassoFast_PrimalDual,I,0.002848035868435802,2.068499999999986,161.0094426059527
200,0.2,0.5,random,pcglassoFast_PrimalDual,I,0.010000000000000004,1.8419999999999987,161.01143883669755
