p,lambda,alpha,K_structure,solver,starting_point,tolerance,time_median,f_end
50,0.1,0,AR2,pcglasso,C,9.999999999999982e-9,0.14800000000104774,37.18144846037992
50,0.1,0,AR2,pcglasso,C,3.5111917342151263e-8,0.13149999999950523,37.18144845929006
50,0.1,0,AR2,pcglasso,C,1.2328467394420646e-7,0.11500000000160072,37.18144874861069
50,0.1,0,AR2,pcglasso,C,4.328761281083054e-7,0.09899999999834108,37.18145076935369
50,0.1,0,AR2,pcglasso,C,1.5199110829529328e-6,0.08699999999953434,37.181479138743384
50,0.1,0,AR2,pcglasso,C,5.336699231206308e-6,0.0750000000007276,37.18187992775643
50,0.1,0,AR2,pcglasso,C,1.873817422860384e-5,0.05500000000029104,37.186083775865136
50,0.1,0,AR2,pcglasso,C,6.579332246575681e-5,0.044999999999163265,37.23391647351631
50,0.1,0,AR2,pcglasso,C,2.310129700083161e-4,0.01599999999962165,39.03937282816632
50,0.1,0,AR2,pcglasso,C,8.11130830789687e-4,0.00900000000183354,40.77215650145825
50,0.1,0,AR2,pcglasso,C,0.0028480358684358,0.00799999999981082,50.73249385643346
50,0.1,0,AR2,pcglasso,C,0.01,0.00700000000142608,46.574345549651
50,0.1,0,AR2,pcglasso,I,9.999999999999982e-9,0.13400000000183354,37.181448447132055
50,0.1,0,AR2,pcglasso,I,3.5111917342151263e-8,0.12199999999938882,37.18144846032905
50,0.1,0,AR2,pcglasso,I,1.2328467394420646e-7,0.10800000000017462,37.18144876802519
50,0.1,0,AR2,pcglasso,I,4.328761281083054e-7,0.091999999996915,37.18145089958261
50,0.1,0,AR2,pcglasso,I,1.5199110829529328e-6,0.08150000000023283,37.18147980727408
50,0.1,0,AR2,pcglasso,I,5.336699231206308e-6,0.07300000000032014,37.18189008561126
50,0.1,0,AR2,pcglasso,I,1.873817422860384e-5,0.04800000000250293,37.18588194579705
50,0.1,0,AR2,pcglasso,I,6.579332246575681e-5,0.03100000000267755,37.217373120824895
50,0.1,0,AR2,pcglasso,I,2.310129700083161e-4,0.01900000000023283,37.417219151533544
50,0.1,0,AR2,pcglasso,I,8.11130830789687e-4,0.00800000000162981,39.04675820593725
50,0.1,0,AR2,pcglasso,I,0.0028480358684358,0.00699999999960709,39.48144951473458
50,0.1,0,AR2,pcglasso,I,0.01,0.00700000000142608,39.0858458156763
50,0.1,0,AR2,pcglassoFast_Dual,C,9.999999999999982e-9,0.02800000000024738,37.18144845600822
50,0.1,0,AR2,pcglassoFast_Dual,C,3.5111917342151263e-8,0.02600000000165892,37.181448483078995
50,0.1,0,AR2,pcglassoFast_Dual,C,1.2328467394420646e-7,0.02400000000125146,37.181448576270526
50,0.1,0,AR2,pcglassoFast_Dual,C,4.328761281083054e-7,0.02300000000104773,37.18144891171923
50,0.1,0,AR2,pcglassoFast_Dual,C,1.5199110829529328e-6,0.021999999999934516,37.181450123059705
50,0.1,0,AR2,pcglassoFast_Dual,C,5.336699231206308e-6,0.02000000000043655,37.181454123274655
50,0.1,0,AR2,pcglassoFast_Dual,C,1.873817422860384e-5,0.01900000000023283,37.18145909798961
50,0.1,0,AR2,pcglassoFast_Dual,C,6.579332246575681e-5,0.0249999999996362,37.18149394925243
50,0.1,0,AR2,pcglassoFast_Dual,C,2.310129700083161e-4,0.01699999999982537,37.1815462222624
50,0.1,0,AR2,pcglassoFast_Dual,C,8.11130830789687e-4,0.01599999999962165,37.18191381563293
50,0.1,0,AR2,pcglassoFast_Dual,C,0.0028480358684358,0.02200000000084401,37.18265653521196
50,0.1,0,AR2,pcglassoFast_Dual,C,0.01,0.021499999998923155,37.19103675188856
50,0.1,0,AR2,pcglassoFast_Dual,I,9.999999999999982e-9,0.02200000000084401,37.18144845439715
50,0.1,0,AR2,pcglassoFast_Dual,I,3.5111917342151263e-8,0.02000000000043655,37.181448476931216
50,0.1,0,AR2,pcglassoFast_Dual,I,1.2328467394420646e-7,0.01900000000023283,37.18144855543856
50,0.1,0,AR2,pcglassoFast_Dual,I,4.328761281083054e-7,0.0180000000000291,37.18144883123695
50,0.1,0,AR2,pcglassoFast_Dual,I,1.5199110829529328e-6,0.01599999999962165,37.18144978983985
50,0.1,0,AR2,pcglassoFast_Dual,I,5.336699231206308e-6,0.01599999999962165,37.18145104167433
50,0.1,0,AR2,pcglassoFast_Dual,I,1.873817422860384e-5,0.01399999999921419,37.18145920798242
50,0.1,0,AR2,pcglassoFast_Dual,I,6.579332246575681e-5,0.01300000000264844,37.181471479791654
50,0.1,0,AR2,pcglassoFast_Dual,I,2.310129700083161e-4,0.01199999999880674,37.18157135696434
50,0.1,0,AR2,pcglassoFast_Dual,I,8.11130830789687e-4,0.011000000000422,37.18176819346262
50,0.1,0,AR2,pcglassoFast_Dual,I,0.0028480358684358,0.00900000000183354,37.18370680544509
50,0.1,0,AR2,pcglassoFast_Dual,I,0.01,0.00900000000183354,37.18370680544509
50,0.1,0,AR2,pcglassoFast_Primal,C,9.999999999999982e-9,0.04699999999957072,37.181448450840776
50,0.1,0,AR2,pcglassoFast_Primal,C,3.5111917342151263e-8,0.04399999999805004,37.18144846812644
50,0.1,0,AR2,pcglassoFast_Primal,C,1.2328467394420646e-7,0.04200000000128057,37.18144853170819
50,0.1,0,AR2,pcglassoFast_Primal,C,4.328761281083054e-7,0.03900000000066939,37.181448775164206
50,0.1,0,AR2,pcglassoFast_Primal,C,1.5199110829529328e-6,0.03600000000005821,37.18144971823873
50,0.1,0,AR2,pcglassoFast_Primal,C,5.336699231206308e-6,0.03200000000288128,37.18145343203278
50,0.1,0,AR2,pcglassoFast_Primal,C,1.873817422860384e-5,0.03100000000267755,37.18145840357242
50,0.1,0,AR2,pcglassoFast_Primal,C,6.579332246575681e-5,0.02800000000206637,37.181488760583285
50,0.1,0,AR2,pcglassoFast_Primal,C,2.310129700083161e-4,0.02699999999822466,37.18161265529304
50,0.1,0,AR2,pcglassoFast_Primal,C,8.11130830789687e-4,0.022499999999126885,37.18213439636787
50,0.1,0,AR2,pcglassoFast_Primal,C,0.0028480358684358,0.02199999999720603,37.182885791587346
50,0.1,0,AR2,pcglassoFast_Primal,C,0.01,0.01900000000023283,37.18835578610094
50,0.1,0,AR2,pcglassoFast_Primal,I,9.999999999999982e-9,0.04799999999886495,37.18144845432034
50,0.1,0,AR2,pcglassoFast_Primal,I,3.5111917342151263e-8,0.0429999999996653,37.181448487776215
50,0.1,0,AR2,pcglassoFast_Primal,I,1.2328467394420646e-7,0.05199999999967986,37.18144856336025
50,0.1,0,AR2,pcglassoFast_Primal,I,4.328761281083054e-7,0.03700000000026193,37.18144880591308
50,0.1,0,AR2,pcglassoFast_Primal,I,1.5199110829529328e-6,0.03399999999965075,37.181449547840415
50,0.1,0,AR2,pcglassoFast_Primal,I,5.336699231206308e-6,0.031000000001768054,37.18145468737791
50,0.1,0,AR2,pcglassoFast_Primal,I,1.873817422860384e-5,0.02700000000186264,37.18146870531203
50,0.1,0,AR2,pcglassoFast_Primal,I,6.579332246575681e-5,0.0249999999996362,37.18151533883476
50,0.1,0,AR2,pcglassoFast_Primal,I,2.310129700083161e-4,0.02100000000064028,37.18167555465151
50,0.1,0,AR2,pcglassoFast_Primal,I,8.11130830789687e-4,0.0180000000000291,37.18225834077819
50,0.1,0,AR2,pcglassoFast_Primal,I,0.0028480358684358,0.01699999999982537,37.18302702051351
50,0.1,0,AR2,pcglassoFast_Primal,I,0.01,0.01399999999921419,37.18803889701466
50,0.1,0,hub_09,pcglasso,C,9.999999999999982e-9,0.11199999999917054,43.586357467040656
50,0.1,0,hub_09,pcglasso,C,3.5111917342151263e-8,0.09500000000116415,43.586357469079445
50,0.1,0,hub_09,pcglasso,C,1.2328467394420646e-7,0.08499999999912689,43.586357554156336
50,0.1,0,hub_09,pcglasso,C,4.328761281083054e-7,0.07899999999790452,43.58635890932088
50,0.1,0,hub_09,pcglasso,C,1.5199110829529328e-6,0.06999999999970896,43.58638601046275
50,0.1,0,hub_09,pcglasso,C,5.336699231206308e-6,0.05700000000069849,43.58656282971046
50,0.1,0,hub_09,pcglasso,C,1.873817422860384e-5,0.04099999999925785,43.588398607930664
50,0.1,0,hub_09,pcglasso,C,6.579332246575681e-5,0.03000000000065483,43.59676278390899
50,0.1,0,hub_09,pcglasso,C,2.310129700083161e-4,0.01900000000023283,43.76005793897534
50,0.1,0,hub_09,pcglasso,C,8.11130830789687e-4,0.00700000000142608,50.27773026897091
50,0.1,0,hub_09,pcglasso,C,0.0028480358684358,0.00600000000122236,55.272700779278544
50,0.1,0,hub_09,pcglasso,C,0.01,0.00600000000122236,53.92392846519867
50,0.1,0,hub_09,pcglasso,I,9.999999999999982e-9,0.10900000000037836,43.58635747483086
50,0.1,0,hub_09,pcglasso,I,3.5111917342151263e-8,0.09400000000096044,43.58635747917188
50,0.1,0,hub_09,pcglasso,I,1.2328467394420646e-7,0.08899999999994179,43.58635755722834
50,0.1,0,hub_09,pcglasso,I,4.328761281083054e-7,0.0750000000007276,43.586358466155794
50,0.1,0,hub_09,pcglasso,I,1.5199110829529328e-6,0.06699999999909778,43.58636766005565
50,0.1,0,hub_09,pcglasso,I,5.336699231206308e-6,0.0650000000023283,43.58644130238701
50,0.1,0,hub_09,pcglasso,I,1.873817422860384e-5,0.045000000000982254,43.58841519069384
50,0.1,0,hub_09,pcglasso,I,6.579332246575681e-5,0.02400000000125146,43.61225547445255
50,0.1,0,hub_09,pcglasso,I,2.310129700083161e-4,0.01200000000244472,43.77185296838739
50,0.1,0,hub_09,pcglasso,I,8.11130830789687e-4,0.00800000000162981,44.097914052864
50,0.1,0,hub_09,pcglasso,I,0.0028480358684358,0.00699999999960709,44.001696923714576
50,0.1,0,hub_09,pcglasso,I,0.01,0.00699999999960709,44.001696923714576
50,0.1,0,hub_09,pcglassoFast_Dual,C,9.999999999999982e-9,0.07300000000032014,43.58635747170696
50,0.1,0,hub_09,pcglassoFast_Dual,C,3.5111917342151263e-8,0.06899999999950523,43.586357509071085
50,0.1,0,hub_09,pcglassoFast_Dual,C,1.2328467394420646e-7,0.06200000000171712,43.58635753114155
50,0.1,0,hub_09,pcglassoFast_Dual,C,4.328761281083054e-7,0.057499999998981366,43.58635762070605
50,0.1,0,hub_09,pcglassoFast_Dual,C,1.5199110829529328e-6,0.051000000002204615,43.58635807900278
50,0.1,0,hub_09,pcglassoFast_Dual,C,5.336699231206308e-6,0.04300000000148429,43.586362605153575
50,0.1,0,hub_09,pcglassoFast_Dual,C,1.873817422860384e-5,0.0389999999988504,43.586366819067145
50,0.1,0,hub_09,pcglassoFast_Dual,C,6.579332246575681e-5,0.03000000000065483,43.5864421128449
50,0.1,0,hub_09,pcglassoFast_Dual,C,2.310129700083161e-4,0.0249999999996362,43.58652940210663
50,0.1,0,hub_09,pcglassoFast_Dual,C,8.11130830789687e-4,0.020499999998719425,43.58709030585344
50,0.1,0,hub_09,pcglassoFast_Dual,C,0.0028480358684358,0.01599999999962165,43.58996081172903
50,0.1,0,hub_09,pcglassoFast_Dual,C,0.01,0.01499999999941792,43.59196074887555
50,0.1,0,hub_09,pcglassoFast_Dual,I,9.999999999999982e-9,0.18149999999877764,43.5863574715412
50,0.1,0,hub_09,pcglassoFast_Dual,I,3.5111917342151263e-8,0.05400000000008731,43.586357496518254
50,0.1,0,hub_09,pcglassoFast_Dual,I,1.2328467394420646e-7,0.05500000000029104,43.58635753007532
50,0.1,0,hub_09,pcglassoFast_Dual,I,4.328761281083054e-7,0.04300000000148429,43.58635762747197
50,0.1,0,hub_09,pcglassoFast_Dual,I,1.5199110829529328e-6,0.03749999999854481,43.58635808216812
50,0.1,0,hub_09,pcglassoFast_Dual,I,5.336699231206308e-6,0.03099999999903957,43.58636123691092
50,0.1,0,hub_09,pcglassoFast_Dual,I,1.873817422860384e-5,0.02600000000165892,43.5863655246159
50,0.1,0,hub_09,pcglassoFast_Dual,I,6.579332246575681e-5,0.02199999999720603,43.58638675771644
50,0.1,0,hub_09,pcglassoFast_Dual,I,2.310129700083161e-4,0.0180000000000291,43.58646948256619
50,0.1,0,hub_09,pcglassoFast_Dual,I,8.11130830789687e-4,0.01499999999941792,43.58705846240781
50,0.1,0,hub_09,pcglassoFast_Dual,I,0.0028480358684358,0.01000000000203726,43.59190145102103
50,0.1,0,hub_09,pcglassoFast_Dual,I,0.01,0.00999999999839929,43.59386569897063
50,0.1,0,hub_09,pcglassoFast_Primal,C,9.999999999999982e-9,0.03600000000005821,43.586357469437154
50,0.1,0,hub_09,pcglassoFast_Primal,C,3.5111917342151263e-8,0.03250000000116415,43.58635749343429
50,0.1,0,hub_09,pcglassoFast_Primal,C,1.2328467394420646e-7,0.0319999999992433,43.586357528003745
50,0.1,0,hub_09,pcglassoFast_Primal,C,4.328761281083054e-7,0.02899999999863212,43.58635776516134
50,0.1,0,hub_09,pcglassoFast_Primal,C,1.5199110829529328e-6,0.02799999999842839,43.58635812296254
50,0.1,0,hub_09,pcglassoFast_Primal,C,5.336699231206308e-6,0.02400000000125146,43.58636066320475
50,0.1,0,hub_09,pcglassoFast_Primal,C,1.873817422860384e-5,0.02300000000104773,43.58636461592896
50,0.1,0,hub_09,pcglassoFast_Primal,C,6.579332246575681e-5,0.02000000000043655,43.586394011365286
50,0.1,0,hub_09,pcglassoFast_Primal,C,2.310129700083161e-4,0.01999999999679858,43.58644103636341
50,0.1,0,hub_09,pcglassoFast_Primal,C,8.11130830789687e-4,0.01599999999962165,43.58680526629657
50,0.1,0,hub_09,pcglassoFast_Primal,C,0.0028480358684358,0.1334999999999127,43.587401602122185
50,0.1,0,hub_09,pcglassoFast_Primal,C,0.01,0.01200000000062573,43.59219267041598
50,0.1,0,hub_09,pcglassoFast_Primal,I,9.999999999999982e-9,0.03700000000026193,43.58635746761963
50,0.1,0,hub_09,pcglassoFast_Primal,I,3.5111917342151263e-8,0.03399999999965075,43.58635748562549
50,0.1,0,hub_09,pcglassoFast_Primal,I,1.2328467394420646e-7,0.0319999999992433,43.58635751227763
50,0.1,0,hub_09,pcglassoFast_Primal,I,4.328761281083054e-7,0.029000000001360604,43.58635770060208
50,0.1,0,hub_09,pcglassoFast_Primal,I,1.5199110829529328e-6,0.02649999999994179,43.586358617055055
50,0.1,0,hub_09,pcglassoFast_Primal,I,5.336699231206308e-6,0.02599999999983993,43.58635998687373
50,0.1,0,hub_09,pcglassoFast_Primal,I,1.873817422860384e-5,0.02300000000104773,43.58636931924603
50,0.1,0,hub_09,pcglassoFast_Primal,I,6.579332246575681e-5,0.02000000000043655,43.58641167236696
50,0.1,0,hub_09,pcglassoFast_Primal,I,2.310129700083161e-4,0.0180000000000291,43.58647231639731
50,0.1,0,hub_09,pcglassoFast_Primal,I,8.11130830789687e-4,0.01599999999962165,43.58686412758561
50,0.1,0,hub_09,pcglassoFast_Primal,I,0.0028480358684358,0.01299999999901047,43.58858366224021
50,0.1,0,hub_09,pcglassoFast_Primal,I,0.01,0.01100000000224099,43.59108648068944
50,0.1,0,hub_1,pcglasso,C,9.999999999999982e-9,1.113999999999578,13.02061700865756
50,0.1,0,hub_1,pcglasso,C,3.5111917342151263e-8,0.8660000000018044,13.020617137272058
50,0.1,0,hub_1,pcglasso,C,1.2328467394420646e-7,0.6735000000007858,13.02061896313158
50,0.1,0,hub_1,pcglasso,C,4.328761281083054e-7,0.5204999999987194,13.020634443085804
50,0.1,0,hub_1,pcglasso,C,1.5199110829529328e-6,0.36700000000109867,13.02085066159312
50,0.1,0,hub_1,pcglasso,C,5.336699231206308e-6,0.33249999999861757,13.023721135275691
50,0.1,0,hub_1,pcglasso,C,1.873817422860384e-5,0.11299999999937428,13.035739639357873
50,0.1,0,hub_1,pcglasso,C,6.579332246575681e-5,0.07799999999951979,13.084844786342504
50,0.1,0,hub_1,pcglasso,C,2.310129700083161e-4,0.06199999999807915,13.810297656447174
50,0.1,0,hub_1,pcglasso,C,8.11130830789687e-4,0.03000000000247382,24.08982822089355
50,0.1,0,hub_1,pcglasso,C,0.0028480358684358,0.03099999999903957,24.08982822089355
50,0.1,0,hub_1,pcglasso,C,0.01,0.03099999999903957,24.08982822089355
50,0.1,0,hub_1,pcglasso,I,9.999999999999982e-9,1.850999999999658,13.020617009233812
50,0.1,0,hub_1,pcglasso,I,3.5111917342151263e-8,1.5450000000000728,13.020617079038264
50,0.1,0,hub_1,pcglasso,I,1.2328467394420646e-7,1.1275000000005093,13.020618630105757
50,0.1,0,hub_1,pcglasso,I,4.328761281083054e-7,0.8600000000005821,13.020635464491669
50,0.1,0,hub_1,pcglasso,I,1.5199110829529328e-6,0.5949999999975262,13.020895751277772
50,0.1,0,hub_1,pcglasso,I,5.336699231206308e-6,0.34100000000034925,13.023677898048
50,0.1,0,hub_1,pcglasso,I,1.873817422860384e-5,0.1330000000016298,13.14187922205834
50,0.1,0,hub_1,pcglasso,I,6.579332246575681e-5,0.03200000000288128,14.192247634144763
50,0.1,0,hub_1,pcglasso,I,2.310129700083161e-4,0.02600000000165892,14.61472154268696
50,0.1,0,hub_1,pcglasso,I,8.11130830789687e-4,0.02000000000043655,15.339048967841974
50,0.1,0,hub_1,pcglasso,I,0.0028480358684358,0.01199999999880674,16.380113752058566
50,0.1,0,hub_1,pcglasso,I,0.01,0.01100000000224099,17.680177659518076
50,0.1,0,hub_1,pcglassoFast_Dual,C,9.999999999999982e-9,1.7359999999998763,13.02061705395336
50,0.1,0,hub_1,pcglassoFast_Dual,C,3.5111917342151263e-8,1.7230000000017753,13.020617316660315
50,0.1,0,hub_1,pcglassoFast_Dual,C,1.2328467394420646e-7,1.379000000000815,13.020617675078508
50,0.1,0,hub_1,pcglassoFast_Dual,C,4.328761281083054e-7,1.1369999999988067,13.020648949651992
50,0.1,0,hub_1,pcglassoFast_Dual,C,1.5199110829529328e-6,1.0900000000001455,13.020625880032988
50,0.1,0,hub_1,pcglassoFast_Dual,C,5.336699231206308e-6,1.0164999999997235,13.020650685576424
50,0.1,0,hub_1,pcglassoFast_Dual,C,1.873817422860384e-5,0.8560000000015862,13.020736829141716
50,0.1,0,hub_1,pcglassoFast_Dual,C,6.579332246575681e-5,0.39100000000053114,13.026609784940938
50,0.1,0,hub_1,pcglassoFast_Dual,C,2.310129700083161e-4,0.2179999999998472,13.044938353903724
50,0.1,0,hub_1,pcglassoFast_Dual,C,8.11130830789687e-4,0.3795000000000073,13.025463740160095
50,0.1,0,hub_1,pcglassoFast_Dual,C,0.0028480358684358,0.13800000000264845,13.065090650885471
50,0.1,0,hub_1,pcglassoFast_Dual,C,0.01,0.1320000000014261,13.067598317600345
50,0.1,0,hub_1,pcglassoFast_Dual,I,9.999999999999982e-9,1.8319999999985157,13.020617052983232
50,0.1,0,hub_1,pcglassoFast_Dual,I,3.5111917342151263e-8,1.7595000000001164,13.020617323128285
50,0.1,0,hub_1,pcglassoFast_Dual,I,1.2328467394420646e-7,1.3615000000008877,13.020617760187736
50,0.1,0,hub_1,pcglassoFast_Dual,I,4.328761281083054e-7,1.17699999999968,13.020629694568836
50,0.1,0,hub_1,pcglassoFast_Dual,I,1.5199110829529328e-6,1.1465000000007421,13.02062588842684
50,0.1,0,hub_1,pcglassoFast_Dual,I,5.336699231206308e-6,1.0459999999984575,13.020650017986494
50,0.1,0,hub_1,pcglassoFast_Dual,I,1.873817422860384e-5,0.9125000000003638,13.020737021132884
50,0.1,0,hub_1,pcglassoFast_Dual,I,6.579332246575681e-5,0.8215000000000146,13.021057267302028
50,0.1,0,hub_1,pcglassoFast_Dual,I,2.310129700083161e-4,0.7565000000004147,13.02206489897057
50,0.1,0,hub_1,pcglassoFast_Dual,I,8.11130830789687e-4,0.36999999999898137,13.055986276930511
50,0.1,0,hub_1,pcglassoFast_Dual,I,0.0028480358684358,0.17799999999988358,13.439454177302052
50,0.1,0,hub_1,pcglassoFast_Dual,I,0.01,0.29900000000179716,13.09304316376869
50,0.1,0,hub_1,pcglassoFast_Primal,C,9.999999999999982e-9,0.606499999999869,13.020617403545334
50,0.1,0,hub_1,pcglassoFast_Primal,C,3.5111917342151263e-8,0.5260000000016589,13.020618410848108
50,0.1,0,hub_1,pcglassoFast_Primal,C,1.2328467394420646e-7,0.44800000000032014,13.020622056946864
50,0.1,0,hub_1,pcglassoFast_Primal,C,4.328761281083054e-7,0.35900000000037835,13.02062984254666
50,0.1,0,hub_1,pcglassoFast_Primal,C,1.5199110829529328e-6,0.30199999999967986,13.020643388886874
50,0.1,0,hub_1,pcglassoFast_Primal,C,5.336699231206308e-6,0.26200000000062573,13.0206447959198
50,0.1,0,hub_1,pcglassoFast_Primal,C,1.873817422860384e-5,0.23700000000098953,13.020669246919406
50,0.1,0,hub_1,pcglassoFast_Primal,C,6.579332246575681e-5,0.2129999999997381,13.020823551014614
50,0.1,0,hub_1,pcglassoFast_Primal,C,2.310129700083161e-4,0.17300000000250293,13.021412538061025
50,0.1,0,hub_1,pcglassoFast_Primal,C,8.11130830789687e-4,0.14099999999962165,13.023151377074807
50,0.1,0,hub_1,pcglassoFast_Primal,C,0.0028480358684358,0.11299999999937428,13.02741262487156
50,0.1,0,hub_1,pcglassoFast_Primal,C,0.01,0.08599999999933061,13.040640292588112
50,0.1,0,hub_1,pcglassoFast_Primal,I,9.999999999999982e-9,0.8460000000013679,13.020617455467889
50,0.1,0,hub_1,pcglassoFast_Primal,I,3.5111917342151263e-8,0.613999999997759,13.020618547207798
50,0.1,0,hub_1,pcglassoFast_Primal,I,1.2328467394420646e-7,0.47950000000128057,13.02062189082844
50,0.1,0,hub_1,pcglassoFast_Primal,I,4.328761281083054e-7,0.3944999999994252,13.02063052403
50,0.1,0,hub_1,pcglassoFast_Primal,I,1.5199110829529328e-6,0.3329999999996289,13.020639476202795
50,0.1,0,hub_1,pcglassoFast_Primal,I,5.336699231206308e-6,0.30799999999908323,13.020650099375729
50,0.1,0,hub_1,pcglassoFast_Primal,I,1.873817422860384e-5,0.26599999999962165,13.020715293009722
50,0.1,0,hub_1,pcglassoFast_Primal,I,6.579332246575681e-5,0.24100000000089494,13.020982168408588
50,0.1,0,hub_1,pcglassoFast_Primal,I,2.310129700083161e-4,0.22699999999895223,13.02189723906309
50,0.1,0,hub_1,pcglassoFast_Primal,I,8.11130830789687e-4,0.17300000000068394,13.024552716307255
50,0.1,0,hub_1,pcglassoFast_Primal,I,0.0028480358684358,0.12700000000040745,13.036405913871366
50,0.1,0,hub_1,pcglassoFast_Primal,I,0.01,0.11999999999898137,13.0792193954295
50,0.1,0,random,pcglasso,C,9.999999999999982e-9,0.10200000000259024,37.66778766634397
50,0.1,0,random,pcglasso,C,3.5111917342151263e-8,0.09500000000116415,37.66778768289129
50,0.1,0,random,pcglasso,C,1.2328467394420646e-7,0.08149999999841384,37.66778844011853
50,0.1,0,random,pcglasso,C,4.328761281083054e-7,0.0779999999977008,37.66779178942879
50,0.1,0,random,pcglasso,C,1.5199110829529328e-6,0.187499999998181,37.667820457757315
50,0.1,0,random,pcglasso,C,5.336699231206308e-6,0.059000000000196444,37.667938129683975
50,0.1,0,random,pcglasso,C,1.873817422860384e-5,0.04300000000148429,37.67029632106432
50,0.1,0,random,pcglasso,C,6.579332246575681e-5,0.030999999999949065,37.68958558781973
50,0.1,0,random,pcglasso,C,2.310129700083161e-4,0.0180000000000291,38.20303127336939
50,0.1,0,random,pcglasso,C,8.11130830789687e-4,0.00799999999981082,41.90899726943383
50,0.1,0,random,pcglasso,C,0.0028480358684358,0.00700000000142608,50.621369449646934
50,0.1,0,random,pcglasso,C,0.01,0.00899999999819556,50.621369449646934
50,0.1,0,random,pcglasso,I,9.999999999999982e-9,0.12400000000070577,37.66778766691653
50,0.1,0,random,pcglasso,I,3.5111917342151263e-8,0.10300000000279395,37.66778772929611
50,0.1,0,random,pcglasso,I,1.2328467394420646e-7,0.08599999999933061,37.66778822950591
50,0.1,0,random,pcglasso,I,4.328761281083054e-7,0.07200000000011642,37.66779224659504
50,0.1,0,random,pcglasso,I,1.5199110829529328e-6,0.06199999999989814,37.66782942583305
50,0.1,0,random,pcglasso,I,5.336699231206308e-6,0.05500000000029104,37.66804579094581
50,0.1,0,random,pcglasso,I,1.873817422860384e-5,0.042000000000371074,37.66996240473264
50,0.1,0,random,pcglasso,I,6.579332246575681e-5,0.02500000000145519,37.71517483882732
50,0.1,0,random,pcglasso,I,2.310129700083161e-4,0.01699999999982537,37.849039609252415
50,0.1,0,random,pcglasso,I,8.11130830789687e-4,0.00800000000162981,39.13084863818393
50,0.1,0,random,pcglasso,I,0.0028480358684358,0.00700000000142608,39.21250694643148
50,0.1,0,random,pcglasso,I,0.01,0.00700000000142608,39.21250694643148
50,0.1,0,random,pcglassoFast_Dual,C,9.999999999999982e-9,0.04100000000107684,37.6677876667491
50,0.1,0,random,pcglassoFast_Dual,C,3.5111917342151263e-8,0.04100000000107684,37.6677876667491
50,0.1,0,random,pcglassoFast_Dual,C,1.2328467394420646e-7,0.03600000000005821,37.66778774949684
50,0.1,0,random,pcglassoFast_Dual,C,4.328761281083054e-7,0.1529999999993379,37.66778836496497
50,0.1,0,random,pcglassoFast_Dual,C,1.5199110829529328e-6,0.02999999999883584,37.667790507956056
50,0.1,0,random,pcglassoFast_Dual,C,5.336699231206308e-6,0.02700000000004365,37.667793460131385
50,0.1,0,random,pcglassoFast_Dual,C,1.873817422860384e-5,0.03299999999944703,37.66781053397639
50,0.1,0,random,pcglassoFast_Dual,C,6.579332246575681e-5,0.02200000000084401,37.66783041225396
50,0.1,0,random,pcglassoFast_Dual,C,2.310129700083161e-4,0.01900000000023283,37.66798314564151
50,0.1,0,random,pcglassoFast_Dual,C,8.11130830789687e-4,0.0180000000000291,37.6685512515548
50,0.1,0,random,pcglassoFast_Dual,C,0.0028480358684358,0.01699999999982537,37.669308885273225
50,0.1,0,random,pcglassoFast_Dual,C,0.01,0.015500000001338776,37.67177477300726
50,0.1,0,random,pcglassoFast_Dual,I,9.999999999999982e-9,0.03600000000005821,37.667787662949735
50,0.1,0,random,pcglassoFast_Dual,I,3.5111917342151263e-8,0.03299999999944703,37.667787738530976
50,0.1,0,random,pcglassoFast_Dual,I,1.2328467394420646e-7,0.0319999999992433,37.66778774926581
50,0.1,0,random,pcglassoFast_Dual,I,4.328761281083054e-7,0.03900000000066939,37.66778780196576
50,0.1,0,random,pcglassoFast_Dual,I,1.5199110829529328e-6,0.03299999999944703,37.66778984674984
50,0.1,0,random,pcglassoFast_Dual,I,5.336699231206308e-6,0.0249999999996362,37.66779026577712
50,0.1,0,random,pcglassoFast_Dual,I,1.873817422860384e-5,0.01900000000023283,37.667816234803155
50,0.1,0,random,pcglassoFast_Dual,I,6.579332246575681e-5,0.0180000000000291,37.66782502252846
50,0.1,0,random,pcglassoFast_Dual,I,2.310129700083161e-4,0.01599999999962165,37.66800595338126
50,0.1,0,random,pcglassoFast_Dual,I,8.11130830789687e-4,0.01299999999901047,37.668869593409056
50,0.1,0,random,pcglassoFast_Dual,I,0.0028480358684358,0.01199999999880674,37.66954219867024
50,0.1,0,random,pcglassoFast_Dual,I,0.01,0.01199999999880674,37.66954219867024
50,0.1,0,random,pcglassoFast_Primal,C,9.999999999999982e-9,0.05400000000008731,37.66778767641899
50,0.1,0,random,pcglassoFast_Primal,C,3.5111917342151263e-8,0.05099999999947613,37.66778772057891
50,0.1,0,random,pcglassoFast_Primal,C,1.2328467394420646e-7,0.04799999999886495,37.66778780732826
50,0.1,0,random,pcglassoFast_Primal,C,4.328761281083054e-7,0.04499999999825377,37.66778826099343
50,0.1,0,random,pcglassoFast_Primal,C,1.5199110829529328e-6,0.04200000000128057,37.6677892845836
50,0.1,0,random,pcglassoFast_Primal,C,5.336699231206308e-6,0.03800000000046566,37.66779223644835
50,0.1,0,random,pcglassoFast_Primal,C,1.873817422860384e-5,0.03399999999965075,37.66781083761319
50,0.1,0,random,pcglassoFast_Primal,C,6.579332246575681e-5,0.04200000000128057,37.66785963917529
50,0.1,0,random,pcglassoFast_Primal,C,2.310129700083161e-4,0.02999999999883584,37.66802773130856
50,0.1,0,random,pcglassoFast_Primal,C,8.11130830789687e-4,0.02399999999943247,37.66897476642042
50,0.1,0,random,pcglassoFast_Primal,C,0.0028480358684358,0.02199999999720603,37.67064540589062
50,0.1,0,random,pcglassoFast_Primal,C,0.01,0.01699999999982537,37.679883108580896
50,0.1,0,random,pcglassoFast_Primal,I,9.999999999999982e-9,0.05600000000049476,37.667787675838866
50,0.1,0,random,pcglassoFast_Primal,I,3.5111917342151263e-8,0.05099999999947613,37.66778772368432
50,0.1,0,random,pcglassoFast_Primal,I,1.2328467394420646e-7,0.0499999999992724,37.66778781249385
50,0.1,0,random,pcglassoFast_Primal,I,4.328761281083054e-7,0.04599999999936699,37.667788214587766
50,0.1,0,random,pcglassoFast_Primal,I,1.5199110829529328e-6,0.04099999999834836,37.667789618380915
50,0.1,0,random,pcglassoFast_Primal,I,5.336699231206308e-6,0.03800000000046566,37.66779453461237
50,0.1,0,random,pcglassoFast_Primal,I,1.873817422860384e-5,0.0319999999992433,37.66781228520792
50,0.1,0,random,pcglassoFast_Primal,I,6.579332246575681e-5,0.02950000000055297,37.66787772246447
50,0.1,0,random,pcglassoFast_Primal,I,2.310129700083161e-4,0.02400000000125146,37.66813975669717
50,0.1,0,random,pcglassoFast_Primal,I,8.11130830789687e-4,0.02100000000064028,37.66872686833364
50,0.1,0,random,pcglassoFast_Primal,I,0.0028480358684358,0.0180000000000291,37.67053239313735
50,0.1,0,random,pcglassoFast_Primal,I,0.01,0.01399999999921419,37.68284646578981
50,0.1,0.5,AR2,pcglasso,C,9.999999999999982e-9,0.1890000000003056,41.437338330606266
50,0.1,0.5,AR2,pcglasso,C,3.5111917342151263e-8,0.06899999999950523,41.437338335852715
50,0.1,0.5,AR2,pcglasso,C,1.2328467394420646e-7,0.06400000000212458,41.43733841450854
50,0.1,0.5,AR2,pcglasso,C,4.328761281083054e-7,0.05600000000049476,41.437338485229525
50,0.1,0.5,AR2,pcglasso,C,1.5199110829529328e-6,0.05600000000049476,41.437338485229525
50,0.1,0.5,AR2,pcglasso,C,5.336699231206308e-6,0.05199999999967986,41.43734283279434
50,0.1,0.5,AR2,pcglasso,C,1.873817422860384e-5,0.04399999999986903,41.43735653135765
50,0.1,0.5,AR2,pcglasso,C,6.579332246575681e-5,0.031500000000960426,41.4389223559994
50,0.1,0.5,AR2,pcglasso,C,2.310129700083161e-4,0.02400000000125146,41.44868130364336
50,0.1,0.5,AR2,pcglasso,C,8.11130830789687e-4,0.01599999999962165,41.8385766042857
50,0.1,0.5,AR2,pcglasso,C,0.0028480358684358,0.006999999998697595,68.8908907102124
50,0.1,0.5,AR2,pcglasso,C,0.01,0.00700000000142608,65.89407656486767
50,0.1,0.5,AR2,pcglasso,I,9.999999999999982e-9,0.03900000000066939,41.43733833052912
50,0.1,0.5,AR2,pcglasso,I,3.5111917342151263e-8,0.03499999999985448,41.43733833287376
50,0.1,0.5,AR2,pcglasso,I,1.2328467394420646e-7,0.03100000000267755,41.43733835007968
50,0.1,0.5,AR2,pcglasso,I,4.328761281083054e-7,0.03000000000247382,41.43733837958588
50,0.1,0.5,AR2,pcglasso,I,1.5199110829529328e-6,0.030000000001564324,41.43733837958588
50,0.1,0.5,AR2,pcglasso,I,5.336699231206308e-6,0.02599999999983993,41.43734960493725
50,0.1,0.5,AR2,pcglasso,I,1.873817422860384e-5,0.02700000000004365,41.43741612654498
50,0.1,0.5,AR2,pcglasso,I,6.579332246575681e-5,0.02100000000064028,41.43782217002175
50,0.1,0.5,AR2,pcglasso,I,2.310129700083161e-4,0.00900000000183354,41.440578575632216
50,0.1,0.5,AR2,pcglasso,I,8.11130830789687e-4,0.00500000000101863,41.46922578231699
50,0.1,0.5,AR2,pcglasso,I,0.0028480358684358,0.0060000000003128644,41.443596787361514
50,0.1,0.5,AR2,pcglasso,I,0.01,0.00499999999919964,41.49211227697017
50,0.1,0.5,AR2,pcglassoFast_Dual,C,9.999999999999982e-9,0.01199999999880674,41.43733833072453
50,0.1,0.5,AR2,pcglassoFast_Dual,C,3.5111917342151263e-8,0.01100000000224099,41.4373383323854
50,0.1,0.5,AR2,pcglassoFast_Dual,C,1.2328467394420646e-7,0.011000000000422,41.4373383323854
50,0.1,0.5,AR2,pcglassoFast_Dual,C,4.328761281083054e-7,0.01000000000203726,41.43733834741815
50,0.1,0.5,AR2,pcglassoFast_Dual,C,1.5199110829529328e-6,0.00999999999839929,41.43733848012058
50,0.1,0.5,AR2,pcglassoFast_Dual,C,5.336699231206308e-6,0.00999999999839929,41.43733848012058
50,0.1,0.5,AR2,pcglassoFast_Dual,C,1.873817422860384e-5,0.00900000000001455,41.43733968543371
50,0.1,0.5,AR2,pcglassoFast_Dual,C,6.579332246575681e-5,0.00900000000001455,41.43733968543371
50,0.1,0.5,AR2,pcglassoFast_Dual,C,2.310129700083161e-4,0.00800000000162981,41.43735124127871
50,0.1,0.5,AR2,pcglassoFast_Dual,C,8.11130830789687e-4,0.01699999999982537,41.43735124127871
50,0.1,0.5,AR2,pcglassoFast_Dual,C,0.0028480358684358,0.00799999999799183,41.4374673103064
50,0.1,0.5,AR2,pcglassoFast_Dual,C,0.01,0.00799999999799183,41.4374658231167
50,0.1,0.5,AR2,pcglassoFast_Dual,I,9.999999999999982e-9,0.008000000000720315,41.4373383311964
50,0.1,0.5,AR2,pcglassoFast_Dual,I,3.5111917342151263e-8,0.00799999999981082,41.4373383311964
50,0.1,0.5,AR2,pcglassoFast_Dual,I,1.2328467394420646e-7,0.00700000000142608,41.43733833573696
50,0.1,0.5,AR2,pcglassoFast_Dual,I,4.328761281083054e-7,0.00699999999960709,41.43733837873472
50,0.1,0.5,AR2,pcglassoFast_Dual,I,1.5199110829529328e-6,0.0069999999977881,41.43733837873472
50,0.1,0.5,AR2,pcglassoFast_Dual,I,5.336699231206308e-6,0.012999999999919964,41.43733878520149
50,0.1,0.5,AR2,pcglassoFast_Dual,I,1.873817422860384e-5,0.00599999999940337,41.43733878520149
50,0.1,0.5,AR2,pcglassoFast_Dual,I,6.579332246575681e-5,0.00500000000101863,41.43734283995239
50,0.1,0.5,AR2,pcglassoFast_Dual,I,2.310129700083161e-4,0.00500000000101863,41.43734283995239
50,0.1,0.5,AR2,pcglassoFast_Dual,I,8.11130830789687e-4,0.00499999999919964,41.437386069455584
50,0.1,0.5,AR2,pcglassoFast_Dual,I,0.0028480358684358,0.00499999999738065,41.437386069455584
50,0.1,0.5,AR2,pcglassoFast_Dual,I,0.01,0.0040000000008149,41.43780220750118
50,0.1,0.5,AR2,pcglassoFast_Primal,C,9.999999999999982e-9,0.02100000000064028,41.43733833199219
50,0.1,0.5,AR2,pcglassoFast_Primal,C,3.5111917342151263e-8,0.02100000000064028,41.43733833199219
50,0.1,0.5,AR2,pcglassoFast_Primal,C,1.2328467394420646e-7,0.0209999999970023,41.43733833885961
50,0.1,0.5,AR2,pcglassoFast_Primal,C,4.328761281083054e-7,0.01900000000023283,41.43733838983033
50,0.1,0.5,AR2,pcglassoFast_Primal,C,1.5199110829529328e-6,0.01900000000023283,41.43733838983033
50,0.1,0.5,AR2,pcglassoFast_Primal,C,5.336699231206308e-6,0.01699999999982537,41.43733875153729
50,0.1,0.5,AR2,pcglassoFast_Primal,C,1.873817422860384e-5,0.01699999999982537,41.43733875153729
50,0.1,0.5,AR2,pcglassoFast_Primal,C,6.579332246575681e-5,0.01599999999962165,41.43734140916917
50,0.1,0.5,AR2,pcglassoFast_Primal,C,2.310129700083161e-4,0.01499999999941792,41.43736093997053
50,0.1,0.5,AR2,pcglassoFast_Primal,C,8.11130830789687e-4,0.01399999999921419,41.43736093997053
50,0.1,0.5,AR2,pcglassoFast_Primal,C,0.0028480358684358,0.01300000000082946,41.43750554634366
50,0.1,0.5,AR2,pcglassoFast_Primal,C,0.01,0.01200000000062573,41.43858321346863
50,0.1,0.5,AR2,pcglassoFast_Primal,I,9.999999999999982e-9,0.01699999999982537,41.43733833115183
50,0.1,0.5,AR2,pcglassoFast_Primal,I,3.5111917342151263e-8,0.01499999999941792,41.43733833423911
50,0.1,0.5,AR2,pcglassoFast_Primal,I,1.2328467394420646e-7,0.01499999999941792,41.43733833423911
50,0.1,0.5,AR2,pcglassoFast_Primal,I,4.328761281083054e-7,0.01399999999921419,41.43733835718228
50,0.1,0.5,AR2,pcglassoFast_Primal,I,1.5199110829529328e-6,0.01200000000062573,41.43733851906152
50,0.1,0.5,AR2,pcglassoFast_Primal,I,5.336699231206308e-6,0.01299999999901047,41.43733851906152
50,0.1,0.5,AR2,pcglassoFast_Primal,I,1.873817422860384e-5,0.01099999999860301,41.43733966499697
50,0.1,0.5,AR2,pcglassoFast_Primal,I,6.579332246575681e-5,0.00999999999930878,41.437347830704255
50,0.1,0.5,AR2,pcglassoFast_Primal,I,2.310129700083161e-4,0.00999999999839929,41.437347830704255
50,0.1,0.5,AR2,pcglassoFast_Primal,I,8.11130830789687e-4,0.00800000000162981,41.43740647764324
50,0.1,0.5,AR2,pcglassoFast_Primal,I,0.0028480358684358,0.00800000000162981,41.43740647764324
50,0.1,0.5,AR2,pcglassoFast_Primal,I,0.01,0.00699999999960709,41.43783259599882
50,0.1,0.5,hub_09,pcglasso,C,9.999999999999982e-9,0.08500000000276486,41.61087094480084
50,0.1,0.5,hub_09,pcglasso,C,3.5111917342151263e-8,0.07099999999991269,41.61087092458859
50,0.1,0.5,hub_09,pcglasso,C,1.2328467394420646e-7,0.05900000000110594,41.61087092746816
50,0.1,0.5,hub_09,pcglasso,C,4.328761281083054e-7,0.05199999999967986,41.61087097443559
50,0.1,0.5,hub_09,pcglasso,C,1.5199110829529328e-6,0.04600000000209547,41.61087212745327
50,0.1,0.5,hub_09,pcglasso,C,5.336699231206308e-6,0.04300000000148429,41.61088042088569
50,0.1,0.5,hub_09,pcglasso,C,1.873817422860384e-5,0.04000000000087311,41.610974204736294
50,0.1,0.5,hub_09,pcglasso,C,6.579332246575681e-5,0.02500000000145519,41.61322197147642
50,0.1,0.5,hub_09,pcglasso,C,2.310129700083161e-4,0.020499999998719425,41.61356111715549
50,0.1,0.5,hub_09,pcglasso,C,8.11130830789687e-4,0.01499999999941792,41.64353791102547
50,0.1,0.5,hub_09,pcglasso,C,0.0028480358684358,0.0060000000003128644,58.30321931690087
50,0.1,0.5,hub_09,pcglasso,C,0.01,0.00600000000122236,57.86897031879203
50,0.1,0.5,hub_09,pcglasso,I,9.999999999999982e-9,0.0750000000007276,41.61087092621693
50,0.1,0.5,hub_09,pcglasso,I,3.5111917342151263e-8,0.06999999999970896,41.61087092538502
50,0.1,0.5,hub_09,pcglasso,I,1.2328467394420646e-7,0.06300000000010186,41.610870927979136
50,0.1,0.5,hub_09,pcglasso,I,4.328761281083054e-7,0.05700000000069849,41.61087098039729
50,0.1,0.5,hub_09,pcglasso,I,1.5199110829529328e-6,0.05700000000069849,41.61087197926217
50,0.1,0.5,hub_09,pcglasso,I,5.336699231206308e-6,0.05099999999947613,41.61087219149603
50,0.1,0.5,hub_09,pcglasso,I,1.873817422860384e-5,0.03600000000005821,41.61090318771468
50,0.1,0.5,hub_09,pcglasso,I,6.579332246575681e-5,0.02700000000004365,41.61114198046452
50,0.1,0.5,hub_09,pcglasso,I,2.310129700083161e-4,0.0165000000015425,41.61479755370931
50,0.1,0.5,hub_09,pcglasso,I,8.11130830789687e-4,0.00799999999799183,41.71616296415411
50,0.1,0.5,hub_09,pcglasso,I,0.0028480358684358,0.00600000000122236,41.62203807091659
50,0.1,0.5,hub_09,pcglasso,I,0.01,0.00600000000122236,41.96503000004425
50,0.1,0.5,hub_09,pcglassoFast_Dual,C,9.999999999999982e-9,0.01099999999860301,41.61087092387358
50,0.1,0.5,hub_09,pcglassoFast_Dual,C,3.5111917342151263e-8,0.13149999999950523,41.61087092960911
50,0.1,0.5,hub_09,pcglassoFast_Dual,C,1.2328467394420646e-7,0.00900000000183354,41.61087095247297
50,0.1,0.5,hub_09,pcglassoFast_Dual,C,4.328761281083054e-7,0.00899999999819556,41.610871023625606
50,0.1,0.5,hub_09,pcglassoFast_Dual,C,1.5199110829529328e-6,0.13000000000010914,41.610871023625606
50,0.1,0.5,hub_09,pcglassoFast_Dual,C,5.336699231206308e-6,0.00799999999981082,41.61087138283218
50,0.1,0.5,hub_09,pcglassoFast_Dual,C,1.873817422860384e-5,0.00700000000142608,41.61087366370224
50,0.1,0.5,hub_09,pcglassoFast_Dual,C,6.579332246575681e-5,0.0069999999977881,41.610883427551016
50,0.1,0.5,hub_09,pcglassoFast_Dual,C,2.310129700083161e-4,0.00600000000122236,41.61091758306303
50,0.1,0.5,hub_09,pcglassoFast_Dual,C,8.11130830789687e-4,0.00500000000101863,41.611065847165584
50,0.1,0.5,hub_09,pcglassoFast_Dual,C,0.0028480358684358,0.00500000000101863,41.611065847165584
50,0.1,0.5,hub_09,pcglassoFast_Dual,C,0.01,0.00500000000101863,41.611065847165584
50,0.1,0.5,hub_09,pcglassoFast_Dual,I,9.999999999999982e-9,0.01000000000203726,41.61087092416691
50,0.1,0.5,hub_09,pcglassoFast_Dual,I,3.5111917342151263e-8,0.01000000000021827,41.61087092416691
50,0.1,0.5,hub_09,pcglassoFast_Dual,I,1.2328467394420646e-7,0.00900000000183354,41.61087093046611
50,0.1,0.5,hub_09,pcglassoFast_Dual,I,4.328761281083054e-7,0.00899999999819556,41.61087097793574
50,0.1,0.5,hub_09,pcglassoFast_Dual,I,1.5199110829529328e-6,0.00799999999981082,41.61087123872147
50,0.1,0.5,hub_09,pcglassoFast_Dual,I,5.336699231206308e-6,0.00700000000142608,41.61087214063294
50,0.1,0.5,hub_09,pcglassoFast_Dual,I,1.873817422860384e-5,0.006999999998697595,41.6108755757774
50,0.1,0.5,hub_09,pcglassoFast_Dual,I,6.579332246575681e-5,0.0069999999977881,41.6108755757774
50,0.1,0.5,hub_09,pcglassoFast_Dual,I,2.310129700083161e-4,0.00599999999940337,41.61089168722275
50,0.1,0.5,hub_09,pcglassoFast_Dual,I,8.11130830789687e-4,0.00600000000122236,41.61088559797026
50,0.1,0.5,hub_09,pcglassoFast_Dual,I,0.0028480358684358,0.00500000000101863,41.61100725408916
50,0.1,0.5,hub_09,pcglassoFast_Dual,I,0.01,0.00499999999738065,41.61192718813876
50,0.1,0.5,hub_09,pcglassoFast_Primal,C,9.999999999999982e-9,0.01699999999982537,41.61087092318643
50,0.1,0.5,hub_09,pcglassoFast_Primal,C,3.5111917342151263e-8,0.01499999999941792,41.610870927607074
50,0.1,0.5,hub_09,pcglassoFast_Primal,C,1.2328467394420646e-7,0.01599999999962165,41.610870927607074
50,0.1,0.5,hub_09,pcglassoFast_Primal,C,4.328761281083054e-7,0.02400000000125146,41.610870958915186
50,0.1,0.5,hub_09,pcglassoFast_Primal,C,1.5199110829529328e-6,0.01400000000103318,41.610870958915186
50,0.1,0.5,hub_09,pcglassoFast_Primal,C,5.336699231206308e-6,0.01200000000244472,41.61087120006805
50,0.1,0.5,hub_09,pcglassoFast_Primal,C,1.873817422860384e-5,0.01200000000062573,41.61087120006805
50,0.1,0.5,hub_09,pcglassoFast_Primal,C,6.579332246575681e-5,0.01099999999860301,41.6108734617322
50,0.1,0.5,hub_09,pcglassoFast_Primal,C,2.310129700083161e-4,0.01199999999880674,41.6108734617322
50,0.1,0.5,hub_09,pcglassoFast_Primal,C,8.11130830789687e-4,0.00999999999839929,41.61090382075437
50,0.1,0.5,hub_09,pcglassoFast_Primal,C,0.0028480358684358,0.00999999999839929,41.61090382075437
50,0.1,0.5,hub_09,pcglassoFast_Primal,C,0.01,0.01000000000021827,41.61090382075437
50,0.1,0.5,hub_09,pcglassoFast_Primal,I,9.999999999999982e-9,0.0180000000000291,41.61087092272805
50,0.1,0.5,hub_09,pcglassoFast_Primal,I,3.5111917342151263e-8,0.01699999999982537,41.61087092445499
50,0.1,0.5,hub_09,pcglassoFast_Primal,I,1.2328467394420646e-7,0.01499999999941792,41.61087093614766
50,0.1,0.5,hub_09,pcglassoFast_Primal,I,4.328761281083054e-7,0.01599999999962165,41.61087093614766
50,0.1,0.5,hub_09,pcglassoFast_Primal,I,1.5199110829529328e-6,0.01399999999921419,41.61087101305551
50,0.1,0.5,hub_09,pcglassoFast_Primal,I,5.336699231206308e-6,0.01300000000082946,41.610871521972385
50,0.1,0.5,hub_09,pcglassoFast_Primal,I,1.873817422860384e-5,0.01299999999901047,41.610871521972385
50,0.1,0.5,hub_09,pcglassoFast_Primal,I,6.579332246575681e-5,0.01199999999880674,41.61087518067104
50,0.1,0.5,hub_09,pcglassoFast_Primal,I,2.310129700083161e-4,0.01000000000021827,41.61090110676352
50,0.1,0.5,hub_09,pcglassoFast_Primal,I,8.11130830789687e-4,0.00999999999839929,41.61090110676352
50,0.1,0.5,hub_09,pcglassoFast_Primal,I,0.0028480358684358,0.00900000000001455,41.611087952758304
50,0.1,0.5,hub_09,pcglassoFast_Primal,I,0.01,0.00700000000142608,41.61241675577275
50,0.1,0.5,hub_1,pcglasso,C,9.999999999999982e-9,0.2484999999996944,27.481209165198287
50,0.1,0.5,hub_1,pcglasso,C,3.5111917342151263e-8,0.21050000000104774,27.481209170966792
50,0.1,0.5,hub_1,pcglasso,C,1.2328467394420646e-7,0.15899999999965075,27.481209830160974
50,0.1,0.5,hub_1,pcglasso,C,4.328761281083054e-7,0.15999999999985448,27.481209830160974
50,0.1,0.5,hub_1,pcglasso,C,1.5199110829529328e-6,0.14800000000104774,27.481210167583725
50,0.1,0.5,hub_1,pcglasso,C,5.336699231206308e-6,0.10399999999935972,27.4812977080817
50,0.1,0.5,hub_1,pcglasso,C,1.873817422860384e-5,0.19799999999850115,27.48449138135764
50,0.1,0.5,hub_1,pcglasso,C,6.579332246575681e-5,0.06300000000192085,27.50039484043933
50,0.1,0.5,hub_1,pcglasso,C,2.310129700083161e-4,0.07099999999991269,27.5735630842776
50,0.1,0.5,hub_1,pcglasso,C,8.11130830789687e-4,0.02899999999863212,59.82316593246382
50,0.1,0.5,hub_1,pcglasso,C,0.0028480358684358,0.0290000000022701,59.82316593246382
50,0.1,0.5,hub_1,pcglasso,C,0.01,0.02999999999883584,59.82316593246382
50,0.1,0.5,hub_1,pcglasso,I,9.999999999999982e-9,0.4309999999986758,27.48120916001423
50,0.1,0.5,hub_1,pcglasso,I,3.5111917342151263e-8,0.3794999999990978,27.481209178901093
50,0.1,0.5,hub_1,pcglasso,I,1.2328467394420646e-7,0.37699999999858846,27.481209178901093
50,0.1,0.5,hub_1,pcglasso,I,4.328761281083054e-7,0.3499999999994543,27.48120959961969
50,0.1,0.5,hub_1,pcglasso,I,1.5199110829529328e-6,0.3430000000007567,27.481211462782166
50,0.1,0.5,hub_1,pcglasso,I,5.336699231206308e-6,0.2775000000019645,27.481235265188776
50,0.1,0.5,hub_1,pcglasso,I,1.873817422860384e-5,0.1750000000001819,27.48188613414049
50,0.1,0.5,hub_1,pcglasso,I,6.579332246575681e-5,0.10800000000017462,27.48520428910752
50,0.1,0.5,hub_1,pcglasso,I,2.310129700083161e-4,0.02099999999882129,29.30023889604132
50,0.1,0.5,hub_1,pcglasso,I,8.11130830789687e-4,0.00799999999799183,29.736955759661583
50,0.1,0.5,hub_1,pcglasso,I,0.0028480358684358,0.00700000000142608,29.69634685482053
50,0.1,0.5,hub_1,pcglasso,I,0.01,0.00699999999960709,29.770546739957062
50,0.1,0.5,hub_1,pcglassoFast_Dual,C,9.999999999999982e-9,0.31599999999889405,27.481209299334605
50,0.1,0.5,hub_1,pcglassoFast_Dual,C,3.5111917342151263e-8,0.1914999999989959,27.48120979585252
50,0.1,0.5,hub_1,pcglassoFast_Dual,C,1.2328467394420646e-7,0.1610000000000582,27.481211179142807
50,0.1,0.5,hub_1,pcglassoFast_Dual,C,4.328761281083054e-7,0.14500000000043656,27.481212751516992
50,0.1,0.5,hub_1,pcglassoFast_Dual,C,1.5199110829529328e-6,0.1389999999992142,27.48122215463544
50,0.1,0.5,hub_1,pcglassoFast_Dual,C,5.336699231206308e-6,0.11899999999877764,27.4812391589639
50,0.1,0.5,hub_1,pcglassoFast_Dual,C,1.873817422860384e-5,0.10999999999967258,27.48132372053579
50,0.1,0.5,hub_1,pcglassoFast_Dual,C,6.579332246575681e-5,0.08200000000124419,27.481867414153516
50,0.1,0.5,hub_1,pcglassoFast_Dual,C,2.310129700083161e-4,0.07549999999901047,27.48227457632817
50,0.1,0.5,hub_1,pcglassoFast_Dual,C,8.11130830789687e-4,0.07200000000011642,27.482565836146787
50,0.1,0.5,hub_1,pcglassoFast_Dual,C,0.0028480358684358,0.06700000000091677,27.484335899771416
50,0.1,0.5,hub_1,pcglassoFast_Dual,C,0.01,0.06199999999989814,27.4928393111463
50,0.1,0.5,hub_1,pcglassoFast_Dual,I,9.999999999999982e-9,0.3010000000022046,27.48120927142994
50,0.1,0.5,hub_1,pcglassoFast_Dual,I,3.5111917342151263e-8,0.2900000000008731,27.481209451761327
50,0.1,0.5,hub_1,pcglassoFast_Dual,I,1.2328467394420646e-7,0.38400000000001455,27.481210402931296
50,0.1,0.5,hub_1,pcglassoFast_Dual,I,4.328761281083054e-7,0.3734999999996944,27.481210950662955
50,0.1,0.5,hub_1,pcglassoFast_Dual,I,1.5199110829529328e-6,0.23099999999976717,27.481220182763742
50,0.1,0.5,hub_1,pcglassoFast_Dual,I,5.336699231206308e-6,0.20499999999992724,27.481287600115397
50,0.1,0.5,hub_1,pcglassoFast_Dual,I,1.873817422860384e-5,0.19800000000032017,27.481339034643305
50,0.1,0.5,hub_1,pcglassoFast_Dual,I,6.579332246575681e-5,0.18000000000029104,27.481288784443866
50,0.1,0.5,hub_1,pcglassoFast_Dual,I,2.310129700083161e-4,0.1459999999988213,27.484820444751666
50,0.1,0.5,hub_1,pcglassoFast_Dual,I,8.11130830789687e-4,0.13500000000203727,27.48181947912315
50,0.1,0.5,hub_1,pcglassoFast_Dual,I,0.0028480358684358,0.0970000000015716,27.560715608315732
50,0.1,0.5,hub_1,pcglassoFast_Dual,I,0.01,0.0750000000007276,27.765220216882923
50,0.1,0.5,hub_1,pcglassoFast_Primal,C,9.999999999999982e-9,0.08499999999912689,27.481209181238988
50,0.1,0.5,hub_1,pcglassoFast_Primal,C,3.5111917342151263e-8,0.08099999999831198,27.481209243868147
50,0.1,0.5,hub_1,pcglassoFast_Primal,C,1.2328467394420646e-7,0.07400000000052387,27.481209468638745
50,0.1,0.5,hub_1,pcglassoFast_Primal,C,4.328761281083054e-7,0.06999999999970896,27.481210270601636
50,0.1,0.5,hub_1,pcglassoFast_Primal,C,1.5199110829529328e-6,0.0650000000023283,27.48121312665341
50,0.1,0.5,hub_1,pcglassoFast_Primal,C,5.336699231206308e-6,0.06299999999828287,27.48121954163617
50,0.1,0.5,hub_1,pcglassoFast_Primal,C,1.873817422860384e-5,0.05600000000049476,27.481248408864563
50,0.1,0.5,hub_1,pcglassoFast_Primal,C,6.579332246575681e-5,0.05000000000291038,27.481362489911454
50,0.1,0.5,hub_1,pcglassoFast_Primal,C,2.310129700083161e-4,0.05600000000049476,27.48177059728011
50,0.1,0.5,hub_1,pcglassoFast_Primal,C,8.11130830789687e-4,0.04000000000087311,27.483294306452112
50,0.1,0.5,hub_1,pcglassoFast_Primal,C,0.0028480358684358,0.03600000000005821,27.486255261248132
50,0.1,0.5,hub_1,pcglassoFast_Primal,C,0.01,0.03099999999903957,27.48877120619019
50,0.1,0.5,hub_1,pcglassoFast_Primal,I,9.999999999999982e-9,0.09600000000136788,27.481209179551783
50,0.1,0.5,hub_1,pcglassoFast_Primal,I,3.5111917342151263e-8,0.09349999999903957,27.481209240388186
50,0.1,0.5,hub_1,pcglassoFast_Primal,I,1.2328467394420646e-7,0.08799999999973807,27.481209455835703
50,0.1,0.5,hub_1,pcglassoFast_Primal,I,4.328761281083054e-7,0.08099999999831198,27.481210196939504
50,0.1,0.5,hub_1,pcglassoFast_Primal,I,1.5199110829529328e-6,0.07700000000113505,27.48121270271646
50,0.1,0.5,hub_1,pcglassoFast_Primal,I,5.336699231206308e-6,0.07099999999991269,27.481221184055777
50,0.1,0.5,hub_1,pcglassoFast_Primal,I,1.873817422860384e-5,0.06700000000091677,27.481250847447683
50,0.1,0.5,hub_1,pcglassoFast_Primal,I,6.579332246575681e-5,0.061000000000603904,27.4813571418649
50,0.1,0.5,hub_1,pcglassoFast_Primal,I,2.310129700083161e-4,0.05600000000049476,27.481751838060696
50,0.1,0.5,hub_1,pcglassoFast_Primal,I,8.11130830789687e-4,0.05199999999967986,27.482706424167105
50,0.1,0.5,hub_1,pcglassoFast_Primal,I,0.0028480358684358,0.04500000000189175,27.487062355741916
50,0.1,0.5,hub_1,pcglassoFast_Primal,I,0.01,0.04000000000087311,27.500096670771864
50,0.1,0.5,random,pcglasso,C,9.999999999999982e-9,0.13400000000001455,40.70704870852204
50,0.1,0.5,random,pcglasso,C,3.5111917342151263e-8,0.07300000000032014,40.70704871851427
50,0.1,0.5,random,pcglasso,C,1.2328467394420646e-7,0.06899999999950523,40.70704874167077
50,0.1,0.5,random,pcglasso,C,4.328761281083054e-7,0.06600000000253203,40.707048790051445
50,0.1,0.5,random,pcglasso,C,1.5199110829529328e-6,0.06000000000130967,40.70705161915207
50,0.1,0.5,random,pcglasso,C,5.336699231206308e-6,0.05400000000008731,40.70708658235701
50,0.1,0.5,random,pcglasso,C,1.873817422860384e-5,0.0499999999992724,40.70725636157356
50,0.1,0.5,random,pcglasso,C,6.579332246575681e-5,0.03600000000005821,40.711868806701695
50,0.1,0.5,random,pcglasso,C,2.310129700083161e-4,0.02100000000064028,40.74558351159674
50,0.1,0.5,random,pcglasso,C,8.11130830789687e-4,0.01599999999962165,40.921785323180785
50,0.1,0.5,random,pcglasso,C,0.0028480358684358,0.00600000000122236,65.3276889759189
50,0.1,0.5,random,pcglasso,C,0.01,0.00599999999940337,60.81257998916668
50,0.1,0.5,random,pcglasso,I,9.999999999999982e-9,0.2290000000029977,40.70704870886797
50,0.1,0.5,random,pcglasso,I,3.5111917342151263e-8,0.06300000000192085,40.7070487309991
50,0.1,0.5,random,pcglasso,I,1.2328467394420646e-7,0.06199999999807915,40.707048729931664
50,0.1,0.5,random,pcglasso,I,4.328761281083054e-7,0.05000000000291038,40.70704913279216
50,0.1,0.5,random,pcglasso,I,1.5199110829529328e-6,0.16599999999925785,40.707050992429174
50,0.1,0.5,random,pcglasso,I,5.336699231206308e-6,0.04100000000107684,40.70708545634973
50,0.1,0.5,random,pcglasso,I,1.873817422860384e-5,0.0290000000022701,40.70780050959281
50,0.1,0.5,random,pcglasso,I,6.579332246575681e-5,0.02100000000064028,40.70983619677122
50,0.1,0.5,random,pcglasso,I,2.310129700083161e-4,0.01900000000023283,40.74322062954171
50,0.1,0.5,random,pcglasso,I,8.11130830789687e-4,0.00799999999799183,40.86953186038955
50,0.1,0.5,random,pcglasso,I,0.0028480358684358,0.00599999999940337,40.75241266752611
50,0.1,0.5,random,pcglasso,I,0.01,0.00600000000122236,41.07306773331842
50,0.1,0.5,random,pcglassoFast_Dual,C,9.999999999999982e-9,0.01300000000264844,40.70704871195178
50,0.1,0.5,random,pcglassoFast_Dual,C,3.5111917342151263e-8,0.01299999999901047,40.70704871853884
50,0.1,0.5,random,pcglassoFast_Dual,C,1.2328467394420646e-7,0.01199999999880674,40.7070487363267
50,0.1,0.5,random,pcglassoFast_Dual,C,4.328761281083054e-7,0.01100000000224099,40.707048787451775
50,0.1,0.5,random,pcglassoFast_Dual,C,1.5199110829529328e-6,0.01099999999860301,40.70704896983224
50,0.1,0.5,random,pcglassoFast_Dual,C,5.336699231206308e-6,0.01000000000021827,40.70704970054183
50,0.1,0.5,random,pcglassoFast_Dual,C,1.873817422860384e-5,0.00900000000183354,40.707052770507154
50,0.1,0.5,random,pcglassoFast_Dual,C,6.579332246575681e-5,0.00900000000183354,40.707052770507154
50,0.1,0.5,random,pcglassoFast_Dual,C,2.310129700083161e-4,0.00799999999981082,40.70713636843148
50,0.1,0.5,random,pcglassoFast_Dual,C,8.11130830789687e-4,0.00799999999981082,40.70713636843148
50,0.1,0.5,random,pcglassoFast_Dual,C,0.0028480358684358,0.00700000000142608,40.707351779509715
50,0.1,0.5,random,pcglassoFast_Dual,C,0.01,0.00699999999960709,40.708296540073896
50,0.1,0.5,random,pcglassoFast_Dual,I,9.999999999999982e-9,0.01199999999880674,40.707048715334736
50,0.1,0.5,random,pcglassoFast_Dual,I,3.5111917342151263e-8,0.01100000000224099,40.70704872192494
50,0.1,0.5,random,pcglassoFast_Dual,I,1.2328467394420646e-7,0.01099999999860301,40.70704874007772
50,0.1,0.5,random,pcglassoFast_Dual,I,4.328761281083054e-7,0.01000000000021827,40.70704880823633
50,0.1,0.5,random,pcglassoFast_Dual,I,1.5199110829529328e-6,0.00899999999819556,40.7070494448344
50,0.1,0.5,random,pcglassoFast_Dual,I,5.336699231206308e-6,0.00799999999981082,40.70705068033616
50,0.1,0.5,random,pcglassoFast_Dual,I,1.873817422860384e-5,0.00799999999981082,40.70705068033616
50,0.1,0.5,random,pcglassoFast_Dual,I,6.579332246575681e-5,0.00700000000142608,40.70705586680339
50,0.1,0.5,random,pcglassoFast_Dual,I,2.310129700083161e-4,0.00600000000122236,40.70707967132557
50,0.1,0.5,random,pcglassoFast_Dual,I,8.11130830789687e-4,0.00600000000122236,40.70707967132557
50,0.1,0.5,random,pcglassoFast_Dual,I,0.0028480358684358,0.0069999999977881,40.70707967132557
50,0.1,0.5,random,pcglassoFast_Dual,I,0.01,0.00499999999919964,40.711562944478146
50,0.1,0.5,random,pcglassoFast_Primal,C,9.999999999999982e-9,0.025000000000545697,40.70704870889411
50,0.1,0.5,random,pcglassoFast_Primal,C,3.5111917342151263e-8,0.02400000000125146,40.70704871171442
50,0.1,0.5,random,pcglassoFast_Primal,C,1.2328467394420646e-7,0.02200000000084401,40.70704872587055
50,0.1,0.5,random,pcglassoFast_Primal,C,4.328761281083054e-7,0.02200000000084401,40.70704877671369
50,0.1,0.5,random,pcglassoFast_Primal,C,1.5199110829529328e-6,0.02000000000043655,40.707048965648426
50,0.1,0.5,random,pcglassoFast_Primal,C,5.336699231206308e-6,0.03000000000065483,40.70704976813663
50,0.1,0.5,random,pcglassoFast_Primal,C,1.873817422860384e-5,0.02799999999842839,40.70705299968449
50,0.1,0.5,random,pcglassoFast_Primal,C,6.579332246575681e-5,0.01599999999962165,40.707065662108
50,0.1,0.5,random,pcglassoFast_Primal,C,2.310129700083161e-4,0.01400000000285217,40.70711567922426
50,0.1,0.5,random,pcglassoFast_Primal,C,8.11130830789687e-4,0.01399999999921419,40.70711567922426
50,0.1,0.5,random,pcglassoFast_Primal,C,0.0028480358684358,0.012999999999919964,40.70731272242228
50,0.1,0.5,random,pcglassoFast_Primal,C,0.01,0.01199999999880674,40.708128427387145
50,0.1,0.5,random,pcglassoFast_Primal,I,9.999999999999982e-9,0.02400000000125146,40.70704870878511
50,0.1,0.5,random,pcglassoFast_Primal,I,3.5111917342151263e-8,0.02199999999902502,40.70704872186465
50,0.1,0.5,random,pcglassoFast_Primal,I,1.2328467394420646e-7,0.02100000000064028,40.70704875449332
50,0.1,0.5,random,pcglassoFast_Primal,I,4.328761281083054e-7,0.02000000000043655,40.70704886091767
50,0.1,0.5,random,pcglassoFast_Primal,I,1.5199110829529328e-6,0.0180000000000291,40.70704926858781
50,0.1,0.5,random,pcglassoFast_Primal,I,5.336699231206308e-6,0.01699999999982537,40.70705075826702
50,0.1,0.5,random,pcglassoFast_Primal,I,1.873817422860384e-5,0.01499999999941792,40.70705599777445
50,0.1,0.5,random,pcglassoFast_Primal,I,6.579332246575681e-5,0.01400000000285217,40.7070743058165
50,0.1,0.5,random,pcglassoFast_Primal,I,2.310129700083161e-4,0.01200000000244472,40.70713824864527
50,0.1,0.5,random,pcglassoFast_Primal,I,8.11130830789687e-4,0.011000000000422,40.70735655010619
50,0.1,0.5,random,pcglassoFast_Primal,I,0.0028480358684358,0.00999999999839929,40.70809197860807
50,0.1,0.5,random,pcglassoFast_Primal,I,0.01,0.00800000000162981,40.710534911307214
50,0.2,0,AR2,pcglasso,C,9.999999999999982e-9,0.14199999999982538,45.034960465543186
50,0.2,0,AR2,pcglasso,C,3.5111917342151263e-8,0.1290000000008149,45.03496046030757
50,0.2,0,AR2,pcglasso,C,1.2328467394420646e-7,0.12199999999938882,45.034960502298574
50,0.2,0,AR2,pcglasso,C,4.328761281083054e-7,0.1169999999983702,45.034961919596775
50,0.2,0,AR2,pcglasso,C,1.5199110829529328e-6,0.10599999999976716,45.03498367100149
50,0.2,0,AR2,pcglasso,C,5.336699231206308e-6,0.09549999999944703,45.035105580722984
50,0.2,0,AR2,pcglasso,C,1.873817422860384e-5,0.06899999999950523,45.03715387189827
50,0.2,0,AR2,pcglasso,C,6.579332246575681e-5,0.04500000000007276,45.05054102795482
50,0.2,0,AR2,pcglasso,C,2.310129700083161e-4,0.0319999999992433,45.58014836949591
50,0.2,0,AR2,pcglasso,C,8.11130830789687e-4,0.00899999999819556,54.05140928477877
50,0.2,0,AR2,pcglasso,C,0.0028480358684358,0.00699999999960709,64.84614716042222
50,0.2,0,AR2,pcglasso,C,0.01,0.00700000000142608,58.46387907306932
50,0.2,0,AR2,pcglasso,I,9.999999999999982e-9,0.11349999999947613,45.03496046303817
50,0.2,0,AR2,pcglasso,I,3.5111917342151263e-8,0.09950000000026193,45.03496046460694
50,0.2,0,AR2,pcglasso,I,1.2328467394420646e-7,0.08999999999832653,45.034960593850826
50,0.2,0,AR2,pcglasso,I,4.328761281083054e-7,0.08500000000276486,45.034962682746695
50,0.2,0,AR2,pcglasso,I,1.5199110829529328e-6,0.07600000000093132,45.03497610911839
50,0.2,0,AR2,pcglasso,I,5.336699231206308e-6,0.05900000000110594,45.03516290912581
50,0.2,0,AR2,pcglasso,I,1.873817422860384e-5,0.03949999999986176,45.03770363939251
50,0.2,0,AR2,pcglasso,I,6.579332246575681e-5,0.02700000000186264,45.04998493813284
50,0.2,0,AR2,pcglasso,I,2.310129700083161e-4,0.01599999999962165,45.131349154869135
50,0.2,0,AR2,pcglasso,I,8.11130830789687e-4,0.00700000000142608,45.789293711033906
50,0.2,0,AR2,pcglasso,I,0.0028480358684358,0.0060000000003128644,45.65669071341905
50,0.2,0,AR2,pcglasso,I,0.01,0.00600000000122236,45.65669071341905
50,0.2,0,AR2,pcglassoFast_Dual,C,9.999999999999982e-9,0.01900000000023283,45.03496046058757
50,0.2,0,AR2,pcglassoFast_Dual,C,3.5111917342151263e-8,0.0180000000000291,45.03496046700092
50,0.2,0,AR2,pcglassoFast_Dual,C,1.2328467394420646e-7,0.02400000000125146,45.03496052540087
50,0.2,0,AR2,pcglassoFast_Dual,C,4.328761281083054e-7,0.01599999999962165,45.03496063164826
50,0.2,0,AR2,pcglassoFast_Dual,C,1.5199110829529328e-6,0.01499999999941792,45.03496091164615
50,0.2,0,AR2,pcglassoFast_Dual,C,5.336699231206308e-6,0.01399999999921419,45.034963365782104
50,0.2,0,AR2,pcglassoFast_Dual,C,1.873817422860384e-5,0.01300000000264844,45.03496760581224
50,0.2,0,AR2,pcglassoFast_Dual,C,6.579332246575681e-5,0.01299999999901047,45.034978161096504
50,0.2,0,AR2,pcglassoFast_Dual,C,2.310129700083161e-4,0.01199999999880674,45.035007293616474
50,0.2,0,AR2,pcglassoFast_Dual,C,8.11130830789687e-4,0.011000000000422,45.03510101926634
50,0.2,0,AR2,pcglassoFast_Dual,C,0.0028480358684358,0.01000000000203726,45.03547939248798
50,0.2,0,AR2,pcglassoFast_Dual,C,0.01,0.00999999999839929,45.03708671684376
50,0.2,0,AR2,pcglassoFast_Dual,I,9.999999999999982e-9,0.01499999999941792,45.03496045827561
50,0.2,0,AR2,pcglassoFast_Dual,I,3.5111917342151263e-8,0.021999999999934516,45.03496046481382
50,0.2,0,AR2,pcglassoFast_Dual,I,1.2328467394420646e-7,0.01300000000264844,45.03496048441299
50,0.2,0,AR2,pcglassoFast_Dual,I,4.328761281083054e-7,0.01200000000244472,45.03496066929384
50,0.2,0,AR2,pcglassoFast_Dual,I,1.5199110829529328e-6,0.01100000000224099,45.03496101958227
50,0.2,0,AR2,pcglassoFast_Dual,I,5.336699231206308e-6,0.011000000000422,45.03496208554403
50,0.2,0,AR2,pcglassoFast_Dual,I,1.873817422860384e-5,0.01000000000203726,45.03496536463819
50,0.2,0,AR2,pcglassoFast_Dual,I,6.579332246575681e-5,0.00900000000183354,45.03497620020379
50,0.2,0,AR2,pcglassoFast_Dual,I,2.310129700083161e-4,0.00899999999819556,45.035018471620774
50,0.2,0,AR2,pcglassoFast_Dual,I,8.11130830789687e-4,0.00799999999981082,45.03518250750725
50,0.2,0,AR2,pcglassoFast_Dual,I,0.0028480358684358,0.00799999999981082,45.03515716413056
50,0.2,0,AR2,pcglassoFast_Dual,I,0.01,0.00700000000142608,45.03591372445001
50,0.2,0,AR2,pcglassoFast_Primal,C,9.999999999999982e-9,0.03700000000026193,45.03496046289021
50,0.2,0,AR2,pcglassoFast_Primal,C,3.5111917342151263e-8,0.03400000000237924,45.03496048287408
50,0.2,0,AR2,pcglassoFast_Primal,C,1.2328467394420646e-7,0.03399999999965075,45.03496051434667
50,0.2,0,AR2,pcglassoFast_Primal,C,4.328761281083054e-7,0.03099999999903957,45.03496071918851
50,0.2,0,AR2,pcglassoFast_Primal,C,1.5199110829529328e-6,0.02999999999883584,45.03496103589326
50,0.2,0,AR2,pcglassoFast_Primal,C,5.336699231206308e-6,0.02599999999983993,45.03496327476911
50,0.2,0,AR2,pcglassoFast_Primal,C,1.873817422860384e-5,0.02300000000104773,45.034974492345725
50,0.2,0,AR2,pcglassoFast_Primal,C,6.579332246575681e-5,0.02200000000084401,45.03499216314839
50,0.2,0,AR2,pcglassoFast_Primal,C,2.310129700083161e-4,0.02000000000043655,45.03512594928371
50,0.2,0,AR2,pcglassoFast_Primal,C,8.11130830789687e-4,0.0180000000000291,45.03534499319859
50,0.2,0,AR2,pcglassoFast_Primal,C,0.0028480358684358,0.01699999999982537,45.035869275491066
50,0.2,0,AR2,pcglassoFast_Primal,C,0.01,0.01399999999921419,45.04054597809491
50,0.2,0,AR2,pcglassoFast_Primal,I,9.999999999999982e-9,0.035499999998137355,45.03496046450749
50,0.2,0,AR2,pcglassoFast_Primal,I,3.5111917342151263e-8,0.03300000000035652,45.03496047283522
50,0.2,0,AR2,pcglassoFast_Primal,I,1.2328467394420646e-7,0.03099999999903957,45.03496052633986
50,0.2,0,AR2,pcglassoFast_Primal,I,4.328761281083054e-7,0.02800000000206637,45.03496077615597
50,0.2,0,AR2,pcglassoFast_Primal,I,1.5199110829529328e-6,0.02600000000165892,45.034961165714584
50,0.2,0,AR2,pcglassoFast_Primal,I,5.336699231206308e-6,0.0249999999996362,45.034963953092614
50,0.2,0,AR2,pcglassoFast_Primal,I,1.873817422860384e-5,0.02200000000084401,45.03496833571558
50,0.2,0,AR2,pcglassoFast_Primal,I,6.579332246575681e-5,0.02000000000043655,45.035000816528736
50,0.2,0,AR2,pcglassoFast_Primal,I,2.310129700083161e-4,0.0180000000000291,45.0350526091121
50,0.2,0,AR2,pcglassoFast_Primal,I,8.11130830789687e-4,0.01499999999941792,45.03544871297169
50,0.2,0,AR2,pcglassoFast_Primal,I,0.0028480358684358,0.01399999999921419,45.03610035361073
50,0.2,0,AR2,pcglassoFast_Primal,I,0.01,0.011000000000422,45.04142632934448
50,0.2,0,hub_09,pcglasso,C,9.999999999999982e-9,0.08799999999973807,47.30056847612016
50,0.2,0,hub_09,pcglasso,C,3.5111917342151263e-8,0.08800000000155705,47.30056847786876
50,0.2,0,hub_09,pcglasso,C,1.2328467394420646e-7,0.08599999999933061,47.30056848385417
50,0.2,0,hub_09,pcglasso,C,4.328761281083054e-7,0.0639999999984866,47.30056900239899
50,0.2,0,hub_09,pcglasso,C,1.5199110829529328e-6,0.06499999999869033,47.30056900239899
50,0.2,0,hub_09,pcglasso,C,5.336699231206308e-6,0.05500000000029104,47.300580555858986
50,0.2,0,hub_09,pcglasso,C,1.873817422860384e-5,0.04500000000007276,47.30089479931203
50,0.2,0,hub_09,pcglasso,C,6.579332246575681e-5,0.03299999999944703,47.30268135561783
50,0.2,0,hub_09,pcglasso,C,2.310129700083161e-4,0.02300000000104773,47.33166159862308
50,0.2,0,hub_09,pcglasso,C,8.11130830789687e-4,0.00700000000142608,56.34618713508793
50,0.2,0,hub_09,pcglasso,C,0.0028480358684358,0.0060000000003128644,66.22931175618126
50,0.2,0,hub_09,pcglasso,C,0.01,0.00500000000101863,58.95347849004065
50,0.2,0,hub_09,pcglasso,I,9.999999999999982e-9,0.07999999999992724,47.30056847650883
50,0.2,0,hub_09,pcglasso,I,3.5111917342151263e-8,0.08300000000235741,47.30056847650883
50,0.2,0,hub_09,pcglasso,I,1.2328467394420646e-7,0.06799999999930151,47.3005684873787
50,0.2,0,hub_09,pcglasso,I,4.328761281083054e-7,0.07099999999991269,47.30056852296011
50,0.2,0,hub_09,pcglasso,I,1.5199110829529328e-6,0.05349999999998545,47.30057114984721
50,0.2,0,hub_09,pcglasso,I,5.336699231206308e-6,0.0499999999992724,47.30058196572645
50,0.2,0,hub_09,pcglasso,I,1.873817422860384e-5,0.03900000000066939,47.300703120525135
50,0.2,0,hub_09,pcglasso,I,6.579332246575681e-5,0.02800000000206637,47.30465959823415
50,0.2,0,hub_09,pcglasso,I,2.310129700083161e-4,0.019499999998515705,47.33297088738993
50,0.2,0,hub_09,pcglasso,I,8.11130830789687e-4,0.00900000000001455,47.75370166145988
50,0.2,0,hub_09,pcglasso,I,0.0028480358684358,0.00899999999819556,47.49176899226156
50,0.2,0,hub_09,pcglasso,I,0.01,0.00900000000001455,47.49176899226156
50,0.2,0,hub_09,pcglassoFast_Dual,C,9.999999999999982e-9,0.01699999999982537,47.30056847210562
50,0.2,0,hub_09,pcglassoFast_Dual,C,3.5111917342151263e-8,0.01599999999962165,47.30056848636728
50,0.2,0,hub_09,pcglassoFast_Dual,C,1.2328467394420646e-7,0.01399999999921419,47.30056865821283
50,0.2,0,hub_09,pcglassoFast_Dual,C,4.328761281083054e-7,0.01300000000082946,47.30056873911263
50,0.2,0,hub_09,pcglassoFast_Dual,C,1.5199110829529328e-6,0.01199999999880674,47.30056937344808
50,0.2,0,hub_09,pcglassoFast_Dual,C,5.336699231206308e-6,0.01199999999880674,47.30056937344808
50,0.2,0,hub_09,pcglassoFast_Dual,C,1.873817422860384e-5,0.01100000000224099,47.30057088947747
50,0.2,0,hub_09,pcglassoFast_Dual,C,6.579332246575681e-5,0.01099999999860301,47.3005801958157
50,0.2,0,hub_09,pcglassoFast_Dual,C,2.310129700083161e-4,0.01000000000021827,47.30059650508058
50,0.2,0,hub_09,pcglassoFast_Dual,C,8.11130830789687e-4,0.00799999999981082,47.301362859155326
50,0.2,0,hub_09,pcglassoFast_Dual,C,0.0028480358684358,0.0069999999977881,47.30360324752253
50,0.2,0,hub_09,pcglassoFast_Dual,C,0.01,0.0069999999977881,47.30360324752253
50,0.2,0,hub_09,pcglassoFast_Dual,I,9.999999999999982e-9,0.01599999999962165,47.30056847288563
50,0.2,0,hub_09,pcglassoFast_Dual,I,3.5111917342151263e-8,0.01399999999921419,47.300568511532454
50,0.2,0,hub_09,pcglassoFast_Dual,I,1.2328467394420646e-7,0.01300000000082946,47.3005685885094
50,0.2,0,hub_09,pcglassoFast_Dual,I,4.328761281083054e-7,0.01200000000062573,47.300568671613426
50,0.2,0,hub_09,pcglassoFast_Dual,I,1.5199110829529328e-6,0.01100000000224099,47.30056892190193
50,0.2,0,hub_09,pcglassoFast_Dual,I,5.336699231206308e-6,0.01099999999860301,47.300569758778295
50,0.2,0,hub_09,pcglassoFast_Dual,I,1.873817422860384e-5,0.01000000000021827,47.300572927536464
50,0.2,0,hub_09,pcglassoFast_Dual,I,6.579332246575681e-5,0.00900000000001455,47.30060020924696
50,0.2,0,hub_09,pcglassoFast_Dual,I,2.310129700083161e-4,0.00799999999981082,47.300646862031606
50,0.2,0,hub_09,pcglassoFast_Dual,I,8.11130830789687e-4,0.00699999999960709,47.30096773803476
50,0.2,0,hub_09,pcglassoFast_Dual,I,0.0028480358684358,0.1235000000015134,47.30282752532808
50,0.2,0,hub_09,pcglassoFast_Dual,I,0.01,0.00500000000101863,47.30183225564524
50,0.2,0,hub_09,pcglassoFast_Primal,C,9.999999999999982e-9,0.02200000000084401,47.30056847174792
50,0.2,0,hub_09,pcglassoFast_Primal,C,3.5111917342151263e-8,0.0209999999970023,47.300568474191735
50,0.2,0,hub_09,pcglassoFast_Primal,C,1.2328467394420646e-7,0.02000000000043655,47.30056848735568
50,0.2,0,hub_09,pcglassoFast_Primal,C,4.328761281083054e-7,0.0180000000000291,47.30056854758195
50,0.2,0,hub_09,pcglassoFast_Primal,C,1.5199110829529328e-6,0.0180000000000291,47.30056854758195
50,0.2,0,hub_09,pcglassoFast_Primal,C,5.336699231206308e-6,0.01600000000325963,47.300568849631915
50,0.2,0,hub_09,pcglassoFast_Primal,C,1.873817422860384e-5,0.01499999999941792,47.30057051031519
50,0.2,0,hub_09,pcglassoFast_Primal,C,6.579332246575681e-5,0.01399999999921419,47.30057998722737
50,0.2,0,hub_09,pcglassoFast_Primal,C,2.310129700083161e-4,0.01400000000103318,47.30057998722737
50,0.2,0,hub_09,pcglassoFast_Primal,C,8.11130830789687e-4,0.01200000000244472,47.3006348364482
50,0.2,0,hub_09,pcglassoFast_Primal,C,0.0028480358684358,0.01100000000224099,47.30095524108067
50,0.2,0,hub_09,pcglassoFast_Primal,C,0.01,0.01100000000224099,47.30095524108067
50,0.2,0,hub_09,pcglassoFast_Primal,I,9.999999999999982e-9,0.02000000000043655,47.30056847198384
50,0.2,0,hub_09,pcglassoFast_Primal,I,3.5111917342151263e-8,0.0180000000000291,47.30056847460118
50,0.2,0,hub_09,pcglassoFast_Primal,I,1.2328467394420646e-7,0.01699999999982537,47.300568488630326
50,0.2,0,hub_09,pcglassoFast_Primal,I,4.328761281083054e-7,0.02599999999802094,47.300568556598
50,0.2,0,hub_09,pcglassoFast_Primal,I,1.5199110829529328e-6,0.01399999999921419,47.30056885969539
50,0.2,0,hub_09,pcglassoFast_Primal,I,5.336699231206308e-6,0.01400000000285217,47.30056885969539
50,0.2,0,hub_09,pcglassoFast_Primal,I,1.873817422860384e-5,0.01299999999901047,47.3005702007048
50,0.2,0,hub_09,pcglassoFast_Primal,I,6.579332246575681e-5,0.01199999999880674,47.30057680929709
50,0.2,0,hub_09,pcglassoFast_Primal,I,2.310129700083161e-4,0.01000000000021827,47.30061111616485
50,0.2,0,hub_09,pcglassoFast_Primal,I,8.11130830789687e-4,0.01000000000021827,47.30061111616485
50,0.2,0,hub_09,pcglassoFast_Primal,I,0.0028480358684358,0.00899999999819556,47.300802951441696
50,0.2,0,hub_09,pcglassoFast_Primal,I,0.01,0.00700000000142608,47.30198523933716
50,0.2,0,hub_1,pcglasso,C,9.999999999999982e-9,0.4350000000013097,16.64436974038445
50,0.2,0,hub_1,pcglasso,C,3.5111917342151263e-8,0.36700000000109867,16.644369915022057
50,0.2,0,hub_1,pcglasso,C,1.2328467394420646e-7,0.30199999999967986,16.64437219313625
50,0.2,0,hub_1,pcglasso,C,4.328761281083054e-7,0.28949999999895226,16.644373243041876
50,0.2,0,hub_1,pcglasso,C,1.5199110829529328e-6,0.22299999999904685,16.64445537881614
50,0.2,0,hub_1,pcglasso,C,5.336699231206308e-6,0.1959999999999127,16.644526093057152
50,0.2,0,hub_1,pcglasso,C,1.873817422860384e-5,0.14500000000043656,16.650153465003136
50,0.2,0,hub_1,pcglasso,C,6.579332246575681e-5,0.10199999999895226,16.708828830958605
50,0.2,0,hub_1,pcglasso,C,2.310129700083161e-4,0.07600000000093132,18.035505740765498
50,0.2,0,hub_1,pcglasso,C,8.11130830789687e-4,0.02300000000104773,51.235991711285166
50,0.2,0,hub_1,pcglasso,C,0.0028480358684358,0.02300000000104773,51.235991711285166
50,0.2,0,hub_1,pcglasso,C,0.01,0.02400000000125146,51.235991711285166
50,0.2,0,hub_1,pcglasso,I,9.999999999999982e-9,1.0079999999998108,16.644369736209182
50,0.2,0,hub_1,pcglasso,I,3.5111917342151263e-8,0.9509999999972932,16.64436979206607
50,0.2,0,hub_1,pcglasso,I,1.2328467394420646e-7,0.7620000000024447,16.64437062532
50,0.2,0,hub_1,pcglasso,I,4.328761281083054e-7,0.768500000000131,16.64437099378811
50,0.2,0,hub_1,pcglasso,I,1.5199110829529328e-6,0.6634999999987485,16.64438264160814
50,0.2,0,hub_1,pcglasso,I,5.336699231206308e-6,0.4809999999997672,16.644598562744758
50,0.2,0,hub_1,pcglasso,I,1.873817422860384e-5,0.3109999999978754,16.647053072731506
50,0.2,0,hub_1,pcglasso,I,6.579332246575681e-5,0.18800000000010184,16.681548843221048
50,0.2,0,hub_1,pcglasso,I,2.310129700083161e-4,0.0249999999996362,20.653479521319852
50,0.2,0,hub_1,pcglasso,I,8.11130830789687e-4,0.0319999999992433,20.330976206241367
50,0.2,0,hub_1,pcglasso,I,0.0028480358684358,0.01300000000264844,21.727715891137436
50,0.2,0,hub_1,pcglasso,I,0.01,0.0209999999970023,21.854370859678543
50,0.2,0,hub_1,pcglassoFast_Dual,C,9.999999999999982e-9,0.5940000000000509,16.64436983199587
50,0.2,0,hub_1,pcglassoFast_Dual,C,3.5111917342151263e-8,0.3909999999996217,16.644370541077304
50,0.2,0,hub_1,pcglassoFast_Dual,C,1.2328467394420646e-7,0.46000000000276486,16.644372509644747
50,0.2,0,hub_1,pcglassoFast_Dual,C,4.328761281083054e-7,0.2900000000008731,16.64437845342286
50,0.2,0,hub_1,pcglassoFast_Dual,C,1.5199110829529328e-6,0.22000000000116415,16.644414805880825
50,0.2,0,hub_1,pcglassoFast_Dual,C,5.336699231206308e-6,0.16649999999935972,16.644552551858542
50,0.2,0,hub_1,pcglassoFast_Dual,C,1.873817422860384e-5,0.11199999999735157,16.645018031838404
50,0.2,0,hub_1,pcglassoFast_Dual,C,6.579332246575681e-5,0.10949999999866122,16.645080304310834
50,0.2,0,hub_1,pcglassoFast_Dual,C,2.310129700083161e-4,0.20300000000042928,16.646219752489845
50,0.2,0,hub_1,pcglassoFast_Dual,C,8.11130830789687e-4,0.07600000000093132,16.6467512146068
50,0.2,0,hub_1,pcglassoFast_Dual,C,0.0028480358684358,0.06900000000132422,16.64810109416569
50,0.2,0,hub_1,pcglassoFast_Dual,C,0.01,0.06200000000171712,16.653207021455717
50,0.2,0,hub_1,pcglassoFast_Dual,I,9.999999999999982e-9,0.6440000000002328,16.64436986378569
50,0.2,0,hub_1,pcglassoFast_Dual,I,3.5111917342151263e-8,0.5169999999998254,16.64436985620988
50,0.2,0,hub_1,pcglassoFast_Dual,I,1.2328467394420646e-7,0.5675000000010186,16.644372616511305
50,0.2,0,hub_1,pcglassoFast_Dual,I,4.328761281083054e-7,0.4205000000001746,16.64437768493589
50,0.2,0,hub_1,pcglassoFast_Dual,I,1.5199110829529328e-6,0.37700000000040745,16.644415128879515
50,0.2,0,hub_1,pcglassoFast_Dual,I,5.336699231206308e-6,0.3609999999980573,16.64438429980313
50,0.2,0,hub_1,pcglassoFast_Dual,I,1.873817422860384e-5,0.29500000000189175,16.64501020362311
50,0.2,0,hub_1,pcglassoFast_Dual,I,6.579332246575681e-5,0.2989999999990687,16.644657364751403
50,0.2,0,hub_1,pcglassoFast_Dual,I,2.310129700083161e-4,0.23800000000028376,16.654004760345142
50,0.2,0,hub_1,pcglassoFast_Dual,I,8.11130830789687e-4,0.21500000000014552,16.65517583649148
50,0.2,0,hub_1,pcglassoFast_Dual,I,0.0028480358684358,0.17699999999967986,16.69860360212257
50,0.2,0,hub_1,pcglassoFast_Dual,I,0.01,0.18900000000212455,16.669473628765022
50,0.2,0,hub_1,pcglassoFast_Primal,C,9.999999999999982e-9,0.21900000000096043,16.644369769562164
50,0.2,0,hub_1,pcglassoFast_Primal,C,3.5111917342151263e-8,0.20499999999992724,16.64436992946913
50,0.2,0,hub_1,pcglassoFast_Primal,C,1.2328467394420646e-7,0.1820000000006985,16.64437034921771
50,0.2,0,hub_1,pcglassoFast_Primal,C,4.328761281083054e-7,0.16300000000046566,16.644371750314534
50,0.2,0,hub_1,pcglassoFast_Primal,C,1.5199110829529328e-6,0.14600000000064028,16.64437378739961
50,0.2,0,hub_1,pcglassoFast_Primal,C,5.336699231206308e-6,0.14900000000034197,16.64437343483676
50,0.2,0,hub_1,pcglassoFast_Primal,C,1.873817422860384e-5,0.12700000000040745,16.6443806077488
50,0.2,0,hub_1,pcglassoFast_Primal,C,6.579332246575681e-5,0.1110000000007858,16.644421627725997
50,0.2,0,hub_1,pcglassoFast_Primal,C,2.310129700083161e-4,0.09600000000136788,16.64462356322978
50,0.2,0,hub_1,pcglassoFast_Primal,C,8.11130830789687e-4,0.08000000000174623,16.645295363524056
50,0.2,0,hub_1,pcglassoFast_Primal,C,0.0028480358684358,0.06499999999869033,16.647500521649334
50,0.2,0,hub_1,pcglassoFast_Primal,C,0.01,0.061000000000603904,16.65462957874578
50,0.2,0,hub_1,pcglassoFast_Primal,I,9.999999999999982e-9,0.19400000000132425,16.64436976546647
50,0.2,0,hub_1,pcglassoFast_Primal,I,3.5111917342151263e-8,0.1820000000006985,16.644369896137782
50,0.2,0,hub_1,pcglassoFast_Primal,I,1.2328467394420646e-7,0.18500000000130967,16.644370236648893
50,0.2,0,hub_1,pcglassoFast_Primal,I,4.328761281083054e-7,0.16500000000087311,16.64437132974899
50,0.2,0,hub_1,pcglassoFast_Primal,I,1.5199110829529328e-6,0.2750000000005457,16.644373912336565
50,0.2,0,hub_1,pcglassoFast_Primal,I,5.336699231206308e-6,0.1430000000000291,16.644374516914176
50,0.2,0,hub_1,pcglassoFast_Primal,I,1.873817422860384e-5,0.14400000000023283,16.64438025824797
50,0.2,0,hub_1,pcglassoFast_Primal,I,6.579332246575681e-5,0.12199999999938882,16.64440863656023
50,0.2,0,hub_1,pcglassoFast_Primal,I,2.310129700083161e-4,0.11000000000058208,16.644529556708754
50,0.2,0,hub_1,pcglassoFast_Primal,I,8.11130830789687e-4,0.10599999999976716,16.64476062470778
50,0.2,0,hub_1,pcglassoFast_Primal,I,0.0028480358684358,0.08200000000215368,16.646186302415494
50,0.2,0,hub_1,pcglassoFast_Primal,I,0.01,0.06899999999950523,16.652999520576277
50,0.2,0,random,pcglasso,C,9.999999999999982e-9,0.11499999999796272,43.02520623382223
50,0.2,0,random,pcglasso,C,3.5111917342151263e-8,0.10399999999935972,43.025206252326974
50,0.2,0,random,pcglasso,C,1.2328467394420646e-7,0.09099999999671128,43.025206793723626
50,0.2,0,random,pcglasso,C,4.328761281083054e-7,0.07999999999901775,43.02520855509368
50,0.2,0,random,pcglasso,C,1.5199110829529328e-6,0.0750000000007276,43.02520950087145
50,0.2,0,random,pcglasso,C,5.336699231206308e-6,0.07399999999870488,43.02525002915342
50,0.2,0,random,pcglasso,C,1.873817422860384e-5,0.05300000000079307,43.025515849850805
50,0.2,0,random,pcglasso,C,6.579332246575681e-5,0.03399999999965075,43.03583997102739
50,0.2,0,random,pcglasso,C,2.310129700083161e-4,0.02300000000104773,43.17737098801451
50,0.2,0,random,pcglasso,C,8.11130830789687e-4,0.00799999999981082,51.81563043946605
50,0.2,0,random,pcglasso,C,0.0028480358684358,0.01299999999901047,67.37787690743767
50,0.2,0,random,pcglasso,C,0.01,0.00600000000122236,69.34096826683057
50,0.2,0,random,pcglasso,I,9.999999999999982e-9,0.09900000000016007,43.02520623569569
50,0.2,0,random,pcglasso,I,3.5111917342151263e-8,0.08699999999953434,43.02520633594203
50,0.2,0,random,pcglasso,I,1.2328467394420646e-7,0.07400000000052387,43.02520666754064
50,0.2,0,random,pcglasso,I,4.328761281083054e-7,0.07200000000011642,43.025209019533534
50,0.2,0,random,pcglasso,I,1.5199110829529328e-6,0.05900000000110594,43.02522462835822
50,0.2,0,random,pcglasso,I,5.336699231206308e-6,0.0610000000015134,43.02528521684916
50,0.2,0,random,pcglasso,I,1.873817422860384e-5,0.03800000000046566,43.02629527332409
50,0.2,0,random,pcglasso,I,6.579332246575681e-5,0.02599999999983993,43.0484117481069
50,0.2,0,random,pcglasso,I,2.310129700083161e-4,0.01399999999921419,43.32460456866159
50,0.2,0,random,pcglasso,I,8.11130830789687e-4,0.00800000000162981,44.01066460030965
50,0.2,0,random,pcglasso,I,0.0028480358684358,0.00700000000142608,44.23775102542293
50,0.2,0,random,pcglasso,I,0.01,0.00700000000142608,44.23775102542293
50,0.2,0,random,pcglassoFast_Dual,C,9.999999999999982e-9,0.02700000000004365,43.02520623749209
50,0.2,0,random,pcglassoFast_Dual,C,3.5111917342151263e-8,0.02400000000125146,43.02520627020658
50,0.2,0,random,pcglassoFast_Dual,C,1.2328467394420646e-7,0.02300000000104773,43.025206295410435
50,0.2,0,random,pcglassoFast_Dual,C,4.328761281083054e-7,0.02300000000104773,43.025206392463055
50,0.2,0,random,pcglassoFast_Dual,C,1.5199110829529328e-6,0.02100000000064028,43.02520722637576
50,0.2,0,random,pcglassoFast_Dual,C,5.336699231206308e-6,0.0180000000000291,43.02521208436622
50,0.2,0,random,pcglassoFast_Dual,C,1.873817422860384e-5,0.01499999999941792,43.02527303167593
50,0.2,0,random,pcglassoFast_Dual,C,6.579332246575681e-5,0.013500000000931316,43.02532548003796
50,0.2,0,random,pcglassoFast_Dual,C,2.310129700083161e-4,0.02000000000043655,43.025379057776036
50,0.2,0,random,pcglassoFast_Dual,C,8.11130830789687e-4,0.01000000000203726,43.02640738766422
50,0.2,0,random,pcglassoFast_Dual,C,0.0028480358684358,0.00999999999839929,43.027118407896296
50,0.2,0,random,pcglassoFast_Dual,C,0.01,0.00900000000001455,43.02901812813987
50,0.2,0,random,pcglassoFast_Dual,I,9.999999999999982e-9,0.02200000000084401,43.02520623979794
50,0.2,0,random,pcglassoFast_Dual,I,3.5111917342151263e-8,0.02100000000064028,43.02520626005674
50,0.2,0,random,pcglassoFast_Dual,I,1.2328467394420646e-7,0.02100000000064028,43.02520626331855
50,0.2,0,random,pcglassoFast_Dual,I,4.328761281083054e-7,0.02000000000043655,43.02520627478764
50,0.2,0,random,pcglassoFast_Dual,I,1.5199110829529328e-6,0.01599999999962165,43.02520872782368
50,0.2,0,random,pcglassoFast_Dual,I,5.336699231206308e-6,0.01499999999941792,43.02520962425723
50,0.2,0,random,pcglassoFast_Dual,I,1.873817422860384e-5,0.02100000000064028,43.025220227462114
50,0.2,0,random,pcglassoFast_Dual,I,6.579332246575681e-5,0.011000000000422,43.025255486949504
50,0.2,0,random,pcglassoFast_Dual,I,2.310129700083161e-4,0.00999999999839929,43.02538856059035
50,0.2,0,random,pcglassoFast_Dual,I,8.11130830789687e-4,0.00700000000142608,43.02621674419883
50,0.2,0,random,pcglassoFast_Dual,I,0.0028480358684358,0.00699999999960709,43.026986683838835
50,0.2,0,random,pcglassoFast_Dual,I,0.01,0.00600000000122236,43.028277874582066
50,0.2,0,random,pcglassoFast_Primal,C,9.999999999999982e-9,0.03799999999682768,43.025206238494704
50,0.2,0,random,pcglassoFast_Primal,C,3.5111917342151263e-8,0.03600000000005821,43.02520625574992
50,0.2,0,random,pcglassoFast_Primal,C,1.2328467394420646e-7,0.03200000000288128,43.025206312375055
50,0.2,0,random,pcglassoFast_Primal,C,4.328761281083054e-7,0.03099999999903957,43.02520651154004
50,0.2,0,random,pcglassoFast_Primal,C,1.5199110829529328e-6,0.027999999999337884,43.02520719469555
50,0.2,0,random,pcglassoFast_Primal,C,5.336699231206308e-6,0.02400000000125146,43.025209706233355
50,0.2,0,random,pcglassoFast_Primal,C,1.873817422860384e-5,0.02199999999720603,43.025219617460685
50,0.2,0,random,pcglassoFast_Primal,C,6.579332246575681e-5,0.01900000000023283,43.02525985806582
50,0.2,0,random,pcglassoFast_Primal,C,2.310129700083161e-4,0.0180000000000291,43.02531492282362
50,0.2,0,random,pcglassoFast_Primal,C,8.11130830789687e-4,0.01499999999941792,43.0256635171005
50,0.2,0,random,pcglassoFast_Primal,C,0.0028480358684358,0.01399999999921419,43.026157623124114
50,0.2,0,random,pcglassoFast_Primal,C,0.01,0.01200000000244472,43.02730971592647
50,0.2,0,random,pcglassoFast_Primal,I,9.999999999999982e-9,0.03900000000066939,43.02520624310994
50,0.2,0,random,pcglassoFast_Primal,I,3.5111917342151263e-8,0.03600000000005821,43.025206269960165
50,0.2,0,random,pcglassoFast_Primal,I,1.2328467394420646e-7,0.03399999999965075,43.02520635828355
50,0.2,0,random,pcglassoFast_Primal,I,4.328761281083054e-7,0.0319999999992433,43.02520662707135
50,0.2,0,random,pcglassoFast_Primal,I,1.5199110829529328e-6,0.02899999999863212,43.025207447750475
50,0.2,0,random,pcglassoFast_Primal,I,5.336699231206308e-6,0.02600000000165892,43.0252101541219
50,0.2,0,random,pcglassoFast_Primal,I,1.873817422860384e-5,0.02199999999720603,43.02522908225685
50,0.2,0,random,pcglassoFast_Primal,I,6.579332246575681e-5,0.02100000000064028,43.02524775986249
50,0.2,0,random,pcglassoFast_Primal,I,2.310129700083161e-4,0.017499999999927233,43.02535189209364
50,0.2,0,random,pcglassoFast_Primal,I,8.11130830789687e-4,0.01499999999941792,43.02578995340536
50,0.2,0,random,pcglassoFast_Primal,I,0.0028480358684358,0.01300000000173895,43.0264765075277
50,0.2,0,random,pcglassoFast_Primal,I,0.01,0.01199999999880674,43.02827778540179
50,0.2,0.5,AR2,pcglasso,C,9.999999999999982e-9,0.05099999999947613,42.27867188526343
50,0.2,0.5,AR2,pcglasso,C,3.5111917342151263e-8,0.04800000000250293,42.27867188533247
50,0.2,0.5,AR2,pcglasso,C,1.2328467394420646e-7,0.04400000000168802,42.2786718881185
50,0.2,0.5,AR2,pcglasso,C,4.328761281083054e-7,0.04199999999946158,42.27867190710313
50,0.2,0.5,AR2,pcglasso,C,1.5199110829529328e-6,0.04199999999946158,42.27867190710313
50,0.2,0.5,AR2,pcglasso,C,5.336699231206308e-6,0.04200000000128057,42.27867190710313
50,0.2,0.5,AR2,pcglasso,C,1.873817422860384e-5,0.03600000000005821,42.278672074159786
50,0.2,0.5,AR2,pcglasso,C,6.579332246575681e-5,0.02900000000045111,42.278675149129946
50,0.2,0.5,AR2,pcglasso,C,2.310129700083161e-4,0.02300000000013824,42.27868929107682
50,0.2,0.5,AR2,pcglasso,C,8.11130830789687e-4,0.01699999999982537,42.28136596234463
50,0.2,0.5,AR2,pcglasso,C,0.0028480358684358,0.006999999998697595,77.66368600124619
50,0.2,0.5,AR2,pcglasso,C,0.01,0.00700000000142608,75.79400748836748
50,0.2,0.5,AR2,pcglasso,I,9.999999999999982e-9,0.01699999999982537,42.27867188526301
50,0.2,0.5,AR2,pcglasso,I,3.5111917342151263e-8,0.01499999999941792,42.278671885327206
50,0.2,0.5,AR2,pcglasso,I,1.2328467394420646e-7,0.01900000000023283,42.278671886112654
50,0.2,0.5,AR2,pcglasso,I,4.328761281083054e-7,0.01000000000203726,42.2786719085601
50,0.2,0.5,AR2,pcglasso,I,1.5199110829529328e-6,0.01000000000203726,42.2786719085601
50,0.2,0.5,AR2,pcglasso,I,5.336699231206308e-6,0.01000000000203726,42.2786719085601
50,0.2,0.5,AR2,pcglasso,I,1.873817422860384e-5,0.00899999999819556,42.27867200862276
50,0.2,0.5,AR2,pcglasso,I,6.579332246575681e-5,0.00700000000142608,42.27867323953433
50,0.2,0.5,AR2,pcglasso,I,2.310129700083161e-4,0.00500000000101863,42.27871242530215
50,0.2,0.5,AR2,pcglasso,I,8.11130830789687e-4,0.0040000000008149,42.27916142488837
50,0.2,0.5,AR2,pcglasso,I,0.0028480358684358,0.00399999999899591,42.28166356774608
50,0.2,0.5,AR2,pcglasso,I,0.01,0.00499999999919964,42.27968841574771
50,0.2,0.5,AR2,pcglassoFast_Dual,C,9.999999999999982e-9,0.00800000000162981,42.278671885364126
50,0.2,0.5,AR2,pcglassoFast_Dual,C,3.5111917342151263e-8,0.00800000000162981,42.278671885364126
50,0.2,0.5,AR2,pcglassoFast_Dual,C,1.2328467394420646e-7,0.00799999999799183,42.27867188716368
50,0.2,0.5,AR2,pcglassoFast_Dual,C,4.328761281083054e-7,0.00700000000142608,42.27867188716368
50,0.2,0.5,AR2,pcglassoFast_Dual,C,1.5199110829529328e-6,0.00699999999960709,42.27867192657286
50,0.2,0.5,AR2,pcglassoFast_Dual,C,5.336699231206308e-6,0.00700000000142608,42.27867192657286
50,0.2,0.5,AR2,pcglassoFast_Dual,C,1.873817422860384e-5,0.00699999999960709,42.27867192657286
50,0.2,0.5,AR2,pcglassoFast_Dual,C,6.579332246575681e-5,0.00600000000122236,42.27867280406386
50,0.2,0.5,AR2,pcglassoFast_Dual,C,2.310129700083161e-4,0.00600000000122236,42.27867280406386
50,0.2,0.5,AR2,pcglassoFast_Dual,C,8.11130830789687e-4,0.005999999998493875,42.27869332863397
50,0.2,0.5,AR2,pcglassoFast_Dual,C,0.0028480358684358,0.00599999999940337,42.27869332863397
50,0.2,0.5,AR2,pcglassoFast_Dual,C,0.01,0.00599999999940337,42.27869332863397
50,0.2,0.5,AR2,pcglassoFast_Dual,I,9.999999999999982e-9,0.00500000000101863,42.2786718853663
50,0.2,0.5,AR2,pcglassoFast_Dual,I,3.5111917342151263e-8,0.00500000000101863,42.2786718853663
50,0.2,0.5,AR2,pcglassoFast_Dual,I,1.2328467394420646e-7,0.00499999999919964,42.2786718872441
50,0.2,0.5,AR2,pcglassoFast_Dual,I,4.328761281083054e-7,0.004999999998290145,42.2786718872441
50,0.2,0.5,AR2,pcglassoFast_Dual,I,1.5199110829529328e-6,0.0040000000008149,42.27867192257024
50,0.2,0.5,AR2,pcglassoFast_Dual,I,5.336699231206308e-6,0.0040000000008149,42.27867192257024
50,0.2,0.5,AR2,pcglassoFast_Dual,I,1.873817422860384e-5,0.00300000000061118,42.27867261005434
50,0.2,0.5,AR2,pcglassoFast_Dual,I,6.579332246575681e-5,0.12199999999938882,42.27867261005434
50,0.2,0.5,AR2,pcglassoFast_Dual,I,2.310129700083161e-4,0.00300000000061118,42.27867261005434
50,0.2,0.5,AR2,pcglassoFast_Dual,I,8.11130830789687e-4,0.00300000000061118,42.27868669092913
50,0.2,0.5,AR2,pcglassoFast_Dual,I,0.0028480358684358,0.00300000000061118,42.27868669092913
50,0.2,0.5,AR2,pcglassoFast_Dual,I,0.01,0.00200000000040745,42.27899923316031
50,0.2,0.5,AR2,pcglassoFast_Primal,C,9.999999999999982e-9,0.0180000000000291,42.27867188538834
50,0.2,0.5,AR2,pcglassoFast_Primal,C,3.5111917342151263e-8,0.02799999999842839,42.27867188538834
50,0.2,0.5,AR2,pcglassoFast_Primal,C,1.2328467394420646e-7,0.01699999999982537,42.27867188748311
50,0.2,0.5,AR2,pcglassoFast_Primal,C,4.328761281083054e-7,0.01699999999982537,42.27867188748311
50,0.2,0.5,AR2,pcglassoFast_Primal,C,1.5199110829529328e-6,0.01599999999962165,42.27867193094803
50,0.2,0.5,AR2,pcglassoFast_Primal,C,5.336699231206308e-6,0.01499999999941792,42.27867193094803
50,0.2,0.5,AR2,pcglassoFast_Primal,C,1.873817422860384e-5,0.01499999999941792,42.27867193094803
50,0.2,0.5,AR2,pcglassoFast_Primal,C,6.579332246575681e-5,0.01399999999921419,42.27867284766014
50,0.2,0.5,AR2,pcglassoFast_Primal,C,2.310129700083161e-4,0.01400000000285217,42.27867284766014
50,0.2,0.5,AR2,pcglassoFast_Primal,C,8.11130830789687e-4,0.01200000000062573,42.27869312762627
50,0.2,0.5,AR2,pcglassoFast_Primal,C,0.0028480358684358,0.01299999999901047,42.27869312762627
50,0.2,0.5,AR2,pcglassoFast_Primal,C,0.01,0.01299999999901047,42.27869312762627
50,0.2,0.5,AR2,pcglassoFast_Primal,I,9.999999999999982e-9,0.01000000000203726,42.27867188539193
50,0.2,0.5,AR2,pcglassoFast_Primal,I,3.5111917342151263e-8,0.00999999999839929,42.27867188539193
50,0.2,0.5,AR2,pcglassoFast_Primal,I,1.2328467394420646e-7,0.00899999999819556,42.2786718876105
50,0.2,0.5,AR2,pcglassoFast_Primal,I,4.328761281083054e-7,0.00900000000001455,42.2786718876105
50,0.2,0.5,AR2,pcglassoFast_Primal,I,1.5199110829529328e-6,0.00700000000142608,42.278671927608414
50,0.2,0.5,AR2,pcglassoFast_Primal,I,5.336699231206308e-6,0.007999999998901325,42.278671927608414
50,0.2,0.5,AR2,pcglassoFast_Primal,I,1.873817422860384e-5,0.00600000000122236,42.27867267451427
50,0.2,0.5,AR2,pcglassoFast_Primal,I,6.579332246575681e-5,0.00600000000122236,42.27867267451427
50,0.2,0.5,AR2,pcglassoFast_Primal,I,2.310129700083161e-4,0.00600000000122236,42.27867267451427
50,0.2,0.5,AR2,pcglassoFast_Primal,I,8.11130830789687e-4,0.00499999999919964,42.27868741869406
50,0.2,0.5,AR2,pcglassoFast_Primal,I,0.0028480358684358,0.00499999999919964,42.27868741869406
50,0.2,0.5,AR2,pcglassoFast_Primal,I,0.01,0.00300000000061118,42.27900470611209
50,0.2,0.5,hub_09,pcglasso,C,9.999999999999982e-9,0.11499999999796272,42.32745338198698
50,0.2,0.5,hub_09,pcglasso,C,3.5111917342151263e-8,0.11000000000058208,42.32745338198698
50,0.2,0.5,hub_09,pcglasso,C,1.2328467394420646e-7,0.10850000000027649,42.32745338201902
50,0.2,0.5,hub_09,pcglasso,C,4.328761281083054e-7,0.11400000000139698,42.32745338242171
50,0.2,0.5,hub_09,pcglasso,C,1.5199110829529328e-6,0.11299999999846477,42.32745338242171
50,0.2,0.5,hub_09,pcglasso,C,5.336699231206308e-6,0.11099999999805732,42.32745338773232
50,0.2,0.5,hub_09,pcglasso,C,1.873817422860384e-5,0.08600000000296859,42.32745394390475
50,0.2,0.5,hub_09,pcglasso,C,6.579332246575681e-5,0.06699999999909778,42.32745471198175
50,0.2,0.5,hub_09,pcglasso,C,2.310129700083161e-4,0.02200000000084401,42.54758996883959
50,0.2,0.5,hub_09,pcglasso,C,8.11130830789687e-4,0.01900000000023283,42.53514521361568
50,0.2,0.5,hub_09,pcglasso,C,0.0028480358684358,0.00599999999940337,64.28757900044839
50,0.2,0.5,hub_09,pcglasso,C,0.01,0.00599999999940337,65.36243489146939
50,0.2,0.5,hub_09,pcglasso,I,9.999999999999982e-9,0.01900000000023283,42.32745338198407
50,0.2,0.5,hub_09,pcglasso,I,3.5111917342151263e-8,0.01900000000023283,42.32745338198407
50,0.2,0.5,hub_09,pcglasso,I,1.2328467394420646e-7,0.0180000000000291,42.32745338198517
50,0.2,0.5,hub_09,pcglasso,I,4.328761281083054e-7,0.016000000000531145,42.3274533820175
50,0.2,0.5,hub_09,pcglasso,I,1.5199110829529328e-6,0.016000000002350134,42.3274533820175
50,0.2,0.5,hub_09,pcglasso,I,5.336699231206308e-6,0.01499999999941792,42.32745338305124
50,0.2,0.5,hub_09,pcglasso,I,1.873817422860384e-5,0.01299999999901047,42.327453429904146
50,0.2,0.5,hub_09,pcglasso,I,6.579332246575681e-5,0.011000000000422,42.327453580961965
50,0.2,0.5,hub_09,pcglasso,I,2.310129700083161e-4,0.00700000000142608,42.32747741652187
50,0.2,0.5,hub_09,pcglasso,I,8.11130830789687e-4,0.005000000000109135,42.327772958102656
50,0.2,0.5,hub_09,pcglasso,I,0.0028480358684358,0.00500000000101863,42.33072731554741
50,0.2,0.5,hub_09,pcglasso,I,0.01,0.00200000000040745,42.95394587019234
50,0.2,0.5,hub_09,pcglassoFast_Dual,C,9.999999999999982e-9,0.0180000000000291,42.32745338202823
50,0.2,0.5,hub_09,pcglassoFast_Dual,C,3.5111917342151263e-8,0.011000000000422,42.32745338202823
50,0.2,0.5,hub_09,pcglassoFast_Dual,C,1.2328467394420646e-7,0.01000000000021827,42.327453384021936
50,0.2,0.5,hub_09,pcglassoFast_Dual,C,4.328761281083054e-7,0.01000000000203726,42.327453384021936
50,0.2,0.5,hub_09,pcglassoFast_Dual,C,1.5199110829529328e-6,0.01000000000203726,42.327453384021936
50,0.2,0.5,hub_09,pcglassoFast_Dual,C,5.336699231206308e-6,0.00999999999839929,42.32745348191887
50,0.2,0.5,hub_09,pcglassoFast_Dual,C,1.873817422860384e-5,0.00999999999839929,42.32745348191887
50,0.2,0.5,hub_09,pcglassoFast_Dual,C,6.579332246575681e-5,0.00900000000183354,42.32745348191887
50,0.2,0.5,hub_09,pcglassoFast_Dual,C,2.310129700083161e-4,0.00900000000001455,42.32745861094307
50,0.2,0.5,hub_09,pcglassoFast_Dual,C,8.11130830789687e-4,0.00900000000001455,42.32745861094307
50,0.2,0.5,hub_09,pcglassoFast_Dual,C,0.0028480358684358,0.00900000000001455,42.32745861094307
50,0.2,0.5,hub_09,pcglassoFast_Dual,C,0.01,0.008000000000720315,42.32763455657376
50,0.2,0.5,hub_09,pcglassoFast_Dual,I,9.999999999999982e-9,0.0040000000008149,42.32745338200484
50,0.2,0.5,hub_09,pcglassoFast_Dual,I,3.5111917342151263e-8,0.0040000000008149,42.32745338200484
50,0.2,0.5,hub_09,pcglassoFast_Dual,I,1.2328467394420646e-7,0.00300000000061118,42.32745338297546
50,0.2,0.5,hub_09,pcglassoFast_Dual,I,4.328761281083054e-7,0.00300000000061118,42.32745338297546
50,0.2,0.5,hub_09,pcglassoFast_Dual,I,1.5199110829529328e-6,0.00300000000061118,42.32745338297546
50,0.2,0.5,hub_09,pcglassoFast_Dual,I,5.336699231206308e-6,0.00300000000061118,42.327453430390655
50,0.2,0.5,hub_09,pcglassoFast_Dual,I,1.873817422860384e-5,0.00300000000061118,42.327453430390655
50,0.2,0.5,hub_09,pcglassoFast_Dual,I,6.579332246575681e-5,0.002999999999701685,42.327453430390655
50,0.2,0.5,hub_09,pcglassoFast_Dual,I,2.310129700083161e-4,0.00200000000040745,42.32745589876021
50,0.2,0.5,hub_09,pcglassoFast_Dual,I,8.11130830789687e-4,0.00200000000040745,42.32745589876021
50,0.2,0.5,hub_09,pcglassoFast_Dual,I,0.0028480358684358,0.00200000000040745,42.32745589876021
50,0.2,0.5,hub_09,pcglassoFast_Dual,I,0.01,0.00200000000040745,42.32745589876021
50,0.2,0.5,hub_09,pcglassoFast_Primal,C,9.999999999999982e-9,0.02200000000084401,42.32745338205282
50,0.2,0.5,hub_09,pcglassoFast_Primal,C,3.5111917342151263e-8,0.02100000000064028,42.32745338205282
50,0.2,0.5,hub_09,pcglassoFast_Primal,C,1.2328467394420646e-7,0.02200000000084401,42.32745338205282
50,0.2,0.5,hub_09,pcglassoFast_Primal,C,4.328761281083054e-7,0.02000000000043655,42.32745338512118
50,0.2,0.5,hub_09,pcglassoFast_Primal,C,1.5199110829529328e-6,0.02099999999882129,42.32745338512118
50,0.2,0.5,hub_09,pcglassoFast_Primal,C,5.336699231206308e-6,0.02000000000043655,42.32745338512118
50,0.2,0.5,hub_09,pcglassoFast_Primal,C,1.873817422860384e-5,0.018999999999323336,42.327453534249514
50,0.2,0.5,hub_09,pcglassoFast_Primal,C,6.579332246575681e-5,0.0180000000000291,42.327453534249514
50,0.2,0.5,hub_09,pcglassoFast_Primal,C,2.310129700083161e-4,0.01900000000023283,42.327453534249514
50,0.2,0.5,hub_09,pcglassoFast_Primal,C,8.11130830789687e-4,0.01699999999982537,42.327461314352526
50,0.2,0.5,hub_09,pcglassoFast_Primal,C,0.0028480358684358,0.0180000000000291,42.327461314352526
50,0.2,0.5,hub_09,pcglassoFast_Primal,C,0.01,0.01699999999982537,42.32772124242293
50,0.2,0.5,hub_09,pcglassoFast_Primal,I,9.999999999999982e-9,0.00700000000142608,42.327453382005466
50,0.2,0.5,hub_09,pcglassoFast_Primal,I,3.5111917342151263e-8,0.00700000000142608,42.327453382005466
50,0.2,0.5,hub_09,pcglassoFast_Primal,I,1.2328467394420646e-7,0.00600000000122236,42.327453382995266
50,0.2,0.5,hub_09,pcglassoFast_Primal,I,4.328761281083054e-7,0.00600000000122236,42.327453382995266
50,0.2,0.5,hub_09,pcglassoFast_Primal,I,1.5199110829529328e-6,0.00600000000122236,42.327453382995266
50,0.2,0.5,hub_09,pcglassoFast_Primal,I,5.336699231206308e-6,0.00500000000101863,42.327453430914545
50,0.2,0.5,hub_09,pcglassoFast_Primal,I,1.873817422860384e-5,0.00499999999919964,42.327453430914545
50,0.2,0.5,hub_09,pcglassoFast_Primal,I,6.579332246575681e-5,0.00499999999919964,42.327453430914545
50,0.2,0.5,hub_09,pcglassoFast_Primal,I,2.310129700083161e-4,0.00300000000061118,42.327455906363696
50,0.2,0.5,hub_09,pcglassoFast_Primal,I,8.11130830789687e-4,0.00300000000061118,42.327455906363696
50,0.2,0.5,hub_09,pcglassoFast_Primal,I,0.0028480358684358,0.00300000000061118,42.327455906363696
50,0.2,0.5,hub_09,pcglassoFast_Primal,I,0.01,0.00300000000061118,42.327455906363696
50,0.2,0.5,hub_1,pcglasso,C,9.999999999999982e-9,0.1640000000006694,28.913686824952663
50,0.2,0.5,hub_1,pcglasso,C,3.5111917342151263e-8,0.15100000000165892,28.913686899264405
50,0.2,0.5,hub_1,pcglasso,C,1.2328467394420646e-7,0.13799999999901047,28.913687655875297
50,0.2,0.5,hub_1,pcglasso,C,4.328761281083054e-7,0.12049999999999272,28.913698147987127
50,0.2,0.5,hub_1,pcglasso,C,1.5199110829529328e-6,0.10599999999976716,28.913977915653454
50,0.2,0.5,hub_1,pcglasso,C,5.336699231206308e-6,0.10800000000017462,28.914285163844845
50,0.2,0.5,hub_1,pcglasso,C,1.873817422860384e-5,0.08899999999994179,28.915772261306557
50,0.2,0.5,hub_1,pcglasso,C,6.579332246575681e-5,0.07899999999790452,28.920721660520243
50,0.2,0.5,hub_1,pcglasso,C,2.310129700083161e-4,0.06600000000071304,29.008091136504227
50,0.2,0.5,hub_1,pcglasso,C,8.11130830789687e-4,0.09900000000016008,34.175877438274924
50,0.2,0.5,hub_1,pcglasso,C,0.0028480358684358,0.02100000000064028,87.73879836608278
50,0.2,0.5,hub_1,pcglasso,C,0.01,0.02200000000084401,87.73879836608278
50,0.2,0.5,hub_1,pcglasso,I,9.999999999999982e-9,0.1749999999992724,28.913686822490035
50,0.2,0.5,hub_1,pcglasso,I,3.5111917342151263e-8,0.1640000000006694,28.9136868416671
50,0.2,0.5,hub_1,pcglasso,I,1.2328467394420646e-7,0.1500000000014552,28.913687090665594
50,0.2,0.5,hub_1,pcglasso,I,4.328761281083054e-7,0.1430000000000291,28.913689161241926
50,0.2,0.5,hub_1,pcglasso,I,1.5199110829529328e-6,0.13299999999799184,28.913718751702827
50,0.2,0.5,hub_1,pcglasso,I,5.336699231206308e-6,0.12150000000110595,28.91393378926618
50,0.2,0.5,hub_1,pcglasso,I,1.873817422860384e-5,0.08799999999973807,28.915281054958392
50,0.2,0.5,hub_1,pcglasso,I,6.579332246575681e-5,0.0650000000023283,28.98760108583816
50,0.2,0.5,hub_1,pcglasso,I,2.310129700083161e-4,0.0499999999992724,28.934405853554868
50,0.2,0.5,hub_1,pcglasso,I,8.11130830789687e-4,0.00799999999981082,34.36615225380416
50,0.2,0.5,hub_1,pcglasso,I,0.0028480358684358,0.00600000000122236,34.22247370368064
50,0.2,0.5,hub_1,pcglasso,I,0.01,0.00600000000122236,34.690178308580315
50,0.2,0.5,hub_1,pcglassoFast_Dual,C,9.999999999999982e-9,0.08799999999973807,28.913686820246053
50,0.2,0.5,hub_1,pcglassoFast_Dual,C,3.5111917342151263e-8,0.08250000000043656,28.913686826514404
50,0.2,0.5,hub_1,pcglassoFast_Dual,C,1.2328467394420646e-7,0.08299999999871943,28.913686849322133
50,0.2,0.5,hub_1,pcglassoFast_Dual,C,4.328761281083054e-7,0.08100000000194996,28.913686887122893
50,0.2,0.5,hub_1,pcglassoFast_Dual,C,1.5199110829529328e-6,0.07150000000001455,28.91368708176598
50,0.2,0.5,hub_1,pcglassoFast_Dual,C,5.336699231206308e-6,0.07000000000152795,28.913687752823616
50,0.2,0.5,hub_1,pcglassoFast_Dual,C,1.873817422860384e-5,0.05700000000069849,28.913701665402034
50,0.2,0.5,hub_1,pcglassoFast_Dual,C,6.579332246575681e-5,0.05700000000069849,28.91370412295893
50,0.2,0.5,hub_1,pcglassoFast_Dual,C,2.310129700083161e-4,0.05400000000008731,28.91371074242084
50,0.2,0.5,hub_1,pcglassoFast_Dual,C,8.11130830789687e-4,0.04500000000189175,28.915090997789935
50,0.2,0.5,hub_1,pcglassoFast_Dual,C,0.0028480358684358,0.0429999999996653,28.916856459987713
50,0.2,0.5,hub_1,pcglassoFast_Dual,C,0.01,0.04100000000107684,28.917720224928544
50,0.2,0.5,hub_1,pcglassoFast_Dual,I,9.999999999999982e-9,0.07699999999749707,28.913686819746253
50,0.2,0.5,hub_1,pcglassoFast_Dual,I,3.5111917342151263e-8,0.07400000000052387,28.913686821247143
50,0.2,0.5,hub_1,pcglassoFast_Dual,I,1.2328467394420646e-7,0.06699999999909778,28.913686837000046
50,0.2,0.5,hub_1,pcglassoFast_Dual,I,4.328761281083054e-7,0.06149999999979627,28.913686955079427
50,0.2,0.5,hub_1,pcglassoFast_Dual,I,1.5199110829529328e-6,0.05700000000069849,28.91368736712156
50,0.2,0.5,hub_1,pcglassoFast_Dual,I,5.336699231206308e-6,0.0470000000022992,28.91369290324474
50,0.2,0.5,hub_1,pcglassoFast_Dual,I,1.873817422860384e-5,0.0470000000022992,28.91369290324474
50,0.2,0.5,hub_1,pcglassoFast_Dual,I,6.579332246575681e-5,0.045000000000982254,28.91369530474431
50,0.2,0.5,hub_1,pcglassoFast_Dual,I,2.310129700083161e-4,0.04199999999946158,28.91380998986156
50,0.2,0.5,hub_1,pcglassoFast_Dual,I,8.11130830789687e-4,0.03600000000005821,28.91414359001136
50,0.2,0.5,hub_1,pcglassoFast_Dual,I,0.0028480358684358,0.03399999999965075,28.91440801668227
50,0.2,0.5,hub_1,pcglassoFast_Dual,I,0.01,0.02899999999863212,28.921215280931737
50,0.2,0.5,hub_1,pcglassoFast_Primal,C,9.999999999999982e-9,0.2760000000016589,28.913686939237262
50,0.2,0.5,hub_1,pcglassoFast_Primal,C,3.5111917342151263e-8,0.25,28.913687316034565
50,0.2,0.5,hub_1,pcglassoFast_Primal,C,1.2328467394420646e-7,0.23099999999976717,28.913688742205636
50,0.2,0.5,hub_1,pcglassoFast_Primal,C,4.328761281083054e-7,0.19800000000032017,28.913694315669087
50,0.2,0.5,hub_1,pcglassoFast_Primal,C,1.5199110829529328e-6,0.18649999999979627,28.91368971813151
50,0.2,0.5,hub_1,pcglassoFast_Primal,C,5.336699231206308e-6,0.14900000000125146,28.91370428562239
50,0.2,0.5,hub_1,pcglassoFast_Primal,C,1.873817422860384e-5,0.125,28.913736615510928
50,0.2,0.5,hub_1,pcglassoFast_Primal,C,6.579332246575681e-5,0.1000000000021828,28.91396481197059
50,0.2,0.5,hub_1,pcglassoFast_Primal,C,2.310129700083161e-4,0.07899999999972351,28.914183579461444
50,0.2,0.5,hub_1,pcglassoFast_Primal,C,8.11130830789687e-4,0.05400000000008731,28.916732685159
50,0.2,0.5,hub_1,pcglassoFast_Primal,C,0.0028480358684358,0.03700000000026193,28.91804570933843
50,0.2,0.5,hub_1,pcglassoFast_Primal,C,0.01,0.02999999999883584,28.93759410115058
50,0.2,0.5,hub_1,pcglassoFast_Primal,I,9.999999999999982e-9,0.29399999999986903,28.913686935236058
50,0.2,0.5,hub_1,pcglassoFast_Primal,I,3.5111917342151263e-8,0.26999999999861757,28.9136872994658
50,0.2,0.5,hub_1,pcglassoFast_Primal,I,1.2328467394420646e-7,0.22899999999935972,28.91368867675093
50,0.2,0.5,hub_1,pcglassoFast_Primal,I,4.328761281083054e-7,0.20949999999993452,28.913694057614645
50,0.2,0.5,hub_1,pcglassoFast_Primal,I,1.5199110829529328e-6,0.1959999999999127,28.913689147694235
50,0.2,0.5,hub_1,pcglassoFast_Primal,I,5.336699231206308e-6,0.17799999999988358,28.913701335162344
50,0.2,0.5,hub_1,pcglassoFast_Primal,I,1.873817422860384e-5,0.1430000000000291,28.91372593781204
50,0.2,0.5,hub_1,pcglassoFast_Primal,I,6.579332246575681e-5,0.125,28.913933860220652
50,0.2,0.5,hub_1,pcglassoFast_Primal,I,2.310129700083161e-4,0.08800000000064756,28.914488487916092
50,0.2,0.5,hub_1,pcglassoFast_Primal,I,8.11130830789687e-4,0.06699999999909778,28.91633429571309
50,0.2,0.5,hub_1,pcglassoFast_Primal,I,0.0028480358684358,0.04600000000209547,28.932314519243537
50,0.2,0.5,hub_1,pcglassoFast_Primal,I,0.01,0.03099999999903957,28.97104683938674
50,0.2,0.5,random,pcglasso,C,9.999999999999982e-9,0.13249999999970896,41.925714662933785
50,0.2,0.5,random,pcglasso,C,3.5111917342151263e-8,0.11799999999857393,41.92571465705347
50,0.2,0.5,random,pcglasso,C,1.2328467394420646e-7,0.11599999999816646,41.92571465765682
50,0.2,0.5,random,pcglasso,C,4.328761281083054e-7,0.1069999999999709,41.925714954085336
50,0.2,0.5,random,pcglasso,C,1.5199110829529328e-6,0.10099999999874854,41.925716901969366
50,0.2,0.5,random,pcglasso,C,5.336699231206308e-6,0.08400000000165164,41.92575277220972
50,0.2,0.5,random,pcglasso,C,1.873817422860384e-5,0.0610000000015134,41.92636995983719
50,0.2,0.5,random,pcglasso,C,6.579332246575681e-5,0.04000000000087311,41.93104116093111
50,0.2,0.5,random,pcglasso,C,2.310129700083161e-4,0.02500000000145519,41.978977181710455
50,0.2,0.5,random,pcglasso,C,8.11130830789687e-4,0.01599999999962165,41.996531958043406
50,0.2,0.5,random,pcglasso,C,0.0028480358684358,0.00600000000122236,72.40712336563533
50,0.2,0.5,random,pcglasso,C,0.01,0.01200000000244472,66.5517088483189
50,0.2,0.5,random,pcglasso,I,9.999999999999982e-9,0.09149999999863212,41.92571466296741
50,0.2,0.5,random,pcglasso,I,3.5111917342151263e-8,0.07700000000113505,41.92571466120523
50,0.2,0.5,random,pcglasso,I,1.2328467394420646e-7,0.07399999999779538,41.92571467587105
50,0.2,0.5,random,pcglasso,I,4.328761281083054e-7,0.06699999999909778,41.925714854653904
50,0.2,0.5,random,pcglasso,I,1.5199110829529328e-6,0.05900000000110594,41.92571965859746
50,0.2,0.5,random,pcglasso,I,5.336699231206308e-6,0.05299999999988358,41.92574409286445
50,0.2,0.5,random,pcglasso,I,1.873817422860384e-5,0.03600000000005821,41.92612060261112
50,0.2,0.5,random,pcglasso,I,6.579332246575681e-5,0.02100000000064028,41.93107591385979
50,0.2,0.5,random,pcglasso,I,2.310129700083161e-4,0.01199999999880674,41.9516567477565
50,0.2,0.5,random,pcglasso,I,8.11130830789687e-4,0.00599999999758438,42.00124415779245
50,0.2,0.5,random,pcglasso,I,0.0028480358684358,0.00500000000101863,41.972558687829654
50,0.2,0.5,random,pcglasso,I,0.01,0.00499999999919964,42.05472532219994
50,0.2,0.5,random,pcglassoFast_Dual,C,9.999999999999982e-9,0.011999999999716234,41.92571465571623
50,0.2,0.5,random,pcglassoFast_Dual,C,3.5111917342151263e-8,0.011999999999716234,41.92571465571623
50,0.2,0.5,random,pcglassoFast_Dual,C,1.2328467394420646e-7,0.01199999999880674,41.92571466352612
50,0.2,0.5,random,pcglassoFast_Dual,C,4.328761281083054e-7,0.011000000000422,41.92571469973025
50,0.2,0.5,random,pcglassoFast_Dual,C,1.5199110829529328e-6,0.01000000000203726,41.925714865257405
50,0.2,0.5,random,pcglassoFast_Dual,C,5.336699231206308e-6,0.00999999999839929,41.92571558749407
50,0.2,0.5,random,pcglassoFast_Dual,C,1.873817422860384e-5,0.00900000000001455,41.925717906004486
50,0.2,0.5,random,pcglassoFast_Dual,C,6.579332246575681e-5,0.00800000000162981,41.925724487911395
50,0.2,0.5,random,pcglassoFast_Dual,C,2.310129700083161e-4,0.00799999999981082,41.925743247206505
50,0.2,0.5,random,pcglassoFast_Dual,C,8.11130830789687e-4,0.00700000000142608,41.92583575383506
50,0.2,0.5,random,pcglassoFast_Dual,C,0.0028480358684358,0.00700000000142608,41.92583575383506
50,0.2,0.5,random,pcglassoFast_Dual,C,0.01,0.00600000000122236,41.92637832268976
50,0.2,0.5,random,pcglassoFast_Dual,I,9.999999999999982e-9,0.01199999999880674,41.925714655459366
50,0.2,0.5,random,pcglassoFast_Dual,I,3.5111917342151263e-8,0.011000000000422,41.92571466003641
50,0.2,0.5,random,pcglassoFast_Dual,I,1.2328467394420646e-7,0.01000000000021827,41.92571471663439
50,0.2,0.5,random,pcglassoFast_Dual,I,4.328761281083054e-7,0.00900000000183354,41.92571483912386
50,0.2,0.5,random,pcglassoFast_Dual,I,1.5199110829529328e-6,0.00900000000001455,41.92571517199182
50,0.2,0.5,random,pcglassoFast_Dual,I,5.336699231206308e-6,0.00800000000162981,41.92571602534131
50,0.2,0.5,random,pcglassoFast_Dual,I,1.873817422860384e-5,0.007499999999708955,41.9257184037808
50,0.2,0.5,random,pcglassoFast_Dual,I,6.579332246575681e-5,0.00699999999960709,41.92572776825074
50,0.2,0.5,random,pcglassoFast_Dual,I,2.310129700083161e-4,0.00699999999960709,41.92572776825074
50,0.2,0.5,random,pcglassoFast_Dual,I,8.11130830789687e-4,0.00600000000122236,41.92578305586038
50,0.2,0.5,random,pcglassoFast_Dual,I,0.0028480358684358,0.005999999998493875,41.926066401857334
50,0.2,0.5,random,pcglassoFast_Dual,I,0.01,0.00500000000101863,41.927290028591095
50,0.2,0.5,random,pcglassoFast_Primal,C,9.999999999999982e-9,0.02999999999883584,41.92571466081589
50,0.2,0.5,random,pcglassoFast_Primal,C,3.5111917342151263e-8,0.02999999999883584,41.9257146694291
50,0.2,0.5,random,pcglassoFast_Primal,C,1.2328467394420646e-7,0.02799999999842839,41.925714691427174
50,0.2,0.5,random,pcglassoFast_Primal,C,4.328761281083054e-7,0.02599999999983993,41.92571486814217
50,0.2,0.5,random,pcglassoFast_Primal,C,1.5199110829529328e-6,0.02400000000125146,41.92571516741529
50,0.2,0.5,random,pcglassoFast_Primal,C,5.336699231206308e-6,0.02100000000064028,41.92571797583136
50,0.2,0.5,random,pcglassoFast_Primal,C,1.873817422860384e-5,0.02000000000043655,41.92572319721078
50,0.2,0.5,random,pcglassoFast_Primal,C,6.579332246575681e-5,0.0180000000000291,41.92573699213772
50,0.2,0.5,random,pcglassoFast_Primal,C,2.310129700083161e-4,0.01699999999982537,41.92577421437528
50,0.2,0.5,random,pcglassoFast_Primal,C,8.11130830789687e-4,0.01499999999941792,41.92587902511301
50,0.2,0.5,random,pcglassoFast_Primal,C,0.0028480358684358,0.01299999999901047,41.9270928690725
50,0.2,0.5,random,pcglassoFast_Primal,C,0.01,0.01100000000224099,41.929875193800854
50,0.2,0.5,random,pcglassoFast_Primal,I,9.999999999999982e-9,0.02800000000206637,41.925714658436185
50,0.2,0.5,random,pcglassoFast_Primal,I,3.5111917342151263e-8,0.15650000000096043,41.92571467569605
50,0.2,0.5,random,pcglassoFast_Primal,I,1.2328467394420646e-7,0.02500000000145519,41.925714705759376
50,0.2,0.5,random,pcglassoFast_Primal,I,4.328761281083054e-7,0.022499999999126885,41.925714941397224
50,0.2,0.5,random,pcglassoFast_Primal,I,1.5199110829529328e-6,0.03000000000247382,41.92571536718564
50,0.2,0.5,random,pcglassoFast_Primal,I,5.336699231206308e-6,0.01900000000023283,41.92571642398242
50,0.2,0.5,random,pcglassoFast_Primal,I,1.873817422860384e-5,0.01599999999962165,41.92572562908258
50,0.2,0.5,random,pcglassoFast_Primal,I,6.579332246575681e-5,0.01599999999962165,41.92574200656794
50,0.2,0.5,random,pcglassoFast_Primal,I,2.310129700083161e-4,0.01399999999921419,41.92578315170291
50,0.2,0.5,random,pcglassoFast_Primal,I,8.11130830789687e-4,0.011000000000422,41.926155126710015
50,0.2,0.5,random,pcglassoFast_Primal,I,0.0028480358684358,0.01000000000021827,41.9268218478307
50,0.2,0.5,random,pcglassoFast_Primal,I,0.01,0.00700000000142608,41.93231720727892
100,0.1,0,AR2,pcglasso,C,9.999999999999982e-9,0.7785000000003492,78.85602022482215
100,0.1,0,AR2,pcglasso,C,3.5111917342151263e-8,0.5279999999993379,78.85602022719272
100,0.1,0,AR2,pcglasso,C,1.2328467394420646e-7,0.4904999999998836,78.85602030719323
100,0.1,0,AR2,pcglasso,C,4.328761281083054e-7,0.4510000000009313,78.85602163876379
100,0.1,0,AR2,pcglasso,C,1.5199110829529328e-6,0.4010000000016589,78.85605852409518
100,0.1,0,AR2,pcglasso,C,5.336699231206308e-6,0.36200000000098953,78.85640786053253
100,0.1,0,AR2,pcglasso,C,1.873817422860384e-5,0.2639999999992142,78.86093862477833
100,0.1,0,AR2,pcglasso,C,6.579332246575681e-5,0.16750000000138243,78.92308793608126
100,0.1,0,AR2,pcglasso,C,2.310129700083161e-4,0.2124999999996362,80.35424064760011
100,0.1,0,AR2,pcglasso,C,8.11130830789687e-4,0.04099999999743886,88.23290779106972
100,0.1,0,AR2,pcglasso,C,0.0028480358684358,0.03399999999965075,109.0705113140526
100,0.1,0,AR2,pcglasso,C,0.01,0.02799999999842839,97.5127351276115
100,0.1,0,AR2,pcglasso,I,9.999999999999982e-9,0.47400000000016007,78.85602022568989
100,0.1,0,AR2,pcglasso,I,3.5111917342151263e-8,0.44800000000032014,78.85602023303213
100,0.1,0,AR2,pcglasso,I,1.2328467394420646e-7,0.4140000000006694,78.85602033581029
100,0.1,0,AR2,pcglasso,I,4.328761281083054e-7,0.3760000000002037,78.85602207263055
100,0.1,0,AR2,pcglasso,I,1.5199110829529328e-6,0.33950000000004366,78.85604660688294
100,0.1,0,AR2,pcglasso,I,5.336699231206308e-6,0.28700000000026193,78.85666466148965
100,0.1,0,AR2,pcglasso,I,1.873817422860384e-5,0.21700000000055297,78.8587466393075
100,0.1,0,AR2,pcglasso,I,6.579332246575681e-5,0.1389999999992142,78.88774712386729
100,0.1,0,AR2,pcglasso,I,2.310129700083161e-4,0.08200000000215368,79.1215774848338
100,0.1,0,AR2,pcglasso,I,8.11130830789687e-4,0.03699999999753344,81.77206761136904
100,0.1,0,AR2,pcglasso,I,0.0028480358684358,0.02799999999842839,81.79420985540321
100,0.1,0,AR2,pcglasso,I,0.01,0.02700000000186264,81.79420985540321
100,0.1,0,AR2,pcglassoFast_Dual,C,9.999999999999982e-9,0.08099999999922147,78.85602020660487
100,0.1,0,AR2,pcglassoFast_Dual,C,3.5111917342151263e-8,0.198500000000422,78.85602022407163
100,0.1,0,AR2,pcglassoFast_Dual,C,1.2328467394420646e-7,0.07300000000032014,78.85602025613538
100,0.1,0,AR2,pcglassoFast_Dual,C,4.328761281083054e-7,0.06999999999970896,78.85602034089959
100,0.1,0,AR2,pcglassoFast_Dual,C,1.5199110829529328e-6,0.06699999999909778,78.85602060802317
100,0.1,0,AR2,pcglassoFast_Dual,C,5.336699231206308e-6,0.06400000000212458,78.85602154288354
100,0.1,0,AR2,pcglassoFast_Dual,C,1.873817422860384e-5,0.06799999999930151,78.85602451622958
100,0.1,0,AR2,pcglassoFast_Dual,C,6.579332246575681e-5,0.05899999999746797,78.85603298528639
100,0.1,0,AR2,pcglassoFast_Dual,C,2.310129700083161e-4,0.05800000000090222,78.8560620321933
100,0.1,0,AR2,pcglassoFast_Dual,C,8.11130830789687e-4,0.05400000000008731,78.8561743459872
100,0.1,0,AR2,pcglassoFast_Dual,C,0.0028480358684358,0.04899999999906868,78.85853065302257
100,0.1,0,AR2,pcglassoFast_Dual,C,0.01,0.04800000000250293,78.85853065302257
100,0.1,0,AR2,pcglassoFast_Dual,I,9.999999999999982e-9,0.06000000000130967,78.85602020853584
100,0.1,0,AR2,pcglassoFast_Dual,I,3.5111917342151263e-8,0.18399999999746797,78.85602021611908
100,0.1,0,AR2,pcglassoFast_Dual,I,1.2328467394420646e-7,0.06000000000130967,78.8560202355058
100,0.1,0,AR2,pcglassoFast_Dual,I,4.328761281083054e-7,0.05299999999988358,78.85602028607751
100,0.1,0,AR2,pcglassoFast_Dual,I,1.5199110829529328e-6,0.05000000000291038,78.85602044492234
100,0.1,0,AR2,pcglassoFast_Dual,I,5.336699231206308e-6,0.0459999999984575,78.85602276641504
100,0.1,0,AR2,pcglassoFast_Dual,I,1.873817422860384e-5,0.04300000000148429,78.85602757883213
100,0.1,0,AR2,pcglassoFast_Dual,I,6.579332246575681e-5,0.04099999999925785,78.8560434610102
100,0.1,0,AR2,pcglassoFast_Dual,I,2.310129700083161e-4,0.03800000000046566,78.85610625373391
100,0.1,0,AR2,pcglassoFast_Dual,I,8.11130830789687e-4,0.03800000000046566,78.85610625373391
100,0.1,0,AR2,pcglassoFast_Dual,I,0.0028480358684358,0.03299999999944703,78.85726045324978
100,0.1,0,AR2,pcglassoFast_Dual,I,0.01,0.03200000000288128,78.85726045324978
100,0.1,0,AR2,pcglassoFast_Primal,C,9.999999999999982e-9,0.2080000000023574,78.85602020733836
100,0.1,0,AR2,pcglassoFast_Primal,C,3.5111917342151263e-8,0.18850000000020373,78.8560202236273
100,0.1,0,AR2,pcglassoFast_Primal,C,1.2328467394420646e-7,0.1749999999992724,78.85602025517792
100,0.1,0,AR2,pcglassoFast_Primal,C,4.328761281083054e-7,0.16600000000107684,78.85602033558811
100,0.1,0,AR2,pcglassoFast_Primal,C,1.5199110829529328e-6,0.15099999999802094,78.85602110172832
100,0.1,0,AR2,pcglassoFast_Primal,C,5.336699231206308e-6,0.1430000000000291,78.85602260103522
100,0.1,0,AR2,pcglassoFast_Primal,C,1.873817422860384e-5,0.13400000000001455,78.85602671647052
100,0.1,0,AR2,pcglassoFast_Primal,C,6.579332246575681e-5,0.1279999999987922,78.85603804255818
100,0.1,0,AR2,pcglassoFast_Primal,C,2.310129700083161e-4,0.11799999999857393,78.85606974734236
100,0.1,0,AR2,pcglassoFast_Primal,C,8.11130830789687e-4,0.10300000000188447,78.85641607458872
100,0.1,0,AR2,pcglassoFast_Primal,C,0.0028480358684358,0.09200000000055296,78.85716792138179
100,0.1,0,AR2,pcglassoFast_Primal,C,0.01,0.08299999999871943,78.85941641242445
100,0.1,0,AR2,pcglassoFast_Primal,I,9.999999999999982e-9,0.19499999999970896,78.8560202108483
100,0.1,0,AR2,pcglassoFast_Primal,I,3.5111917342151263e-8,0.19200000000273576,78.85602021972795
100,0.1,0,AR2,pcglassoFast_Primal,I,1.2328467394420646e-7,0.1819999999988795,78.85602023994345
100,0.1,0,AR2,pcglassoFast_Primal,I,4.328761281083054e-7,0.15999999999985448,78.85602044304008
100,0.1,0,AR2,pcglassoFast_Primal,I,1.5199110829529328e-6,0.15799999999944703,78.8560208461154
100,0.1,0,AR2,pcglassoFast_Primal,I,5.336699231206308e-6,0.14400000000023283,78.85602193481652
100,0.1,0,AR2,pcglassoFast_Primal,I,1.873817422860384e-5,0.1360000000013315,78.8560249652176
100,0.1,0,AR2,pcglassoFast_Primal,I,6.579332246575681e-5,0.12700000000040745,78.85603339407714
100,0.1,0,AR2,pcglassoFast_Primal,I,2.310129700083161e-4,0.1110000000007858,78.85612559449055
100,0.1,0,AR2,pcglassoFast_Primal,I,8.11130830789687e-4,0.102999999999156,78.85632426077225
100,0.1,0,AR2,pcglassoFast_Primal,I,0.0028480358684358,0.09599999999954888,78.85690603415028
100,0.1,0,AR2,pcglassoFast_Primal,I,0.01,0.08399999999983265,78.8586292656569
100,0.1,0,hub_09,pcglasso,C,9.999999999999982e-9,0.34100000000034925,95.3260903851051
100,0.1,0,hub_09,pcglasso,C,3.5111917342151263e-8,0.41999999999916326,95.326090384076835
100,0.1,0,hub_09,pcglasso,C,1.2328467394420646e-7,0.30099999999947613,95.326090384076835
100,0.1,0,hub_09,pcglasso,C,4.328761281083054e-7,0.272000000000844,95.32609061384794
100,0.1,0,hub_09,pcglasso,C,1.5199110829529328e-6,0.2569999999996071,95.32609245627108
100,0.1,0,hub_09,pcglasso,C,5.336699231206308e-6,0.24550000000090222,95.3260975034492
100,0.1,0,hub_09,pcglasso,C,1.873817422860384e-5,0.18400000000110597,95.3266960664109
100,0.1,0,hub_09,pcglasso,C,6.579332246575681e-5,0.13799999999901047,95.33233439863464
100,0.1,0,hub_09,pcglasso,C,2.310129700083161e-4,0.09399999999732243,95.36829783876505
100,0.1,0,hub_09,pcglasso,C,8.11130830789687e-4,0.027999999999337884,111.01273986699692
100,0.1,0,hub_09,pcglasso,C,0.0028480358684358,0.02299999999740976,113.3377792987649
100,0.1,0,hub_09,pcglasso,C,0.01,0.02300000000104773,113.3377792987649
100,0.1,0,hub_09,pcglasso,I,9.999999999999982e-9,0.3319999999985157,95.32609037722858
100,0.1,0,hub_09,pcglasso,I,3.5111917342151263e-8,0.3010000000031141,95.32609037759836
100,0.1,0,hub_09,pcglasso,I,1.2328467394420646e-7,0.2750000000014552,95.32609040873272
100,0.1,0,hub_09,pcglasso,I,4.328761281083054e-7,0.2445000000006985,95.32609072856933
100,0.1,0,hub_09,pcglasso,I,1.5199110829529328e-6,0.23099999999976717,95.32609255506996
100,0.1,0,hub_09,pcglasso,I,5.336699231206308e-6,0.21500000000014552,95.32613212770995
100,0.1,0,hub_09,pcglasso,I,1.873817422860384e-5,0.17199999999866122,95.3263728352023
100,0.1,0,hub_09,pcglasso,I,6.579332246575681e-5,0.1069999999999709,95.3319508948304
100,0.1,0,hub_09,pcglasso,I,2.310129700083161e-4,0.05600000000049476,95.37499395678552
100,0.1,0,hub_09,pcglasso,I,8.11130830789687e-4,0.03600000000005821,95.48864330231096
100,0.1,0,hub_09,pcglasso,I,0.0028480358684358,0.0319999999992433,95.50481569494826
100,0.1,0,hub_09,pcglasso,I,0.01,0.0319999999992433,95.50481569494826
100,0.1,0,hub_09,pcglassoFast_Dual,C,9.999999999999982e-9,0.0970000000015716,95.32609038282315
100,0.1,0,hub_09,pcglassoFast_Dual,C,3.5111917342151263e-8,0.09500000000116415,95.32609042238376
100,0.1,0,hub_09,pcglassoFast_Dual,C,1.2328467394420646e-7,0.08400000000256114,95.32609050584742
100,0.1,0,hub_09,pcglassoFast_Dual,C,4.328761281083054e-7,0.07700000000113505,95.32609094721992
100,0.1,0,hub_09,pcglassoFast_Dual,C,1.5199110829529328e-6,0.07099999999991269,95.32609279610278
100,0.1,0,hub_09,pcglassoFast_Dual,C,5.336699231206308e-6,0.06999999999970896,95.32609241518148
100,0.1,0,hub_09,pcglassoFast_Dual,C,1.873817422860384e-5,0.06000000000130967,95.32610401173297
100,0.1,0,hub_09,pcglassoFast_Dual,C,6.579332246575681e-5,0.05600000000049476,95.3261118628096
100,0.1,0,hub_09,pcglassoFast_Dual,C,2.310129700083161e-4,0.05400000000008731,95.3262401325669
100,0.1,0,hub_09,pcglassoFast_Dual,C,8.11130830789687e-4,0.04100000000107684,95.32722813364072
100,0.1,0,hub_09,pcglassoFast_Dual,C,0.0028480358684358,0.03900000000066939,95.32746805970164
100,0.1,0,hub_09,pcglassoFast_Dual,C,0.01,0.03499999999985448,95.33298257699244
100,0.1,0,hub_09,pcglassoFast_Dual,I,9.999999999999982e-9,0.0779999999977008,95.32609038099454
100,0.1,0,hub_09,pcglassoFast_Dual,I,3.5111917342151263e-8,0.19650000000001455,95.3260904146535
100,0.1,0,hub_09,pcglassoFast_Dual,I,1.2328467394420646e-7,0.06899999999950523,95.32609055910132
100,0.1,0,hub_09,pcglassoFast_Dual,I,4.328761281083054e-7,0.06000000000040018,95.32609086321698
100,0.1,0,hub_09,pcglassoFast_Dual,I,1.5199110829529328e-6,0.05400000000008731,95.32609244906187
100,0.1,0,hub_09,pcglassoFast_Dual,I,5.336699231206308e-6,0.0499999999992724,95.32609317223084
100,0.1,0,hub_09,pcglassoFast_Dual,I,1.873817422860384e-5,0.04200000000128057,95.3261023335472
100,0.1,0,hub_09,pcglassoFast_Dual,I,6.579332246575681e-5,0.03800000000046566,95.32612209164444
100,0.1,0,hub_09,pcglassoFast_Dual,I,2.310129700083161e-4,0.1499999999996362,95.32635048593986
100,0.1,0,hub_09,pcglassoFast_Dual,I,8.11130830789687e-4,0.02800000000206637,95.32640807138571
100,0.1,0,hub_09,pcglassoFast_Dual,I,0.0028480358684358,0.02800000000206637,95.32781150840069
100,0.1,0,hub_09,pcglassoFast_Dual,I,0.01,0.02000000000043655,95.33032742002617
100,0.1,0,hub_09,pcglassoFast_Primal,C,9.999999999999982e-9,0.13700000000062573,95.32609037224734
100,0.1,0,hub_09,pcglassoFast_Primal,C,3.5111917342151263e-8,0.12800000000061118,95.32609037751556
100,0.1,0,hub_09,pcglassoFast_Primal,C,1.2328467394420646e-7,0.11900000000241562,95.32609039971868
100,0.1,0,hub_09,pcglassoFast_Primal,C,4.328761281083054e-7,0.11950000000069849,95.32609039971868
100,0.1,0,hub_09,pcglassoFast_Primal,C,1.5199110829529328e-6,0.11200000000098952,95.32609050832924
100,0.1,0,hub_09,pcglassoFast_Primal,C,5.336699231206308e-6,0.10499999999956344,95.32609104711176
100,0.1,0,hub_09,pcglassoFast_Primal,C,1.873817422860384e-5,0.09600000000136788,95.326093891186
100,0.1,0,hub_09,pcglassoFast_Primal,C,6.579332246575681e-5,0.09600000000136788,95.326093891186
100,0.1,0,hub_09,pcglassoFast_Primal,C,2.310129700083161e-4,0.08799999999973807,95.32610942910247
100,0.1,0,hub_09,pcglassoFast_Primal,C,8.11130830789687e-4,0.08599999999933061,95.32619828226905
100,0.1,0,hub_09,pcglassoFast_Primal,C,0.0028480358684358,0.0790000000015425,95.32619828226905
100,0.1,0,hub_09,pcglassoFast_Primal,C,0.01,0.07099999999991269,95.32673790104272
100,0.1,0,hub_09,pcglassoFast_Primal,I,9.999999999999982e-9,0.1330000000016298,95.32609037164318
100,0.1,0,hub_09,pcglassoFast_Primal,I,3.5111917342151263e-8,0.12599999999747524,95.3260903748924
100,0.1,0,hub_09,pcglassoFast_Primal,I,1.2328467394420646e-7,0.11600000000180444,95.32609038844949
100,0.1,0,hub_09,pcglassoFast_Primal,I,4.328761281083054e-7,0.10800000000017462,95.32609044572746
100,0.1,0,hub_09,pcglassoFast_Primal,I,1.5199110829529328e-6,0.10099999999874854,95.32609068611715
100,0.1,0,hub_09,pcglassoFast_Primal,I,5.336699231206308e-6,0.0930000000007567,95.32609171271731
100,0.1,0,hub_09,pcglassoFast_Primal,I,1.873817422860384e-5,0.0929999999998472,95.32609171271731
100,0.1,0,hub_09,pcglassoFast_Primal,I,6.579332246575681e-5,0.08400000000256114,95.32609627879307
100,0.1,0,hub_09,pcglassoFast_Primal,I,2.310129700083161e-4,0.0764999999992142,95.3261167151806
100,0.1,0,hub_09,pcglassoFast_Primal,I,8.11130830789687e-4,0.06850000000122236,95.32621046802842
100,0.1,0,hub_09,pcglassoFast_Primal,I,0.0028480358684358,0.05949999999938881,95.3266566423584
100,0.1,0,hub_09,pcglassoFast_Primal,I,0.01,0.05900000000110594,95.3266566423584
100,0.1,0,hub_1,pcglasso,C,9.999999999999982e-9,5.5919999999996435,29.035299879450186
100,0.1,0,hub_1,pcglasso,C,3.5111917342151263e-8,4.717999999998938,29.035299981899968
100,0.1,0,hub_1,pcglasso,C,1.2328467394420646e-7,3.6974999999983993,29.03530138292068
100,0.1,0,hub_1,pcglasso,C,4.328761281083054e-7,3.0854999999992287,29.035315814014098
100,0.1,0,hub_1,pcglasso,C,1.5199110829529328e-6,2.447999999998501,29.035496665763127
100,0.1,0,hub_1,pcglasso,C,5.336699231206308e-6,1.4440000000013242,29.03766920515914
100,0.1,0,hub_1,pcglasso,C,1.873817422860384e-5,0.9740000000001602,29.056721669180696
100,0.1,0,hub_1,pcglasso,C,6.579332246575681e-5,0.6674999999995634,29.551953289464095
100,0.1,0,hub_1,pcglasso,C,2.310129700083161e-4,0.6110000000007858,29.360262245710537
100,0.1,0,hub_1,pcglasso,C,8.11130830789687e-4,0.1889999999984866,68.57135554842272
100,0.1,0,hub_1,pcglasso,C,0.0028480358684358,0.18799999999828287,68.57135554842272
100,0.1,0,hub_1,pcglasso,C,0.01,0.18999999999869033,68.57135554842272
100,0.1,0,hub_1,pcglasso,I,9.999999999999982e-9,17.56800000000112,29.035299879824237
100,0.1,0,hub_1,pcglasso,I,3.5111917342151263e-8,14.601000000001477,29.035299993545635
100,0.1,0,hub_1,pcglasso,I,1.2328467394420646e-7,11.236500000000888,29.03530130007211
100,0.1,0,hub_1,pcglasso,I,4.328761281083054e-7,8.040999999999258,29.035340991985215
100,0.1,0,hub_1,pcglasso,I,1.5199110829529328e-6,5.915000000000873,29.035521754633255
100,0.1,0,hub_1,pcglasso,I,5.336699231206308e-6,3.4659999999994398,29.042903547737662
100,0.1,0,hub_1,pcglasso,I,1.873817422860384e-5,1.271999999997206,29.309089265226316
100,0.1,0,hub_1,pcglasso,I,6.579332246575681e-5,0.2030000000013388,31.678900731591405
100,0.1,0,hub_1,pcglasso,I,2.310129700083161e-4,0.1540000000022701,32.14468672049579
100,0.1,0,hub_1,pcglasso,I,8.11130830789687e-4,0.14600000000064028,32.18233586399845
100,0.1,0,hub_1,pcglasso,I,0.0028480358684358,0.0819999999985157,32.941494222670364
100,0.1,0,hub_1,pcglasso,I,0.01,0.07999999999810825,33.98969428199237
100,0.1,0,hub_1,pcglassoFast_Dual,C,9.999999999999982e-9,7.860000000000582,29.035299982440375
100,0.1,0,hub_1,pcglassoFast_Dual,C,3.5111917342151263e-8,5.384500000000116,29.035303854083665
100,0.1,0,hub_1,pcglassoFast_Dual,C,1.2328467394420646e-7,5.053000000001703,29.03530252929358
100,0.1,0,hub_1,pcglassoFast_Dual,C,4.328761281083054e-7,3.74199999999837,29.035311819705992
100,0.1,0,hub_1,pcglassoFast_Dual,C,1.5199110829529328e-6,2.82799999999952,29.035326499826994
100,0.1,0,hub_1,pcglassoFast_Dual,C,5.336699231206308e-6,1.6489999999994327,29.03544596853183
100,0.1,0,hub_1,pcglassoFast_Dual,C,1.873817422860384e-5,1.407999999999447,29.03551405915048
100,0.1,0,hub_1,pcglassoFast_Dual,C,6.579332246575681e-5,1.3045000000001892,29.035640191068932
100,0.1,0,hub_1,pcglassoFast_Dual,C,2.310129700083161e-4,1.2189999999991414,29.036009617496333
100,0.1,0,hub_1,pcglassoFast_Dual,C,8.11130830789687e-4,1.143500000000131,29.037353847669735
100,0.1,0,hub_1,pcglassoFast_Dual,C,0.0028480358684358,1.136000000000422,29.037353847669735
100,0.1,0,hub_1,pcglassoFast_Dual,C,0.01,1.0974999999980355,29.038078307085716
100,0.1,0,hub_1,pcglassoFast_Dual,I,9.999999999999982e-9,11.646500000000742,29.035299949763917
100,0.1,0,hub_1,pcglassoFast_Dual,I,3.5111917342151263e-8,11.138999999999214,29.035300199495524
100,0.1,0,hub_1,pcglassoFast_Dual,I,1.2328467394420646e-7,9.912500000000364,29.035302269482
100,0.1,0,hub_1,pcglassoFast_Dual,I,4.328761281083054e-7,9.347500000001673,29.035306703037516
100,0.1,0,hub_1,pcglassoFast_Dual,I,1.5199110829529328e-6,8.558000000000902,29.035318412669813
100,0.1,0,hub_1,pcglassoFast_Dual,I,5.336699231206308e-6,7.73949999999968,29.0353859146252
100,0.1,0,hub_1,pcglassoFast_Dual,I,1.873817422860384e-5,7.288000000000466,29.035512525906487
100,0.1,0,hub_1,pcglassoFast_Dual,I,6.579332246575681e-5,6.577499999999418,29.035941737072417
100,0.1,0,hub_1,pcglassoFast_Dual,I,2.310129700083161e-4,6.02599999999984,29.036821637282603
100,0.1,0,hub_1,pcglassoFast_Dual,I,8.11130830789687e-4,5.151000000000749,29.04462174912063
100,0.1,0,hub_1,pcglassoFast_Dual,I,0.0028480358684358,4.813499999998385,29.055052096326605
100,0.1,0,hub_1,pcglassoFast_Dual,I,0.01,3.4164999999993597,29.233184947458284
100,0.1,0,hub_1,pcglassoFast_Primal,C,9.999999999999982e-9,3.879499999999098,29.035300249769495
100,0.1,0,hub_1,pcglassoFast_Primal,C,3.5111917342151263e-8,3.363499999999476,29.03530121034614
100,0.1,0,hub_1,pcglassoFast_Primal,C,1.2328467394420646e-7,2.6640000000006694,29.035304378409627
100,0.1,0,hub_1,pcglassoFast_Primal,C,4.328761281083054e-7,2.2155000000002474,29.03531238253064
100,0.1,0,hub_1,pcglassoFast_Primal,C,1.5199110829529328e-6,1.8595000000004802,29.035331557063294
100,0.1,0,hub_1,pcglassoFast_Primal,C,5.336699231206308e-6,1.7015000000010332,29.03534137455698
100,0.1,0,hub_1,pcglassoFast_Primal,C,1.873817422860384e-5,1.4809999999997672,29.035406479003623
100,0.1,0,hub_1,pcglassoFast_Primal,C,6.579332246575681e-5,1.2339999999985594,29.035580250503628
100,0.1,0,hub_1,pcglassoFast_Primal,C,2.310129700083161e-4,0.9840000000003783,29.036193415943032
100,0.1,0,hub_1,pcglassoFast_Primal,C,8.11130830789687e-4,0.7899999999990541,29.0366799571189
100,0.1,0,hub_1,pcglassoFast_Primal,C,0.0028480358684358,0.6349999999983993,29.039138476579684
100,0.1,0,hub_1,pcglassoFast_Primal,C,0.01,0.5600000000013097,29.04146291866458
100,0.1,0,hub_1,pcglassoFast_Primal,I,9.999999999999982e-9,4.2114999999994325,29.03530024633853
100,0.1,0,hub_1,pcglassoFast_Primal,I,3.5111917342151263e-8,3.537500000000364,29.03530120734721
100,0.1,0,hub_1,pcglassoFast_Primal,I,1.2328467394420646e-7,3.1424999999999272,29.03530450711557
100,0.1,0,hub_1,pcglassoFast_Primal,I,4.328761281083054e-7,2.48149999999805,29.035313537045596
100,0.1,0,hub_1,pcglassoFast_Primal,I,1.5199110829529328e-6,2.1739999999990687,29.035332217688374
100,0.1,0,hub_1,pcglassoFast_Primal,I,5.336699231206308e-6,1.930500000000393,29.035334415995266
100,0.1,0,hub_1,pcglassoFast_Primal,I,1.873817422860384e-5,1.7620000000006257,29.035397083329936
100,0.1,0,hub_1,pcglassoFast_Primal,I,6.579332246575681e-5,1.6024999999990541,29.03566945353645
100,0.1,0,hub_1,pcglassoFast_Primal,I,2.310129700083161e-4,1.5084999999999127,29.03637176337205
100,0.1,0,hub_1,pcglassoFast_Primal,I,8.11130830789687e-4,1.3044999999983702,29.039122211673515
100,0.1,0,hub_1,pcglassoFast_Primal,I,0.0028480358684358,1.1774999999997817,29.051413123805872
100,0.1,0,hub_1,pcglassoFast_Primal,I,0.01,0.9915000000019064,29.092450427041165
100,0.1,0,random,pcglasso,C,9.999999999999982e-9,0.5210000000006403,78.38977149016293
100,0.1,0,random,pcglasso,C,3.5111917342151263e-8,0.47699999999895226,78.38977157070143
100,0.1,0,random,pcglasso,C,1.2328467394420646e-7,0.4290000000000873,78.38977209830703
100,0.1,0,random,pcglasso,C,4.328761281083054e-7,0.4850000000005821,78.38978082668268
100,0.1,0,random,pcglasso,C,1.5199110829529328e-6,0.3350000000009459,78.38979999168713
100,0.1,0,random,pcglasso,C,5.336699231206308e-6,0.32400000000052387,78.3898643783393
100,0.1,0,random,pcglasso,C,1.873817422860384e-5,0.22750000000087311,78.39224896950381
100,0.1,0,random,pcglasso,C,6.579332246575681e-5,0.1610000000000582,78.41161018492585
100,0.1,0,random,pcglasso,C,2.310129700083161e-4,0.10899999999855936,78.66760010267336
100,0.1,0,random,pcglasso,C,8.11130830789687e-4,0.03399999999965075,91.28829726144296
100,0.1,0,random,pcglasso,C,0.0028480358684358,0.02600000000165892,116.92662745486798
100,0.1,0,random,pcglasso,C,0.01,0.02500000000145519,117.02887109577492
100,0.1,0,random,pcglasso,I,9.999999999999982e-9,0.5030000000006112,78.38977151210621
100,0.1,0,random,pcglasso,I,3.5111917342151263e-8,0.4319999999970605,78.3897716559208
100,0.1,0,random,pcglasso,I,1.2328467394420646e-7,0.36349999999947613,78.389775340133
100,0.1,0,random,pcglasso,I,4.328761281083054e-7,0.4349999999976717,78.3897868770278
100,0.1,0,random,pcglasso,I,1.5199110829529328e-6,0.2849999999998545,78.38984529469846
100,0.1,0,random,pcglasso,I,5.336699231206308e-6,0.25600000000122236,78.39020996231993
100,0.1,0,random,pcglasso,I,1.873817422860384e-5,0.18399999999928696,78.39293874686373
100,0.1,0,random,pcglasso,I,6.579332246575681e-5,0.11900000000059663,78.41793754250286
100,0.1,0,random,pcglasso,I,2.310129700083161e-4,0.06600000000071304,78.8441299690454
100,0.1,0,random,pcglasso,I,8.11130830789687e-4,0.03600000000005821,80.26279882960291
100,0.1,0,random,pcglasso,I,0.0028480358684358,0.03200000000288128,80.01324054335052
100,0.1,0,random,pcglasso,I,0.01,0.03299999999944703,80.01324054335052
100,0.1,0,random,pcglassoFast_Dual,C,9.999999999999982e-9,0.11999999999898137,78.38977148837328
100,0.1,0,random,pcglassoFast_Dual,C,3.5111917342151263e-8,0.11500000000160072,78.38977151273826
100,0.1,0,random,pcglassoFast_Dual,C,1.2328467394420646e-7,0.1110000000007858,78.38977151273826
100,0.1,0,random,pcglassoFast_Dual,C,4.328761281083054e-7,0.09500000000116415,78.38977207439802
100,0.1,0,random,pcglassoFast_Dual,C,1.5199110829529328e-6,0.09499999999934516,78.38977244970542
100,0.1,0,random,pcglassoFast_Dual,C,5.336699231206308e-6,0.09000000000014552,78.3897736898238
100,0.1,0,random,pcglassoFast_Dual,C,1.873817422860384e-5,0.09200000000055296,78.38977563256036
100,0.1,0,random,pcglassoFast_Dual,C,6.579332246575681e-5,0.07899999999881402,78.38986703776999
100,0.1,0,random,pcglassoFast_Dual,C,2.310129700083161e-4,0.06199999999989814,78.39040548409291
100,0.1,0,random,pcglassoFast_Dual,C,8.11130830789687e-4,0.05999999999767169,78.39059906408811
100,0.1,0,random,pcglassoFast_Dual,C,0.0028480358684358,0.05400000000008731,78.39244566390363
100,0.1,0,random,pcglassoFast_Dual,C,0.01,0.05099999999947613,78.39424906740452
100,0.1,0,random,pcglassoFast_Dual,I,9.999999999999982e-9,0.10599999999976716,78.38977148415631
100,0.1,0,random,pcglassoFast_Dual,I,3.5111917342151263e-8,0.0959999999977299,78.38977151178096
100,0.1,0,random,pcglassoFast_Dual,I,1.2328467394420646e-7,0.0930000000007567,78.38977153917172
100,0.1,0,random,pcglassoFast_Dual,I,4.328761281083054e-7,0.09000000000014552,78.38977153917172
100,0.1,0,random,pcglassoFast_Dual,I,1.5199110829529328e-6,0.07399999999779538,78.38977303196054
100,0.1,0,random,pcglassoFast_Dual,I,5.336699231206308e-6,0.07300000000032014,78.38978103455209
100,0.1,0,random,pcglassoFast_Dual,I,1.873817422860384e-5,0.0639999999984866,78.38978325516024
100,0.1,0,random,pcglassoFast_Dual,I,6.579332246575681e-5,0.05199999999967986,78.38980531513555
100,0.1,0,random,pcglassoFast_Dual,I,2.310129700083161e-4,0.04899999999906868,78.39013487486683
100,0.1,0,random,pcglassoFast_Dual,I,8.11130830789687e-4,0.03800000000046566,78.39063461597871
100,0.1,0,random,pcglassoFast_Dual,I,0.0028480358684358,0.03600000000005821,78.39116041900843
100,0.1,0,random,pcglassoFast_Dual,I,0.01,0.03100000000267755,78.39379143456571
100,0.1,0,random,pcglassoFast_Primal,C,9.999999999999982e-9,0.3359999999993306,78.38977149708361
100,0.1,0,random,pcglassoFast_Primal,C,3.5111917342151263e-8,0.3029999999998836,78.38977154157486
100,0.1,0,random,pcglassoFast_Primal,C,1.2328467394420646e-7,0.40350000000034925,78.38977170089161
100,0.1,0,random,pcglassoFast_Primal,C,4.328761281083054e-7,0.2530000000006112,78.38977227257061
100,0.1,0,random,pcglassoFast_Primal,C,1.5199110829529328e-6,0.22899999999935972,78.38977426956221
100,0.1,0,random,pcglassoFast_Primal,C,5.336699231206308e-6,0.205999999998312,78.38978134436061
100,0.1,0,random,pcglassoFast_Primal,C,1.873817422860384e-5,0.19000000000050932,78.38979475730056
100,0.1,0,random,pcglassoFast_Primal,C,6.579332246575681e-5,0.16449999999895226,78.38985907113755
100,0.1,0,random,pcglassoFast_Primal,C,2.310129700083161e-4,0.15049999999973807,78.3899962281109
100,0.1,0,random,pcglassoFast_Primal,C,8.11130830789687e-4,0.12399999999979627,78.39078101604674
100,0.1,0,random,pcglassoFast_Primal,C,0.0028480358684358,0.11300000000119326,78.39280417718817
100,0.1,0,random,pcglassoFast_Primal,C,0.01,0.08899999999994179,78.39984841348472
100,0.1,0,random,pcglassoFast_Primal,I,9.999999999999982e-9,0.31199999999898864,78.38977149298273
100,0.1,0,random,pcglassoFast_Primal,I,3.5111917342151263e-8,0.2835000000013679,78.38977153001426
100,0.1,0,random,pcglassoFast_Primal,I,1.2328467394420646e-7,0.25749999999970896,78.38977167411377
100,0.1,0,random,pcglassoFast_Primal,I,4.328761281083054e-7,0.23099999999976717,78.38977223738307
100,0.1,0,random,pcglassoFast_Primal,I,1.5199110829529328e-6,0.2165000000004511,78.3897733284692
100,0.1,0,random,pcglassoFast_Primal,I,5.336699231206308e-6,0.19399999999950523,78.38977842067231
100,0.1,0,random,pcglassoFast_Primal,I,1.873817422860384e-5,0.16700000000128057,78.38979794420354
100,0.1,0,random,pcglassoFast_Primal,I,6.579332246575681e-5,0.14500000000043656,78.38987347715509
100,0.1,0,random,pcglassoFast_Primal,I,2.310129700083161e-4,0.1265000000003056,78.39002908102577
100,0.1,0,random,pcglassoFast_Primal,I,8.11130830789687e-4,0.10999999999876309,78.39054155502157
100,0.1,0,random,pcglassoFast_Primal,I,0.0028480358684358,0.0930000000007567,78.39217676793542
100,0.1,0,random,pcglassoFast_Primal,I,0.01,0.0750000000007276,78.398613551106
100,0.1,0.5,AR2,pcglasso,C,9.999999999999982e-9,0.26300000000082946,83.35373860576664
100,0.1,0.5,AR2,pcglasso,C,3.5111917342151263e-8,0.2540000000008149,83.35373860622255
100,0.1,0.5,AR2,pcglasso,C,1.2328467394420646e-7,0.23400000000037835,83.35373873094315
100,0.1,0.5,AR2,pcglasso,C,4.328761281083054e-7,0.23250000000007276,83.35373873094315
100,0.1,0.5,AR2,pcglasso,C,1.5199110829529328e-6,0.23099999999976717,83.35373883197187
100,0.1,0.5,AR2,pcglasso,C,5.336699231206308e-6,0.22299999999995634,83.35374251664507
100,0.1,0.5,AR2,pcglasso,C,1.873817422860384e-5,0.18249999999989086,83.35378624280959
100,0.1,0.5,AR2,pcglasso,C,6.579332246575681e-5,0.14099999999962165,83.35436636756052
100,0.1,0.5,AR2,pcglasso,C,2.310129700083161e-4,0.11200000000098952,83.3613070366408
100,0.1,0.5,AR2,pcglasso,C,8.11130830789687e-4,0.06799999999930151,84.02260244422519
100,0.1,0.5,AR2,pcglasso,C,0.0028480358684358,0.02799999999842839,136.434364572333
100,0.1,0.5,AR2,pcglasso,C,0.01,0.0319999999992433,132.91286747663145
100,0.1,0.5,AR2,pcglasso,I,9.999999999999982e-9,0.13599999999860302,83.35373860579597
100,0.1,0.5,AR2,pcglasso,I,3.5111917342151263e-8,0.12800000000061118,83.35373860592892
100,0.1,0.5,AR2,pcglasso,I,1.2328467394420646e-7,0.11999999999898137,83.35373861218505
100,0.1,0.5,AR2,pcglasso,I,4.328761281083054e-7,0.11049999999886495,83.3537388280602
100,0.1,0.5,AR2,pcglasso,I,1.5199110829529328e-6,0.10599999999976716,83.3537388280602
100,0.1,0.5,AR2,pcglasso,I,5.336699231206308e-6,0.09899999999834108,83.35374715701636
100,0.1,0.5,AR2,pcglasso,I,1.873817422860384e-5,0.07600000000093132,83.35383434833568
100,0.1,0.5,AR2,pcglasso,I,6.579332246575681e-5,0.04699999999866122,83.35499068672878
100,0.1,0.5,AR2,pcglasso,I,2.310129700083161e-4,0.03999999999905412,83.35431978582116
100,0.1,0.5,AR2,pcglasso,I,8.11130830789687e-4,0.02100000000064028,83.36469825675955
100,0.1,0.5,AR2,pcglasso,I,0.0028480358684358,0.02399999999943247,83.37182547100933
100,0.1,0.5,AR2,pcglasso,I,0.01,0.0180000000000291,83.38090077171418
100,0.1,0.5,AR2,pcglassoFast_Dual,C,9.999999999999982e-9,0.04300000000148429,83.3537386062873
100,0.1,0.5,AR2,pcglassoFast_Dual,C,3.5111917342151263e-8,0.03800000000046566,83.3537386062873
100,0.1,0.5,AR2,pcglassoFast_Dual,C,1.2328467394420646e-7,0.04100000000107684,83.35373861214532
100,0.1,0.5,AR2,pcglassoFast_Dual,C,4.328761281083054e-7,0.03600000000005821,83.35373861214532
100,0.1,0.5,AR2,pcglassoFast_Dual,C,1.5199110829529328e-6,0.03900000000066939,83.35373870345818
100,0.1,0.5,AR2,pcglassoFast_Dual,C,5.336699231206308e-6,0.04000000000087311,83.35373870345818
100,0.1,0.5,AR2,pcglassoFast_Dual,C,1.873817422860384e-5,0.03300000000126602,83.35373870345818
100,0.1,0.5,AR2,pcglassoFast_Dual,C,6.579332246575681e-5,0.03099999999903957,83.35374011744314
100,0.1,0.5,AR2,pcglassoFast_Dual,C,2.310129700083161e-4,0.03699999999844294,83.35374011744314
100,0.1,0.5,AR2,pcglassoFast_Dual,C,8.11130830789687e-4,0.02999999999883584,83.35376178316929
100,0.1,0.5,AR2,pcglassoFast_Dual,C,0.0028480358684358,0.02900000000045111,83.35376178316929
100,0.1,0.5,AR2,pcglassoFast_Dual,C,0.01,0.0319999999992433,83.35410109389167
100,0.1,0.5,AR2,pcglassoFast_Dual,I,9.999999999999982e-9,0.0249999999996362,83.35373860624433
100,0.1,0.5,AR2,pcglassoFast_Dual,I,3.5111917342151263e-8,0.0249999999996362,83.35373860624433
100,0.1,0.5,AR2,pcglassoFast_Dual,I,1.2328467394420646e-7,0.022499999999126885,83.35373861132756
100,0.1,0.5,AR2,pcglassoFast_Dual,I,4.328761281083054e-7,0.02200000000084401,83.35373861132756
100,0.1,0.5,AR2,pcglassoFast_Dual,I,1.5199110829529328e-6,0.02600000000165892,83.3537386667014
100,0.1,0.5,AR2,pcglassoFast_Dual,I,5.336699231206308e-6,0.02000000000043655,83.3537386667014
100,0.1,0.5,AR2,pcglassoFast_Dual,I,1.873817422860384e-5,0.0180000000000291,83.3537392728094
100,0.1,0.5,AR2,pcglassoFast_Dual,I,6.579332246575681e-5,0.02399999999761348,83.3537392728094
100,0.1,0.5,AR2,pcglassoFast_Dual,I,2.310129700083161e-4,0.0165000000015425,83.35374595774768
100,0.1,0.5,AR2,pcglassoFast_Dual,I,8.11130830789687e-4,0.01599999999962165,83.35374595774768
100,0.1,0.5,AR2,pcglassoFast_Dual,I,0.0028480358684358,0.01399999999921419,83.35381851582088
100,0.1,0.5,AR2,pcglassoFast_Dual,I,0.01,0.01399999999921419,83.35381851582088
100,0.1,0.5,AR2,pcglassoFast_Primal,C,9.999999999999982e-9,0.12800000000061118,83.35373860583327
100,0.1,0.5,AR2,pcglassoFast_Primal,C,3.5111917342151263e-8,0.11950000000069849,83.35373860677643
100,0.1,0.5,AR2,pcglassoFast_Primal,C,1.2328467394420646e-7,0.11900000000059663,83.35373860677643
100,0.1,0.5,AR2,pcglassoFast_Primal,C,4.328761281083054e-7,0.23400000000037835,83.3537386196318
100,0.1,0.5,AR2,pcglassoFast_Primal,C,1.5199110829529328e-6,0.1110000000007858,83.3537386196318
100,0.1,0.5,AR2,pcglassoFast_Primal,C,5.336699231206308e-6,0.10300000000279395,83.35373879062595
100,0.1,0.5,AR2,pcglassoFast_Primal,C,1.873817422860384e-5,0.10450000000037107,83.35373879062595
100,0.1,0.5,AR2,pcglassoFast_Primal,C,6.579332246575681e-5,0.09500000000116415,83.35374107650952
100,0.1,0.5,AR2,pcglassoFast_Primal,C,2.310129700083161e-4,0.0959999999977299,83.35374107650952
100,0.1,0.5,AR2,pcglassoFast_Primal,C,8.11130830789687e-4,0.08799999999973807,83.35377237376382
100,0.1,0.5,AR2,pcglassoFast_Primal,C,0.0028480358684358,0.08700000000317232,83.35377237376382
100,0.1,0.5,AR2,pcglassoFast_Primal,C,0.01,0.07800000000133878,83.35420224486575
100,0.1,0.5,AR2,pcglassoFast_Primal,I,9.999999999999982e-9,0.09100000000034925,83.35373860586205
100,0.1,0.5,AR2,pcglassoFast_Primal,I,3.5111917342151263e-8,0.08299999999871943,83.35373860702303
100,0.1,0.5,AR2,pcglassoFast_Primal,I,1.2328467394420646e-7,0.07400000000052387,83.353738618263435
100,0.1,0.5,AR2,pcglassoFast_Primal,I,4.328761281083054e-7,0.07400000000052387,83.353738618263435
100,0.1,0.5,AR2,pcglassoFast_Primal,I,1.5199110829529328e-6,0.06799999999930151,83.35373872743813
100,0.1,0.5,AR2,pcglassoFast_Primal,I,5.336699231206308e-6,0.18800000000101136,83.35373872743813
100,0.1,0.5,AR2,pcglassoFast_Primal,I,1.873817422860384e-5,0.05899999999746797,83.35373979268545
100,0.1,0.5,AR2,pcglassoFast_Primal,I,6.579332246575681e-5,0.05899999999746797,83.35373979268545
100,0.1,0.5,AR2,pcglassoFast_Primal,I,2.310129700083161e-4,0.05099999999947613,83.35375025527615
100,0.1,0.5,AR2,pcglassoFast_Primal,I,8.11130830789687e-4,0.05099999999947613,83.35375025527615
100,0.1,0.5,AR2,pcglassoFast_Primal,I,0.0028480358684358,0.0429999999996653,83.35385416985662
100,0.1,0.5,AR2,pcglassoFast_Primal,I,0.01,0.04200000000128057,83.35385416985662
100,0.1,0.5,hub_09,pcglasso,C,9.999999999999982e-9,0.6565000000009604,84.53021725947514
100,0.1,0.5,hub_09,pcglasso,C,3.5111917342151263e-8,0.6109999999998763,84.53021725654897
100,0.1,0.5,hub_09,pcglasso,C,1.2328467394420646e-7,0.48800000000119326,84.53021725956101
100,0.1,0.5,hub_09,pcglasso,C,4.328761281083054e-7,0.4690000000009604,84.5302172598139
100,0.1,0.5,hub_09,pcglasso,C,1.5199110829529328e-6,0.44200000000091677,84.53021767956609
100,0.1,0.5,hub_09,pcglasso,C,5.336699231206308e-6,0.396999999999025,84.53022280008726
100,0.1,0.5,hub_09,pcglasso,C,1.873817422860384e-5,0.2860000000000582,84.53027385399
100,0.1,0.5,hub_09,pcglasso,C,6.579332246575681e-5,0.1610000000000582,84.53194474122398
100,0.1,0.5,hub_09,pcglasso,C,2.310129700083161e-4,0.11499999999796272,84.53839256418091
100,0.1,0.5,hub_09,pcglasso,C,8.11130830789687e-4,0.06850000000122236,84.54951165790253
100,0.1,0.5,hub_09,pcglasso,C,0.0028480358684358,0.02299999999740976,111.24502526522411
100,0.1,0.5,hub_09,pcglasso,C,0.01,0.02300000000104773,111.24502526522411
100,0.1,0.5,hub_09,pcglasso,I,9.999999999999982e-9,0.6795000000001892,84.5302172479682
100,0.1,0.5,hub_09,pcglasso,I,3.5111917342151263e-8,0.5794999999998254,84.53021725718956
100,0.1,0.5,hub_09,pcglasso,I,1.2328467394420646e-7,0.5769999999993161,84.53021725869408
100,0.1,0.5,hub_09,pcglasso,I,4.328761281083054e-7,0.5625,84.5302172683661
100,0.1,0.5,hub_09,pcglasso,I,1.5199110829529328e-6,0.5180000000000291,84.53021790657415
100,0.1,0.5,hub_09,pcglasso,I,5.336699231206308e-6,0.4560000000019499,84.53022126463328
100,0.1,0.5,hub_09,pcglasso,I,1.873817422860384e-5,0.3080000000009022,84.5302680647562
100,0.1,0.5,hub_09,pcglasso,I,6.579332246575681e-5,0.1790000000000873,84.53067623928942
100,0.1,0.5,hub_09,pcglasso,I,2.310129700083161e-4,0.06950000000142609,84.53653104579435
100,0.1,0.5,hub_09,pcglasso,I,8.11130830789687e-4,0.02599999999983993,84.56143370560002
100,0.1,0.5,hub_09,pcglasso,I,0.0028480358684358,0.02299999999922875,84.56059346587719
100,0.1,0.5,hub_09,pcglasso,I,0.01,0.02100000000064028,84.64955488309258
100,0.1,0.5,hub_09,pcglassoFast_Dual,C,9.999999999999982e-9,0.15999999999985448,84.5302172493835
100,0.1,0.5,hub_09,pcglassoFast_Dual,C,3.5111917342151263e-8,0.039999999998144624,84.5302172493835
100,0.1,0.5,hub_09,pcglassoFast_Dual,C,1.2328467394420646e-7,0.04299999999784632,84.53021725755362
100,0.1,0.5,hub_09,pcglassoFast_Dual,C,4.328761281083054e-7,0.03499999999985448,84.53021729292523
100,0.1,0.5,hub_09,pcglassoFast_Dual,C,1.5199110829529328e-6,0.1555000000007567,84.53021745115123
100,0.1,0.5,hub_09,pcglassoFast_Dual,C,5.336699231206308e-6,0.0319999999992433,84.53021820344642
100,0.1,0.5,hub_09,pcglassoFast_Dual,C,1.873817422860384e-5,0.0290000000022701,84.53022179382806
100,0.1,0.5,hub_09,pcglassoFast_Dual,C,6.579332246575681e-5,0.03499999999985448,84.53022179382806
100,0.1,0.5,hub_09,pcglassoFast_Dual,C,2.310129700083161e-4,0.02799999999842839,84.53023816122973
100,0.1,0.5,hub_09,pcglassoFast_Dual,C,8.11130830789687e-4,0.02399999999761348,84.53055655705616
100,0.1,0.5,hub_09,pcglassoFast_Dual,C,0.0028480358684358,0.02100000000064028,84.53127090919483
100,0.1,0.5,hub_09,pcglassoFast_Dual,C,0.01,0.01900000000023283,84.53283436798094
100,0.1,0.5,hub_09,pcglassoFast_Dual,I,9.999999999999982e-9,0.04700000000048021,84.53021724835023
100,0.1,0.5,hub_09,pcglassoFast_Dual,I,3.5111917342151263e-8,0.04400000000168802,84.53021725378845
100,0.1,0.5,hub_09,pcglassoFast_Dual,I,1.2328467394420646e-7,0.04199999999764259,84.53021727885636
100,0.1,0.5,hub_09,pcglassoFast_Dual,I,4.328761281083054e-7,0.04200000000128057,84.53021727885636
100,0.1,0.5,hub_09,pcglassoFast_Dual,I,1.5199110829529328e-6,0.04000000000087311,84.53021739068637
100,0.1,0.5,hub_09,pcglassoFast_Dual,I,5.336699231206308e-6,0.04300000000148429,84.5302178736418
100,0.1,0.5,hub_09,pcglassoFast_Dual,I,1.873817422860384e-5,0.04100000000107684,84.53021985916094
100,0.1,0.5,hub_09,pcglassoFast_Dual,I,6.579332246575681e-5,0.03399999999965075,84.53022739170888
100,0.1,0.5,hub_09,pcglassoFast_Dual,I,2.310129700083161e-4,0.02999999999883584,84.53032097389824
100,0.1,0.5,hub_09,pcglassoFast_Dual,I,8.11130830789687e-4,0.03100000000267755,84.53079813062945
100,0.1,0.5,hub_09,pcglassoFast_Dual,I,0.0028480358684358,0.02100000000064028,84.53260887640116
100,0.1,0.5,hub_09,pcglassoFast_Dual,I,0.01,0.01399999999921419,84.54425772754598
100,0.1,0.5,hub_09,pcglassoFast_Primal,C,9.999999999999982e-9,0.19000000000050932,84.53021725241051
100,0.1,0.5,hub_09,pcglassoFast_Primal,C,3.5111917342151263e-8,0.1735000000007858,84.53021727328498
100,0.1,0.5,hub_09,pcglassoFast_Primal,C,1.2328467394420646e-7,0.1640000000006694,84.53021730583073
100,0.1,0.5,hub_09,pcglassoFast_Primal,C,4.328761281083054e-7,0.14800000000104774,84.53021754043476
100,0.1,0.5,hub_09,pcglassoFast_Primal,C,1.5199110829529328e-6,0.14050000000133878,84.53021790234475
100,0.1,0.5,hub_09,pcglassoFast_Primal,C,5.336699231206308e-6,0.125,84.53022052624813
100,0.1,0.5,hub_09,pcglassoFast_Primal,C,1.873817422860384e-5,0.1180000000003929,84.53022465179248
100,0.1,0.5,hub_09,pcglassoFast_Primal,C,6.579332246575681e-5,0.10099999999874854,84.53025550148875
100,0.1,0.5,hub_09,pcglassoFast_Primal,C,2.310129700083161e-4,0.09900000000197906,84.53030505936715
100,0.1,0.5,hub_09,pcglassoFast_Primal,C,8.11130830789687e-4,0.07800000000042928,84.53068878382712
100,0.1,0.5,hub_09,pcglassoFast_Primal,C,0.0028480358684358,0.06899999999950523,84.53134942334782
100,0.1,0.5,hub_09,pcglassoFast_Primal,C,0.01,0.06099999999787542,84.53305436608865
100,0.1,0.5,hub_09,pcglassoFast_Primal,I,9.999999999999982e-9,0.20100000000093132,84.53021725140691
100,0.1,0.5,hub_09,pcglassoFast_Primal,I,3.5111917342151263e-8,0.18100000000049477,84.53021726851307
100,0.1,0.5,hub_09,pcglassoFast_Primal,I,1.2328467394420646e-7,0.17100000000118598,84.53021729513345
100,0.1,0.5,hub_09,pcglassoFast_Primal,I,4.328761281083054e-7,0.15499999999883585,84.53021748611295
100,0.1,0.5,hub_09,pcglassoFast_Primal,I,1.5199110829529328e-6,0.14000000000032742,84.53021842865682
100,0.1,0.5,hub_09,pcglassoFast_Primal,I,5.336699231206308e-6,0.1320000000014261,84.53021986804718
100,0.1,0.5,hub_09,pcglassoFast_Primal,I,1.873817422860384e-5,0.11599999999816646,84.53023020094872
100,0.1,0.5,hub_09,pcglassoFast_Primal,I,6.579332246575681e-5,0.10800000000017462,84.53024586103643
100,0.1,0.5,hub_09,pcglassoFast_Primal,I,2.310129700083161e-4,0.09799999999813735,84.53035348262131
100,0.1,0.5,hub_09,pcglassoFast_Primal,I,8.11130830789687e-4,0.07799999999861029,84.53082749826063
100,0.1,0.5,hub_09,pcglassoFast_Primal,I,0.0028480358684358,0.05999999999949068,84.53264709427452
100,0.1,0.5,hub_09,pcglassoFast_Primal,I,0.01,0.03600000000005821,84.54418586185155
100,0.1,0.5,hub_1,pcglasso,C,9.999999999999982e-9,1.5820000000003347,53.143061592635085
100,0.1,0.5,hub_1,pcglasso,C,3.5111917342151263e-8,1.518499999998312,53.143061619983406
100,0.1,0.5,hub_1,pcglasso,C,1.2328467394420646e-7,1.231999999999971,53.14306201783872
100,0.1,0.5,hub_1,pcglasso,C,4.328761281083054e-7,1.0460000000002765,53.14307065103341
100,0.1,0.5,hub_1,pcglasso,C,1.5199110829529328e-6,1.010999999998603,53.14308726508902
100,0.1,0.5,hub_1,pcglasso,C,5.336699231206308e-6,0.8189999999995052,53.14354834643554
100,0.1,0.5,hub_1,pcglasso,C,1.873817422860384e-5,0.7734999999993306,53.14597114017312
100,0.1,0.5,hub_1,pcglasso,C,6.579332246575681e-5,0.5979999999981374,53.14827146274159
100,0.1,0.5,hub_1,pcglasso,C,2.310129700083161e-4,0.5419999999994616,53.313376426466235
100,0.1,0.5,hub_1,pcglasso,C,8.11130830789687e-4,0.9784999999992579,59.18821106884575
100,0.1,0.5,hub_1,pcglasso,C,0.0028480358684358,0.1890000000003056,138.48813210006958
100,0.1,0.5,hub_1,pcglasso,C,0.01,0.18400000000110597,138.48813210006958
100,0.1,0.5,hub_1,pcglasso,I,9.999999999999982e-9,2.6975000000002183,53.14306159260173
100,0.1,0.5,hub_1,pcglasso,I,3.5111917342151263e-8,2.4639999999990323,53.14306161876891
100,0.1,0.5,hub_1,pcglasso,I,1.2328467394420646e-7,2.294499999999971,53.14306210898454
100,0.1,0.5,hub_1,pcglasso,I,4.328761281083054e-7,2.2485000000015134,53.14306486729385
100,0.1,0.5,hub_1,pcglasso,I,1.5199110829529328e-6,2.129499999999098,53.14309578990391
100,0.1,0.5,hub_1,pcglasso,I,5.336699231206308e-6,1.7379999999993743,53.14316546369256
100,0.1,0.5,hub_1,pcglasso,I,1.873817422860384e-5,1.180500000000393,53.14532457480346
100,0.1,0.5,hub_1,pcglasso,I,6.579332246575681e-5,0.7175000000006548,53.15708368491945
100,0.1,0.5,hub_1,pcglasso,I,2.310129700083161e-4,0.08099999999831198,58.27381113349919
100,0.1,0.5,hub_1,pcglasso,I,8.11130830789687e-4,0.07200000000011642,58.282181511014834
100,0.1,0.5,hub_1,pcglasso,I,0.0028480358684358,0.04100000000107684,58.994995801510726
100,0.1,0.5,hub_1,pcglasso,I,0.01,0.04199999999764259,59.26420814207941
100,0.1,0.5,hub_1,pcglassoFast_Dual,C,9.999999999999982e-9,0.6550000000024738,53.14306159924152
100,0.1,0.5,hub_1,pcglassoFast_Dual,C,3.5111917342151263e-8,0.6024999999990541,53.143061709219765
100,0.1,0.5,hub_1,pcglassoFast_Dual,C,1.2328467394420646e-7,0.46450000000004366,53.14306173157789
100,0.1,0.5,hub_1,pcglassoFast_Dual,C,4.328761281083054e-7,0.4524999999994179,53.143061811976274
100,0.1,0.5,hub_1,pcglassoFast_Dual,C,1.5199110829529328e-6,0.5385000000005675,53.14306261511016
100,0.1,0.5,hub_1,pcglassoFast_Dual,C,5.336699231206308e-6,0.4180000000005748,53.14306261511016
100,0.1,0.5,hub_1,pcglassoFast_Dual,C,1.873817422860384e-5,0.393499999998312,53.14306349566828
100,0.1,0.5,hub_1,pcglassoFast_Dual,C,6.579332246575681e-5,0.3139999999984866,53.143307365060565
100,0.1,0.5,hub_1,pcglassoFast_Dual,C,2.310129700083161e-4,0.4310000000004948,53.143307365060565
100,0.1,0.5,hub_1,pcglassoFast_Dual,C,8.11130830789687e-4,0.30099999999947613,53.14335809958646
100,0.1,0.5,hub_1,pcglassoFast_Dual,C,0.0028480358684358,0.26050000000032014,53.15044294248106
100,0.1,0.5,hub_1,pcglassoFast_Dual,C,0.01,0.24799999999959255,53.15224206278027
100,0.1,0.5,hub_1,pcglassoFast_Dual,I,9.999999999999982e-9,1.1445000000003347,53.14306159471395
100,0.1,0.5,hub_1,pcglassoFast_Dual,I,3.5111917342151263e-8,1.2375000000010914,53.143061597479566
100,0.1,0.5,hub_1,pcglassoFast_Dual,I,1.2328467394420646e-7,1.0610000000015134,53.14306203676791
100,0.1,0.5,hub_1,pcglassoFast_Dual,I,4.328761281083054e-7,1.0534999999999854,53.14306205020012
100,0.1,0.5,hub_1,pcglassoFast_Dual,I,1.5199110829529328e-6,1.0529999999998836,53.14306205020012
100,0.1,0.5,hub_1,pcglassoFast_Dual,I,5.336699231206308e-6,1.0475000000005823,53.14306326168554
100,0.1,0.5,hub_1,pcglassoFast_Dual,I,1.873817422860384e-5,1.0205000000005384,53.143074018863175
100,0.1,0.5,hub_1,pcglassoFast_Dual,I,6.579332246575681e-5,0.9855000000006839,53.143106640828606
100,0.1,0.5,hub_1,pcglassoFast_Dual,I,2.310129700083161e-4,0.9819999999999708,53.14327326909591
100,0.1,0.5,hub_1,pcglassoFast_Dual,I,8.11130830789687e-4,0.9499999999989086,53.14369843417223
100,0.1,0.5,hub_1,pcglassoFast_Dual,I,0.0028480358684358,0.9414999999989959,53.143436443234265
100,0.1,0.5,hub_1,pcglassoFast_Dual,I,0.01,0.9169999999994616,53.14866649198945
100,0.1,0.5,hub_1,pcglassoFast_Primal,C,9.999999999999982e-9,0.8325000000004366,53.14306163580051
100,0.1,0.5,hub_1,pcglassoFast_Primal,C,3.5111917342151263e-8,0.7604999999985012,53.14306176448184
100,0.1,0.5,hub_1,pcglassoFast_Primal,C,1.2328467394420646e-7,0.684000000001106,53.14306228784608
100,0.1,0.5,hub_1,pcglassoFast_Primal,C,4.328761281083054e-7,0.6239999999997963,53.14306394997555
100,0.1,0.5,hub_1,pcglassoFast_Primal,C,1.5199110829529328e-6,0.5750000000007276,53.143067884431375
100,0.1,0.5,hub_1,pcglassoFast_Primal,C,5.336699231206308e-6,0.5269999999982247,53.14306860934281
100,0.1,0.5,hub_1,pcglassoFast_Primal,C,1.873817422860384e-5,0.46749999999974534,53.14308780886237
100,0.1,0.5,hub_1,pcglassoFast_Primal,C,6.579332246575681e-5,0.38249999999970896,53.14340662937388
100,0.1,0.5,hub_1,pcglassoFast_Primal,C,2.310129700083161e-4,0.31749999999919964,53.1442478882003
100,0.1,0.5,hub_1,pcglassoFast_Primal,C,8.11130830789687e-4,0.2780000000002474,53.14602112140103
100,0.1,0.5,hub_1,pcglassoFast_Primal,C,0.0028480358684358,0.23249999999916326,53.15382640376582
100,0.1,0.5,hub_1,pcglassoFast_Primal,C,0.01,0.1930000000011205,53.16962374243203
100,0.1,0.5,hub_1,pcglassoFast_Primal,I,9.999999999999982e-9,0.9580000000023574,53.14306163613285
100,0.1,0.5,hub_1,pcglassoFast_Primal,I,3.5111917342151263e-8,0.912000000000262,53.14306173672765
100,0.1,0.5,hub_1,pcglassoFast_Primal,I,1.2328467394420646e-7,0.845499999999447,53.14306215496288
100,0.1,0.5,hub_1,pcglassoFast_Primal,I,4.328761281083054e-7,0.7800000000024738,53.14306382403459
100,0.1,0.5,hub_1,pcglassoFast_Primal,I,1.5199110829529328e-6,0.7374999999992724,53.14306761203266
100,0.1,0.5,hub_1,pcglassoFast_Primal,I,5.336699231206308e-6,0.8209999999999127,53.14306775887469
100,0.1,0.5,hub_1,pcglassoFast_Primal,I,1.873817422860384e-5,0.6270000000004075,53.14308406637556
100,0.1,0.5,hub_1,pcglassoFast_Primal,I,6.579332246575681e-5,0.5454999999992651,53.14328467438596
100,0.1,0.5,hub_1,pcglassoFast_Primal,I,2.310129700083161e-4,0.46300000000155705,53.14401815615275
100,0.1,0.5,hub_1,pcglassoFast_Primal,I,8.11130830789687e-4,0.39249999999992724,53.146107040604335
100,0.1,0.5,hub_1,pcglassoFast_Primal,I,0.0028480358684358,0.3349999999991269,53.155162058355906
100,0.1,0.5,hub_1,pcglassoFast_Primal,I,0.01,0.28949999999895226,53.15955068800201
100,0.1,0.5,random,pcglasso,C,9.999999999999982e-9,0.7449999999989814,81.5589513735721
100,0.1,0.5,random,pcglasso,C,3.5111917342151263e-8,0.42300000000068394,81.5589513903743
100,0.1,0.5,random,pcglasso,C,1.2328467394420646e-7,0.35599999999976717,81.55895168709492
100,0.1,0.5,random,pcglasso,C,4.328761281083054e-7,0.342000000000553,81.55895201086112
100,0.1,0.5,random,pcglasso,C,1.5199110829529328e-6,0.4319999999970605,81.55895720732397
100,0.1,0.5,random,pcglasso,C,5.336699231206308e-6,0.3099999999994907,81.55897545218738
100,0.1,0.5,random,pcglasso,C,1.873817422860384e-5,0.22400000000197903,81.55963277599783
100,0.1,0.5,random,pcglasso,C,6.579332246575681e-5,0.14800000000104774,81.56296911336042
100,0.1,0.5,random,pcglasso,C,2.310129700083161e-4,0.10850000000027649,81.59546820143532
100,0.1,0.5,random,pcglasso,C,8.11130830789687e-4,0.0750000000007276,81.90939959429232
100,0.1,0.5,random,pcglasso,C,0.0028480358684358,0.02600000000165892,133.57584798735965
100,0.1,0.5,random,pcglasso,C,0.01,0.02599999999983993,134.8198150973275
100,0.1,0.5,random,pcglasso,I,9.999999999999982e-9,0.5054999999993015,81.55895138101572
100,0.1,0.5,random,pcglasso,I,3.5111917342151263e-8,0.2599999999983993,81.5589514649992
100,0.1,0.5,random,pcglasso,I,1.2328467394420646e-7,0.24499999999898137,81.5589515146435
100,0.1,0.5,random,pcglasso,I,4.328761281083054e-7,0.23449999999866122,81.55895166691317
100,0.1,0.5,random,pcglasso,I,1.5199110829529328e-6,0.205999999998312,81.5589596027848
100,0.1,0.5,random,pcglasso,I,5.336699231206308e-6,0.1790000000000873,81.55911013099958
100,0.1,0.5,random,pcglasso,I,1.873817422860384e-5,0.13800000000264845,81.5595143401375
100,0.1,0.5,random,pcglasso,I,6.579332246575681e-5,0.08450000000084401,81.56959155196824
100,0.1,0.5,random,pcglasso,I,2.310129700083161e-4,0.057999999999992724,81.60055063729634
100,0.1,0.5,random,pcglasso,I,8.11130830789687e-4,0.03299999999944703,81.78333805712799
100,0.1,0.5,random,pcglasso,I,0.0028480358684358,0.02800000000206637,81.60716650070226
100,0.1,0.5,random,pcglasso,I,0.01,0.02500000000145519,82.02497683504468
100,0.1,0.5,random,pcglassoFast_Dual,C,9.999999999999982e-9,0.05199999999967986,81.55895137253016
100,0.1,0.5,random,pcglassoFast_Dual,C,3.5111917342151263e-8,0.05500000000029104,81.55895137568767
100,0.1,0.5,random,pcglassoFast_Dual,C,1.2328467394420646e-7,0.04900000000270665,81.55895137568767
100,0.1,0.5,random,pcglassoFast_Dual,C,4.328761281083054e-7,0.0470000000022992,81.5589513951975
100,0.1,0.5,random,pcglassoFast_Dual,C,1.5199110829529328e-6,0.04650000000037834,81.5589526317538
100,0.1,0.5,random,pcglassoFast_Dual,C,5.336699231206308e-6,0.03900000000066939,81.55895373779533
100,0.1,0.5,random,pcglassoFast_Dual,C,1.873817422860384e-5,0.03700000000026193,81.55895681489321
100,0.1,0.5,random,pcglassoFast_Dual,C,6.579332246575681e-5,0.03200000000288128,81.55898894430999
100,0.1,0.5,random,pcglassoFast_Dual,C,2.310129700083161e-4,0.03000000000065483,81.55904823777566
100,0.1,0.5,random,pcglassoFast_Dual,C,8.11130830789687e-4,0.03299999999944703,81.55917196318293
100,0.1,0.5,random,pcglassoFast_Dual,C,0.0028480358684358,0.02800000000024738,81.55917196318293
100,0.1,0.5,random,pcglassoFast_Dual,C,0.01,0.02599999999983993,81.55992786857936
100,0.1,0.5,random,pcglassoFast_Dual,I,9.999999999999982e-9,0.04200000000128057,81.5589513763401
100,0.1,0.5,random,pcglassoFast_Dual,I,3.5111917342151263e-8,0.03800000000046566,81.55895140092946
100,0.1,0.5,random,pcglassoFast_Dual,I,1.2328467394420646e-7,0.03600000000005821,81.558951432978
100,0.1,0.5,random,pcglassoFast_Dual,I,4.328761281083054e-7,0.03399999999965075,81.55895153900659
100,0.1,0.5,random,pcglassoFast_Dual,I,1.5199110829529328e-6,0.03699999999662395,81.55895187785967
100,0.1,0.5,random,pcglassoFast_Dual,I,5.336699231206308e-6,0.0290000000022701,81.55895263895196
100,0.1,0.5,random,pcglassoFast_Dual,I,1.873817422860384e-5,0.027999999999337884,81.558954164488
100,0.1,0.5,random,pcglassoFast_Dual,I,6.579332246575681e-5,0.02500000000145519,81.55896007311553
100,0.1,0.5,random,pcglassoFast_Dual,I,2.310129700083161e-4,0.02300000000104773,81.55898433576986
100,0.1,0.5,random,pcglassoFast_Dual,I,8.11130830789687e-4,0.02100000000064028,81.5590906492997
100,0.1,0.5,random,pcglassoFast_Dual,I,0.0028480358684358,0.02100000000064028,81.5590906492997
100,0.1,0.5,random,pcglassoFast_Dual,I,0.01,0.02100000000064028,81.5590906492997
100,0.1,0.5,random,pcglassoFast_Primal,C,9.999999999999982e-9,0.16999999999916326,81.55895137375045
100,0.1,0.5,random,pcglassoFast_Primal,C,3.5111917342151263e-8,0.1609999999991487,81.55895137752802
100,0.1,0.5,random,pcglassoFast_Primal,C,1.2328467394420646e-7,0.14400000000023283,81.55895142681219
100,0.1,0.5,random,pcglassoFast_Primal,C,4.328761281083054e-7,0.13550000000032014,81.558951529047
100,0.1,0.5,random,pcglassoFast_Primal,C,1.5199110829529328e-6,0.12849999999889405,81.55895181691274
100,0.1,0.5,random,pcglassoFast_Primal,C,5.336699231206308e-6,0.12000000000261934,81.55895272233582
100,0.1,0.5,random,pcglassoFast_Primal,C,1.873817422860384e-5,0.11200000000098952,81.5589554417838
100,0.1,0.5,random,pcglassoFast_Primal,C,6.579332246575681e-5,0.1040000000029977,81.55896347437168
100,0.1,0.5,random,pcglassoFast_Primal,C,2.310129700083161e-4,0.09600000000136788,81.55898750773908
100,0.1,0.5,random,pcglassoFast_Primal,C,8.11130830789687e-4,0.08800000000155705,81.55906282767351
100,0.1,0.5,random,pcglassoFast_Primal,C,0.0028480358684358,0.08100000000194996,81.5593189926446
100,0.1,0.5,random,pcglassoFast_Primal,C,0.01,0.07099999999991269,81.56034725186049
100,0.1,0.5,random,pcglassoFast_Primal,I,9.999999999999982e-9,0.15599999999994907,81.5589513740564
100,0.1,0.5,random,pcglassoFast_Primal,I,3.5111917342151263e-8,0.15099999999983993,81.55895137842191
100,0.1,0.5,random,pcglassoFast_Primal,I,1.2328467394420646e-7,0.13100000000122236,81.55895143449924
100,0.1,0.5,random,pcglassoFast_Primal,I,4.328761281083054e-7,0.12299999999959256,81.55895155173809
100,0.1,0.5,random,pcglassoFast_Primal,I,1.5199110829529328e-6,0.12099999999918508,81.55895188503304
100,0.1,0.5,random,pcglassoFast_Primal,I,5.336699231206308e-6,0.10800000000017462,81.55895293634035
100,0.1,0.5,random,pcglassoFast_Primal,I,1.873817422860384e-5,0.09950000000026193,81.55895612782146
100,0.1,0.5,random,pcglassoFast_Primal,I,6.579332246575681e-5,0.09699999999793364,81.55896566780116
100,0.1,0.5,random,pcglassoFast_Primal,I,2.310129700083161e-4,0.08300000000235741,81.5589937093239
100,0.1,0.5,random,pcglassoFast_Primal,I,8.11130830789687e-4,0.06699999999909778,81.55931452056677
100,0.1,0.5,random,pcglassoFast_Primal,I,0.0028480358684358,0.06400000000212458,81.56004506988573
100,0.1,0.5,random,pcglassoFast_Primal,I,0.01,0.05050000000119326,81.56242994311509
100,0.2,0,AR2,pcglasso,C,9.999999999999982e-9,0.5740000000005239,93.19516974794496
100,0.2,0,AR2,pcglasso,C,3.5111917342151263e-8,0.5685000000012224,93.19516974707967
100,0.2,0,AR2,pcglasso,C,1.2328467394420646e-7,0.5450000000000728,93.19516978542237
100,0.2,0,AR2,pcglasso,C,4.328761281083054e-7,0.5159999999996217,93.19517052135424
100,0.2,0,AR2,pcglasso,C,1.5199110829529328e-6,0.48800000000119326,93.19518301027584
100,0.2,0,AR2,pcglasso,C,5.336699231206308e-6,0.4514999999992142,93.19526893480864
100,0.2,0,AR2,pcglasso,C,1.873817422860384e-5,0.3290000000015425,93.19707653338304
100,0.2,0,AR2,pcglasso,C,6.579332246575681e-5,0.21899999999914144,93.23018952943004
100,0.2,0,AR2,pcglasso,C,2.310129700083161e-4,0.13699999999880674,93.5597917062722
100,0.2,0,AR2,pcglasso,C,8.11130830789687e-4,0.03700000000026193,114.88731643449438
100,0.2,0,AR2,pcglasso,C,0.0028480358684358,0.02799999999842839,127.15244856329284
100,0.2,0,AR2,pcglasso,C,0.01,0.02700000000186264,119.8349797817236
100,0.2,0,AR2,pcglasso,I,9.999999999999982e-9,0.3624999999974534,93.19516974579516
100,0.2,0,AR2,pcglasso,I,3.5111917342151263e-8,0.34800000000177533,93.1951697482064
100,0.2,0,AR2,pcglasso,I,1.2328467394420646e-7,0.32849999999962165,93.19516978556253
100,0.2,0,AR2,pcglasso,I,4.328761281083054e-7,0.30600000000049477,93.19517000340932
100,0.2,0,AR2,pcglasso,I,1.5199110829529328e-6,0.2819999999992433,93.19517603873292
100,0.2,0,AR2,pcglasso,I,5.336699231206308e-6,0.23700000000008004,93.1953628106763
100,0.2,0,AR2,pcglasso,I,1.873817422860384e-5,0.17399999999906868,93.19641555396674
100,0.2,0,AR2,pcglasso,I,6.579332246575681e-5,0.10399999999935972,93.21983791654694
100,0.2,0,AR2,pcglasso,I,2.310129700083161e-4,0.05500000000029104,93.38469623501582
100,0.2,0,AR2,pcglasso,I,8.11130830789687e-4,0.0249999999996362,93.83990495703873
100,0.2,0,AR2,pcglasso,I,0.0028480358684358,0.02999999999883584,93.58491641493433
100,0.2,0,AR2,pcglasso,I,0.01,0.03099999999903957,93.58491641493433
100,0.2,0,AR2,pcglassoFast_Dual,C,9.999999999999982e-9,0.0639999999984866,93.1951697431023
100,0.2,0,AR2,pcglassoFast_Dual,C,3.5111917342151263e-8,0.0610000000015134,93.19516974952217
100,0.2,0,AR2,pcglassoFast_Dual,C,1.2328467394420646e-7,0.05899999999837746,93.1951697693984
100,0.2,0,AR2,pcglassoFast_Dual,C,4.328761281083054e-7,0.18150000000059663,93.19516982600176
100,0.2,0,AR2,pcglassoFast_Dual,C,1.5199110829529328e-6,0.05400000000008731,93.19516998809644
100,0.2,0,AR2,pcglassoFast_Dual,C,5.336699231206308e-6,0.05000000000018189,93.19517213889718
100,0.2,0,AR2,pcglassoFast_Dual,C,1.873817422860384e-5,0.04799999999886495,93.195176592948
100,0.2,0,AR2,pcglassoFast_Dual,C,6.579332246575681e-5,0.04500000000189175,93.1951903749873
100,0.2,0,AR2,pcglassoFast_Dual,C,2.310129700083161e-4,0.04300000000148429,93.19523275659309
100,0.2,0,AR2,pcglassoFast_Dual,C,8.11130830789687e-4,0.04699999999866122,93.19536351632313
100,0.2,0,AR2,pcglassoFast_Dual,C,0.0028480358684358,0.04399999999805004,93.19577749552568
100,0.2,0,AR2,pcglassoFast_Dual,C,0.01,0.03600000000005821,93.1971384834199
100,0.2,0,AR2,pcglassoFast_Dual,I,9.999999999999982e-9,0.17000000000189175,93.19516974247344
100,0.2,0,AR2,pcglassoFast_Dual,I,3.5111917342151263e-8,0.04799999999886495,93.19516974725192
100,0.2,0,AR2,pcglassoFast_Dual,I,1.2328467394420646e-7,0.04199999999946158,93.19516979844444
100,0.2,0,AR2,pcglassoFast_Dual,I,4.328761281083054e-7,0.03900000000066939,93.19516990902795
100,0.2,0,AR2,pcglassoFast_Dual,I,1.5199110829529328e-6,0.03700000000026193,93.19517023442204
100,0.2,0,AR2,pcglassoFast_Dual,I,5.336699231206308e-6,0.03499999999985448,93.1951712248167
100,0.2,0,AR2,pcglassoFast_Dual,I,1.873817422860384e-5,0.03299999999944703,93.19517420900472
100,0.2,0,AR2,pcglassoFast_Dual,I,6.579332246575681e-5,0.03100000000085856,93.19518325832888
100,0.2,0,AR2,pcglassoFast_Dual,I,2.310129700083161e-4,0.02800000000206637,93.19521090241548
100,0.2,0,AR2,pcglassoFast_Dual,I,8.11130830789687e-4,0.02599999999983993,93.19529630609006
100,0.2,0,AR2,pcglassoFast_Dual,I,0.0028480358684358,0.02400000000125146,93.19555028171192
100,0.2,0,AR2,pcglassoFast_Dual,I,0.01,0.02100000000064028,93.1963645743516
100,0.2,0,AR2,pcglassoFast_Primal,C,9.999999999999982e-9,0.2110000000011496,93.19516974553932
100,0.2,0,AR2,pcglassoFast_Primal,C,3.5111917342151263e-8,0.2029999999977008,93.19516975332331
100,0.2,0,AR2,pcglassoFast_Primal,C,1.2328467394420646e-7,0.19499999999970896,93.19516977586004
100,0.2,0,AR2,pcglassoFast_Primal,C,4.328761281083054e-7,0.17749999999978172,93.19516997978276
100,0.2,0,AR2,pcglassoFast_Primal,C,1.5199110829529328e-6,0.1710000000002765,93.1951703556725
100,0.2,0,AR2,pcglassoFast_Primal,C,5.336699231206308e-6,0.1624999999985448,93.19517137491258
100,0.2,0,AR2,pcglassoFast_Primal,C,1.873817422860384e-5,0.1540000000004511,93.19517408254976
100,0.2,0,AR2,pcglassoFast_Primal,C,6.579332246575681e-5,0.1430000000000291,93.19520082631234
100,0.2,0,AR2,pcglassoFast_Primal,C,2.310129700083161e-4,0.13000000000101863,93.19525346224373
100,0.2,0,AR2,pcglassoFast_Primal,C,8.11130830789687e-4,0.12199999999938882,93.19539646912034
100,0.2,0,AR2,pcglassoFast_Primal,C,0.0028480358684358,0.11300000000119326,93.1957896851414
100,0.2,0,AR2,pcglassoFast_Primal,C,0.01,0.09600000000136788,93.19986256999287
100,0.2,0,AR2,pcglassoFast_Primal,I,9.999999999999982e-9,0.18100000000049477,93.1951697437427
100,0.2,0,AR2,pcglassoFast_Primal,I,3.5111917342151263e-8,0.17399999999906868,93.1951697494382
100,0.2,0,AR2,pcglassoFast_Primal,I,1.2328467394420646e-7,0.15599999999903957,93.19516980776956
100,0.2,0,AR2,pcglassoFast_Primal,I,4.328761281083054e-7,0.1529999999993379,93.19516991415917
100,0.2,0,AR2,pcglassoFast_Primal,I,1.5199110829529328e-6,0.14099999999962165,93.19517018614474
100,0.2,0,AR2,pcglassoFast_Primal,I,5.336699231206308e-6,0.125,93.1951728601947
100,0.2,0,AR2,pcglassoFast_Primal,I,1.873817422860384e-5,0.11600000000180444,93.1951779944594
100,0.2,0,AR2,pcglassoFast_Primal,I,6.579332246575681e-5,0.10800000000017462,93.19519177089872
100,0.2,0,AR2,pcglassoFast_Primal,I,2.310129700083161e-4,0.10099999999874854,93.19522868323064
100,0.2,0,AR2,pcglassoFast_Primal,I,8.11130830789687e-4,0.08999999999650754,93.19559440252982
100,0.2,0,AR2,pcglassoFast_Primal,I,0.0028480358684358,0.07599999999911233,93.19631725197056
100,0.2,0,AR2,pcglassoFast_Primal,I,0.01,0.06650000000081491,93.19827491644094
100,0.2,0,hub_09,pcglasso,C,9.999999999999982e-9,0.4530000000013388,99.06997089818202
100,0.2,0,hub_09,pcglasso,C,3.5111917342151263e-8,0.4379999999982829,99.06997089338724
100,0.2,0,hub_09,pcglasso,C,1.2328467394420646e-7,0.4055000000007567,99.06997088328748
100,0.2,0,hub_09,pcglasso,C,4.328761281083054e-7,0.3539999999993597,99.06997103598609
100,0.2,0,hub_09,pcglasso,C,1.5199110829529328e-6,0.3070000000006985,99.0699754657006
100,0.2,0,hub_09,pcglasso,C,5.336699231206308e-6,0.3945000000003347,99.06998780914678
100,0.2,0,hub_09,pcglasso,C,1.873817422860384e-5,0.2119999999995343,99.07027425254417
100,0.2,0,hub_09,pcglasso,C,6.579332246575681e-5,0.28849999999874854,99.07085670880238
100,0.2,0,hub_09,pcglasso,C,2.310129700083161e-4,0.11400000000139698,99.08408274687945
100,0.2,0,hub_09,pcglasso,C,8.11130830789687e-4,0.08300000000053842,99.15753580725487
100,0.2,0,hub_09,pcglasso,C,0.0028480358684358,0.02200000000084401,131.79219757970452
100,0.2,0,hub_09,pcglasso,C,0.01,0.02000000000043655,124.58046666449296
100,0.2,0,hub_09,pcglasso,I,9.999999999999982e-9,0.5469999999995707,99.06997089667982
100,0.2,0,hub_09,pcglasso,I,3.5111917342151263e-8,0.4279999999998836,99.06997087843976
100,0.2,0,hub_09,pcglasso,I,1.2328467394420646e-7,0.4094999999997526,99.0699708779661
100,0.2,0,hub_09,pcglasso,I,4.328761281083054e-7,0.35900000000037835,99.06997126690962
100,0.2,0,hub_09,pcglasso,I,1.5199110829529328e-6,0.3155000000006112,99.06997491098564
100,0.2,0,hub_09,pcglasso,I,5.336699231206308e-6,0.27699999999822467,99.07007582124588
100,0.2,0,hub_09,pcglasso,I,1.873817422860384e-5,0.25749999999970896,99.06997862824072
100,0.2,0,hub_09,pcglasso,I,6.579332246575681e-5,0.14899999999761349,99.0769648592769
100,0.2,0,hub_09,pcglasso,I,2.310129700083161e-4,0.0999999999994543,99.09484905796168
100,0.2,0,hub_09,pcglasso,I,8.11130830789687e-4,0.04000000000087311,99.36051164745632
100,0.2,0,hub_09,pcglasso,I,0.0028480358684358,0.02899999999863212,99.48299721474888
100,0.2,0,hub_09,pcglasso,I,0.01,0.02800000000206637,99.48299721474888
100,0.2,0,hub_09,pcglassoFast_Dual,C,9.999999999999982e-9,0.04500000000007276,99.06997087728688
100,0.2,0,hub_09,pcglassoFast_Dual,C,3.5111917342151263e-8,0.04100000000107684,99.06997089131808
100,0.2,0,hub_09,pcglassoFast_Dual,C,1.2328467394420646e-7,0.03800000000046566,99.06997091336008
100,0.2,0,hub_09,pcglassoFast_Dual,C,4.328761281083054e-7,0.04099999999743886,99.06997095513437
100,0.2,0,hub_09,pcglassoFast_Dual,C,1.5199110829529328e-6,0.0319999999992433,99.06997180414533
100,0.2,0,hub_09,pcglassoFast_Dual,C,5.336699231206308e-6,0.03399999999965075,99.06997299897208
100,0.2,0,hub_09,pcglassoFast_Dual,C,1.873817422860384e-5,0.02800000000206637,99.06997153950788
100,0.2,0,hub_09,pcglassoFast_Dual,C,6.579332246575681e-5,0.024999999998726704,99.06999542740404
100,0.2,0,hub_09,pcglassoFast_Dual,C,2.310129700083161e-4,0.022499999999126885,99.07006078137564
100,0.2,0,hub_09,pcglassoFast_Dual,C,8.11130830789687e-4,0.02099999999882129,99.07020036629156
100,0.2,0,hub_09,pcglassoFast_Dual,C,0.0028480358684358,0.02000000000043655,99.07020036629156
100,0.2,0,hub_09,pcglassoFast_Dual,C,0.01,0.02000000000043655,99.07020036629156
100,0.2,0,hub_09,pcglassoFast_Dual,I,9.999999999999982e-9,0.04800000000250293,99.06997087920747
100,0.2,0,hub_09,pcglassoFast_Dual,I,3.5111917342151263e-8,0.04100000000107684,99.06997088695915
100,0.2,0,hub_09,pcglassoFast_Dual,I,1.2328467394420646e-7,0.03800000000046566,99.06997089976647
100,0.2,0,hub_09,pcglassoFast_Dual,I,4.328761281083054e-7,0.03900000000066939,99.06997112751804
100,0.2,0,hub_09,pcglassoFast_Dual,I,1.5199110829529328e-6,0.03600000000005821,99.0699714666417
100,0.2,0,hub_09,pcglassoFast_Dual,I,5.336699231206308e-6,0.02900000000045111,99.06997123044944
100,0.2,0,hub_09,pcglassoFast_Dual,I,1.873817422860384e-5,0.02600000000165892,99.06997346544424
100,0.2,0,hub_09,pcglassoFast_Dual,I,6.579332246575681e-5,0.02400000000125146,99.06998471919935
100,0.2,0,hub_09,pcglassoFast_Dual,I,2.310129700083161e-4,0.020499999998719425,99.07008848536228
100,0.2,0,hub_09,pcglassoFast_Dual,I,8.11130830789687e-4,0.02000000000043655,99.07008848536228
100,0.2,0,hub_09,pcglassoFast_Dual,I,0.0028480358684358,0.02000000000043655,99.07008848536228
100,0.2,0,hub_09,pcglassoFast_Dual,I,0.01,0.0180000000000291,99.07026083829246
100,0.2,0,hub_09,pcglassoFast_Primal,C,9.999999999999982e-9,0.10199999999895226,99.06997087602068
100,0.2,0,hub_09,pcglassoFast_Primal,C,3.5111917342151263e-8,0.0930000000007567,99.06997087697368
100,0.2,0,hub_09,pcglassoFast_Primal,C,1.2328467394420646e-7,0.09000000000014552,99.06997088794748
100,0.2,0,hub_09,pcglassoFast_Primal,C,4.328761281083054e-7,0.08499999999912689,99.06997088794748
100,0.2,0,hub_09,pcglassoFast_Primal,C,1.5199110829529328e-6,0.07699999999931606,99.06997099528856
100,0.2,0,hub_09,pcglassoFast_Primal,C,5.336699231206308e-6,0.07700000000113505,99.06997099528856
100,0.2,0,hub_09,pcglassoFast_Primal,C,1.873817422860384e-5,0.19900000000052387,99.06997099528856
100,0.2,0,hub_09,pcglassoFast_Primal,C,6.579332246575681e-5,0.06899999999950523,99.06997231980785
100,0.2,0,hub_09,pcglassoFast_Primal,C,2.310129700083161e-4,0.06999999999970896,99.06997231980785
100,0.2,0,hub_09,pcglassoFast_Primal,C,8.11130830789687e-4,0.06999999999970896,99.06997231980785
100,0.2,0,hub_09,pcglassoFast_Primal,C,0.0028480358684358,0.0610000000015134,99.0700038696437
100,0.2,0,hub_09,pcglassoFast_Primal,C,0.01,0.06700000000273576,99.0700038696437
100,0.2,0,hub_09,pcglassoFast_Primal,I,9.999999999999982e-9,0.0999999999994543,99.06997087616884
100,0.2,0,hub_09,pcglassoFast_Primal,I,3.5111917342151263e-8,0.1000000000021828,99.06997087616884
100,0.2,0,hub_09,pcglassoFast_Primal,I,1.2328467394420646e-7,0.09100000000034925,99.06997087911704
100,0.2,0,hub_09,pcglassoFast_Primal,I,4.328761281083054e-7,0.08300000000144792,99.06997091601532
100,0.2,0,hub_09,pcglassoFast_Primal,I,1.5199110829529328e-6,0.08399999999892316,99.06997091601532
100,0.2,0,hub_09,pcglassoFast_Primal,I,5.336699231206308e-6,0.07600000000093132,99.06997129443636
100,0.2,0,hub_09,pcglassoFast_Primal,I,1.873817422860384e-5,0.07600000000093132,99.06997129443636
100,0.2,0,hub_09,pcglassoFast_Primal,I,6.579332246575681e-5,0.07399999999688589,99.06997585670294
100,0.2,0,hub_09,pcglassoFast_Primal,I,2.310129700083161e-4,0.06799999999930151,99.06997585670294
100,0.2,0,hub_09,pcglassoFast_Primal,I,8.11130830789687e-4,0.06000000000130967,99.07003953674268
100,0.2,0,hub_09,pcglassoFast_Primal,I,0.0028480358684358,0.06000000000130967,99.07003953674268
100,0.2,0,hub_09,pcglassoFast_Primal,I,0.01,0.051500000001396984,99.07076864591852
100,0.2,0,hub_1,pcglasso,C,9.999999999999982e-9,2.7664999999997235,32.707823539622865
100,0.2,0,hub_1,pcglasso,C,3.5111917342151263e-8,2.3354999999992287,32.7078236495107
100,0.2,0,hub_1,pcglasso,C,1.2328467394420646e-7,2.1039999999993597,32.70782462724609
100,0.2,0,hub_1,pcglasso,C,4.328761281083054e-7,1.8290000000015425,32.707843597710394
100,0.2,0,hub_1,pcglasso,C,1.5199110829529328e-6,1.6499999999996362,32.70806637302815
100,0.2,0,hub_1,pcglasso,C,5.336699231206308e-6,1.4075000000002547,32.71564217026753
100,0.2,0,hub_1,pcglasso,C,1.873817422860384e-5,1.0114999999987049,32.72785343876234
100,0.2,0,hub_1,pcglasso,C,6.579332246575681e-5,0.8155000000006112,32.76898732145849
100,0.2,0,hub_1,pcglasso,C,2.310129700083161e-4,1.037000000000262,32.90086719461894
100,0.2,0,hub_1,pcglasso,C,8.11130830789687e-4,0.7690000000002328,45.611058401066174
100,0.2,0,hub_1,pcglasso,C,0.0028480358684358,0.1389999999992142,141.98279801444835
100,0.2,0,hub_1,pcglasso,C,0.01,0.1400000000021464,141.98279801444835
100,0.2,0,hub_1,pcglasso,I,9.999999999999982e-9,4.773499999999331,32.70782354008669
100,0.2,0,hub_1,pcglasso,I,3.5111917342151263e-8,4.522500000000946,32.70782368530665
100,0.2,0,hub_1,pcglasso,I,1.2328467394420646e-7,4.265000000001237,32.70782432256088
100,0.2,0,hub_1,pcglasso,I,4.328761281083054e-7,4.131999999999607,32.70783419711861
100,0.2,0,hub_1,pcglasso,I,1.5199110829529328e-6,3.722000000001571,32.70805666797601
100,0.2,0,hub_1,pcglasso,I,5.336699231206308e-6,2.997000000001208,32.70912969233937
100,0.2,0,hub_1,pcglasso,I,1.873817422860384e-5,1.834499999999025,32.75863908159539
100,0.2,0,hub_1,pcglasso,I,6.579332246575681e-5,1.1599999999998545,33.09489853070659
100,0.2,0,hub_1,pcglasso,I,2.310129700083161e-4,0.15399999999863212,42.00487834860515
100,0.2,0,hub_1,pcglasso,I,8.11130830789687e-4,0.15899999999965075,41.7857774028283
100,0.2,0,hub_1,pcglasso,I,0.0028480358684358,0.09200000000055296,42.88217311193853
100,0.2,0,hub_1,pcglasso,I,0.01,0.0790000000015425,43.92770271479216
100,0.2,0,hub_1,pcglassoFast_Dual,C,9.999999999999982e-9,0.8600000000005821,32.707823532704765
100,0.2,0,hub_1,pcglassoFast_Dual,C,3.5111917342151263e-8,0.8320000000012442,32.70782354082731
100,0.2,0,hub_1,pcglassoFast_Dual,C,1.2328467394420646e-7,1.0114999999987049,32.70782356592001
100,0.2,0,hub_1,pcglassoFast_Dual,C,4.328761281083054e-7,0.8665000000000873,32.70782386213851
100,0.2,0,hub_1,pcglassoFast_Dual,C,1.5199110829529328e-6,0.8055000000003929,32.70782408759587
100,0.2,0,hub_1,pcglassoFast_Dual,C,5.336699231206308e-6,0.6710000000002765,32.70782529090644
100,0.2,0,hub_1,pcglassoFast_Dual,C,1.873817422860384e-5,0.6660000000010768,32.70782526370405
100,0.2,0,hub_1,pcglassoFast_Dual,C,6.579332246575681e-5,0.7309999999997672,32.707848291558
100,0.2,0,hub_1,pcglassoFast_Dual,C,2.310129700083161e-4,0.5610000000015134,32.708174199681345
100,0.2,0,hub_1,pcglassoFast_Dual,C,8.11130830789687e-4,0.5499999999992724,32.70843203842965
100,0.2,0,hub_1,pcglassoFast_Dual,C,0.0028480358684358,0.5034999999970751,32.70986657670104
100,0.2,0,hub_1,pcglassoFast_Dual,C,0.01,0.4490000000005238,32.732258880781956
100,0.2,0,hub_1,pcglassoFast_Dual,I,9.999999999999982e-9,1.7325000000000728,32.707823532578104
100,0.2,0,hub_1,pcglassoFast_Dual,I,3.5111917342151263e-8,1.86200000000008,32.70782354204679
100,0.2,0,hub_1,pcglassoFast_Dual,I,1.2328467394420646e-7,1.658499999999549,32.707823552849575
100,0.2,0,hub_1,pcglassoFast_Dual,I,4.328761281083054e-7,1.7174999999988358,32.707823889635584
100,0.2,0,hub_1,pcglassoFast_Dual,I,1.5199110829529328e-6,1.6829999999990832,32.70782480732148
100,0.2,0,hub_1,pcglassoFast_Dual,I,5.336699231206308e-6,1.5640000000003056,32.707825845275
100,0.2,0,hub_1,pcglassoFast_Dual,I,1.873817422860384e-5,1.52900000000227,32.707830902472715
100,0.2,0,hub_1,pcglassoFast_Dual,I,6.579332246575681e-5,1.5240000000012515,32.70783170107605
100,0.2,0,hub_1,pcglassoFast_Dual,I,2.310129700083161e-4,1.5,32.707923593704244
100,0.2,0,hub_1,pcglassoFast_Dual,I,8.11130830789687e-4,1.4745000000002617,32.708211027210595
100,0.2,0,hub_1,pcglassoFast_Dual,I,0.0028480358684358,1.537000000000262,32.70833203332325
100,0.2,0,hub_1,pcglassoFast_Dual,I,0.01,1.4960000000000946,32.7138082350217
100,0.2,0,hub_1,pcglassoFast_Primal,C,9.999999999999982e-9,1.3725000000013097,32.707823629014314
100,0.2,0,hub_1,pcglassoFast_Primal,C,3.5111917342151263e-8,1.2509999999983845,32.707823857696305
100,0.2,0,hub_1,pcglassoFast_Primal,C,1.2328467394420646e-7,1.1454999999987194,32.70782471927487
100,0.2,0,hub_1,pcglassoFast_Primal,C,4.328761281083054e-7,0.9784999999992579,32.70782723138874
100,0.2,0,hub_1,pcglassoFast_Primal,C,1.5199110829529328e-6,0.9145000000007713,32.70782952179197
100,0.2,0,hub_1,pcglassoFast_Primal,C,5.336699231206308e-6,0.9169999999985521,32.70786566070259
100,0.2,0,hub_1,pcglassoFast_Primal,C,1.873817422860384e-5,0.7510000000002037,32.7078559519225
100,0.2,0,hub_1,pcglassoFast_Primal,C,6.579332246575681e-5,0.665499999999156,32.70798672582829
100,0.2,0,hub_1,pcglassoFast_Primal,C,2.310129700083161e-4,0.5935000000008586,32.70856392054294
100,0.2,0,hub_1,pcglassoFast_Primal,C,8.11130830789687e-4,0.5169999999998254,32.708866575358634
100,0.2,0,hub_1,pcglassoFast_Primal,C,0.0028480358684358,0.3889999999992142,32.72301094714152
100,0.2,0,hub_1,pcglassoFast_Primal,C,0.01,0.31999999999970896,32.728478040203285
100,0.2,0,hub_1,pcglassoFast_Primal,I,9.999999999999982e-9,1.5690000000004147,32.707823611073486
100,0.2,0,hub_1,pcglassoFast_Primal,I,3.5111917342151263e-8,1.4585000000006403,32.707823789080415
100,0.2,0,hub_1,pcglassoFast_Primal,I,1.2328467394420646e-7,1.3405000000002474,32.707824484474244
100,0.2,0,hub_1,pcglassoFast_Primal,I,4.328761281083054e-7,1.1720000000022992,32.707825809897486
100,0.2,0,hub_1,pcglassoFast_Primal,I,1.5199110829529328e-6,1.0614999999997963,32.70783537148093
100,0.2,0,hub_1,pcglassoFast_Primal,I,5.336699231206308e-6,0.9454999999998108,32.70786622680533
100,0.2,0,hub_1,pcglassoFast_Primal,I,1.873817422860384e-5,0.856500000001688,32.70784908592596
100,0.2,0,hub_1,pcglassoFast_Primal,I,6.579332246575681e-5,0.7555000000011205,32.708037886366796
100,0.2,0,hub_1,pcglassoFast_Primal,I,2.310129700083161e-4,0.6859999999987849,32.708484966509246
100,0.2,0,hub_1,pcglassoFast_Primal,I,8.11130830789687e-4,0.7049999999999272,32.709021856374456
100,0.2,0,hub_1,pcglassoFast_Primal,I,0.0028480358684358,0.5250000000014552,32.71113337174382
100,0.2,0,hub_1,pcglassoFast_Primal,I,0.01,0.43800000000192085,32.724945184317235
100,0.2,0,random,pcglasso,C,9.999999999999982e-9,0.8919999999998254,86.90534354565882
100,0.2,0,random,pcglasso,C,3.5111917342151263e-8,0.6589999999996508,86.90534768218131
100,0.2,0,random,pcglasso,C,1.2328467394420646e-7,0.5235000000011496,86.90537307976743
100,0.2,0,random,pcglasso,C,4.328761281083054e-7,0.4739999999983411,86.90540828840267
100,0.2,0,random,pcglasso,C,1.5199110829529328e-6,0.426500000001397,86.90576645125941
100,0.2,0,random,pcglasso,C,5.336699231206308e-6,0.39549999999871943,86.90671893854102
100,0.2,0,random,pcglasso,C,1.873817422860384e-5,0.28650000000016007,86.91367045702111
100,0.2,0,random,pcglasso,C,6.579332246575681e-5,0.18549999999959255,86.95396751118888
100,0.2,0,random,pcglasso,C,2.310129700083161e-4,0.13100000000122236,87.21608213129463
100,0.2,0,random,pcglasso,C,8.11130830789687e-4,0.07800000000133878,91.88315678966954
100,0.2,0,random,pcglasso,C,0.0028480358684358,0.02600000000165892,135.2168654405873
100,0.2,0,random,pcglasso,C,0.01,0.0249999999996362,137.64432292246977
100,0.2,0,random,pcglasso,I,9.999999999999982e-9,0.7749999999996362,86.90534369419908
100,0.2,0,random,pcglasso,I,3.5111917342151263e-8,0.5969999999997526,86.90534700431968
100,0.2,0,random,pcglasso,I,1.2328467394420646e-7,0.4055000000007567,86.9054010957521
100,0.2,0,random,pcglasso,I,4.328761281083054e-7,0.33950000000004366,86.90547699562757
100,0.2,0,random,pcglasso,I,1.5199110829529328e-6,0.2900000000008731,86.90598908601618
100,0.2,0,random,pcglasso,I,5.336699231206308e-6,0.2600000000011278,86.9071140319188
100,0.2,0,random,pcglasso,I,1.873817422860384e-5,0.17950000000018917,86.91476674413555
100,0.2,0,random,pcglasso,I,6.579332246575681e-5,0.23999999999796273,86.94358203442087
100,0.2,0,random,pcglasso,I,2.310129700083161e-4,0.06599999999889405,87.21376241179834
100,0.2,0,random,pcglasso,I,8.11130830789687e-4,0.03800000000046566,88.25565610498019
100,0.2,0,random,pcglasso,I,0.0028480358684358,0.02799999999842839,88.43209038287925
100,0.2,0,random,pcglasso,I,0.01,0.02800000000206637,88.43209038287925
100,0.2,0,random,pcglassoFast_Dual,C,9.999999999999982e-9,0.09000000000014552,86.90534341138263
100,0.2,0,random,pcglassoFast_Dual,C,3.5111917342151263e-8,0.08100000000104046,86.90534342171051
100,0.2,0,random,pcglassoFast_Dual,C,1.2328467394420646e-7,0.1970000000001164,86.90534350286326
100,0.2,0,random,pcglassoFast_Dual,C,4.328761281083054e-7,0.1929999999993015,86.90534353688008
100,0.2,0,random,pcglassoFast_Dual,C,1.5199110829529328e-6,0.05900000000110594,86.90534502510609
100,0.2,0,random,pcglassoFast_Dual,C,5.336699231206308e-6,0.05800000000090222,86.90535271306742
100,0.2,0,random,pcglassoFast_Dual,C,1.873817422860384e-5,0.05199999999967986,86.90534628105023
100,0.2,0,random,pcglassoFast_Dual,C,6.579332246575681e-5,0.04300000000148429,86.90543791529208
100,0.2,0,random,pcglassoFast_Dual,C,2.310129700083161e-4,0.0389999999988504,86.90553651249519
100,0.2,0,random,pcglassoFast_Dual,C,8.11130830789687e-4,0.03900000000066939,86.90553651249519
100,0.2,0,random,pcglassoFast_Dual,C,0.0028480358684358,0.03600000000005821,86.90562978885205
100,0.2,0,random,pcglassoFast_Dual,C,0.01,0.02899999999863212,86.91308292421066
100,0.2,0,random,pcglassoFast_Dual,I,9.999999999999982e-9,0.06699999999909778,86.90534341986137
100,0.2,0,random,pcglassoFast_Dual,I,3.5111917342151263e-8,0.06050000000050204,86.90534342531801
100,0.2,0,random,pcglassoFast_Dual,I,1.2328467394420646e-7,0.05799999999908323,86.90534344520057
100,0.2,0,random,pcglassoFast_Dual,I,4.328761281083054e-7,0.04899999999906868,86.90534371062182
100,0.2,0,random,pcglassoFast_Dual,I,1.5199110829529328e-6,0.04699999999866122,86.90534396592214
100,0.2,0,random,pcglassoFast_Dual,I,5.336699231206308e-6,0.04500000000007276,86.90534476127135
100,0.2,0,random,pcglassoFast_Dual,I,1.873817422860384e-5,0.04200000000128057,86.9053466037715
100,0.2,0,random,pcglassoFast_Dual,I,6.579332246575681e-5,0.03700000000026193,86.90536208385853
100,0.2,0,random,pcglassoFast_Dual,I,2.310129700083161e-4,0.03299999999944703,86.9054705516973
100,0.2,0,random,pcglassoFast_Dual,I,8.11130830789687e-4,0.02700000000004365,86.90589850342816
100,0.2,0,random,pcglassoFast_Dual,I,0.0028480358684358,0.0319999999992433,86.90585053370204
100,0.2,0,random,pcglassoFast_Dual,I,0.01,0.0290000000022701,86.90660085678843
100,0.2,0,random,pcglassoFast_Primal,C,9.999999999999982e-9,0.2109999999993306,86.905343414361
100,0.2,0,random,pcglassoFast_Primal,C,3.5111917342151263e-8,0.3179999999993015,86.905343429645
100,0.2,0,random,pcglassoFast_Primal,C,1.2328467394420646e-7,0.17599999999947613,86.9053435063355
100,0.2,0,random,pcglassoFast_Primal,C,4.328761281083054e-7,0.16700000000128057,86.90534361382444
100,0.2,0,random,pcglassoFast_Primal,C,1.5199110829529328e-6,0.2760000000016589,86.90534435740805
100,0.2,0,random,pcglassoFast_Primal,C,5.336699231206308e-6,0.14649999999983265,86.90534568399111
100,0.2,0,random,pcglassoFast_Primal,C,1.873817422860384e-5,0.13399999999819556,86.90535537423077
100,0.2,0,random,pcglassoFast_Primal,C,6.579332246575681e-5,0.11200000000098952,86.90539658160213
100,0.2,0,random,pcglassoFast_Primal,C,2.310129700083161e-4,0.10500000000229193,86.90545609486298
100,0.2,0,random,pcglassoFast_Primal,C,8.11130830789687e-4,0.08899999999994179,86.90588335220532
100,0.2,0,random,pcglassoFast_Primal,C,0.0028480358684358,0.08099999999831198,86.90657125838791
100,0.2,0,random,pcglassoFast_Primal,C,0.01,0.07300000000032014,86.9083550683414
100,0.2,0,random,pcglassoFast_Primal,I,9.999999999999982e-9,0.21999999999843567,86.9053434160756
100,0.2,0,random,pcglassoFast_Primal,I,3.5111917342151263e-8,0.20999999999912689,86.90534343471738
100,0.2,0,random,pcglassoFast_Primal,I,1.2328467394420646e-7,0.19200000000091677,86.90534351547265
100,0.2,0,random,pcglassoFast_Primal,I,4.328761281083054e-7,0.17000000000189175,86.90534381722686
100,0.2,0,random,pcglassoFast_Primal,I,1.5199110829529328e-6,0.1639999999997599,86.90534420500414
100,0.2,0,random,pcglassoFast_Primal,I,5.336699231206308e-6,0.14799999999922875,86.90534672394581
100,0.2,0,random,pcglassoFast_Primal,I,1.873817422860384e-5,0.1330000000016298,86.90535733981741
100,0.2,0,random,pcglassoFast_Primal,I,6.579332246575681e-5,0.11400000000139698,86.90540156553004
100,0.2,0,random,pcglassoFast_Primal,I,2.310129700083161e-4,0.10899999999946886,86.90546310872844
100,0.2,0,random,pcglassoFast_Primal,I,8.11130830789687e-4,0.09100000000034925,86.9058538570476
100,0.2,0,random,pcglassoFast_Primal,I,0.0028480358684358,0.08299999999871943,86.90641001291328
100,0.2,0,random,pcglassoFast_Primal,I,0.01,0.0750000000007276,86.90763671192747
100,0.2,0.5,AR2,pcglasso,C,9.999999999999982e-9,0.2029999999995198,84.61364580863075
100,0.2,0.5,AR2,pcglasso,C,3.5111917342151263e-8,0.19099999999889403,84.61364580873297
100,0.2,0.5,AR2,pcglasso,C,1.2328467394420646e-7,0.1790000000000873,84.61364580981312
100,0.2,0.5,AR2,pcglasso,C,4.328761281083054e-7,0.17400000000088767,84.61364581210366
100,0.2,0.5,AR2,pcglasso,C,1.5199110829529328e-6,0.17599999999947613,84.61364581210366
100,0.2,0.5,AR2,pcglasso,C,5.336699231206308e-6,0.16999999999916326,84.6136458501888
100,0.2,0.5,AR2,pcglasso,C,1.873817422860384e-5,0.14949999999953434,84.61364584474802
100,0.2,0.5,AR2,pcglasso,C,6.579332246575681e-5,0.11599999999998543,84.61364835170458
100,0.2,0.5,AR2,pcglasso,C,2.310129700083161e-4,0.09199999999873398,84.61376660226394
100,0.2,0.5,AR2,pcglasso,C,8.11130830789687e-4,0.0779999999977008,84.6179826697523
100,0.2,0.5,AR2,pcglasso,C,0.0028480358684358,0.0249999999996362,152.0556840746762
100,0.2,0.5,AR2,pcglasso,C,0.01,0.02700000000004365,152.0556840746762
100,0.2,0.5,AR2,pcglasso,I,9.999999999999982e-9,0.06299999999828287,84.61364580862613
100,0.2,0.5,AR2,pcglasso,I,3.5111917342151263e-8,0.05299999999988358,84.61364580881119
100,0.2,0.5,AR2,pcglasso,I,1.2328467394420646e-7,0.04500000000007276,84.61364580922509
100,0.2,0.5,AR2,pcglasso,I,4.328761281083054e-7,0.04199999999764259,84.61364581064461
100,0.2,0.5,AR2,pcglasso,I,1.5199110829529328e-6,0.04600000000209547,84.61364581064461
100,0.2,0.5,AR2,pcglasso,I,5.336699231206308e-6,0.03800000000046566,84.61364581745686
100,0.2,0.5,AR2,pcglasso,I,1.873817422860384e-5,0.03700000000026193,84.613645826613
100,0.2,0.5,AR2,pcglasso,I,6.579332246575681e-5,0.03299999999944703,84.61364794662144
100,0.2,0.5,AR2,pcglasso,I,2.310129700083161e-4,0.02100000000064028,84.61370889765755
100,0.2,0.5,AR2,pcglasso,I,8.11130830789687e-4,0.02100000000064028,84.61445926178683
100,0.2,0.5,AR2,pcglasso,I,0.0028480358684358,0.01499999999941792,84.61618854379529
100,0.2,0.5,AR2,pcglasso,I,0.01,0.0180000000000291,84.61582729947337
100,0.2,0.5,AR2,pcglassoFast_Dual,C,9.999999999999982e-9,0.02899999999863212,84.61364580875835
100,0.2,0.5,AR2,pcglassoFast_Dual,C,3.5111917342151263e-8,0.028500000000349246,84.61364580875835
100,0.2,0.5,AR2,pcglassoFast_Dual,C,1.2328467394420646e-7,0.02600000000165892,84.61364581198362
100,0.2,0.5,AR2,pcglassoFast_Dual,C,4.328761281083054e-7,0.02600000000165892,84.61364581198362
100,0.2,0.5,AR2,pcglassoFast_Dual,C,1.5199110829529328e-6,0.02699999999822466,84.61364581198362
100,0.2,0.5,AR2,pcglassoFast_Dual,C,5.336699231206308e-6,0.02499999999781721,84.61364589701303
100,0.2,0.5,AR2,pcglassoFast_Dual,C,1.873817422860384e-5,0.02400000000125146,84.61364589701303
100,0.2,0.5,AR2,pcglassoFast_Dual,C,6.579332246575681e-5,0.02400000000125146,84.61364589701303
100,0.2,0.5,AR2,pcglassoFast_Dual,C,2.310129700083161e-4,0.02200000000084401,84.61364878646246
100,0.2,0.5,AR2,pcglassoFast_Dual,C,8.11130830789687e-4,0.02200000000084401,84.61364878646246
100,0.2,0.5,AR2,pcglassoFast_Dual,C,0.0028480358684358,0.02200000000084401,84.61364878646246
100,0.2,0.5,AR2,pcglassoFast_Dual,C,0.01,0.02000000000043655,84.61376558886646
100,0.2,0.5,AR2,pcglassoFast_Dual,I,9.999999999999982e-9,0.017999999999119606,84.61364580880871
100,0.2,0.5,AR2,pcglassoFast_Dual,I,3.5111917342151263e-8,0.01699999999982537,84.61364580880871
100,0.2,0.5,AR2,pcglassoFast_Dual,I,1.2328467394420646e-7,0.01699999999982537,84.61364580880871
100,0.2,0.5,AR2,pcglassoFast_Dual,I,4.328761281083054e-7,0.13599999999860302,84.61364581337389
100,0.2,0.5,AR2,pcglassoFast_Dual,I,1.5199110829529328e-6,0.0150000000030559,84.61364581337389
100,0.2,0.5,AR2,pcglassoFast_Dual,I,5.336699231206308e-6,0.01300000000264844,84.61364593872429
100,0.2,0.5,AR2,pcglassoFast_Dual,I,1.873817422860384e-5,0.01299999999901047,84.61364593872429
100,0.2,0.5,AR2,pcglassoFast_Dual,I,6.579332246575681e-5,0.01299999999901047,84.61364593872429
100,0.2,0.5,AR2,pcglassoFast_Dual,I,2.310129700083161e-4,0.01100000000224099,84.61364979194231
100,0.2,0.5,AR2,pcglassoFast_Dual,I,8.11130830789687e-4,0.011000000000422,84.61364979194231
100,0.2,0.5,AR2,pcglassoFast_Dual,I,0.0028480358684358,0.011000000000422,84.61364979194231
100,0.2,0.5,AR2,pcglassoFast_Dual,I,0.01,0.00900000000001455,84.61378691437774
100,0.2,0.5,AR2,pcglassoFast_Primal,C,9.999999999999982e-9,0.1040000000011787,84.61364580879119
100,0.2,0.5,AR2,pcglassoFast_Primal,C,3.5111917342151263e-8,0.10399999999935972,84.61364580879119
100,0.2,0.5,AR2,pcglassoFast_Primal,C,1.2328467394420646e-7,0.09499999999934516,84.6136458126455
100,0.2,0.5,AR2,pcglassoFast_Primal,C,4.328761281083054e-7,0.09700000000066211,84.6136458126455
100,0.2,0.5,AR2,pcglassoFast_Primal,C,1.5199110829529328e-6,0.09500000000116415,84.6136458126455
100,0.2,0.5,AR2,pcglassoFast_Primal,C,5.336699231206308e-6,0.09200000000055296,84.6136459100662
100,0.2,0.5,AR2,pcglassoFast_Primal,C,1.873817422860384e-5,0.08699999999953434,84.6136459100662
100,0.2,0.5,AR2,pcglassoFast_Primal,C,6.579332246575681e-5,0.08699999999953434,84.6136459100662
100,0.2,0.5,AR2,pcglassoFast_Primal,C,2.310129700083161e-4,0.07800000000133878,84.61364906564167
100,0.2,0.5,AR2,pcglassoFast_Primal,C,8.11130830789687e-4,0.07899999999790452,84.61364906564167
100,0.2,0.5,AR2,pcglassoFast_Primal,C,0.0028480358684358,0.07849999999962165,84.61364906564167
100,0.2,0.5,AR2,pcglassoFast_Primal,C,0.01,0.06850000000122236,84.613770438299
100,0.2,0.5,AR2,pcglassoFast_Primal,I,9.999999999999982e-9,0.05199999999967986,84.61364580883136
100,0.2,0.5,AR2,pcglassoFast_Primal,I,3.5111917342151263e-8,0.05199999999967986,84.61364580883136
100,0.2,0.5,AR2,pcglassoFast_Primal,I,1.2328467394420646e-7,0.05100000000311411,84.61364580883136
100,0.2,0.5,AR2,pcglassoFast_Primal,I,4.328761281083054e-7,0.04399999999805004,84.61364581380288
100,0.2,0.5,AR2,pcglassoFast_Primal,I,1.5199110829529328e-6,0.04400000000168802,84.61364581380288
100,0.2,0.5,AR2,pcglassoFast_Primal,I,5.336699231206308e-6,0.03600000000005821,84.61364594667593
100,0.2,0.5,AR2,pcglassoFast_Primal,I,1.873817422860384e-5,0.03600000000005821,84.61364594667593
100,0.2,0.5,AR2,pcglassoFast_Primal,I,6.579332246575681e-5,0.03600000000005821,84.61364594667593
100,0.2,0.5,AR2,pcglassoFast_Primal,I,2.310129700083161e-4,0.02800000000024738,84.61364993280047
100,0.2,0.5,AR2,pcglassoFast_Primal,I,8.11130830789687e-4,0.02800000000206637,84.61364993280047
100,0.2,0.5,AR2,pcglassoFast_Primal,I,0.0028480358684358,0.02800000000024738,84.61364993280047
100,0.2,0.5,AR2,pcglassoFast_Primal,I,0.01,0.02000000000043655,84.6137885939043
100,0.2,0.5,hub_09,pcglasso,C,9.999999999999982e-9,0.08799999999973807,84.65735902978895
100,0.2,0.5,hub_09,pcglasso,C,3.5111917342151263e-8,0.08299999999871943,84.65735904994555
100,0.2,0.5,hub_09,pcglasso,C,1.2328467394420646e-7,0.07700000000113505,84.65735929685624
100,0.2,0.5,hub_09,pcglasso,C,4.328761281083054e-7,0.07600000000093132,84.65735929685624
100,0.2,0.5,hub_09,pcglasso,C,1.5199110829529328e-6,0.07749999999941792,84.65735929685624
100,0.2,0.5,hub_09,pcglasso,C,5.336699231206308e-6,0.07799999999861029,84.65735929685624
100,0.2,0.5,hub_09,pcglasso,C,1.873817422860384e-5,0.07800000000133878,84.65736233412987
100,0.2,0.5,hub_09,pcglasso,C,6.579332246575681e-5,0.05800000000090222,84.6578989556464
100,0.2,0.5,hub_09,pcglasso,C,2.310129700083161e-4,0.05400000000008731,84.66351451056987
100,0.2,0.5,hub_09,pcglasso,C,8.11130830789687e-4,0.03800000000046566,84.69637270942061
100,0.2,0.5,hub_09,pcglasso,C,0.0028480358684358,0.02700000000004365,116.09000430119882
100,0.2,0.5,hub_09,pcglasso,C,0.01,0.02400000000125146,116.51035188327975
100,0.2,0.5,hub_09,pcglasso,I,9.999999999999982e-9,0.02000000000043655,84.65735902819696
100,0.2,0.5,hub_09,pcglasso,I,3.5111917342151263e-8,0.01699999999982537,84.6573590304437
100,0.2,0.5,hub_09,pcglasso,I,1.2328467394420646e-7,0.014000000001942675,84.65735905796593
100,0.2,0.5,hub_09,pcglasso,I,4.328761281083054e-7,0.01199999999880674,84.65735939511478
100,0.2,0.5,hub_09,pcglasso,I,1.5199110829529328e-6,0.01199999999880674,84.65735939511478
100,0.2,0.5,hub_09,pcglasso,I,5.336699231206308e-6,0.01199999999880674,84.65735939511478
100,0.2,0.5,hub_09,pcglasso,I,1.873817422860384e-5,0.01199999999880674,84.65735939511478
100,0.2,0.5,hub_09,pcglasso,I,6.579332246575681e-5,0.01199999999880674,84.65736352512859
100,0.2,0.5,hub_09,pcglasso,I,2.310129700083161e-4,0.01699999999982537,84.65741412036513
100,0.2,0.5,hub_09,pcglasso,I,8.11130830789687e-4,0.00900000000001455,84.66562975615322
100,0.2,0.5,hub_09,pcglasso,I,0.0028480358684358,0.00899999999819556,84.75849755670627
100,0.2,0.5,hub_09,pcglasso,I,0.01,0.008499999999912685,85.90789174038468
100,0.2,0.5,hub_09,pcglassoFast_Dual,C,9.999999999999982e-9,0.02199999999720603,84.65735902799726
100,0.2,0.5,hub_09,pcglassoFast_Dual,C,3.5111917342151263e-8,0.02100000000064028,84.65735902799726
100,0.2,0.5,hub_09,pcglassoFast_Dual,C,1.2328467394420646e-7,0.02100000000064028,84.65735902799726
100,0.2,0.5,hub_09,pcglassoFast_Dual,C,4.328761281083054e-7,0.02100000000064028,84.65735902799726
100,0.2,0.5,hub_09,pcglassoFast_Dual,C,1.5199110829529328e-6,0.02100000000064028,84.65735902799726
100,0.2,0.5,hub_09,pcglassoFast_Dual,C,5.336699231206308e-6,0.02100000000064028,84.65735902799726
100,0.2,0.5,hub_09,pcglassoFast_Dual,C,1.873817422860384e-5,0.02100000000064028,84.65735902799726
100,0.2,0.5,hub_09,pcglassoFast_Dual,C,6.579332246575681e-5,0.02100000000064028,84.65735902799726
100,0.2,0.5,hub_09,pcglassoFast_Dual,C,2.310129700083161e-4,0.02100000000064028,84.65735902799726
100,0.2,0.5,hub_09,pcglassoFast_Dual,C,8.11130830789687e-4,0.01900000000023283,84.65735902799727
100,0.2,0.5,hub_09,pcglassoFast_Dual,C,0.0028480358684358,0.01900000000023283,84.65735902799727
100,0.2,0.5,hub_09,pcglassoFast_Dual,C,0.01,0.01900000000023283,84.65735902799727
100,0.2,0.5,hub_09,pcglassoFast_Dual,I,9.999999999999982e-9,0.00900000000001455,84.65735902799727
100,0.2,0.5,hub_09,pcglassoFast_Dual,I,3.5111917342151263e-8,0.00900000000001455,84.65735902799727
100,0.2,0.5,hub_09,pcglassoFast_Dual,I,1.2328467394420646e-7,0.00900000000183354,84.65735902799727
100,0.2,0.5,hub_09,pcglassoFast_Dual,I,4.328761281083054e-7,0.00899999999819556,84.65735902799727
100,0.2,0.5,hub_09,pcglassoFast_Dual,I,1.5199110829529328e-6,0.00900000000001455,84.65735902799727
100,0.2,0.5,hub_09,pcglassoFast_Dual,I,5.336699231206308e-6,0.00900000000001455,84.65735902799727
100,0.2,0.5,hub_09,pcglassoFast_Dual,I,1.873817422860384e-5,0.00900000000001455,84.65735902799727
100,0.2,0.5,hub_09,pcglassoFast_Dual,I,6.579332246575681e-5,0.00899999999819556,84.65735902799727
100,0.2,0.5,hub_09,pcglassoFast_Dual,I,2.310129700083161e-4,0.00900000000001455,84.65735902799727
100,0.2,0.5,hub_09,pcglassoFast_Dual,I,8.11130830789687e-4,0.00900000000001455,84.65735902799727
100,0.2,0.5,hub_09,pcglassoFast_Dual,I,0.0028480358684358,0.00900000000001455,84.65735902799727
100,0.2,0.5,hub_09,pcglassoFast_Dual,I,0.01,0.00900000000001455,84.65735902799727
100,0.2,0.5,hub_09,pcglassoFast_Primal,C,9.999999999999982e-9,0.0680000000011205,84.65735902799726
100,0.2,0.5,hub_09,pcglassoFast_Primal,C,3.5111917342151263e-8,0.06900000000041473,84.65735902799726
100,0.2,0.5,hub_09,pcglassoFast_Primal,C,1.2328467394420646e-7,0.06700000000091677,84.65735902799726
100,0.2,0.5,hub_09,pcglassoFast_Primal,C,4.328761281083054e-7,0.06699999999909778,84.65735902799726
100,0.2,0.5,hub_09,pcglassoFast_Primal,C,1.5199110829529328e-6,0.1915000000008149,84.65735902799726
100,0.2,0.5,hub_09,pcglassoFast_Primal,C,5.336699231206308e-6,0.06799999999930151,84.65735902799726
100,0.2,0.5,hub_09,pcglassoFast_Primal,C,1.873817422860384e-5,0.06799999999930151,84.65735902799726
100,0.2,0.5,hub_09,pcglassoFast_Primal,C,6.579332246575681e-5,0.06799999999930151,84.65735902799726
100,0.2,0.5,hub_09,pcglassoFast_Primal,C,2.310129700083161e-4,0.06799999999930151,84.65735902799726
100,0.2,0.5,hub_09,pcglassoFast_Primal,C,8.11130830789687e-4,0.06000000000130967,84.65735902799727
100,0.2,0.5,hub_09,pcglassoFast_Primal,C,0.0028480358684358,0.06000000000130967,84.65735902799727
100,0.2,0.5,hub_09,pcglassoFast_Primal,C,0.01,0.05900000000110594,84.65735902799727
100,0.2,0.5,hub_09,pcglassoFast_Primal,I,9.999999999999982e-9,0.02000000000043655,84.65735902799727
100,0.2,0.5,hub_09,pcglassoFast_Primal,I,3.5111917342151263e-8,0.0209999999970023,84.65735902799727
100,0.2,0.5,hub_09,pcglassoFast_Primal,I,1.2328467394420646e-7,0.02000000000043655,84.65735902799727
100,0.2,0.5,hub_09,pcglassoFast_Primal,I,4.328761281083054e-7,0.02099999999882129,84.65735902799727
100,0.2,0.5,hub_09,pcglassoFast_Primal,I,1.5199110829529328e-6,0.02000000000043655,84.65735902799727
100,0.2,0.5,hub_09,pcglassoFast_Primal,I,5.336699231206308e-6,0.02000000000043655,84.65735902799727
100,0.2,0.5,hub_09,pcglassoFast_Primal,I,1.873817422860384e-5,0.02600000000165892,84.65735902799727
100,0.2,0.5,hub_09,pcglassoFast_Primal,I,6.579332246575681e-5,0.02000000000043655,84.65735902799727
100,0.2,0.5,hub_09,pcglassoFast_Primal,I,2.310129700083161e-4,0.02000000000043655,84.65735902799727
100,0.2,0.5,hub_09,pcglassoFast_Primal,I,8.11130830789687e-4,0.02000000000043655,84.65735902799727
100,0.2,0.5,hub_09,pcglassoFast_Primal,I,0.0028480358684358,0.02000000000043655,84.65735902799727
100,0.2,0.5,hub_09,pcglassoFast_Primal,I,0.01,0.02000000000043655,84.65735902799727
100,0.2,0.5,hub_1,pcglasso,C,9.999999999999982e-9,0.9470000000001164,55.11620330746095
100,0.2,0.5,hub_1,pcglasso,C,3.5111917342151263e-8,0.8679999999985739,55.11620373121781
100,0.2,0.5,hub_1,pcglasso,C,1.2328467394420646e-7,0.801499999999578,55.11620624178608
100,0.2,0.5,hub_1,pcglasso,C,4.328761281083054e-7,0.7005000000008295,55.1163789373094
100,0.2,0.5,hub_1,pcglasso,C,1.5199110829529328e-6,0.7044999999998254,55.1163789373094
100,0.2,0.5,hub_1,pcglasso,C,5.336699231206308e-6,0.6850000000013097,55.11652508739117
100,0.2,0.5,hub_1,pcglasso,C,1.873817422860384e-5,0.4589999999989232,55.143717775525054
100,0.2,0.5,hub_1,pcglasso,C,6.579332246575681e-5,0.46150000000125146,55.52276842789242
100,0.2,0.5,hub_1,pcglasso,C,2.310129700083161e-4,0.5159999999996217,55.15019363298768
100,0.2,0.5,hub_1,pcglasso,C,8.11130830789687e-4,0.7139999999999418,69.53147636602473
100,0.2,0.5,hub_1,pcglasso,C,0.0028480358684358,0.12199999999938882,220.71970933276592
100,0.2,0.5,hub_1,pcglasso,C,0.01,0.1290000000008149,220.71970933276592
100,0.2,0.5,hub_1,pcglasso,I,9.999999999999982e-9,0.8690000000005966,55.11620335920471
100,0.2,0.5,hub_1,pcglasso,I,3.5111917342151263e-8,0.8904999999995198,55.11620335920471
100,0.2,0.5,hub_1,pcglasso,I,1.2328467394420646e-7,0.9180000000014844,55.11620567015768
100,0.2,0.5,hub_1,pcglasso,I,4.328761281083054e-7,0.6820000000006985,55.11671474311839
100,0.2,0.5,hub_1,pcglasso,I,1.5199110829529328e-6,0.6849999999976717,55.11671474311839
100,0.2,0.5,hub_1,pcglasso,I,5.336699231206308e-6,0.6195000000006985,55.117824438612566
100,0.2,0.5,hub_1,pcglasso,I,1.873817422860384e-5,0.5375000000003638,55.129239988916645
100,0.2,0.5,hub_1,pcglasso,I,6.579332246575681e-5,0.3899999999994179,55.39459775803746
100,0.2,0.5,hub_1,pcglasso,I,2.310129700083161e-4,0.23400000000037835,56.00443439612253
100,0.2,0.5,hub_1,pcglasso,I,8.11130830789687e-4,0.06799999999930151,67.39395035530193
100,0.2,0.5,hub_1,pcglasso,I,0.0028480358684358,0.04199999999764259,67.82713297847951
100,0.2,0.5,hub_1,pcglasso,I,0.01,0.05050000000119326,65.79713596835123
100,0.2,0.5,hub_1,pcglassoFast_Dual,C,9.999999999999982e-9,0.6309999999984939,55.11620330467411
100,0.2,0.5,hub_1,pcglassoFast_Dual,C,3.5111917342151263e-8,0.5729999999966822,55.11620331746893
100,0.2,0.5,hub_1,pcglassoFast_Dual,C,1.2328467394420646e-7,0.4390000000003056,55.116203325341225
100,0.2,0.5,hub_1,pcglassoFast_Dual,C,4.328761281083054e-7,0.3899999999994179,55.11620338698557
100,0.2,0.5,hub_1,pcglassoFast_Dual,C,1.5199110829529328e-6,0.37550000000010186,55.11620408987906
100,0.2,0.5,hub_1,pcglassoFast_Dual,C,5.336699231206308e-6,0.35499999999956344,55.11620407691816
100,0.2,0.5,hub_1,pcglassoFast_Dual,C,1.873817422860384e-5,0.32700000000113505,55.11620842315487
100,0.2,0.5,hub_1,pcglassoFast_Dual,C,6.579332246575681e-5,0.3890000000010332,55.11622335213763
100,0.2,0.5,hub_1,pcglassoFast_Dual,C,2.310129700083161e-4,0.25649999999950523,55.11623585378439
100,0.2,0.5,hub_1,pcglassoFast_Dual,C,8.11130830789687e-4,0.2180000000007567,55.117103171978066
100,0.2,0.5,hub_1,pcglassoFast_Dual,C,0.0028480358684358,0.18699999999989814,55.1185568113698
100,0.2,0.5,hub_1,pcglassoFast_Dual,C,0.01,0.18500000000130967,55.121231694384264
100,0.2,0.5,hub_1,pcglassoFast_Dual,I,9.999999999999982e-9,0.6295000000000073,55.11620330027951
100,0.2,0.5,hub_1,pcglassoFast_Dual,I,3.5111917342151263e-8,0.6040000000020882,55.11620330269134
100,0.2,0.5,hub_1,pcglassoFast_Dual,I,1.2328467394420646e-7,0.6604999999999563,55.11620335745801
100,0.2,0.5,hub_1,pcglassoFast_Dual,I,4.328761281083054e-7,0.5119999999988067,55.11620342019734
100,0.2,0.5,hub_1,pcglassoFast_Dual,I,1.5199110829529328e-6,0.5069999999996071,55.116203545545446
100,0.2,0.5,hub_1,pcglassoFast_Dual,I,5.336699231206308e-6,0.5069999999996071,55.116203545545446
100,0.2,0.5,hub_1,pcglassoFast_Dual,I,1.873817422860384e-5,0.49099999999816646,55.11620494153592
100,0.2,0.5,hub_1,pcglassoFast_Dual,I,6.579332246575681e-5,0.536999999998443,55.11626684325966
100,0.2,0.5,hub_1,pcglassoFast_Dual,I,2.310129700083161e-4,0.4094999999997526,55.11628109041429
100,0.2,0.5,hub_1,pcglassoFast_Dual,I,8.11130830789687e-4,0.3719999999993888,55.11650835910027
100,0.2,0.5,hub_1,pcglassoFast_Dual,I,0.0028480358684358,0.3600000000005821,55.11718671776574
100,0.2,0.5,hub_1,pcglassoFast_Dual,I,0.01,0.3219999999992069,55.121879417848056
100,0.2,0.5,hub_1,pcglassoFast_Primal,C,9.999999999999982e-9,7.032999999999447,55.11620400338198
100,0.2,0.5,hub_1,pcglassoFast_Primal,C,3.5111917342151263e-8,5.670500000000175,55.11620520700402
100,0.2,0.5,hub_1,pcglassoFast_Primal,C,1.2328467394420646e-7,5.028000000000247,55.11620353084015
100,0.2,0.5,hub_1,pcglassoFast_Primal,C,4.328761281083054e-7,4.3585000000020955,55.11620348055436
100,0.2,0.5,hub_1,pcglassoFast_Primal,C,1.5199110829529328e-6,3.5305000000025757,55.11620357166102
100,0.2,0.5,hub_1,pcglassoFast_Primal,C,5.336699231206308e-6,2.842000000000553,55.116271194691386
100,0.2,0.5,hub_1,pcglassoFast_Primal,C,1.873817422860384e-5,2.0285000000021682,55.1165267868824
100,0.2,0.5,hub_1,pcglassoFast_Primal,C,6.579332246575681e-5,1.3609999999989668,55.11633730463024
100,0.2,0.5,hub_1,pcglassoFast_Primal,C,2.310129700083161e-4,0.8110000000015134,55.118291872841155
100,0.2,0.5,hub_1,pcglassoFast_Primal,C,8.11130830789687e-4,0.4099999999998545,55.11663934823111
100,0.2,0.5,hub_1,pcglassoFast_Primal,C,0.0028480358684358,0.2360000000007858,55.121943687516264
100,0.2,0.5,hub_1,pcglassoFast_Primal,C,0.01,0.12199999999938882,55.34061021831885
100,0.2,0.5,hub_1,pcglassoFast_Primal,I,9.999999999999982e-9,7.610499999998865,55.1162040077368
100,0.2,0.5,hub_1,pcglassoFast_Primal,I,3.5111917342151263e-8,6.487500000001091,55.11620450233297
100,0.2,0.5,hub_1,pcglassoFast_Primal,I,1.2328467394420646e-7,5.583999999998923,55.11620565166207
100,0.2,0.5,hub_1,pcglassoFast_Primal,I,4.328761281083054e-7,4.892500000001746,55.116203948680344
100,0.2,0.5,hub_1,pcglassoFast_Primal,I,1.5199110829529328e-6,4.1635000000005675,55.116206448979575
100,0.2,0.5,hub_1,pcglassoFast_Primal,I,5.336699231206308e-6,3.393500000000131,55.11626678500313
100,0.2,0.5,hub_1,pcglassoFast_Primal,I,1.873817422860384e-5,2.705500000000029,55.11638044855111
100,0.2,0.5,hub_1,pcglassoFast_Primal,I,6.579332246575681e-5,2.0830000000005384,55.11626408532679
100,0.2,0.5,hub_1,pcglassoFast_Primal,I,2.310129700083161e-4,1.5244999999995343,55.11853823311257
100,0.2,0.5,hub_1,pcglassoFast_Primal,I,8.11130830789687e-4,0.948499999998603,55.126627858984
100,0.2,0.5,hub_1,pcglassoFast_Primal,I,0.0028480358684358,0.5715000000000146,55.123390652167075
100,0.2,0.5,hub_1,pcglassoFast_Primal,I,0.01,0.27599999999802094,55.39463293469001
100,0.2,0.5,random,pcglasso,C,9.999999999999982e-9,0.7520000000004075,83.89820777531587
100,0.2,0.5,random,pcglasso,C,3.5111917342151263e-8,0.5384999999987485,83.89820778175556
100,0.2,0.5,random,pcglasso,C,1.2328467394420646e-7,0.4929999999985739,83.8982078263855
100,0.2,0.5,random,pcglasso,C,4.328761281083054e-7,0.47999999999956344,83.89820796750722
100,0.2,0.5,random,pcglasso,C,1.5199110829529328e-6,0.44650000000001455,83.89821800833201
100,0.2,0.5,random,pcglasso,C,5.336699231206308e-6,0.41749999999956344,83.8982357633222
100,0.2,0.5,random,pcglasso,C,1.873817422860384e-5,0.29799999999886495,83.89878584232918
100,0.2,0.5,random,pcglasso,C,6.579332246575681e-5,0.3114999999997963,83.90377599201099
100,0.2,0.5,random,pcglasso,C,2.310129700083161e-4,0.11900000000059663,83.97394044769162
100,0.2,0.5,random,pcglasso,C,8.11130830789687e-4,0.08799999999973807,84.31636019044944
100,0.2,0.5,random,pcglasso,C,0.0028480358684358,0.02600000000165892,145.57704396310552
100,0.2,0.5,random,pcglasso,C,0.01,0.0249999999996362,147.1716962980969
100,0.2,0.5,random,pcglasso,I,9.999999999999982e-9,0.6000000000003638,83.89820777579183
100,0.2,0.5,random,pcglasso,I,3.5111917342151263e-8,0.4059999999990396,83.89820778301439
100,0.2,0.5,random,pcglasso,I,1.2328467394420646e-7,0.3850000000002183,83.89820779012355
100,0.2,0.5,random,pcglasso,I,4.328761281083054e-7,0.3539999999993597,83.89820837569616
100,0.2,0.5,random,pcglasso,I,1.5199110829529328e-6,0.4390000000012151,83.89821373746068
100,0.2,0.5,random,pcglasso,I,5.336699231206308e-6,0.29799999999977445,83.89825146517958
100,0.2,0.5,random,pcglasso,I,1.873817422860384e-5,0.20200000000113505,83.89898448164594
100,0.2,0.5,random,pcglasso,I,6.579332246575681e-5,0.12700000000040745,83.90303474240125
100,0.2,0.5,random,pcglasso,I,2.310129700083161e-4,0.06599999999889405,83.92851340891993
100,0.2,0.5,random,pcglasso,I,8.11130830789687e-4,0.02599999999983993,84.00424443031575
100,0.2,0.5,random,pcglasso,I,0.0028480358684358,0.02500000000145519,83.95461987295369
100,0.2,0.5,random,pcglasso,I,0.01,0.02000000000043655,84.1039905724557
100,0.2,0.5,random,pcglassoFast_Dual,C,9.999999999999982e-9,0.04399999999986903,83.89820777783795
100,0.2,0.5,random,pcglassoFast_Dual,C,3.5111917342151263e-8,0.0429999999996653,83.89820777783795
100,0.2,0.5,random,pcglassoFast_Dual,C,1.2328467394420646e-7,0.04000000000087311,83.89820778492111
100,0.2,0.5,random,pcglassoFast_Dual,C,4.328761281083054e-7,0.03800000000046566,83.89820782823402
100,0.2,0.5,random,pcglassoFast_Dual,C,1.5199110829529328e-6,0.03600000000005821,83.89820806478674
100,0.2,0.5,random,pcglassoFast_Dual,C,5.336699231206308e-6,0.03499999999985448,83.89820916474595
100,0.2,0.5,random,pcglassoFast_Dual,C,1.873817422860384e-5,0.0319999999992433,83.89821260585299
100,0.2,0.5,random,pcglassoFast_Dual,C,6.579332246575681e-5,0.0290000000022701,83.89822277851971
100,0.2,0.5,random,pcglassoFast_Dual,C,2.310129700083161e-4,0.02799999999842839,83.89824911428722
100,0.2,0.5,random,pcglassoFast_Dual,C,8.11130830789687e-4,0.02799999999842839,83.89824911428722
100,0.2,0.5,random,pcglassoFast_Dual,C,0.0028480358684358,0.1445000000003347,83.89842430097977
100,0.2,0.5,random,pcglassoFast_Dual,C,0.01,0.02500000000145519,83.89842430097977
100,0.2,0.5,random,pcglassoFast_Dual,I,9.999999999999982e-9,0.03800000000046566,83.89820777665201
100,0.2,0.5,random,pcglassoFast_Dual,I,3.5111917342151263e-8,0.03600000000005821,83.8982077815949
100,0.2,0.5,random,pcglassoFast_Dual,I,1.2328467394420646e-7,0.03399999999965075,83.8982077988009
100,0.2,0.5,random,pcglassoFast_Dual,I,4.328761281083054e-7,0.03700000000026193,83.89820785088554
100,0.2,0.5,random,pcglassoFast_Dual,I,1.5199110829529328e-6,0.03000000000247382,83.89820800425343
100,0.2,0.5,random,pcglassoFast_Dual,I,5.336699231206308e-6,0.02700000000186264,83.89820848692186
100,0.2,0.5,random,pcglassoFast_Dual,I,1.873817422860384e-5,0.02500000000145519,83.8982107779422
100,0.2,0.5,random,pcglassoFast_Dual,I,6.579332246575681e-5,0.02500000000145519,83.8982107779422
100,0.2,0.5,random,pcglassoFast_Dual,I,2.310129700083161e-4,0.02300000000104773,83.898225368185
100,0.2,0.5,random,pcglassoFast_Dual,I,8.11130830789687e-4,0.02600000000165892,83.89833026271542
100,0.2,0.5,random,pcglassoFast_Dual,I,0.0028480358684358,0.01900000000023283,83.89889405632984
100,0.2,0.5,random,pcglassoFast_Dual,I,0.01,0.01599999999962165,83.901353156805
100,0.2,0.5,random,pcglassoFast_Primal,C,9.999999999999982e-9,0.2000000000007276,83.8982077787137
100,0.2,0.5,random,pcglassoFast_Primal,C,3.5111917342151263e-8,0.1819999999988795,83.89820779379534
100,0.2,0.5,random,pcglassoFast_Primal,C,1.2328467394420646e-7,0.17300000000068394,83.89820782161509
100,0.2,0.5,random,pcglassoFast_Primal,C,4.328761281083054e-7,0.16300000000046566,83.89820789025455
100,0.2,0.5,random,pcglassoFast_Primal,C,1.5199110829529328e-6,0.14600000000064028,83.89820851055964
100,0.2,0.5,random,pcglassoFast_Primal,C,5.336699231206308e-6,0.13799999999901047,83.89820967669984
100,0.2,0.5,random,pcglassoFast_Primal,C,1.873817422860384e-5,0.1290000000008149,83.89821269969194
100,0.2,0.5,random,pcglassoFast_Primal,C,6.579332246575681e-5,0.11200000000098952,83.898241267785
100,0.2,0.5,random,pcglassoFast_Primal,C,2.310129700083161e-4,0.10900000000037836,83.89829611195118
100,0.2,0.5,random,pcglassoFast_Primal,C,8.11130830789687e-4,0.10099999999874854,83.8984438751228
100,0.2,0.5,random,pcglassoFast_Primal,C,0.0028480358684358,0.08599999999933061,83.89885316982594
100,0.2,0.5,random,pcglassoFast_Primal,C,0.01,0.07700000000113505,83.90002539124559
100,0.2,0.5,random,pcglassoFast_Primal,I,9.999999999999982e-9,0.16649999999935972,83.89820778199176
100,0.2,0.5,random,pcglassoFast_Primal,I,3.5111917342151263e-8,0.15750000000116415,83.8982077910989
100,0.2,0.5,random,pcglassoFast_Primal,I,1.2328467394420646e-7,0.14800000000104774,83.898207815003
100,0.2,0.5,random,pcglassoFast_Primal,I,4.328761281083054e-7,0.1389999999992142,83.89820802004543
100,0.2,0.5,random,pcglassoFast_Primal,I,1.5199110829529328e-6,0.125,83.89820838032193
100,0.2,0.5,random,pcglassoFast_Primal,I,5.336699231206308e-6,0.11700000000018917,83.89820933953465
100,0.2,0.5,random,pcglassoFast_Primal,I,1.873817422860384e-5,0.10599999999976716,83.89821794218284
100,0.2,0.5,random,pcglassoFast_Primal,I,6.579332246575681e-5,0.09299999999711872,83.89823313015253
100,0.2,0.5,random,pcglassoFast_Primal,I,2.310129700083161e-4,0.07699999999931606,83.89836303617541
100,0.2,0.5,random,pcglassoFast_Primal,I,8.11130830789687e-4,0.06899999999950523,83.89859115601689
100,0.2,0.5,random,pcglassoFast_Primal,I,0.0028480358684358,0.06000000000130967,83.89915221116692
100,0.2,0.5,random,pcglassoFast_Primal,I,0.01,0.04399999999986903,83.90412102981757
150,0.1,0,AR2,pcglasso,C,9.999999999999982e-9,2.0559999999995853,122.2517889867493
150,0.1,0,AR2,pcglasso,C,3.5111917342151263e-8,1.7119999999995343,122.25178934746154
150,0.1,0,AR2,pcglasso,C,1.2328467394420646e-7,1.630500000000211,122.25178939237664
150,0.1,0,AR2,pcglasso,C,4.328761281083054e-7,1.3674999999993815,122.25179099507272
150,0.1,0,AR2,pcglasso,C,1.5199110829529328e-6,1.3870000000006255,122.25182679861618
150,0.1,0,AR2,pcglasso,C,5.336699231206308e-6,1.1520000000000437,122.25220571749742
150,0.1,0,AR2,pcglasso,C,1.873817422860384e-5,0.9360000000006039,122.25791992171966
150,0.1,0,AR2,pcglasso,C,6.579332246575681e-5,0.5434999999997672,122.33290877267667
150,0.1,0,AR2,pcglasso,C,2.310129700083161e-4,0.28399999999965075,124.77333631358503
150,0.1,0,AR2,pcglasso,C,8.11130830789687e-4,0.12099999999918508,141.45634290358632
150,0.1,0,AR2,pcglasso,C,0.0028480358684358,0.09100000000034925,171.6868831622352
150,0.1,0,AR2,pcglasso,C,0.01,0.08299999999871943,153.67987407319305
150,0.1,0,AR2,pcglasso,I,9.999999999999982e-9,1.8035000000008947,122.25178897533706
150,0.1,0,AR2,pcglasso,I,3.5111917342151263e-8,1.4099999999998545,122.25178915761384
150,0.1,0,AR2,pcglasso,I,1.2328467394420646e-7,1.272000000000844,122.2517894316504
150,0.1,0,AR2,pcglasso,I,4.328761281083054e-7,1.0515000000004875,122.25179272761486
150,0.1,0,AR2,pcglasso,I,1.5199110829529328e-6,0.949000000000524,122.25182841829928
150,0.1,0,AR2,pcglasso,I,5.336699231206308e-6,0.8385000000016589,122.25234264304552
150,0.1,0,AR2,pcglasso,I,1.873817422860384e-5,0.5844999999999345,122.25968424392548
150,0.1,0,AR2,pcglasso,I,6.579332246575681e-5,0.4029999999984284,122.28153362015014
150,0.1,0,AR2,pcglasso,I,2.310129700083161e-4,0.2510000000002037,122.55280471408297
150,0.1,0,AR2,pcglasso,I,8.11130830789687e-4,0.113999999997759,125.86094457486664
150,0.1,0,AR2,pcglasso,I,0.0028480358684358,0.07300000000032014,126.22923954293194
150,0.1,0,AR2,pcglasso,I,0.01,0.07300000000032014,126.22923954293194
150,0.1,0,AR2,pcglassoFast_Dual,C,9.999999999999982e-9,0.22100000000045839,122.25178896977562
150,0.1,0,AR2,pcglassoFast_Dual,C,3.5111917342151263e-8,0.20949999999993452,122.25178897412864
150,0.1,0,AR2,pcglassoFast_Dual,C,1.2328467394420646e-7,0.2039999999997235,122.25178898831057
150,0.1,0,AR2,pcglassoFast_Dual,C,4.328761281083054e-7,0.1679999999996653,122.25178903066968
150,0.1,0,AR2,pcglassoFast_Dual,C,1.5199110829529328e-6,0.1695000000008804,122.25178916508987
150,0.1,0,AR2,pcglassoFast_Dual,C,5.336699231206308e-6,0.15999999999985448,122.25178967888522
150,0.1,0,AR2,pcglassoFast_Dual,C,1.873817422860384e-5,0.14899999999761349,122.25179171615189
150,0.1,0,AR2,pcglassoFast_Dual,C,6.579332246575681e-5,0.14600000000064028,122.2517986839391
150,0.1,0,AR2,pcglassoFast_Dual,C,2.310129700083161e-4,0.14099999999962165,122.25182611081716
150,0.1,0,AR2,pcglassoFast_Dual,C,8.11130830789687e-4,0.136000000000422,122.25195158657
150,0.1,0,AR2,pcglassoFast_Dual,C,0.0028480358684358,0.12800000000061118,122.25247193406295
150,0.1,0,AR2,pcglassoFast_Dual,C,0.01,0.11900000000059664,122.2548926562164
150,0.1,0,AR2,pcglassoFast_Dual,I,9.999999999999982e-9,0.16150000000016007,122.25178897190132
150,0.1,0,AR2,pcglassoFast_Dual,I,3.5111917342151263e-8,0.27700000000004366,122.25178898080335
150,0.1,0,AR2,pcglassoFast_Dual,I,1.2328467394420646e-7,0.1349999999983993,122.25178898080335
150,0.1,0,AR2,pcglassoFast_Dual,I,4.328761281083054e-7,0.12600000000020373,122.25178914239348
150,0.1,0,AR2,pcglassoFast_Dual,I,1.5199110829529328e-6,0.11999999999898137,122.25178914239348
150,0.1,0,AR2,pcglassoFast_Dual,I,5.336699231206308e-6,0.11299999999937428,122.25178957512192
150,0.1,0,AR2,pcglassoFast_Dual,I,1.873817422860384e-5,0.1069999999999709,122.25179128077468
150,0.1,0,AR2,pcglassoFast_Dual,I,6.579332246575681e-5,0.10099999999874854,122.25179904551332
150,0.1,0,AR2,pcglassoFast_Dual,I,2.310129700083161e-4,0.08899999999994179,122.25200236843718
150,0.1,0,AR2,pcglassoFast_Dual,I,8.11130830789687e-4,0.2000000000007276,122.25183945642358
150,0.1,0,AR2,pcglassoFast_Dual,I,0.0028480358684358,0.19550000000162981,122.2520346698146
150,0.1,0,AR2,pcglassoFast_Dual,I,0.01,0.07099999999991269,122.25604484437513
150,0.1,0,AR2,pcglassoFast_Primal,C,9.999999999999982e-9,0.716999999998734,122.25178897293452
150,0.1,0,AR2,pcglassoFast_Primal,C,3.5111917342151263e-8,0.6899999999995998,122.25178897994066
150,0.1,0,AR2,pcglassoFast_Primal,C,1.2328467394420646e-7,0.6610000000000582,122.2517890027098
150,0.1,0,AR2,pcglassoFast_Primal,C,4.328761281083054e-7,0.532999999999447,122.25178906696952
150,0.1,0,AR2,pcglassoFast_Primal,C,1.5199110829529328e-6,0.5145000000002256,122.25178925017512
150,0.1,0,AR2,pcglassoFast_Primal,C,5.336699231206308e-6,0.4830000000001746,122.25178982012088
150,0.1,0,AR2,pcglassoFast_Primal,C,1.873817422860384e-5,0.4219999999986612,122.25179701075892
150,0.1,0,AR2,pcglassoFast_Primal,C,6.579332246575681e-5,0.39399999999841384,122.25181399425846
150,0.1,0,AR2,pcglassoFast_Primal,C,2.310129700083161e-4,0.36850000000049477,122.25186791089848
150,0.1,0,AR2,pcglassoFast_Primal,C,8.11130830789687e-4,0.3400000000001455,122.25203975993526
150,0.1,0,AR2,pcglassoFast_Primal,C,0.0028480358684358,0.4239999999990687,122.25258929477168
150,0.1,0,AR2,pcglassoFast_Primal,C,0.01,0.2944999999999709,122.25436875421642
150,0.1,0,AR2,pcglassoFast_Primal,I,9.999999999999982e-9,0.6990000000005239,122.25178897336836
150,0.1,0,AR2,pcglassoFast_Primal,I,3.5111917342151263e-8,0.6679999999996653,122.25178898043217
150,0.1,0,AR2,pcglassoFast_Primal,I,1.2328467394420646e-7,0.5579999999999927,122.25178899689908
150,0.1,0,AR2,pcglassoFast_Primal,I,4.328761281083054e-7,0.5149999999994179,122.25178904987824
150,0.1,0,AR2,pcglassoFast_Primal,I,1.5199110829529328e-6,0.4609999999993306,122.251789668251
150,0.1,0,AR2,pcglassoFast_Primal,I,5.336699231206308e-6,0.4319999999988795,122.2517910901164
150,0.1,0,AR2,pcglassoFast_Primal,I,1.873817422860384e-5,0.4039999999986321,122.25179555208295
150,0.1,0,AR2,pcglassoFast_Primal,I,6.579332246575681e-5,0.37700000000040745,122.2518095257575
150,0.1,0,AR2,pcglassoFast_Primal,I,2.310129700083161e-4,0.35450000000128057,122.25185403512576
150,0.1,0,AR2,pcglassoFast_Primal,I,8.11130830789687e-4,0.32150000000001455,122.25199707344814
150,0.1,0,AR2,pcglassoFast_Primal,I,0.0028480358684358,0.29499999999916326,122.25246038629383
150,0.1,0,AR2,pcglassoFast_Primal,I,0.01,0.2725000000009459,122.2539761548077
150,0.1,0,hub_09,pcglasso,C,9.999999999999982e-9,1.3175000000001091,146.1006194970776
150,0.1,0,hub_09,pcglasso,C,3.5111917342151263e-8,1.2874999999985448,146.10061949659644
150,0.1,0,hub_09,pcglasso,C,1.2328467394420646e-7,1.1644999999998618,146.10061950333164
150,0.1,0,hub_09,pcglasso,C,4.328761281083054e-7,0.97400000000016,146.10061954269784
150,0.1,0,hub_09,pcglasso,C,1.5199110829529328e-6,0.7860000000000582,146.1006300576814
150,0.1,0,hub_09,pcglasso,C,5.336699231206308e-6,0.7485000000006039,146.10063640797
150,0.1,0,hub_09,pcglasso,C,1.873817422860384e-5,0.5820000000003347,146.10081784381083
150,0.1,0,hub_09,pcglasso,C,6.579332246575681e-5,0.5429999999996653,146.1081602409007
150,0.1,0,hub_09,pcglasso,C,2.310129700083161e-4,0.3150000000023283,146.14374530355482
150,0.1,0,hub_09,pcglasso,C,8.11130830789687e-4,0.19499999999970896,148.4858214187936
150,0.1,0,hub_09,pcglasso,C,0.0028480358684358,0.06499999999959982,185.53566104237592
150,0.1,0,hub_09,pcglasso,C,0.01,0.06999999999970896,185.53566104237592
150,0.1,0,hub_09,pcglasso,I,9.999999999999982e-9,1.2229999999999563,146.1006194949251
150,0.1,0,hub_09,pcglasso,I,3.5111917342151263e-8,1.2070000000003347,146.10061950724352
150,0.1,0,hub_09,pcglasso,I,1.2328467394420646e-7,0.9799999999995634,146.10061950055388
150,0.1,0,hub_09,pcglasso,I,4.328761281083054e-7,0.7880000000004657,146.1006212682002
150,0.1,0,hub_09,pcglasso,I,1.5199110829529328e-6,0.7589999999991051,146.10062189398286
150,0.1,0,hub_09,pcglasso,I,5.336699231206308e-6,0.6464999999998327,146.1006333435085
150,0.1,0,hub_09,pcglasso,I,1.873817422860384e-5,0.4900000000006912,146.1006497044384
150,0.1,0,hub_09,pcglasso,I,6.579332246575681e-5,0.4710000000004584,146.1012939516482
150,0.1,0,hub_09,pcglasso,I,2.310129700083161e-4,0.17700000000058935,146.28340624271712
150,0.1,0,hub_09,pcglasso,I,8.11130830789687e-4,0.12150000000110595,146.59887918855432
150,0.1,0,hub_09,pcglasso,I,0.0028480358684358,0.12299999999959256,146.25710536662274
150,0.1,0,hub_09,pcglasso,I,0.01,0.12399999999979627,146.25710536662274
150,0.1,0,hub_09,pcglassoFast_Dual,C,9.999999999999982e-9,0.22400000000016007,146.10061949816685
150,0.1,0,hub_09,pcglassoFast_Dual,C,3.5111917342151263e-8,0.20600000000013097,146.10061951755452
150,0.1,0,hub_09,pcglassoFast_Dual,C,1.2328467394420646e-7,0.2015000000001237,146.100619545947
150,0.1,0,hub_09,pcglassoFast_Dual,C,4.328761281083054e-7,0.1679999999996653,146.10061974063854
150,0.1,0,hub_09,pcglassoFast_Dual,C,1.5199110829529328e-6,0.15099999999983993,146.1006205396178
150,0.1,0,hub_09,pcglassoFast_Dual,C,5.336699231206308e-6,0.1390000000010332,146.10062379338362
150,0.1,0,hub_09,pcglassoFast_Dual,C,1.873817422860384e-5,0.2510000000002037,146.10062857145118
150,0.1,0,hub_09,pcglassoFast_Dual,C,6.579332246575681e-5,0.12800000000061118,146.10064449226505
150,0.1,0,hub_09,pcglassoFast_Dual,C,2.310129700083161e-4,0.11799999999857393,146.1006715269165
150,0.1,0,hub_09,pcglassoFast_Dual,C,8.11130830789687e-4,0.09400000000096044,146.1018403361139
150,0.1,0,hub_09,pcglassoFast_Dual,C,0.0028480358684358,0.09399999999823194,146.10201839157293
150,0.1,0,hub_09,pcglassoFast_Dual,C,0.01,0.08400000000256114,146.10413594403974
150,0.1,0,hub_09,pcglassoFast_Dual,I,9.999999999999982e-9,0.17000000000007276,146.1006194999999
150,0.1,0,hub_09,pcglassoFast_Dual,I,3.5111917342151263e-8,0.16550000000006548,146.10061950854475
150,0.1,0,hub_09,pcglassoFast_Dual,I,1.2328467394420646e-7,0.13000000000010914,146.10061956359434
150,0.1,0,hub_09,pcglassoFast_Dual,I,4.328761281083054e-7,0.11700000000018916,146.10061979418882
150,0.1,0,hub_09,pcglassoFast_Dual,I,1.5199110829529328e-6,0.11499999999978172,146.10062011065733
150,0.1,0,hub_09,pcglassoFast_Dual,I,5.336699231206308e-6,0.10350000000016735,146.1006223751974
150,0.1,0,hub_09,pcglassoFast_Dual,I,1.873817422860384e-5,0.09500000000116415,146.10062749143358
150,0.1,0,hub_09,pcglassoFast_Dual,I,6.579332246575681e-5,0.1900000000023283,146.1006888416897
150,0.1,0,hub_09,pcglassoFast_Dual,I,2.310129700083161e-4,0.06700000000273576,146.10086331933238
150,0.1,0,hub_09,pcglassoFast_Dual,I,8.11130830789687e-4,0.06149999999979627,146.10091487504573
150,0.1,0,hub_09,pcglassoFast_Dual,I,0.0028480358684358,0.05599999999685678,146.1014458221525
150,0.1,0,hub_09,pcglassoFast_Dual,I,0.01,0.1640000000006694,146.10296132633908
150,0.1,0,hub_09,pcglassoFast_Primal,C,9.999999999999982e-9,0.4515000000001237,146.1006194939179
150,0.1,0,hub_09,pcglassoFast_Primal,C,3.5111917342151263e-8,0.4235000000007858,146.1006194994848
150,0.1,0,hub_09,pcglassoFast_Primal,C,1.2328467394420646e-7,0.4249999999992724,146.1006194994848
150,0.1,0,hub_09,pcglassoFast_Primal,C,4.328761281083054e-7,0.33399999999983265,146.1006195336791
150,0.1,0,hub_09,pcglassoFast_Primal,C,1.5199110829529328e-6,0.3350000000000364,146.1006195336791
150,0.1,0,hub_09,pcglassoFast_Primal,C,5.336699231206308e-6,0.30600000000049477,146.10061975822612
150,0.1,0,hub_09,pcglassoFast_Primal,C,1.873817422860384e-5,0.2790000000022701,146.1006215081105
150,0.1,0,hub_09,pcglassoFast_Primal,C,6.579332246575681e-5,0.27700000000004366,146.1006215081105
150,0.1,0,hub_09,pcglassoFast_Primal,C,2.310129700083161e-4,0.2510000000002037,146.10063787737292
150,0.1,0,hub_09,pcglassoFast_Primal,C,8.11130830789687e-4,0.25500000000101863,146.10063787737292
150,0.1,0,hub_09,pcglassoFast_Primal,C,0.0028480358684358,0.22600000000238651,146.10080205649734
150,0.1,0,hub_09,pcglassoFast_Primal,C,0.01,0.2249999999985448,146.10080205649734
150,0.1,0,hub_09,pcglassoFast_Primal,I,9.999999999999982e-9,0.4364999999997963,146.10061949480504
150,0.1,0,hub_09,pcglassoFast_Primal,I,3.5111917342151263e-8,0.43800000000010186,146.10061949480504
150,0.1,0,hub_09,pcglassoFast_Primal,I,1.2328467394420646e-7,0.3600000000005821,146.10061950222985
150,0.1,0,hub_09,pcglassoFast_Primal,I,4.328761281083054e-7,0.3250000000007276,146.1006195404882
150,0.1,0,hub_09,pcglassoFast_Primal,I,1.5199110829529328e-6,0.29649999999946886,146.10061971329043
150,0.1,0,hub_09,pcglassoFast_Primal,I,5.336699231206308e-6,0.2680000000000291,146.10062041172532
150,0.1,0,hub_09,pcglassoFast_Primal,I,1.873817422860384e-5,0.2680000000000291,146.10062041172532
150,0.1,0,hub_09,pcglassoFast_Primal,I,6.579332246575681e-5,0.24200000000018915,146.10062392527138
150,0.1,0,hub_09,pcglassoFast_Primal,I,2.310129700083161e-4,0.21500000000014552,146.10064591575644
150,0.1,0,hub_09,pcglassoFast_Primal,I,8.11130830789687e-4,0.2139999999999418,146.10064591575644
150,0.1,0,hub_09,pcglassoFast_Primal,I,0.0028480358684358,0.18800000000101136,146.10078965648225
150,0.1,0,hub_09,pcglassoFast_Primal,I,0.01,0.16300000000046566,146.1017861619872
150,0.1,0,hub_1,pcglasso,C,9.999999999999982e-9,20.65599999999995,51.95700743901058
150,0.1,0,hub_1,pcglasso,C,3.5111917342151263e-8,19.94799999999941,51.95700747917317
150,0.1,0,hub_1,pcglasso,C,1.2328467394420646e-7,14.171000000000276,51.95701415899048
150,0.1,0,hub_1,pcglasso,C,4.328761281083054e-7,8.379000000000815,51.95717788340445
150,0.1,0,hub_1,pcglasso,C,1.5199110829529328e-6,7.565000000000509,51.95724790095442
150,0.1,0,hub_1,pcglasso,C,5.336699231206308e-6,6.149499999999534,51.95799990897056
150,0.1,0,hub_1,pcglasso,C,1.873817422860384e-5,3.240000000000691,52.03394504375336
150,0.1,0,hub_1,pcglasso,C,6.579332246575681e-5,2.771499999997104,52.38560425872982
150,0.1,0,hub_1,pcglasso,C,2.310129700083161e-4,2.6515000000008513,52.9710830424477
150,0.1,0,hub_1,pcglasso,C,8.11130830789687e-4,0.6745000000009895,148.18927995153433
150,0.1,0,hub_1,pcglasso,C,0.0028480358684358,0.6750000000020009,148.18927995153433
150,0.1,0,hub_1,pcglasso,C,0.01,0.6755000000011933,148.18927995153433
150,0.1,0,hub_1,pcglasso,I,9.999999999999982e-9,79.50250000000051,51.95700728964792
150,0.1,0,hub_1,pcglasso,I,3.5111917342151263e-8,66.26950000000033,51.957007362148346
150,0.1,0,hub_1,pcglasso,I,1.2328467394420646e-7,46.389000000000124,51.95700796234095
150,0.1,0,hub_1,pcglasso,I,4.328761281083054e-7,35.810999999999694,51.95701495882495
150,0.1,0,hub_1,pcglasso,I,1.5199110829529328e-6,25.100499999999556,51.95713789841818
150,0.1,0,hub_1,pcglasso,I,5.336699231206308e-6,16.57549999999992,51.958685850037554
150,0.1,0,hub_1,pcglasso,I,1.873817422860384e-5,10.908499999999549,51.98085233513859
150,0.1,0,hub_1,pcglasso,I,6.579332246575681e-5,0.569999999999709,56.80369635239586
150,0.1,0,hub_1,pcglasso,I,2.310129700083161e-4,0.5430000000005748,56.89055045655257
150,0.1,0,hub_1,pcglasso,I,8.11130830789687e-4,0.6745000000009895,56.39470029585226
150,0.1,0,hub_1,pcglasso,I,0.0028480358684358,0.34100000000034925,57.22681147079192
150,0.1,0,hub_1,pcglasso,I,0.01,0.3260000000009313,58.19294418561026
150,0.1,0,hub_1,pcglassoFast_Dual,C,9.999999999999982e-9,21.223500000000058,51.95700755079873
150,0.1,0,hub_1,pcglassoFast_Dual,C,3.5111917342151263e-8,21.60450000000037,51.95700756455008
150,0.1,0,hub_1,pcglassoFast_Dual,C,1.2328467394420646e-7,17.972499999998945,51.95701074350617
150,0.1,0,hub_1,pcglassoFast_Dual,C,4.328761281083054e-7,15.23949999999968,51.957011127333814
150,0.1,0,hub_1,pcglassoFast_Dual,C,1.5199110829529328e-6,13.155000000000655,51.95702814855221
150,0.1,0,hub_1,pcglassoFast_Dual,C,5.336699231206308e-6,12.246000000001004,51.95704078323742
150,0.1,0,hub_1,pcglassoFast_Dual,C,1.873817422860384e-5,10.574000000000524,51.95729615564733
150,0.1,0,hub_1,pcglassoFast_Dual,C,6.579332246575681e-5,10.10399999999936,51.957404918617264
150,0.1,0,hub_1,pcglassoFast_Dual,C,2.310129700083161e-4,8.215500000000247,51.95867251252712
150,0.1,0,hub_1,pcglassoFast_Dual,C,8.11130830789687e-4,7.631999999999607,51.96066453098802
150,0.1,0,hub_1,pcglassoFast_Dual,C,0.0028480358684358,4.856500000001688,51.98446971044457
150,0.1,0,hub_1,pcglassoFast_Dual,C,0.01,4.043000000001484,52.01953520714771
150,0.1,0,hub_1,pcglassoFast_Dual,I,9.999999999999982e-9,39.84849999999915,51.95700741006663
150,0.1,0,hub_1,pcglassoFast_Dual,I,3.5111917342151263e-8,37.98949999999968,51.95700774703741
150,0.1,0,hub_1,pcglassoFast_Dual,I,1.2328467394420646e-7,30.573500000000422,51.95700890266835
150,0.1,0,hub_1,pcglassoFast_Dual,I,4.328761281083054e-7,28.567000000000007,51.95701692870918
150,0.1,0,hub_1,pcglassoFast_Dual,I,1.5199110829529328e-6,26.978500000000167,51.95703401548205
150,0.1,0,hub_1,pcglassoFast_Dual,I,5.336699231206308e-6,26.779500000000553,51.957034598132594
150,0.1,0,hub_1,pcglassoFast_Dual,I,1.873817422860384e-5,25.209000000000742,51.957169341585406
150,0.1,0,hub_1,pcglassoFast_Dual,I,6.579332246575681e-5,24.16700000000128,51.957319649470634
150,0.1,0,hub_1,pcglassoFast_Dual,I,2.310129700083161e-4,23.170999999999367,51.95787425599634
150,0.1,0,hub_1,pcglassoFast_Dual,I,8.11130830789687e-4,20.741000000001804,51.96769011883392
150,0.1,0,hub_1,pcglassoFast_Dual,I,0.0028480358684358,18.64600000000064,51.96929597105982
150,0.1,0,hub_1,pcglassoFast_Dual,I,0.01,17.14099999999962,51.99694039452043
150,0.1,0,hub_1,pcglassoFast_Primal,C,9.999999999999982e-9,10.47099999999864,51.95700749604445
150,0.1,0,hub_1,pcglassoFast_Primal,C,3.5111917342151263e-8,9.232500000000073,51.95700804900133
150,0.1,0,hub_1,pcglassoFast_Primal,C,1.2328467394420646e-7,7.872000000000298,51.95700993576674
150,0.1,0,hub_1,pcglassoFast_Primal,C,4.328761281083054e-7,5.783499999999549,51.95701574928753
150,0.1,0,hub_1,pcglassoFast_Primal,C,1.5199110829529328e-6,5.02350000000115,51.95702765675288
150,0.1,0,hub_1,pcglassoFast_Primal,C,5.336699231206308e-6,4.8149999999996,51.957033899570654
150,0.1,0,hub_1,pcglassoFast_Primal,C,1.873817422860384e-5,4.311999999999898,51.95705747811438
150,0.1,0,hub_1,pcglassoFast_Primal,C,6.579332246575681e-5,3.9215000000003783,51.95713108083623
150,0.1,0,hub_1,pcglassoFast_Primal,C,2.310129700083161e-4,3.231999999999971,51.95759807786014
150,0.1,0,hub_1,pcglassoFast_Primal,C,8.11130830789687e-4,2.499499999999898,51.958950260561046
150,0.1,0,hub_1,pcglassoFast_Primal,C,0.0028480358684358,1.9979999999995923,51.96417565923812
150,0.1,0,hub_1,pcglassoFast_Primal,C,0.01,1.5910000000003492,51.97670332526615
150,0.1,0,hub_1,pcglassoFast_Primal,I,9.999999999999982e-9,12.444500000000517,51.95700750684181
150,0.1,0,hub_1,pcglassoFast_Primal,I,3.5111917342151263e-8,11.076500000001033,51.95700810278803
150,0.1,0,hub_1,pcglassoFast_Primal,I,1.2328467394420646e-7,9.065499999999702,51.95701015732339
150,0.1,0,hub_1,pcglassoFast_Primal,I,4.328761281083054e-7,7.229000000000269,51.95701651453182
150,0.1,0,hub_1,pcglassoFast_Primal,I,1.5199110829529328e-6,6.137499999998909,51.95703471367841
150,0.1,0,hub_1,pcglassoFast_Primal,I,5.336699231206308e-6,5.67200000000048,51.95703795453859
150,0.1,0,hub_1,pcglassoFast_Primal,I,1.873817422860384e-5,5.239500000000589,51.957065342056055
150,0.1,0,hub_1,pcglassoFast_Primal,I,6.579332246575681e-5,4.72150000000147,51.95717236329707
150,0.1,0,hub_1,pcglassoFast_Primal,I,2.310129700083161e-4,4.331000000000131,51.95755591522536
150,0.1,0,hub_1,pcglassoFast_Primal,I,8.11130830789687e-4,3.808999999999287,51.95926300917954
150,0.1,0,hub_1,pcglassoFast_Primal,I,0.0028480358684358,3.287999999999556,51.96622035909877
150,0.1,0,hub_1,pcglassoFast_Primal,I,0.01,2.959499999999025,51.992921353203954
150,0.1,0,random,pcglasso,C,9.999999999999982e-9,3.570499999999811,117.0715389597234
150,0.1,0,random,pcglasso,C,3.5111917342151263e-8,3.0490000000008877,117.07153929595552
150,0.1,0,random,pcglasso,C,1.2328467394420646e-7,2.3270000000002256,117.07155743433356
150,0.1,0,random,pcglasso,C,4.328761281083054e-7,1.9144999999989523,117.07157228243284
150,0.1,0,random,pcglasso,C,1.5199110829529328e-6,1.3804999999993015,117.07247229899556
150,0.1,0,random,pcglasso,C,5.336699231206308e-6,1.297499999998763,117.08278107712478
150,0.1,0,random,pcglasso,C,1.873817422860384e-5,0.9514999999992142,117.16567010556378
150,0.1,0,random,pcglasso,C,6.579332246575681e-5,0.5319999999992433,117.47223238575484
150,0.1,0,random,pcglasso,C,2.310129700083161e-4,0.4000000000014552,118.29873700053412
150,0.1,0,random,pcglasso,C,8.11130830789687e-4,0.09799999999813735,145.45049155038123
150,0.1,0,random,pcglasso,C,0.0028480358684358,0.08599999999933061,191.12755262876857
150,0.1,0,random,pcglasso,C,0.01,0.0930000000007567,191.12755262876857
150,0.1,0,random,pcglasso,I,9.999999999999982e-9,3.6585000000004584,117.07153897291656
150,0.1,0,random,pcglasso,I,3.5111917342151263e-8,3.1090000000003783,117.07153962067738
150,0.1,0,random,pcglasso,I,1.2328467394420646e-7,2.0020000000004075,117.0715739311774
150,0.1,0,random,pcglasso,I,4.328761281083054e-7,2.0604999999995925,117.0716492150108
150,0.1,0,random,pcglasso,I,1.5199110829529328e-6,1.3999999999996362,117.0728797679431
150,0.1,0,random,pcglasso,I,5.336699231206308e-6,1.1600000000016735,117.08086693892956
150,0.1,0,random,pcglasso,I,1.873817422860384e-5,0.6430000000000291,117.13975235576356
150,0.1,0,random,pcglasso,I,6.579332246575681e-5,0.3999999999978172,117.28784052743266
150,0.1,0,random,pcglasso,I,2.310129700083161e-4,0.19250000000010914,118.62660646114496
150,0.1,0,random,pcglasso,I,8.11130830789687e-4,0.10900000000037836,120.91706050795317
150,0.1,0,random,pcglasso,I,0.0028480358684358,0.09500000000116415,121.00834596255858
150,0.1,0,random,pcglasso,I,0.01,0.0999999999994543,121.00834596255858
150,0.1,0,random,pcglassoFast_Dual,C,9.999999999999982e-9,0.9454999999998108,117.07153900868012
150,0.1,0,random,pcglassoFast_Dual,C,3.5111917342151263e-8,1.0175000000008367,117.07153905648056
150,0.1,0,random,pcglassoFast_Dual,C,1.2328467394420646e-7,0.7190000000000509,117.07154100896813
150,0.1,0,random,pcglassoFast_Dual,C,4.328761281083054e-7,0.7325000000000728,117.07154123300668
150,0.1,0,random,pcglassoFast_Dual,C,1.5199110829529328e-6,0.5299999999988358,117.07154607073112
150,0.1,0,random,pcglassoFast_Dual,C,5.336699231206308e-6,0.4580000000005384,117.07156990917304
150,0.1,0,random,pcglassoFast_Dual,C,1.873817422860384e-5,0.4149999999999636,117.0716012966968
150,0.1,0,random,pcglassoFast_Dual,C,6.579332246575681e-5,0.2959999999984575,117.07225327831668
150,0.1,0,random,pcglassoFast_Dual,C,2.310129700083161e-4,0.35499999999956344,117.07279533161709
150,0.1,0,random,pcglassoFast_Dual,C,8.11130830789687e-4,0.2194999999992433,117.0732555335097
150,0.1,0,random,pcglassoFast_Dual,C,0.0028480358684358,0.20500000000083674,117.07455936236444
150,0.1,0,random,pcglassoFast_Dual,C,0.01,0.20200000000022555,117.07598460456262
150,0.1,0,random,pcglassoFast_Dual,I,9.999999999999982e-9,0.7880000000004657,117.07153894959367
150,0.1,0,random,pcglassoFast_Dual,I,3.5111917342151263e-8,0.7420000000001892,117.07153924530748
150,0.1,0,random,pcglassoFast_Dual,I,1.2328467394420646e-7,0.5264999999999418,117.07153925932272
150,0.1,0,random,pcglassoFast_Dual,I,4.328761281083054e-7,0.49250000000029104,117.07153935459525
150,0.1,0,random,pcglassoFast_Dual,I,1.5199110829529328e-6,0.40600000000085856,117.07154307801942
150,0.1,0,random,pcglassoFast_Dual,I,5.336699231206308e-6,0.38699999999880674,117.07154381882329
150,0.1,0,random,pcglassoFast_Dual,I,1.873817422860384e-5,0.4429999999993015,117.07156569910302
150,0.1,0,random,pcglassoFast_Dual,I,6.579332246575681e-5,0.3349999999991269,117.07156608320676
150,0.1,0,random,pcglassoFast_Dual,I,2.310129700083161e-4,0.30600000000049477,117.07159066191944
150,0.1,0,random,pcglassoFast_Dual,I,8.11130830789687e-4,0.26150000000052387,117.0722343761235
150,0.1,0,random,pcglassoFast_Dual,I,0.0028480358684358,0.22100000000136788,117.07627405190038
150,0.1,0,random,pcglassoFast_Dual,I,0.01,0.1929999999993015,117.07892244950646
150,0.1,0,random,pcglassoFast_Primal,C,9.999999999999982e-9,4.115499999999884,117.07153897589426
150,0.1,0,random,pcglassoFast_Primal,C,3.5111917342151263e-8,3.6744999999991705,117.07153901062244
150,0.1,0,random,pcglassoFast_Primal,C,1.2328467394420646e-7,3.13550000000032,117.07153909806335
150,0.1,0,random,pcglassoFast_Primal,C,4.328761281083054e-7,2.4030000000002474,117.07153941157416
150,0.1,0,random,pcglassoFast_Primal,C,1.5199110829529328e-6,1.9099999999998545,117.07154111849246
150,0.1,0,random,pcglassoFast_Primal,C,5.336699231206308e-6,1.576999999999316,117.0715450959196
150,0.1,0,random,pcglassoFast_Primal,C,1.873817422860384e-5,1.280999999999949,117.07155952551936
150,0.1,0,random,pcglassoFast_Primal,C,6.579332246575681e-5,1.167499999998654,117.07160864443672
150,0.1,0,random,pcglassoFast_Primal,C,2.310129700083161e-4,0.805000000000291,117.07183740779116
150,0.1,0,random,pcglassoFast_Primal,C,8.11130830789687e-4,0.6669999999976426,117.07220735594058
150,0.1,0,random,pcglassoFast_Primal,C,0.0028480358684358,0.5339999999996508,117.0749866032884
150,0.1,0,random,pcglassoFast_Primal,C,0.01,0.4249999999992724,117.0876644107524
150,0.1,0,random,pcglassoFast_Primal,I,9.999999999999982e-9,5.767499999999927,117.0715389966511
150,0.1,0,random,pcglassoFast_Primal,I,3.5111917342151263e-8,5.434499999999389,117.071539013475
150,0.1,0,random,pcglassoFast_Primal,I,1.2328467394420646e-7,3.916500000000269,117.0715391469699
150,0.1,0,random,pcglassoFast_Primal,I,4.328761281083054e-7,3.479000000000269,117.07153951403087
150,0.1,0,random,pcglassoFast_Primal,I,1.5199110829529328e-6,2.957499999999527,117.071540717223
150,0.1,0,random,pcglassoFast_Primal,I,5.336699231206308e-6,2.4600000000000364,117.07154472461907
150,0.1,0,random,pcglassoFast_Primal,I,1.873817422860384e-5,1.8895000000002256,117.07156418179773
150,0.1,0,random,pcglassoFast_Primal,I,6.579332246575681e-5,1.355000000000473,117.07162841801484
150,0.1,0,random,pcglassoFast_Primal,I,2.310129700083161e-4,1.0609999999996944,117.07176788218246
150,0.1,0,random,pcglassoFast_Primal,I,8.11130830789687e-4,0.8140000000021246,117.07229101796428
150,0.1,0,random,pcglassoFast_Primal,I,0.0028480358684358,0.5715000000000146,117.07518188641478
150,0.1,0,random,pcglassoFast_Primal,I,0.01,0.46050000000104774,117.08041706082685
150,0.1,0.5,AR2,pcglasso,C,9.999999999999982e-9,0.8580000000001746,125.30718463357088
150,0.1,0.5,AR2,pcglasso,C,3.5111917342151263e-8,0.956000000000131,125.3071846348735
150,0.1,0.5,AR2,pcglasso,C,1.2328467394420646e-7,0.7584999999999127,125.30718465903112
150,0.1,0.5,AR2,pcglasso,C,4.328761281083054e-7,0.6589999999996508,125.30718486660956
150,0.1,0.5,AR2,pcglasso,C,1.5199110829529328e-6,0.6570000000001528,125.30718486660956
150,0.1,0.5,AR2,pcglasso,C,5.336699231206308e-6,0.6390000000010332,125.30718506487167
150,0.1,0.5,AR2,pcglasso,C,1.873817422860384e-5,0.5370000000002619,125.30719060527186
150,0.1,0.5,AR2,pcglasso,C,6.579332246575681e-5,0.39649999999983265,125.30728757464472
150,0.1,0.5,AR2,pcglasso,C,2.310129700083161e-4,0.3070000000006985,125.31161697589975
150,0.1,0.5,AR2,pcglasso,C,8.11130830789687e-4,0.19499999999970896,126.05446558954269
150,0.1,0.5,AR2,pcglasso,C,0.0028480358684358,0.07899999999790452,210.43589530999787
150,0.1,0.5,AR2,pcglasso,C,0.01,0.0750000000007276,205.84577686920196
150,0.1,0.5,AR2,pcglasso,I,9.999999999999982e-9,0.4320000000006985,125.30718463355625
150,0.1,0.5,AR2,pcglasso,I,3.5111917342151263e-8,0.40099999999983993,125.30718463439108
150,0.1,0.5,AR2,pcglasso,I,1.2328467394420646e-7,0.32000000000152795,125.3071846547619
150,0.1,0.5,AR2,pcglasso,I,4.328761281083054e-7,0.2790000000004511,125.30718529998568
150,0.1,0.5,AR2,pcglasso,I,1.5199110829529328e-6,0.2790000000004511,125.30718529998568
150,0.1,0.5,AR2,pcglasso,I,5.336699231206308e-6,0.2640000000028522,125.30718582555603
150,0.1,0.5,AR2,pcglasso,I,1.873817422860384e-5,0.20499999999992724,125.30722932913346
150,0.1,0.5,AR2,pcglasso,I,6.579332246575681e-5,0.1320000000014261,125.3080014567268
150,0.1,0.5,AR2,pcglasso,I,2.310129700083161e-4,0.11900000000241562,125.30746994368064
150,0.1,0.5,AR2,pcglasso,I,8.11130830789687e-4,0.06599999999889405,125.31852985287786
150,0.1,0.5,AR2,pcglasso,I,0.0028480358684358,0.07200000000011642,125.32957528390308
150,0.1,0.5,AR2,pcglasso,I,0.01,0.05600000000049476,125.33664024278042
150,0.1,0.5,AR2,pcglassoFast_Dual,C,9.999999999999982e-9,0.10900000000037836,125.30718463361023
150,0.1,0.5,AR2,pcglassoFast_Dual,C,3.5111917342151263e-8,0.10200000000077124,125.30718463465608
150,0.1,0.5,AR2,pcglassoFast_Dual,C,1.2328467394420646e-7,0.10200000000077124,125.30718463465608
150,0.1,0.5,AR2,pcglassoFast_Dual,C,4.328761281083054e-7,0.08299999999871943,125.30718465591184
150,0.1,0.5,AR2,pcglassoFast_Dual,C,1.5199110829529328e-6,0.0820000000003347,125.30718465591184
150,0.1,0.5,AR2,pcglassoFast_Dual,C,5.336699231206308e-6,0.08650000000034197,125.30718465591184
150,0.1,0.5,AR2,pcglassoFast_Dual,C,1.873817422860384e-5,0.07600000000093132,125.30718508523444
150,0.1,0.5,AR2,pcglassoFast_Dual,C,6.579332246575681e-5,0.0790000000015425,125.30718508523444
150,0.1,0.5,AR2,pcglassoFast_Dual,C,2.310129700083161e-4,0.0750000000007276,125.30719419495938
150,0.1,0.5,AR2,pcglassoFast_Dual,C,8.11130830789687e-4,0.06999999999970896,125.30719419495938
150,0.1,0.5,AR2,pcglassoFast_Dual,C,0.0028480358684358,0.06900000000041473,125.30719419495938
150,0.1,0.5,AR2,pcglassoFast_Dual,C,0.01,0.0639999999984866,125.307363846927
150,0.1,0.5,AR2,pcglassoFast_Dual,I,9.999999999999982e-9,0.07599999999911233,125.30718463361322
150,0.1,0.5,AR2,pcglassoFast_Dual,I,3.5111917342151263e-8,0.07599999999911233,125.30718463464694
150,0.1,0.5,AR2,pcglassoFast_Dual,I,1.2328467394420646e-7,0.06099999999969441,125.30718463464694
150,0.1,0.5,AR2,pcglassoFast_Dual,I,4.328761281083054e-7,0.05500000000029104,125.30718464927126
150,0.1,0.5,AR2,pcglassoFast_Dual,I,1.5199110829529328e-6,0.05900000000110594,125.30718464927126
150,0.1,0.5,AR2,pcglassoFast_Dual,I,5.336699231206308e-6,0.05299999999988358,125.30718485688575
150,0.1,0.5,AR2,pcglassoFast_Dual,I,1.873817422860384e-5,0.04899999999906868,125.30718485688575
150,0.1,0.5,AR2,pcglassoFast_Dual,I,6.579332246575681e-5,0.04299999999784632,125.30718782186725
150,0.1,0.5,AR2,pcglassoFast_Dual,I,2.310129700083161e-4,0.04299999999784632,125.30718782186725
150,0.1,0.5,AR2,pcglassoFast_Dual,I,8.11130830789687e-4,0.03700000000026193,125.30722887059524
150,0.1,0.5,AR2,pcglassoFast_Dual,I,0.0028480358684358,0.03700000000026193,125.30722887059524
150,0.1,0.5,AR2,pcglassoFast_Dual,I,0.01,0.03799999999864667,125.30722887059524
150,0.1,0.5,AR2,pcglassoFast_Primal,C,9.999999999999982e-9,0.45650000000023283,125.30718463365066
150,0.1,0.5,AR2,pcglassoFast_Primal,C,3.5111917342151263e-8,0.42400000000088767,125.3071846351004
150,0.1,0.5,AR2,pcglassoFast_Primal,C,1.2328467394420646e-7,0.4265000000004875,125.3071846351004
150,0.1,0.5,AR2,pcglassoFast_Primal,C,4.328761281083054e-7,0.36049999999977445,125.3071846351004
150,0.1,0.5,AR2,pcglassoFast_Primal,C,1.5199110829529328e-6,0.3350000000009459,125.3071846623667
150,0.1,0.5,AR2,pcglassoFast_Primal,C,5.336699231206308e-6,0.3334999999997308,125.3071846623667
150,0.1,0.5,AR2,pcglassoFast_Primal,C,1.873817422860384e-5,0.3044999999992797,125.307185166735
150,0.1,0.5,AR2,pcglassoFast_Primal,C,6.579332246575681e-5,0.3040000000000873,125.307185166735
150,0.1,0.5,AR2,pcglassoFast_Primal,C,2.310129700083161e-4,0.2789999999986321,125.30719455400556
150,0.1,0.5,AR2,pcglassoFast_Primal,C,8.11130830789687e-4,0.27800000000206637,125.30719455400556
150,0.1,0.5,AR2,pcglassoFast_Primal,C,0.0028480358684358,0.27800000000206637,125.30719455400556
150,0.1,0.5,AR2,pcglassoFast_Primal,C,0.01,0.2530000000006112,125.30737067667958
150,0.1,0.5,AR2,pcglassoFast_Primal,I,9.999999999999982e-9,0.3140000000003056,125.30718463368196
150,0.1,0.5,AR2,pcglassoFast_Primal,I,3.5111917342151263e-8,0.2860000000000582,125.30718463547043
150,0.1,0.5,AR2,pcglassoFast_Primal,I,1.2328467394420646e-7,0.25600000000031287,125.30718463547043
150,0.1,0.5,AR2,pcglassoFast_Primal,I,4.328761281083054e-7,0.21699999999964348,125.307184658973
150,0.1,0.5,AR2,pcglassoFast_Primal,I,1.5199110829529328e-6,0.21700000000055297,125.307184658973
150,0.1,0.5,AR2,pcglassoFast_Primal,I,5.336699231206308e-6,0.19000000000050932,125.30718496882676
150,0.1,0.5,AR2,pcglassoFast_Primal,I,1.873817422860384e-5,0.30649999999968713,125.30718496882676
150,0.1,0.5,AR2,pcglassoFast_Primal,I,6.579332246575681e-5,0.1680000000014843,125.30718907236978
150,0.1,0.5,AR2,pcglassoFast_Primal,I,2.310129700083161e-4,0.16300000000046566,125.30718907236978
150,0.1,0.5,AR2,pcglassoFast_Primal,I,8.11130830789687e-4,0.13699999999880674,125.30724381136665
150,0.1,0.5,AR2,pcglassoFast_Primal,I,0.0028480358684358,0.13699999999880674,125.30724381136665
150,0.1,0.5,AR2,pcglassoFast_Primal,I,0.01,0.13650000000052387,125.30724381136665
150,0.1,0.5,hub_09,pcglasso,C,9.999999999999982e-9,1.9314999999996871,126.88597969460358
150,0.1,0.5,hub_09,pcglasso,C,3.5111917342151263e-8,1.8980000000001382,126.88597969279246
150,0.1,0.5,hub_09,pcglasso,C,1.2328467394420646e-7,1.8319999999994252,126.88597969164432
150,0.1,0.5,hub_09,pcglasso,C,4.328761281083054e-7,1.5765000000001237,126.88597971138996
150,0.1,0.5,hub_09,pcglasso,C,1.5199110829529328e-6,1.4600000000000364,126.8859801715132
150,0.1,0.5,hub_09,pcglasso,C,5.336699231206308e-6,1.2070000000003347,126.88599299332787
150,0.1,0.5,hub_09,pcglasso,C,1.873817422860384e-5,0.8269999999984066,126.88619079481931
150,0.1,0.5,hub_09,pcglasso,C,6.579332246575681e-5,0.5249999999996362,126.88826850919408
150,0.1,0.5,hub_09,pcglasso,C,2.310129700083161e-4,0.28399999999965075,126.92090086783588
150,0.1,0.5,hub_09,pcglasso,C,8.11130830789687e-4,0.35499999999956344,126.91316769443576
150,0.1,0.5,hub_09,pcglasso,C,0.0028480358684358,0.07400000000052387,174.81627230709367
150,0.1,0.5,hub_09,pcglasso,C,0.01,0.06700000000091677,175.53293495051133
150,0.1,0.5,hub_09,pcglasso,I,9.999999999999982e-9,3.2114999999994325,126.88597971009528
150,0.1,0.5,hub_09,pcglasso,I,3.5111917342151263e-8,3.050999999999476,126.88597971095732
150,0.1,0.5,hub_09,pcglasso,I,1.2328467394420646e-7,2.566999999999098,126.88597969146636
150,0.1,0.5,hub_09,pcglasso,I,4.328761281083054e-7,2.4674999999997453,126.88597971984218
150,0.1,0.5,hub_09,pcglasso,I,1.5199110829529328e-6,2.231999999999971,126.8859808019585
150,0.1,0.5,hub_09,pcglasso,I,5.336699231206308e-6,1.913499999997839,126.88599553518532
150,0.1,0.5,hub_09,pcglasso,I,1.873817422860384e-5,1.2515000000003056,126.8860483222724
150,0.1,0.5,hub_09,pcglasso,I,6.579332246575681e-5,0.6809999999986758,126.8879512620637
150,0.1,0.5,hub_09,pcglasso,I,2.310129700083161e-4,0.34900000000106957,126.8882949554604
150,0.1,0.5,hub_09,pcglasso,I,8.11130830789687e-4,0.11449999999967986,126.92487708766028
150,0.1,0.5,hub_09,pcglasso,I,0.0028480358684358,0.06999999999970896,126.94071083024112
150,0.1,0.5,hub_09,pcglasso,I,0.01,0.08100000000194996,126.94053945234393
150,0.1,0.5,hub_09,pcglassoFast_Dual,C,9.999999999999982e-9,0.1290000000008149,126.88597969259165
150,0.1,0.5,hub_09,pcglassoFast_Dual,C,3.5111917342151263e-8,0.13000000000101863,126.88597969259165
150,0.1,0.5,hub_09,pcglassoFast_Dual,C,1.2328467394420646e-7,0.11900000000059664,126.88597970593774
150,0.1,0.5,hub_09,pcglassoFast_Dual,C,4.328761281083054e-7,0.10200000000077124,126.88597978172848
150,0.1,0.5,hub_09,pcglassoFast_Dual,C,1.5199110829529328e-6,0.08799999999973807,126.88598066431577
150,0.1,0.5,hub_09,pcglassoFast_Dual,C,5.336699231206308e-6,0.08799999999973807,126.88598066431577
150,0.1,0.5,hub_09,pcglassoFast_Dual,C,1.873817422860384e-5,0.08299999999871943,126.8859802712752
150,0.1,0.5,hub_09,pcglassoFast_Dual,C,6.579332246575681e-5,0.08399999999892316,126.88598483236954
150,0.1,0.5,hub_09,pcglassoFast_Dual,C,2.310129700083161e-4,0.07299999999850115,126.8860097742842
150,0.1,0.5,hub_09,pcglassoFast_Dual,C,8.11130830789687e-4,0.06200000000171712,126.88634124183658
150,0.1,0.5,hub_09,pcglassoFast_Dual,C,0.0028480358684358,0.05800000000090222,126.88681786777812
150,0.1,0.5,hub_09,pcglassoFast_Dual,C,0.01,0.05600000000049476,126.88821533741704
150,0.1,0.5,hub_09,pcglassoFast_Dual,I,9.999999999999982e-9,0.18400000000110597,126.8859796913227
150,0.1,0.5,hub_09,pcglassoFast_Dual,I,3.5111917342151263e-8,0.16899999999986903,126.88597971725952
150,0.1,0.5,hub_09,pcglassoFast_Dual,I,1.2328467394420646e-7,0.26599999999962165,126.885979704516
150,0.1,0.5,hub_09,pcglassoFast_Dual,I,4.328761281083054e-7,0.136000000000422,126.8859797867858
150,0.1,0.5,hub_09,pcglassoFast_Dual,I,1.5199110829529328e-6,0.13099999999940337,126.885980111338
150,0.1,0.5,hub_09,pcglassoFast_Dual,I,5.336699231206308e-6,0.125,126.88598044248818
150,0.1,0.5,hub_09,pcglassoFast_Dual,I,1.873817422860384e-5,0.12199999999938882,126.8859847925207
150,0.1,0.5,hub_09,pcglassoFast_Dual,I,6.579332246575681e-5,0.11499999999796272,126.88600344949144
150,0.1,0.5,hub_09,pcglassoFast_Dual,I,2.310129700083161e-4,0.10499999999956344,126.88618642206822
150,0.1,0.5,hub_09,pcglassoFast_Dual,I,8.11130830789687e-4,0.09600000000136788,126.88639451262372
150,0.1,0.5,hub_09,pcglassoFast_Dual,I,0.0028480358684358,0.0790000000015425,126.8892919537202
150,0.1,0.5,hub_09,pcglassoFast_Dual,I,0.01,0.03900000000066939,126.92509748745198
150,0.1,0.5,hub_09,pcglassoFast_Primal,C,9.999999999999982e-9,0.7245000000002619,126.8859796945528
150,0.1,0.5,hub_09,pcglassoFast_Primal,C,3.5111917342151263e-8,0.6664999999993597,126.88597971607676
150,0.1,0.5,hub_09,pcglassoFast_Primal,C,1.2328467394420646e-7,0.6345000000001164,126.88597974906368
150,0.1,0.5,hub_09,pcglassoFast_Primal,C,4.328761281083054e-7,0.4920000000001892,126.88597998162628
150,0.1,0.5,hub_09,pcglassoFast_Primal,C,1.5199110829529328e-6,0.4580000000005384,126.88598033438512
150,0.1,0.5,hub_09,pcglassoFast_Primal,C,5.336699231206308e-6,0.4085000000004584,126.88598283965166
150,0.1,0.5,hub_09,pcglassoFast_Primal,C,1.873817422860384e-5,0.3810000000012224,126.88598672463124
150,0.1,0.5,hub_09,pcglassoFast_Primal,C,6.579332246575681e-5,0.32699999999931606,126.88601533761371
150,0.1,0.5,hub_09,pcglassoFast_Primal,C,2.310129700083161e-4,0.29799999999977445,126.88606106002078
150,0.1,0.5,hub_09,pcglassoFast_Primal,C,8.11130830789687e-4,0.2459999999991851,126.8864257103738
150,0.1,0.5,hub_09,pcglassoFast_Primal,C,0.0028480358684358,0.22100000000045839,126.88706367564374
150,0.1,0.5,hub_09,pcglassoFast_Primal,C,0.01,0.19399999999950523,126.88874705484548
150,0.1,0.5,hub_09,pcglassoFast_Primal,I,9.999999999999982e-9,0.8664999999991778,126.88597969303216
150,0.1,0.5,hub_09,pcglassoFast_Primal,I,3.5111917342151263e-8,0.8119999999998981,126.88597970904335
150,0.1,0.5,hub_09,pcglassoFast_Primal,I,1.2328467394420646e-7,0.6629999999995562,126.885979787247
150,0.1,0.5,hub_09,pcglassoFast_Primal,I,4.328761281083054e-7,0.6125000000001819,126.88597990507648
150,0.1,0.5,hub_09,pcglassoFast_Primal,I,1.5199110829529328e-6,0.5655000000006112,126.88598072811892
150,0.1,0.5,hub_09,pcglassoFast_Primal,I,5.336699231206308e-6,0.5315000000000509,126.88598196135578
150,0.1,0.5,hub_09,pcglassoFast_Primal,I,1.873817422860384e-5,0.48250000000007276,126.8859906002086
150,0.1,0.5,hub_09,pcglassoFast_Primal,I,6.579332246575681e-5,0.43249999999898137,126.88603089610127
150,0.1,0.5,hub_09,pcglassoFast_Primal,I,2.310129700083161e-4,0.39799999999922875,126.88608889855864
150,0.1,0.5,hub_09,pcglassoFast_Primal,I,8.11130830789687e-4,0.34499999999934516,126.88645197242374
150,0.1,0.5,hub_09,pcglassoFast_Primal,I,0.0028480358684358,0.2669999999998254,126.88943445314337
150,0.1,0.5,hub_09,pcglassoFast_Primal,I,0.01,0.113999999997759,126.92509057775196
150,0.1,0.5,hub_1,pcglasso,C,9.999999999999982e-9,5.626999999999498,82.02859509496936
150,0.1,0.5,hub_1,pcglasso,C,3.5111917342151263e-8,4.856999999999061,82.02859598069226
150,0.1,0.5,hub_1,pcglasso,C,1.2328467394420646e-7,3.9274999999997817,82.02860195972626
150,0.1,0.5,hub_1,pcglasso,C,4.328761281083054e-7,2.9970000000002983,82.02864925219652
150,0.1,0.5,hub_1,pcglasso,C,1.5199110829529328e-6,3.056999999999789,82.02867447967029
150,0.1,0.5,hub_1,pcglasso,C,5.336699231206308e-6,2.9470000000001164,82.02878588959952
150,0.1,0.5,hub_1,pcglasso,C,1.873817422860384e-5,2.4839999999985594,82.03113502594019
150,0.1,0.5,hub_1,pcglasso,C,6.579332246575681e-5,1.977999999999156,82.04446143545425
150,0.1,0.5,hub_1,pcglasso,C,2.310129700083161e-4,2.227500000000873,82.059263748787
150,0.1,0.5,hub_1,pcglasso,C,8.11130830789687e-4,3.1114999999990687,92.1140314171528
150,0.1,0.5,hub_1,pcglasso,C,0.0028480358684358,0.6954999999998108,233.98790451843212
150,0.1,0.5,hub_1,pcglasso,C,0.01,0.6819999999988795,233.98790451843212
150,0.1,0.5,hub_1,pcglasso,I,9.999999999999982e-9,8.854500000000371,82.02859511535137
150,0.1,0.5,hub_1,pcglasso,I,3.5111917342151263e-8,7.8100000000004,82.02859626643817
150,0.1,0.5,hub_1,pcglasso,I,1.2328467394420646e-7,6.379500000000007,82.02860377223331
150,0.1,0.5,hub_1,pcglasso,I,4.328761281083054e-7,5.98700000000008,82.02863142431862
150,0.1,0.5,hub_1,pcglasso,I,1.5199110829529328e-6,5.7775000000001455,82.0286824539084
150,0.1,0.5,hub_1,pcglasso,I,5.336699231206308e-6,4.899500000000444,82.02924889926739
150,0.1,0.5,hub_1,pcglasso,I,1.873817422860384e-5,3.698500000000422,82.03569092657135
150,0.1,0.5,hub_1,pcglasso,I,6.579332246575681e-5,0.5780000000004293,89.53320270723215
150,0.1,0.5,hub_1,pcglasso,I,2.310129700083161e-4,0.3889999999992142,90.83332236792766
150,0.1,0.5,hub_1,pcglasso,I,8.11130830789687e-4,0.2760000000016589,90.49185898465852
150,0.1,0.5,hub_1,pcglasso,I,0.0028480358684358,0.16599999999925785,91.12576390210442
150,0.1,0.5,hub_1,pcglasso,I,0.01,0.14899999999852298,91.2608553567437
150,0.1,0.5,hub_1,pcglassoFast_Dual,C,9.999999999999982e-9,1.5889999999999418,82.02859505650825
150,0.1,0.5,hub_1,pcglassoFast_Dual,C,3.5111917342151263e-8,1.4654999999993379,82.02859507815229
150,0.1,0.5,hub_1,pcglassoFast_Dual,C,1.2328467394420646e-7,1.3955000000005384,82.0285950958502
150,0.1,0.5,hub_1,pcglassoFast_Dual,C,4.328761281083054e-7,1.1885000000002037,82.02859549729477
150,0.1,0.5,hub_1,pcglassoFast_Dual,C,1.5199110829529328e-6,1.0709999999999127,82.028595617374
150,0.1,0.5,hub_1,pcglassoFast_Dual,C,5.336699231206308e-6,1.1270000000004077,82.02859590966784
150,0.1,0.5,hub_1,pcglassoFast_Dual,C,1.873817422860384e-5,0.9605000000001382,82.02859824784622
150,0.1,0.5,hub_1,pcglassoFast_Dual,C,6.579332246575681e-5,1.0129999999990105,82.02864103322345
150,0.1,0.5,hub_1,pcglassoFast_Dual,C,2.310129700083161e-4,0.8534999999992579,82.02887500586829
150,0.1,0.5,hub_1,pcglassoFast_Dual,C,8.11130830789687e-4,0.801499999999578,82.02984435937026
150,0.1,0.5,hub_1,pcglassoFast_Dual,C,0.0028480358684358,0.7754999999997381,82.0305551436884
150,0.1,0.5,hub_1,pcglassoFast_Dual,C,0.01,0.8669999999992797,82.03460954878273
150,0.1,0.5,hub_1,pcglassoFast_Dual,I,9.999999999999982e-9,5.652000000000953,82.02859505292909
150,0.1,0.5,hub_1,pcglassoFast_Dual,I,3.5111917342151263e-8,5.84900000000016,82.02859505577999
150,0.1,0.5,hub_1,pcglassoFast_Dual,I,1.2328467394420646e-7,4.65650000000096,82.02859511376019
150,0.1,0.5,hub_1,pcglassoFast_Dual,I,4.328761281083054e-7,4.616500000000997,82.0285952327203
150,0.1,0.5,hub_1,pcglassoFast_Dual,I,1.5199110829529328e-6,4.565500000000611,82.0285952327203
150,0.1,0.5,hub_1,pcglassoFast_Dual,I,5.336699231206308e-6,4.552999999999884,82.0285979976166
150,0.1,0.5,hub_1,pcglassoFast_Dual,I,1.873817422860384e-5,4.503499999998894,82.02859955485174
150,0.1,0.5,hub_1,pcglassoFast_Dual,I,6.579332246575681e-5,4.463999999999942,82.0286098490978
150,0.1,0.5,hub_1,pcglassoFast_Dual,I,2.310129700083161e-4,4.372000000000298,82.02861020043709
150,0.1,0.5,hub_1,pcglassoFast_Dual,I,8.11130830789687e-4,4.309000000001106,82.02865170106115
150,0.1,0.5,hub_1,pcglassoFast_Dual,I,0.0028480358684358,4.326999999999316,82.02942122252595
150,0.1,0.5,hub_1,pcglassoFast_Dual,I,0.01,4.266999999999825,82.03280158768992
150,0.1,0.5,hub_1,pcglassoFast_Primal,C,9.999999999999982e-9,6.8969999999999345,82.0285952462241
150,0.1,0.5,hub_1,pcglassoFast_Primal,C,3.5111917342151263e-8,6.3695000000006985,82.028595507192
150,0.1,0.5,hub_1,pcglassoFast_Primal,C,1.2328467394420646e-7,5.1710000000002765,82.02859632513463
150,0.1,0.5,hub_1,pcglassoFast_Primal,C,4.328761281083054e-7,3.8649999999997817,82.02859963794627
150,0.1,0.5,hub_1,pcglassoFast_Primal,C,1.5199110829529328e-6,3.1825000000008004,82.0286121648096
150,0.1,0.5,hub_1,pcglassoFast_Primal,C,5.336699231206308e-6,2.818500000000313,82.02860619011244
150,0.1,0.5,hub_1,pcglassoFast_Primal,C,1.873817422860384e-5,2.2334999999984575,82.0287200203795
150,0.1,0.5,hub_1,pcglassoFast_Primal,C,6.579332246575681e-5,1.8665000000000873,82.02919031956867
150,0.1,0.5,hub_1,pcglassoFast_Primal,C,2.310129700083161e-4,1.283499999999549,82.03142475428332
150,0.1,0.5,hub_1,pcglassoFast_Primal,C,8.11130830789687e-4,1.0690000000013242,82.0317659901246
150,0.1,0.5,hub_1,pcglassoFast_Primal,C,0.0028480358684358,0.7335000000002765,82.06466257995969
150,0.1,0.5,hub_1,pcglassoFast_Primal,C,0.01,0.6089999999985594,82.08441378243043
150,0.1,0.5,hub_1,pcglassoFast_Primal,I,9.999999999999982e-9,8.219000000000051,82.02859524532583
150,0.1,0.5,hub_1,pcglassoFast_Primal,I,3.5111917342151263e-8,7.7259999999987485,82.02859551637324
150,0.1,0.5,hub_1,pcglassoFast_Primal,I,1.2328467394420646e-7,5.621499999999287,82.02859620797423
150,0.1,0.5,hub_1,pcglassoFast_Primal,I,4.328761281083054e-7,4.681000000000495,82.02859618011554
150,0.1,0.5,hub_1,pcglassoFast_Primal,I,1.5199110829529328e-6,4.1229999999995925,82.02859768573376
150,0.1,0.5,hub_1,pcglassoFast_Primal,I,5.336699231206308e-6,3.421499999999469,82.02861478502636
150,0.1,0.5,hub_1,pcglassoFast_Primal,I,1.873817422860384e-5,2.973000000000866,82.02862644754136
150,0.1,0.5,hub_1,pcglassoFast_Primal,I,6.579332246575681e-5,2.308499999999185,82.0286629572781
150,0.1,0.5,hub_1,pcglassoFast_Primal,I,2.310129700083161e-4,1.7275000000008731,82.02925066637621
150,0.1,0.5,hub_1,pcglassoFast_Primal,I,8.11130830789687e-4,1.4714999999996508,82.02991260326893
150,0.1,0.5,hub_1,pcglassoFast_Primal,I,0.0028480358684358,1.2895000000007713,82.03805907860514
150,0.1,0.5,hub_1,pcglassoFast_Primal,I,0.01,1.0389999999988504,82.0348621692895
150,0.1,0.5,random,pcglasso,C,9.999999999999982e-9,3.1345000000001164,121.06957519441248
150,0.1,0.5,random,pcglasso,C,3.5111917342151263e-8,2.6005000000004657,121.0695752662774
150,0.1,0.5,random,pcglasso,C,1.2328467394420646e-7,2.0540000000000873,121.06957691703305
150,0.1,0.5,random,pcglasso,C,4.328761281083054e-7,1.505500000000211,121.06962632946814
150,0.1,0.5,random,pcglasso,C,1.5199110829529328e-6,1.5090000000000146,121.069695629759
150,0.1,0.5,random,pcglasso,C,5.336699231206308e-6,1.2269999999998618,121.07006254095865
150,0.1,0.5,random,pcglasso,C,1.873817422860384e-5,0.8639999999986685,121.07428659349976
150,0.1,0.5,random,pcglasso,C,6.579332246575681e-5,0.5420000000012806,121.1028920351696
150,0.1,0.5,random,pcglasso,C,2.310129700083161e-4,0.397000000000844,121.56537548592404
150,0.1,0.5,random,pcglasso,C,8.11130830789687e-4,0.2530000000006112,123.24429854806851
150,0.1,0.5,random,pcglasso,C,0.0028480358684358,0.0779999999977008,243.68091387397484
150,0.1,0.5,random,pcglasso,C,0.01,0.06899999999950523,267.4620884430199
150,0.1,0.5,random,pcglasso,I,9.999999999999982e-9,2.0725000000002183,121.06957522278032
150,0.1,0.5,random,pcglasso,I,3.5111917342151263e-8,1.7200000000002547,121.06957566472786
150,0.1,0.5,random,pcglasso,I,1.2328467394420646e-7,1.3914999999997235,121.06958026404376
150,0.1,0.5,random,pcglasso,I,4.328761281083054e-7,1.1440000000002328,121.06959604823156
150,0.1,0.5,random,pcglasso,I,1.5199110829529328e-6,0.9440000000004147,121.06977127920612
150,0.1,0.5,random,pcglasso,I,5.336699231206308e-6,0.7139999999999418,121.07160369148484
150,0.1,0.5,random,pcglasso,I,1.873817422860384e-5,0.44800000000032014,121.08087171997194
150,0.1,0.5,random,pcglasso,I,6.579332246575681e-5,0.2680000000000291,121.1369370349716
150,0.1,0.5,random,pcglasso,I,2.310129700083161e-4,0.16900000000168802,121.26436503573332
150,0.1,0.5,random,pcglasso,I,8.11130830789687e-4,0.10050000000046566,121.77082696816908
150,0.1,0.5,random,pcglasso,I,0.0028480358684358,0.08899999999994179,121.41992692042528
150,0.1,0.5,random,pcglasso,I,0.01,0.0819999999985157,121.8166588250818
150,0.1,0.5,random,pcglassoFast_Dual,C,9.999999999999982e-9,0.39500000000043656,121.0695752568832
150,0.1,0.5,random,pcglassoFast_Dual,C,3.5111917342151263e-8,0.38699999999971624,121.06957527438514
150,0.1,0.5,random,pcglassoFast_Dual,C,1.2328467394420646e-7,0.3265000000001237,121.06957577969456
150,0.1,0.5,random,pcglassoFast_Dual,C,4.328761281083054e-7,0.39350000000013097,121.06957586265544
150,0.1,0.5,random,pcglassoFast_Dual,C,1.5199110829529328e-6,0.22400000000016007,121.06958099568688
150,0.1,0.5,random,pcglassoFast_Dual,C,5.336699231206308e-6,0.1859999999996944,121.06958795269688
150,0.1,0.5,random,pcglassoFast_Dual,C,1.873817422860384e-5,0.15899999999965075,121.0696137710491
150,0.1,0.5,random,pcglassoFast_Dual,C,6.579332246575681e-5,0.14800000000104774,121.06962782235604
150,0.1,0.5,random,pcglassoFast_Dual,C,2.310129700083161e-4,0.10899999999855936,121.0705624320278
150,0.1,0.5,random,pcglassoFast_Dual,C,8.11130830789687e-4,0.10800000000017462,121.0705624320278
150,0.1,0.5,random,pcglassoFast_Dual,C,0.0028480358684358,0.09200000000055296,121.07210053379148
150,0.1,0.5,random,pcglassoFast_Dual,C,0.01,0.1945000000014261,121.07341351702084
150,0.1,0.5,random,pcglassoFast_Dual,I,9.999999999999982e-9,0.49099999999998545,121.06957518534102
150,0.1,0.5,random,pcglassoFast_Dual,I,3.5111917342151263e-8,0.31600000000071304,121.0695753288856
150,0.1,0.5,random,pcglassoFast_Dual,I,1.2328467394420646e-7,0.26900000000023283,121.06957543177757
150,0.1,0.5,random,pcglassoFast_Dual,I,4.328761281083054e-7,0.23099999999976717,121.06957601416492
150,0.1,0.5,random,pcglassoFast_Dual,I,1.5199110829529328e-6,0.32400000000052387,121.06957734027488
150,0.1,0.5,random,pcglassoFast_Dual,I,5.336699231206308e-6,0.30050000000028376,121.0695829593812
150,0.1,0.5,random,pcglassoFast_Dual,I,1.873817422860384e-5,0.181999999999789,121.06958314315558
150,0.1,0.5,random,pcglassoFast_Dual,I,6.579332246575681e-5,0.14100000000235013,121.06968244403149
150,0.1,0.5,random,pcglassoFast_Dual,I,2.310129700083161e-4,0.12600000000020373,121.06982622911912
150,0.1,0.5,random,pcglassoFast_Dual,I,8.11130830789687e-4,0.0999999999985448,121.0701416913612
150,0.1,0.5,random,pcglassoFast_Dual,I,0.0028480358684358,0.08399999999892316,121.07156558614508
150,0.1,0.5,random,pcglassoFast_Dual,I,0.01,0.06700000000091677,121.07340437038198
150,0.1,0.5,random,pcglassoFast_Primal,C,9.999999999999982e-9,1.6005000000004657,121.06957520071632
150,0.1,0.5,random,pcglassoFast_Primal,C,3.5111917342151263e-8,1.4899999999997817,121.06957526242924
150,0.1,0.5,random,pcglassoFast_Primal,C,1.2328467394420646e-7,1.3640000000004875,121.06957548860666
150,0.1,0.5,random,pcglassoFast_Primal,C,4.328761281083054e-7,1.055000000000291,121.06957628395976
150,0.1,0.5,random,pcglassoFast_Primal,C,1.5199110829529328e-6,0.9500000000007276,121.06957911622598
150,0.1,0.5,random,pcglassoFast_Primal,C,5.336699231206308e-6,0.8450000000002547,121.06958919988426
150,0.1,0.5,random,pcglassoFast_Primal,C,1.873817422860384e-5,0.7349999999978536,121.06962246964588
150,0.1,0.5,random,pcglassoFast_Primal,C,6.579332246575681e-5,0.5970000000015716,121.0697758431292
150,0.1,0.5,random,pcglassoFast_Primal,C,2.310129700083161e-4,0.4959999999991851,121.070147621845
150,0.1,0.5,random,pcglassoFast_Primal,C,8.11130830789687e-4,0.3859999999995125,121.07140858616488
150,0.1,0.5,random,pcglassoFast_Primal,C,0.0028480358684358,0.30600000000049477,121.07413241871348
150,0.1,0.5,random,pcglassoFast_Primal,C,0.01,0.2539999999999054,121.07901152263564
150,0.1,0.5,random,pcglassoFast_Primal,I,9.999999999999982e-9,1.6610000000000582,121.06957520032806
150,0.1,0.5,random,pcglassoFast_Primal,I,3.5111917342151263e-8,1.5579999999999927,121.06957526291248
150,0.1,0.5,random,pcglassoFast_Primal,I,1.2328467394420646e-7,1.2375000000010914,121.06957547159485
150,0.1,0.5,random,pcglassoFast_Primal,I,4.328761281083054e-7,1.125,121.0695761534476
150,0.1,0.5,random,pcglassoFast_Primal,I,1.5199110829529328e-6,0.9910000000008949,121.06957946420266
150,0.1,0.5,random,pcglassoFast_Primal,I,5.336699231206308e-6,0.8709999999991851,121.06958900623162
150,0.1,0.5,random,pcglassoFast_Primal,I,1.873817422860384e-5,0.7739999999994325,121.06961927004156
150,0.1,0.5,random,pcglassoFast_Primal,I,6.579332246575681e-5,0.6440000000002328,121.06975677637124
150,0.1,0.5,random,pcglassoFast_Primal,I,2.310129700083161e-4,0.5149999999994179,121.07027375639268
150,0.1,0.5,random,pcglassoFast_Primal,I,8.11130830789687e-4,0.3719999999993888,121.07200687823236
150,0.1,0.5,random,pcglassoFast_Primal,I,0.0028480358684358,0.26900000000023283,121.0760545192092
150,0.1,0.5,random,pcglassoFast_Primal,I,0.01,0.21500000000014552,121.08144424582277
150,0.2,0,AR2,pcglasso,C,9.999999999999982e-9,1.9025000000001455,141.48055979219598
150,0.2,0,AR2,pcglasso,C,3.5111917342151263e-8,1.7050000000008367,141.48055983544435
150,0.2,0,AR2,pcglasso,C,1.2328467394420646e-7,1.698500000000422,141.48055986060305
150,0.2,0,AR2,pcglasso,C,4.328761281083054e-7,1.436999999999898,141.48055997663317
150,0.2,0,AR2,pcglasso,C,1.5199110829529328e-6,1.4784999999992579,141.48056810092754
150,0.2,0,AR2,pcglasso,C,5.336699231206308e-6,1.2719999999999345,141.48066487205722
150,0.2,0,AR2,pcglasso,C,1.873817422860384e-5,1.0669999999990978,141.48162256165972
150,0.2,0,AR2,pcglasso,C,6.579332246575681e-5,0.628499999998894,141.51807313065368
150,0.2,0,AR2,pcglasso,C,2.310129700083161e-4,0.42299999999977445,141.98675331560156
150,0.2,0,AR2,pcglasso,C,8.11130830789687e-4,0.1875000000009095,152.0587349792641
150,0.2,0,AR2,pcglasso,C,0.0028480358684358,0.07900000000063301,195.92266528401288
150,0.2,0,AR2,pcglasso,C,0.01,0.07600000000093132,189.47052038672535
150,0.2,0,AR2,pcglasso,I,9.999999999999982e-9,1.092000000000553,141.48055979449646
150,0.2,0,AR2,pcglasso,I,3.5111917342151263e-8,0.9444999999996071,141.48055981704888
150,0.2,0,AR2,pcglasso,I,1.2328467394420646e-7,0.7350000000005821,141.4805599993484
150,0.2,0,AR2,pcglasso,I,4.328761281083054e-7,0.7100000000000364,141.48056033465036
150,0.2,0,AR2,pcglasso,I,1.5199110829529328e-6,0.6700000000000728,141.4805640048493
150,0.2,0,AR2,pcglasso,I,5.336699231206308e-6,0.6135000000003856,141.48064724017976
150,0.2,0,AR2,pcglasso,I,1.873817422860384e-5,0.43800000000192085,141.4816011214079
150,0.2,0,AR2,pcglasso,I,6.579332246575681e-5,0.2860000000000582,141.492232740274
150,0.2,0,AR2,pcglasso,I,2.310129700083161e-4,0.15399999999863212,141.6124711477417
150,0.2,0,AR2,pcglasso,I,8.11130830789687e-4,0.07599999999729334,142.00317228010985
150,0.2,0,AR2,pcglasso,I,0.0028480358684358,0.06699999999909778,142.11168973971238
150,0.2,0,AR2,pcglasso,I,0.01,0.06999999999970896,142.11168973971238
150,0.2,0,AR2,pcglassoFast_Dual,C,9.999999999999982e-9,0.1820000000006985,141.48055978751998
150,0.2,0,AR2,pcglassoFast_Dual,C,3.5111917342151263e-8,0.17400000000088767,141.48055979206117
150,0.2,0,AR2,pcglassoFast_Dual,C,1.2328467394420646e-7,0.28549999999995634,141.48055980487845
150,0.2,0,AR2,pcglassoFast_Dual,C,4.328761281083054e-7,0.26199999999880674,141.4805598577794
150,0.2,0,AR2,pcglassoFast_Dual,C,1.5199110829529328e-6,0.12849999999980355,141.48056000116546
150,0.2,0,AR2,pcglassoFast_Dual,C,5.336699231206308e-6,0.12199999999938882,141.48056047313776
150,0.2,0,AR2,pcglassoFast_Dual,C,1.873817422860384e-5,0.11999999999898137,141.48056208839725
150,0.2,0,AR2,pcglassoFast_Dual,C,6.579332246575681e-5,0.11000000000058208,141.4805676194464
150,0.2,0,AR2,pcglassoFast_Dual,C,2.310129700083161e-4,0.10399999999935972,141.48058698359873
150,0.2,0,AR2,pcglassoFast_Dual,C,8.11130830789687e-4,0.09749999999985448,141.48065578858834
150,0.2,0,AR2,pcglassoFast_Dual,C,0.0028480358684358,0.0930000000007567,141.48089321569722
150,0.2,0,AR2,pcglassoFast_Dual,C,0.01,0.09000000000014552,141.4817235882198
150,0.2,0,AR2,pcglassoFast_Dual,I,9.999999999999982e-9,0.25749999999970896,141.4805597873603
150,0.2,0,AR2,pcglassoFast_Dual,I,3.5111917342151263e-8,0.125,141.48055979169098
150,0.2,0,AR2,pcglassoFast_Dual,I,1.2328467394420646e-7,0.11000000000058208,141.4805598040375
150,0.2,0,AR2,pcglassoFast_Dual,I,4.328761281083054e-7,0.09699999999975262,141.4805598472143
150,0.2,0,AR2,pcglassoFast_Dual,I,1.5199110829529328e-6,0.09100000000034925,141.48055998794783
150,0.2,0,AR2,pcglassoFast_Dual,I,5.336699231206308e-6,0.08499999999912689,141.48056045608936
150,0.2,0,AR2,pcglassoFast_Dual,I,1.873817422860384e-5,0.19549999999981083,141.4805620727621
150,0.2,0,AR2,pcglassoFast_Dual,I,6.579332246575681e-5,0.07899999999790452,141.48056764741924
150,0.2,0,AR2,pcglassoFast_Dual,I,2.310129700083161e-4,0.07200000000011642,141.48058709547036
150,0.2,0,AR2,pcglassoFast_Dual,I,8.11130830789687e-4,0.06200000000080763,141.48065672558693
150,0.2,0,AR2,pcglassoFast_Dual,I,0.0028480358684358,0.05600000000049476,141.4809018223454
150,0.2,0,AR2,pcglassoFast_Dual,I,0.01,0.05500000000029104,141.48182825017966
150,0.2,0,AR2,pcglassoFast_Primal,C,9.999999999999982e-9,0.7369999999991705,141.48055978777438
150,0.2,0,AR2,pcglassoFast_Primal,C,3.5111917342151263e-8,0.7099999999991269,141.4805597926054
150,0.2,0,AR2,pcglassoFast_Primal,C,1.2328467394420646e-7,0.6880000000001019,141.48055980918488
150,0.2,0,AR2,pcglassoFast_Primal,C,4.328761281083054e-7,0.6715000000003783,141.48055986068468
150,0.2,0,AR2,pcglassoFast_Primal,C,1.5199110829529328e-6,0.5210000000006403,141.48056002113634
150,0.2,0,AR2,pcglassoFast_Primal,C,5.336699231206308e-6,0.49349999999958527,141.480560525516
150,0.2,0,AR2,pcglassoFast_Primal,C,1.873817422860384e-5,0.4445000000014261,141.48056763703596
150,0.2,0,AR2,pcglassoFast_Primal,C,6.579332246575681e-5,0.41599999999925785,141.48058559731027
150,0.2,0,AR2,pcglassoFast_Primal,C,2.310129700083161e-4,0.3909999999996217,141.48064569141138
150,0.2,0,AR2,pcglassoFast_Primal,C,8.11130830789687e-4,0.3650000000016007,141.48084719514358
150,0.2,0,AR2,pcglassoFast_Primal,C,0.0028480358684358,0.3334999999988213,141.48152732278595
150,0.2,0,AR2,pcglassoFast_Primal,C,0.01,0.30649999999877764,141.48384996762343
150,0.2,0,AR2,pcglassoFast_Primal,I,9.999999999999982e-9,0.5910000000003492,141.48055978738478
150,0.2,0,AR2,pcglassoFast_Primal,I,3.5111917342151263e-8,0.5619999999998981,141.48055979155893
150,0.2,0,AR2,pcglassoFast_Primal,I,1.2328467394420646e-7,0.44350000000122236,141.48055984048412
150,0.2,0,AR2,pcglassoFast_Primal,I,4.328761281083054e-7,0.407999999999447,141.48055996016365
150,0.2,0,AR2,pcglassoFast_Primal,I,1.5199110829529328e-6,0.37699999999949796,141.48056034084857
150,0.2,0,AR2,pcglassoFast_Primal,I,5.336699231206308e-6,0.46150000000034197,141.48056161298106
150,0.2,0,AR2,pcglassoFast_Primal,I,1.873817422860384e-5,0.32000000000243745,141.4805658347458
150,0.2,0,AR2,pcglassoFast_Primal,I,6.579332246575681e-5,0.2940000000007785,141.4805800092546
150,0.2,0,AR2,pcglassoFast_Primal,I,2.310129700083161e-4,0.26900000000023283,141.48062836876875
150,0.2,0,AR2,pcglassoFast_Primal,I,8.11130830789687e-4,0.2419999999983702,141.48079468306378
150,0.2,0,AR2,pcglassoFast_Primal,I,0.0028480358684358,0.2179999999998472,141.4813738161536
150,0.2,0,AR2,pcglassoFast_Primal,I,0.01,0.1890000000003056,141.48341930115674
150,0.2,0,hub_09,pcglasso,C,9.999999999999982e-9,1.6835000000000946,149.0135980992995
150,0.2,0,hub_09,pcglasso,C,3.5111917342151263e-8,1.604500000000371,149.01359809275243
150,0.2,0,hub_09,pcglasso,C,1.2328467394420646e-7,1.3590000000003783,149.0135981331483
150,0.2,0,hub_09,pcglasso,C,4.328761281083054e-7,1.037000000000262,149.01359850680586
150,0.2,0,hub_09,pcglasso,C,1.5199110829529328e-6,0.882499999999709,149.01360317846093
150,0.2,0,hub_09,pcglasso,C,5.336699231206308e-6,0.8789999999989959,149.01360317846093
150,0.2,0,hub_09,pcglasso,C,1.873817422860384e-5,0.6650000000008731,149.0139373006982
150,0.2,0,hub_09,pcglasso,C,6.579332246575681e-5,0.579000000000633,149.01393160310712
150,0.2,0,hub_09,pcglasso,C,2.310129700083161e-4,0.3849999999993088,149.08899327466483
150,0.2,0,hub_09,pcglasso,C,8.11130830789687e-4,0.31899999999950523,149.15945361484594
150,0.2,0,hub_09,pcglasso,C,0.0028480358684358,0.0779999999977008,207.57754501013773
150,0.2,0,hub_09,pcglasso,C,0.01,0.06799999999930151,208.44064742072055
150,0.2,0,hub_09,pcglasso,I,9.999999999999982e-9,1.8190000000004147,149.01359810200657
150,0.2,0,hub_09,pcglasso,I,3.5111917342151263e-8,1.7825000000002547,149.01359810242272
150,0.2,0,hub_09,pcglasso,I,1.2328467394420646e-7,1.303000000000793,149.0135981402909
150,0.2,0,hub_09,pcglasso,I,4.328761281083054e-7,1.2199999999993452,149.013598310014
150,0.2,0,hub_09,pcglasso,I,1.5199110829529328e-6,1.2830000000003565,149.01359961730827
150,0.2,0,hub_09,pcglasso,I,5.336699231206308e-6,1.1649999999990541,149.01359961730827
150,0.2,0,hub_09,pcglasso,I,1.873817422860384e-5,0.9309999999995853,149.01376839829103
150,0.2,0,hub_09,pcglasso,I,6.579332246575681e-5,0.6850000000013097,149.01367399773457
150,0.2,0,hub_09,pcglasso,I,2.310129700083161e-4,0.3150000000023283,149.01884039474257
150,0.2,0,hub_09,pcglasso,I,8.11130830789687e-4,0.2139999999999418,149.22532773054238
150,0.2,0,hub_09,pcglasso,I,0.0028480358684358,0.10399999999935972,149.65230590309736
150,0.2,0,hub_09,pcglasso,I,0.01,0.09900000000197906,149.65230590309736
150,0.2,0,hub_09,pcglassoFast_Dual,C,9.999999999999982e-9,0.14400000000023283,149.01359808930656
150,0.2,0,hub_09,pcglassoFast_Dual,C,3.5111917342151263e-8,0.13799999999991996,149.01359809236928
150,0.2,0,hub_09,pcglassoFast_Dual,C,1.2328467394420646e-7,0.1180000000003929,149.01359814626232
150,0.2,0,hub_09,pcglassoFast_Dual,C,4.328761281083054e-7,0.08850000000074942,149.01359853664044
150,0.2,0,hub_09,pcglassoFast_Dual,C,1.5199110829529328e-6,0.20100000000093132,149.01359843910555
150,0.2,0,hub_09,pcglassoFast_Dual,C,5.336699231206308e-6,0.07999999999992724,149.0135991921568
150,0.2,0,hub_09,pcglassoFast_Dual,C,1.873817422860384e-5,0.0750000000007276,149.0135985392998
150,0.2,0,hub_09,pcglassoFast_Dual,C,6.579332246575681e-5,0.0639999999984866,149.01362209229103
150,0.2,0,hub_09,pcglassoFast_Dual,C,2.310129700083161e-4,0.05899999999746797,149.0137811064397
150,0.2,0,hub_09,pcglassoFast_Dual,C,8.11130830789687e-4,0.05899999999746797,149.0137811064397
150,0.2,0,hub_09,pcglassoFast_Dual,C,0.0028480358684358,0.05199999999967986,149.0138550479032
150,0.2,0,hub_09,pcglassoFast_Dual,C,0.01,0.0459999999984575,149.01450303838556
150,0.2,0,hub_09,pcglassoFast_Dual,I,9.999999999999982e-9,0.14750000000094587,149.01359808915953
150,0.2,0,hub_09,pcglassoFast_Dual,I,3.5111917342151263e-8,0.13099999999940337,149.01359812130008
150,0.2,0,hub_09,pcglassoFast_Dual,I,1.2328467394420646e-7,0.11499999999978172,149.01359812130008
150,0.2,0,hub_09,pcglassoFast_Dual,I,4.328761281083054e-7,0.10499999999956344,149.0135983085407
150,0.2,0,hub_09,pcglassoFast_Dual,I,1.5199110829529328e-6,0.08699999999953434,149.0135986826543
150,0.2,0,hub_09,pcglassoFast_Dual,I,5.336699231206308e-6,0.0820000000003347,149.01359830029574
150,0.2,0,hub_09,pcglassoFast_Dual,I,1.873817422860384e-5,0.07600000000093132,149.01360042539545
150,0.2,0,hub_09,pcglassoFast_Dual,I,6.579332246575681e-5,0.06700000000091677,149.0136356134086
150,0.2,0,hub_09,pcglassoFast_Dual,I,2.310129700083161e-4,0.06699999999909778,149.0136356134086
150,0.2,0,hub_09,pcglassoFast_Dual,I,8.11130830789687e-4,0.06599999999889405,149.01368338097836
150,0.2,0,hub_09,pcglassoFast_Dual,I,0.0028480358684358,0.06599999999889405,149.01368338097836
150,0.2,0,hub_09,pcglassoFast_Dual,I,0.01,0.05800000000090222,149.01400465072507
150,0.2,0,hub_09,pcglassoFast_Primal,C,9.999999999999982e-9,0.3829999999998108,149.0135980897222
150,0.2,0,hub_09,pcglassoFast_Primal,C,3.5111917342151263e-8,0.38400000000001455,149.0135980897222
150,0.2,0,hub_09,pcglassoFast_Primal,C,1.2328467394420646e-7,0.35899999999946886,149.01359809619566
150,0.2,0,hub_09,pcglassoFast_Primal,C,4.328761281083054e-7,0.27599999999983993,149.01359813465643
150,0.2,0,hub_09,pcglassoFast_Primal,C,1.5199110829529328e-6,0.27599999999983993,149.01359813465643
150,0.2,0,hub_09,pcglassoFast_Primal,C,5.336699231206308e-6,0.24799999999959255,149.01359856514904
150,0.2,0,hub_09,pcglassoFast_Primal,C,1.873817422860384e-5,0.2209999999995489,149.01360028991908
150,0.2,0,hub_09,pcglassoFast_Primal,C,6.579332246575681e-5,0.21900000000096043,149.01360028991908
150,0.2,0,hub_09,pcglassoFast_Primal,C,2.310129700083161e-4,0.2249999999985448,149.01360028991908
150,0.2,0,hub_09,pcglassoFast_Primal,C,8.11130830789687e-4,0.19300000000203,149.01361279436242
150,0.2,0,hub_09,pcglassoFast_Primal,C,0.0028480358684358,0.19499999999970896,149.01361279436242
150,0.2,0,hub_09,pcglassoFast_Primal,C,0.01,0.16899999999805004,149.01394836271257
150,0.2,0,hub_09,pcglassoFast_Primal,I,9.999999999999982e-9,0.47699999999986176,149.01359808973208
150,0.2,0,hub_09,pcglassoFast_Primal,I,3.5111917342151263e-8,0.4099999999998545,149.01359808973208
150,0.2,0,hub_09,pcglassoFast_Primal,I,1.2328467394420646e-7,0.33550000000013824,149.01359809527372
150,0.2,0,hub_09,pcglassoFast_Primal,I,4.328761281083054e-7,0.3025000000006912,149.0135981388761
150,0.2,0,hub_09,pcglassoFast_Primal,I,1.5199110829529328e-6,0.27300000000013824,149.01359838304288
150,0.2,0,hub_09,pcglassoFast_Primal,I,5.336699231206308e-6,0.2749999999996362,149.01359838304288
150,0.2,0,hub_09,pcglassoFast_Primal,I,1.873817422860384e-5,0.24400000000150612,149.0135993763274
150,0.2,0,hub_09,pcglassoFast_Primal,I,6.579332246575681e-5,0.2430000000022119,149.0135993763274
150,0.2,0,hub_09,pcglassoFast_Primal,I,2.310129700083161e-4,0.2469999999993888,149.0135993763274
150,0.2,0,hub_09,pcglassoFast_Primal,I,8.11130830789687e-4,0.21600000000034925,149.01361078747607
150,0.2,0,hub_09,pcglassoFast_Primal,I,0.0028480358684358,0.18999999999869033,149.0138491285465
150,0.2,0,hub_09,pcglassoFast_Primal,I,0.01,0.18999999999869033,149.0138491285465
150,0.2,0,hub_1,pcglasso,C,9.999999999999982e-9,10.35700000000088,55.52797789008634
150,0.2,0,hub_1,pcglasso,C,3.5111917342151263e-8,9.096000000000458,55.5279797779126
150,0.2,0,hub_1,pcglasso,C,1.2328467394420646e-7,6.768500000000131,55.52805316837041
150,0.2,0,hub_1,pcglasso,C,4.328761281083054e-7,5.369499999999789,55.528281840131974
150,0.2,0,hub_1,pcglasso,C,1.5199110829529328e-6,4.607500000000073,55.528720589892984
150,0.2,0,hub_1,pcglasso,C,5.336699231206308e-6,4.399000000000342,55.53039147332729
150,0.2,0,hub_1,pcglasso,C,1.873817422860384e-5,3.78650000000016,55.53497351026421
150,0.2,0,hub_1,pcglasso,C,6.579332246575681e-5,3.032500000001164,55.537488832021225
150,0.2,0,hub_1,pcglasso,C,2.310129700083161e-4,1.184000000001106,75.47809867012886
150,0.2,0,hub_1,pcglasso,C,8.11130830789687e-4,1.0834999999988213,90.39300133432644
150,0.2,0,hub_1,pcglasso,C,0.0028480358684358,0.45799999999871943,301.8750898855494
150,0.2,0,hub_1,pcglasso,C,0.01,0.46199999999953434,301.8750898855494
150,0.2,0,hub_1,pcglasso,I,9.999999999999982e-9,15.938000000000102,55.527977966130464
150,0.2,0,hub_1,pcglasso,I,3.5111917342151263e-8,14.65900000000056,55.52798081762796
150,0.2,0,hub_1,pcglasso,I,1.2328467394420646e-7,11.923499999999876,55.52798940192716
150,0.2,0,hub_1,pcglasso,I,4.328761281083054e-7,10.397500000000946,55.52833984097816
150,0.2,0,hub_1,pcglasso,I,1.5199110829529328e-6,9.58849999999984,55.53097979220591
150,0.2,0,hub_1,pcglasso,I,5.336699231206308e-6,8.685999999997875,55.530576152575065
150,0.2,0,hub_1,pcglasso,I,1.873817422860384e-5,5.5549999999993815,55.66098562296189
150,0.2,0,hub_1,pcglasso,I,6.579332246575681e-5,3.867500000000291,56.38199454929712
150,0.2,0,hub_1,pcglasso,I,2.310129700083161e-4,0.5429999999987558,70.89988574852194
150,0.2,0,hub_1,pcglasso,I,8.11130830789687e-4,0.5689999999995052,71.19512948991806
150,0.2,0,hub_1,pcglasso,I,0.0028480358684358,0.35200000000077125,71.86504738787403
150,0.2,0,hub_1,pcglasso,I,0.01,0.3279999999995198,72.76160906741235
150,0.2,0,hub_1,pcglassoFast_Dual,C,9.999999999999982e-9,2.733000000001084,55.52797769863674
150,0.2,0,hub_1,pcglassoFast_Dual,C,3.5111917342151263e-8,2.479999999999563,55.52797772319932
150,0.2,0,hub_1,pcglassoFast_Dual,C,1.2328467394420646e-7,2.393000000000029,55.527977731482295
150,0.2,0,hub_1,pcglassoFast_Dual,C,4.328761281083054e-7,1.9965000000001965,55.52797799633653
150,0.2,0,hub_1,pcglassoFast_Dual,C,1.5199110829529328e-6,2.15099999999984,55.52797834190443
150,0.2,0,hub_1,pcglassoFast_Dual,C,5.336699231206308e-6,2.005000000000109,55.52797910563978
150,0.2,0,hub_1,pcglassoFast_Dual,C,1.873817422860384e-5,1.9749999999985448,55.52798824204571
150,0.2,0,hub_1,pcglassoFast_Dual,C,6.579332246575681e-5,1.8004999999993743,55.528006891801915
150,0.2,0,hub_1,pcglassoFast_Dual,C,2.310129700083161e-4,1.6369999999997162,55.52802927228896
150,0.2,0,hub_1,pcglassoFast_Dual,C,8.11130830789687e-4,1.5639999999984866,55.528373838945065
150,0.2,0,hub_1,pcglassoFast_Dual,C,0.0028480358684358,1.514999999999418,55.52887559759906
150,0.2,0,hub_1,pcglassoFast_Dual,C,0.01,1.4955000000009022,55.53975511600333
150,0.2,0,hub_1,pcglassoFast_Dual,I,9.999999999999982e-9,12.311499999999796,55.527977695188
150,0.2,0,hub_1,pcglassoFast_Dual,I,3.5111917342151263e-8,12.146499999999833,55.5279777043628
150,0.2,0,hub_1,pcglassoFast_Dual,I,1.2328467394420646e-7,10.379500000000007,55.52797771586506
150,0.2,0,hub_1,pcglassoFast_Dual,I,4.328761281083054e-7,10.11700000000019,55.527977768223806
150,0.2,0,hub_1,pcglassoFast_Dual,I,1.5199110829529328e-6,10.138999999999214,55.52797800713118
150,0.2,0,hub_1,pcglassoFast_Dual,I,5.336699231206308e-6,9.934500000000298,55.52798094733926
150,0.2,0,hub_1,pcglassoFast_Dual,I,1.873817422860384e-5,9.876500000000306,55.52798041346753
150,0.2,0,hub_1,pcglassoFast_Dual,I,6.579332246575681e-5,9.87249999999949,55.52799911458108
150,0.2,0,hub_1,pcglassoFast_Dual,I,2.310129700083161e-4,9.759500000001026,55.52804722342723
150,0.2,0,hub_1,pcglassoFast_Dual,I,8.11130830789687e-4,9.866500000000087,55.52813239891084
150,0.2,0,hub_1,pcglassoFast_Dual,I,0.0028480358684358,9.71100000000115,55.52846486681187
150,0.2,0,hub_1,pcglassoFast_Dual,I,0.01,9.52350000000024,55.53026816454347
150,0.2,0,hub_1,pcglassoFast_Primal,C,9.999999999999982e-9,13.852499999999964,55.527978058963775
150,0.2,0,hub_1,pcglassoFast_Primal,C,3.5111917342151263e-8,10.0600000000004,55.52797828708268
150,0.2,0,hub_1,pcglassoFast_Primal,C,1.2328467394420646e-7,8.382500000000618,55.52797963234512
150,0.2,0,hub_1,pcglassoFast_Primal,C,4.328761281083054e-7,6.353500000000167,55.52797819503701
150,0.2,0,hub_1,pcglassoFast_Primal,C,1.5199110829529328e-6,5.224999999999454,55.527983698544595
150,0.2,0,hub_1,pcglassoFast_Primal,C,5.336699231206308e-6,4.3344999999999345,55.52799995465837
150,0.2,0,hub_1,pcglassoFast_Primal,C,1.873817422860384e-5,3.462999999999738,55.52815240857281
150,0.2,0,hub_1,pcglassoFast_Primal,C,6.579332246575681e-5,2.6534999999985303,55.52820159755933
150,0.2,0,hub_1,pcglassoFast_Primal,C,2.310129700083161e-4,1.8215000000000146,55.5293581568097
150,0.2,0,hub_1,pcglassoFast_Primal,C,8.11130830789687e-4,1.7120000000013533,55.52930827580883
150,0.2,0,hub_1,pcglassoFast_Primal,C,0.0028480358684358,1.1514999999981228,55.55949376887949
150,0.2,0,hub_1,pcglassoFast_Primal,C,0.01,1.014999999999418,55.54531665797996
150,0.2,0,hub_1,pcglassoFast_Primal,I,9.999999999999982e-9,13.007000000000517,55.52797796734487
150,0.2,0,hub_1,pcglassoFast_Primal,I,3.5111917342151263e-8,10.750999999999294,55.5279791488887
150,0.2,0,hub_1,pcglassoFast_Primal,I,1.2328467394420646e-7,7.661000000000058,55.527980090895184
150,0.2,0,hub_1,pcglassoFast_Primal,I,4.328761281083054e-7,6.081999999999425,55.52798975240984
150,0.2,0,hub_1,pcglassoFast_Primal,I,1.5199110829529328e-6,5.068999999999505,55.527993591412105
150,0.2,0,hub_1,pcglassoFast_Primal,I,5.336699231206308e-6,4.091500000000451,55.52805805191544
150,0.2,0,hub_1,pcglassoFast_Primal,I,1.873817422860384e-5,3.510999999998603,55.527994080274254
150,0.2,0,hub_1,pcglassoFast_Primal,I,6.579332246575681e-5,2.9570000000003347,55.52829583766243
150,0.2,0,hub_1,pcglassoFast_Primal,I,2.310129700083161e-4,2.5204999999987194,55.528769447958965
150,0.2,0,hub_1,pcglassoFast_Primal,I,8.11130830789687e-4,1.933499999999185,55.53132498151962
150,0.2,0,hub_1,pcglassoFast_Primal,I,0.0028480358684358,1.5319999999992433,55.55309579469151
150,0.2,0,hub_1,pcglassoFast_Primal,I,0.01,1.4879999999993743,55.53036401397697
150,0.2,0,random,pcglasso,C,9.999999999999982e-9,5.02849999999944,127.92934221718872
150,0.2,0,random,pcglasso,C,3.5111917342151263e-8,4.344500000000153,127.9293445533156
150,0.2,0,random,pcglasso,C,1.2328467394420646e-7,3.295499999999265,127.9293629210918
150,0.2,0,random,pcglasso,C,4.328761281083054e-7,2.274999999999636,127.92990315084728
150,0.2,0,random,pcglasso,C,1.5199110829529328e-6,1.907999999999447,127.93192416140742
150,0.2,0,random,pcglasso,C,5.336699231206308e-6,1.5889999999999418,127.96841290729884
150,0.2,0,random,pcglasso,C,1.873817422860384e-5,1.1715000000012878,128.16300600795617
150,0.2,0,random,pcglasso,C,6.579332246575681e-5,0.8225000000002183,128.7706213548285
150,0.2,0,random,pcglasso,C,2.310129700083161e-4,0.657999999999447,129.3777389405141
150,0.2,0,random,pcglasso,C,8.11130830789687e-4,0.4310000000004948,135.71945756711253
150,0.2,0,random,pcglasso,C,0.0028480358684358,0.07400000000052387,246.69413705118632
150,0.2,0,random,pcglasso,C,0.01,0.06799999999930151,272.5154002655106
150,0.2,0,random,pcglasso,I,9.999999999999982e-9,4.912500000000364,127.92934528304568
150,0.2,0,random,pcglasso,I,3.5111917342151263e-8,3.8630000000002838,127.9293723761573
150,0.2,0,random,pcglasso,I,1.2328467394420646e-7,2.60950000000048,127.92957505088478
150,0.2,0,random,pcglasso,I,4.328761281083054e-7,2.020499999999629,127.9302828651474
150,0.2,0,random,pcglasso,I,1.5199110829529328e-6,1.4420000000009168,127.9333896568529
150,0.2,0,random,pcglasso,I,5.336699231206308e-6,1.0764999999992142,127.96998683731384
150,0.2,0,random,pcglasso,I,1.873817422860384e-5,0.6935000000003129,128.07946282386126
150,0.2,0,random,pcglasso,I,6.579332246575681e-5,0.49100000000089494,128.1844326588671
150,0.2,0,random,pcglasso,I,2.310129700083161e-4,0.2039999999997235,128.93463460192405
150,0.2,0,random,pcglasso,I,8.11130830789687e-4,0.11199999999917054,131.06393270402214
150,0.2,0,random,pcglasso,I,0.0028480358684358,0.0930000000007567,131.54205226282
150,0.2,0,random,pcglasso,I,0.01,0.08899999999994179,131.54205226282
150,0.2,0,random,pcglassoFast_Dual,C,9.999999999999982e-9,0.6775000000006912,127.92934172582724
150,0.2,0,random,pcglassoFast_Dual,C,3.5111917342151263e-8,0.5369999999993524,127.92934189625194
150,0.2,0,random,pcglassoFast_Dual,C,1.2328467394420646e-7,0.5320000000010623,127.92934196612129
150,0.2,0,random,pcglassoFast_Dual,C,4.328761281083054e-7,0.3289999999997235,127.92935260500556
150,0.2,0,random,pcglassoFast_Dual,C,1.5199110829529328e-6,0.44400000000041473,127.92935260500556
150,0.2,0,random,pcglassoFast_Dual,C,5.336699231206308e-6,0.3289999999997235,127.92935299770124
150,0.2,0,random,pcglassoFast_Dual,C,1.873817422860384e-5,0.28700000000026193,127.92938509721763
150,0.2,0,random,pcglassoFast_Dual,C,6.579332246575681e-5,0.24799999999959255,127.92942452961596
150,0.2,0,random,pcglassoFast_Dual,C,2.310129700083161e-4,0.22699999999895223,127.9294499770914
150,0.2,0,random,pcglassoFast_Dual,C,8.11130830789687e-4,0.17300000000068394,127.93095494995951
150,0.2,0,random,pcglassoFast_Dual,C,0.0028480358684358,0.147000000000844,127.93368654237196
150,0.2,0,random,pcglassoFast_Dual,C,0.01,0.09900000000197906,127.9519640920186
150,0.2,0,random,pcglassoFast_Dual,I,9.999999999999982e-9,0.6920000000000073,127.92934172190807
150,0.2,0,random,pcglassoFast_Dual,I,3.5111917342151263e-8,0.5390000000006694,127.92934180318208
150,0.2,0,random,pcglassoFast_Dual,I,1.2328467394420646e-7,0.4210000000002765,127.92934198606532
150,0.2,0,random,pcglassoFast_Dual,I,4.328761281083054e-7,0.4030000000002474,127.92934228770044
150,0.2,0,random,pcglassoFast_Dual,I,1.5199110829529328e-6,0.4930000000003929,127.92934300490784
150,0.2,0,random,pcglassoFast_Dual,I,5.336699231206308e-6,0.31050000000050204,127.92934733112236
150,0.2,0,random,pcglassoFast_Dual,I,1.873817422860384e-5,0.26300000000082946,127.9293635936281
150,0.2,0,random,pcglassoFast_Dual,I,6.579332246575681e-5,0.35199999999895226,127.92939343783078
150,0.2,0,random,pcglassoFast_Dual,I,2.310129700083161e-4,0.2919999999985521,127.92951912431504
150,0.2,0,random,pcglassoFast_Dual,I,8.11130830789687e-4,0.15899999999965075,127.92971376658632
150,0.2,0,random,pcglassoFast_Dual,I,0.0028480358684358,0.13299999999799184,127.9309163329702
150,0.2,0,random,pcglassoFast_Dual,I,0.01,0.09000000000014552,127.9490643542788
150,0.2,0,random,pcglassoFast_Primal,C,9.999999999999982e-9,3.9020000000000437,127.9293417755248
150,0.2,0,random,pcglassoFast_Primal,C,3.5111917342151263e-8,3.4935000000004948,127.92934178405778
150,0.2,0,random,pcglassoFast_Primal,C,1.2328467394420646e-7,2.981999999999971,127.92934190225616
150,0.2,0,random,pcglassoFast_Primal,C,4.328761281083054e-7,2.3075000000008004,127.92934224851224
150,0.2,0,random,pcglassoFast_Primal,C,1.5199110829529328e-6,1.875,127.92934356455028
150,0.2,0,random,pcglassoFast_Primal,C,5.336699231206308e-6,1.525499999999738,127.92934783219172
150,0.2,0,random,pcglassoFast_Primal,C,1.873817422860384e-5,1.1795000000001892,127.92936551935132
150,0.2,0,random,pcglassoFast_Primal,C,6.579332246575681e-5,0.8620000000009895,127.92944672963348
150,0.2,0,random,pcglassoFast_Primal,C,2.310129700083161e-4,0.7019999999993161,127.92965753651195
150,0.2,0,random,pcglassoFast_Primal,C,8.11130830789687e-4,0.5729999999994106,127.9301875007575
150,0.2,0,random,pcglassoFast_Primal,C,0.0028480358684358,0.3330000000023574,127.94341677162323
150,0.2,0,random,pcglassoFast_Primal,C,0.01,0.25500000000101863,127.9531840063024
150,0.2,0,random,pcglassoFast_Primal,I,9.999999999999982e-9,5.414000000000669,127.92934176724482
150,0.2,0,random,pcglassoFast_Primal,I,3.5111917342151263e-8,4.94800000000123,127.92934178257836
150,0.2,0,random,pcglassoFast_Primal,I,1.2328467394420646e-7,3.625,127.92934191843383
150,0.2,0,random,pcglassoFast_Primal,I,4.328761281083054e-7,3.251499999999396,127.92934212410606
150,0.2,0,random,pcglassoFast_Primal,I,1.5199110829529328e-6,2.811000000000604,127.92934384492702
150,0.2,0,random,pcglassoFast_Primal,I,5.336699231206308e-6,2.374499999999898,127.92934992123058
150,0.2,0,random,pcglassoFast_Primal,I,1.873817422860384e-5,1.925999999999476,127.92937062765264
150,0.2,0,random,pcglassoFast_Primal,I,6.579332246575681e-5,1.448500000000422,127.92940471113644
150,0.2,0,random,pcglassoFast_Primal,I,2.310129700083161e-4,1.0190000000002328,127.92959565024437
150,0.2,0,random,pcglassoFast_Primal,I,8.11130830789687e-4,0.7784999999994398,127.93005845128832
150,0.2,0,random,pcglassoFast_Primal,I,0.0028480358684358,0.5610000000015134,127.932562536274
150,0.2,0,random,pcglassoFast_Primal,I,0.01,0.40499999999883585,127.9423207489279
150,0.2,0.5,AR2,pcglasso,C,9.999999999999982e-9,0.6040000000002692,126.96304239372236
150,0.2,0.5,AR2,pcglasso,C,3.5111917342151263e-8,0.5879999999997381,126.9630423937339
150,0.2,0.5,AR2,pcglasso,C,1.2328467394420646e-7,0.555000000000291,126.9630423937826
150,0.2,0.5,AR2,pcglasso,C,4.328761281083054e-7,0.4899999999997817,126.9630423943434
150,0.2,0.5,AR2,pcglasso,C,1.5199110829529328e-6,0.4830000000001746,126.9630423943434
150,0.2,0.5,AR2,pcglasso,C,5.336699231206308e-6,0.46749999999974534,126.96304240450308
150,0.2,0.5,AR2,pcglasso,C,1.873817422860384e-5,0.4310000000004948,126.96304245420268
150,0.2,0.5,AR2,pcglasso,C,6.579332246575681e-5,0.3400000000001455,126.96304552619848
150,0.2,0.5,AR2,pcglasso,C,2.310129700083161e-4,0.2540000000008149,126.96323609055872
150,0.2,0.5,AR2,pcglasso,C,8.11130830789687e-4,0.2070000000003347,126.97045089187428
150,0.2,0.5,AR2,pcglasso,C,0.0028480358684358,0.0750000000007276,235.3595438218696
150,0.2,0.5,AR2,pcglasso,C,0.01,0.07599999999820284,235.3595438218696
150,0.2,0.5,AR2,pcglasso,I,9.999999999999982e-9,0.21999999999934516,126.96304239372088
150,0.2,0.5,AR2,pcglasso,I,3.5111917342151263e-8,0.21050000000013824,126.96304239372829
150,0.2,0.5,AR2,pcglasso,I,1.2328467394420646e-7,0.17300000000068394,126.96304239374926
150,0.2,0.5,AR2,pcglasso,I,4.328761281083054e-7,0.15799999999944703,126.96304239424458
150,0.2,0.5,AR2,pcglasso,I,1.5199110829529328e-6,0.1610000000000582,126.96304239424458
150,0.2,0.5,AR2,pcglasso,I,5.336699231206308e-6,0.14500000000043656,126.96304240834972
150,0.2,0.5,AR2,pcglasso,I,1.873817422860384e-5,0.14199999999982538,126.96304240802915
150,0.2,0.5,AR2,pcglasso,I,6.579332246575681e-5,0.10800000000017462,126.96304332202092
150,0.2,0.5,AR2,pcglasso,I,2.310129700083161e-4,0.08100000000194996,126.96310398089028
150,0.2,0.5,AR2,pcglasso,I,8.11130830789687e-4,0.06099999999787542,126.96399398624756
150,0.2,0.5,AR2,pcglasso,I,0.0028480358684358,0.05099999999947613,126.96697496901513
150,0.2,0.5,AR2,pcglasso,I,0.01,0.02500000000145519,128.86183761057703
150,0.2,0.5,AR2,pcglassoFast_Dual,C,9.999999999999982e-9,0.08899999999994179,126.96304239373548
150,0.2,0.5,AR2,pcglassoFast_Dual,C,3.5111917342151263e-8,0.08300000000053842,126.96304239436655
150,0.2,0.5,AR2,pcglassoFast_Dual,C,1.2328467394420646e-7,0.08300000000053842,126.96304239436655
150,0.2,0.5,AR2,pcglassoFast_Dual,C,4.328761281083054e-7,0.07099999999991269,126.96304239436655
150,0.2,0.5,AR2,pcglassoFast_Dual,C,1.5199110829529328e-6,0.07099999999991269,126.9630424196911
150,0.2,0.5,AR2,pcglassoFast_Dual,C,5.336699231206308e-6,0.06500000000050932,126.9630424196911
150,0.2,0.5,AR2,pcglassoFast_Dual,C,1.873817422860384e-5,0.06400000000212458,126.9630424196911
150,0.2,0.5,AR2,pcglassoFast_Dual,C,6.579332246575681e-5,0.06450000000040745,126.9630424196911
150,0.2,0.5,AR2,pcglassoFast_Dual,C,2.310129700083161e-4,0.05900000000110594,126.96304365973552
150,0.2,0.5,AR2,pcglassoFast_Dual,C,8.11130830789687e-4,0.06400000000121508,126.96304365973552
150,0.2,0.5,AR2,pcglassoFast_Dual,C,0.0028480358684358,0.0639999999984866,126.96304365973552
150,0.2,0.5,AR2,pcglassoFast_Dual,C,0.01,0.05299999999988358,126.96311160400188
150,0.2,0.5,AR2,pcglassoFast_Dual,I,9.999999999999982e-9,0.05400000000008731,126.96304239372884
150,0.2,0.5,AR2,pcglassoFast_Dual,I,3.5111917342151263e-8,0.04799999999886495,126.96304239414088
150,0.2,0.5,AR2,pcglassoFast_Dual,I,1.2328467394420646e-7,0.04199999999946158,126.96304239414088
150,0.2,0.5,AR2,pcglassoFast_Dual,I,4.328761281083054e-7,0.16300000000046566,126.96304239414088
150,0.2,0.5,AR2,pcglassoFast_Dual,I,1.5199110829529328e-6,0.03600000000005821,126.96304241164488
150,0.2,0.5,AR2,pcglassoFast_Dual,I,5.336699231206308e-6,0.03599999999914871,126.96304241164488
150,0.2,0.5,AR2,pcglassoFast_Dual,I,1.873817422860384e-5,0.03499999999985448,126.96304241164488
150,0.2,0.5,AR2,pcglassoFast_Dual,I,6.579332246575681e-5,0.02999999999883584,126.96304323096577
150,0.2,0.5,AR2,pcglassoFast_Dual,I,2.310129700083161e-4,0.02999999999883584,126.96304323096577
150,0.2,0.5,AR2,pcglassoFast_Dual,I,8.11130830789687e-4,0.0290000000022701,126.96304323096577
150,0.2,0.5,AR2,pcglassoFast_Dual,I,0.0028480358684358,0.02499999999781721,126.96308621567732
150,0.2,0.5,AR2,pcglassoFast_Dual,I,0.01,0.02400000000125146,126.96308621567732
150,0.2,0.5,AR2,pcglassoFast_Primal,C,9.999999999999982e-9,0.3919999999998254,126.96304239373532
150,0.2,0.5,AR2,pcglassoFast_Primal,C,3.5111917342151263e-8,0.363999999999578,126.96304239435408
150,0.2,0.5,AR2,pcglassoFast_Primal,C,1.2328467394420646e-7,0.364000000001397,126.96304239435408
150,0.2,0.5,AR2,pcglassoFast_Primal,C,4.328761281083054e-7,0.3099999999994907,126.96304239435408
150,0.2,0.5,AR2,pcglassoFast_Primal,C,1.5199110829529328e-6,0.2819999999992433,126.96304241886132
150,0.2,0.5,AR2,pcglassoFast_Primal,C,5.336699231206308e-6,0.28100000000085856,126.96304241886132
150,0.2,0.5,AR2,pcglassoFast_Primal,C,1.873817422860384e-5,0.2789999999995416,126.96304241886132
150,0.2,0.5,AR2,pcglassoFast_Primal,C,6.579332246575681e-5,0.25,126.96304359918854
150,0.2,0.5,AR2,pcglassoFast_Primal,C,2.310129700083161e-4,0.2510000000002037,126.96304359918854
150,0.2,0.5,AR2,pcglassoFast_Primal,C,8.11130830789687e-4,0.25200000000040745,126.96304359918854
150,0.2,0.5,AR2,pcglassoFast_Primal,C,0.0028480358684358,0.2510000000002037,126.96304359918854
150,0.2,0.5,AR2,pcglassoFast_Primal,C,0.01,0.22300000000086584,126.96310723476856
150,0.2,0.5,AR2,pcglassoFast_Primal,I,9.999999999999982e-9,0.19499999999970896,126.9630423937294
150,0.2,0.5,AR2,pcglassoFast_Primal,I,3.5111917342151263e-8,0.16599999999925785,126.96304239415836
150,0.2,0.5,AR2,pcglassoFast_Primal,I,1.2328467394420646e-7,0.14600000000064028,126.96304239415836
150,0.2,0.5,AR2,pcglassoFast_Primal,I,4.328761281083054e-7,0.14199999999982538,126.96304239415836
150,0.2,0.5,AR2,pcglassoFast_Primal,I,1.5199110829529328e-6,0.11599999999998543,126.96304241219109
150,0.2,0.5,AR2,pcglassoFast_Primal,I,5.336699231206308e-6,0.11450000000058935,126.96304241219109
150,0.2,0.5,AR2,pcglassoFast_Primal,I,1.873817422860384e-5,0.11499999999978172,126.96304241219109
150,0.2,0.5,AR2,pcglassoFast_Primal,I,6.579332246575681e-5,0.08899999999994179,126.9630432464322
150,0.2,0.5,AR2,pcglassoFast_Primal,I,2.310129700083161e-4,0.08899999999994179,126.9630432464322
150,0.2,0.5,AR2,pcglassoFast_Primal,I,8.11130830789687e-4,0.08800000000155705,126.9630432464322
150,0.2,0.5,AR2,pcglassoFast_Primal,I,0.0028480358684358,0.06299999999828287,126.96308649431364
150,0.2,0.5,AR2,pcglassoFast_Primal,I,0.01,0.06299999999828287,126.96308649431364
150,0.2,0.5,hub_09,pcglasso,C,9.999999999999982e-9,0.3209999999999127,126.98603854437648
150,0.2,0.5,hub_09,pcglasso,C,3.5111917342151263e-8,0.3109999999996944,126.98603857115825
150,0.2,0.5,hub_09,pcglasso,C,1.2328467394420646e-7,0.28799999999955617,126.98603889922248
150,0.2,0.5,hub_09,pcglasso,C,4.328761281083054e-7,0.24499999999898137,126.98604291854838
150,0.2,0.5,hub_09,pcglasso,C,1.5199110829529328e-6,0.23999999999978172,126.98604291854838
150,0.2,0.5,hub_09,pcglasso,C,5.336699231206308e-6,0.2430000000003929,126.98604291854838
150,0.2,0.5,hub_09,pcglasso,C,1.873817422860384e-5,0.2419999999983702,126.98604300198932
150,0.2,0.5,hub_09,pcglasso,C,6.579332246575681e-5,0.17699999999967986,126.98679939097846
150,0.2,0.5,hub_09,pcglasso,C,2.310129700083161e-4,0.15499999999974534,126.9940020684009
150,0.2,0.5,hub_09,pcglasso,C,8.11130830789687e-4,0.16300000000046566,127.1263336440521
150,0.2,0.5,hub_09,pcglasso,C,0.0028480358684358,0.1040000000011787,170.6447686679344
150,0.2,0.5,hub_09,pcglasso,C,0.01,0.06899999999950523,179.47958314620345
150,0.2,0.5,hub_09,pcglasso,I,9.999999999999982e-9,0.0820000000003347,126.98603854229546
150,0.2,0.5,hub_09,pcglasso,I,3.5111917342151263e-8,0.06599999999980355,126.98603854566554
150,0.2,0.5,hub_09,pcglasso,I,1.2328467394420646e-7,0.04600000000027648,126.9860385869489
150,0.2,0.5,hub_09,pcglasso,I,4.328761281083054e-7,0.04099999999925785,126.9860390926722
150,0.2,0.5,hub_09,pcglasso,I,1.5199110829529328e-6,0.03600000000005821,126.9860390926722
150,0.2,0.5,hub_09,pcglasso,I,5.336699231206308e-6,0.03600000000005821,126.9860390926722
150,0.2,0.5,hub_09,pcglasso,I,1.873817422860384e-5,0.03600000000005821,126.9860390926722
150,0.2,0.5,hub_09,pcglasso,I,6.579332246575681e-5,0.03600000000005821,126.98604528769286
150,0.2,0.5,hub_09,pcglasso,I,2.310129700083161e-4,0.03600000000005821,126.98612118054768
150,0.2,0.5,hub_09,pcglasso,I,8.11130830789687e-4,0.02500000000145519,126.99844463422984
150,0.2,0.5,hub_09,pcglasso,I,0.0028480358684358,0.02500000000145519,127.13774633505942
150,0.2,0.5,hub_09,pcglasso,I,0.01,0.02999999999883584,128.86183761057703
150,0.2,0.5,hub_09,pcglassoFast_Dual,C,9.999999999999982e-9,0.06899999999950523,126.9860385419959
150,0.2,0.5,hub_09,pcglassoFast_Dual,C,3.5111917342151263e-8,0.07099999999991269,126.9860385419959
150,0.2,0.5,hub_09,pcglassoFast_Dual,C,1.2328467394420646e-7,0.07000000000152795,126.9860385419959
150,0.2,0.5,hub_09,pcglassoFast_Dual,C,4.328761281083054e-7,0.05999999999949068,126.9860385419959
150,0.2,0.5,hub_09,pcglassoFast_Dual,C,1.5199110829529328e-6,0.05900000000110594,126.9860385419959
150,0.2,0.5,hub_09,pcglassoFast_Dual,C,5.336699231206308e-6,0.05899999999928695,126.9860385419959
150,0.2,0.5,hub_09,pcglassoFast_Dual,C,1.873817422860384e-5,0.06300000000192085,126.9860385419959
150,0.2,0.5,hub_09,pcglassoFast_Dual,C,6.579332246575681e-5,0.05800000000090222,126.9860385419959
150,0.2,0.5,hub_09,pcglassoFast_Dual,C,2.310129700083161e-4,0.05199999999967986,126.9860385419959
150,0.2,0.5,hub_09,pcglassoFast_Dual,C,8.11130830789687e-4,0.05199999999967986,126.9860385419959
150,0.2,0.5,hub_09,pcglassoFast_Dual,C,0.0028480358684358,0.05199999999967986,126.9860385419959
150,0.2,0.5,hub_09,pcglassoFast_Dual,C,0.01,0.05199999999967986,126.9860385419959
150,0.2,0.5,hub_09,pcglassoFast_Dual,I,9.999999999999982e-9,0.02800000000024738,126.9860385419959
150,0.2,0.5,hub_09,pcglassoFast_Dual,I,3.5111917342151263e-8,0.02800000000024738,126.9860385419959
150,0.2,0.5,hub_09,pcglassoFast_Dual,I,1.2328467394420646e-7,0.0249999999996362,126.9860385419959
150,0.2,0.5,hub_09,pcglassoFast_Dual,I,4.328761281083054e-7,0.02399999999943247,126.9860385419959
150,0.2,0.5,hub_09,pcglassoFast_Dual,I,1.5199110829529328e-6,0.02900000000045111,126.9860385419959
150,0.2,0.5,hub_09,pcglassoFast_Dual,I,5.336699231206308e-6,0.02399999999943247,126.9860385419959
150,0.2,0.5,hub_09,pcglassoFast_Dual,I,1.873817422860384e-5,0.02399999999943247,126.9860385419959
150,0.2,0.5,hub_09,pcglassoFast_Dual,I,6.579332246575681e-5,0.02399999999943247,126.9860385419959
150,0.2,0.5,hub_09,pcglassoFast_Dual,I,2.310129700083161e-4,0.02399999999943247,126.9860385419959
150,0.2,0.5,hub_09,pcglassoFast_Dual,I,8.11130830789687e-4,0.023999999998522974,126.9860385419959
150,0.2,0.5,hub_09,pcglassoFast_Dual,I,0.0028480358684358,0.02399999999943247,126.9860385419959
150,0.2,0.5,hub_09,pcglassoFast_Dual,I,0.01,0.02399999999761348,126.9860385419959
150,0.2,0.5,hub_09,pcglassoFast_Primal,C,9.999999999999982e-9,0.2569999999996071,126.9860385419959
150,0.2,0.5,hub_09,pcglassoFast_Primal,C,3.5111917342151263e-8,0.2569999999996071,126.9860385419959
150,0.2,0.5,hub_09,pcglassoFast_Primal,C,1.2328467394420646e-7,0.25900000000001455,126.9860385419959
150,0.2,0.5,hub_09,pcglassoFast_Primal,C,4.328761281083054e-7,0.21999999999934516,126.9860385419959
150,0.2,0.5,hub_09,pcglassoFast_Primal,C,1.5199110829529328e-6,0.21900000000096043,126.9860385419959
150,0.2,0.5,hub_09,pcglassoFast_Primal,C,5.336699231206308e-6,0.2180000000007567,126.9860385419959
150,0.2,0.5,hub_09,pcglassoFast_Primal,C,1.873817422860384e-5,0.21699999999964348,126.9860385419959
150,0.2,0.5,hub_09,pcglassoFast_Primal,C,6.579332246575681e-5,0.21500000000014552,126.9860385419959
150,0.2,0.5,hub_09,pcglassoFast_Primal,C,2.310129700083161e-4,0.21600000000034925,126.9860385419959
150,0.2,0.5,hub_09,pcglassoFast_Primal,C,8.11130830789687e-4,0.18999999999869033,126.9860385419959
150,0.2,0.5,hub_09,pcglassoFast_Primal,C,0.0028480358684358,0.19099999999889403,126.9860385419959
150,0.2,0.5,hub_09,pcglassoFast_Primal,C,0.01,0.19099999999889403,126.9860385419959
150,0.2,0.5,hub_09,pcglassoFast_Primal,I,9.999999999999982e-9,0.07400000000052387,126.9860385419959
150,0.2,0.5,hub_09,pcglassoFast_Primal,I,3.5111917342151263e-8,0.0749999999989086,126.9860385419959
150,0.2,0.5,hub_09,pcglassoFast_Primal,I,1.2328467394420646e-7,0.06600000000071304,126.9860385419959
150,0.2,0.5,hub_09,pcglassoFast_Primal,I,4.328761281083054e-7,0.06400000000030559,126.9860385419959
150,0.2,0.5,hub_09,pcglassoFast_Primal,I,1.5199110829529328e-6,0.06400000000030559,126.9860385419959
150,0.2,0.5,hub_09,pcglassoFast_Primal,I,5.336699231206308e-6,0.06300000000010186,126.9860385419959
150,0.2,0.5,hub_09,pcglassoFast_Primal,I,1.873817422860384e-5,0.06300000000192085,126.9860385419959
150,0.2,0.5,hub_09,pcglassoFast_Primal,I,6.579332246575681e-5,0.06300000000192085,126.9860385419959
150,0.2,0.5,hub_09,pcglassoFast_Primal,I,2.310129700083161e-4,0.06300000000010186,126.9860385419959
150,0.2,0.5,hub_09,pcglassoFast_Primal,I,8.11130830789687e-4,0.06699999999909778,126.9860385419959
150,0.2,0.5,hub_09,pcglassoFast_Primal,I,0.0028480358684358,0.17399999999997817,126.9860385419959
150,0.2,0.5,hub_09,pcglassoFast_Primal,I,0.01,0.0625,126.9860385419959
150,0.2,0.5,hub_1,pcglasso,C,9.999999999999982e-9,4.610000000000582,84.44594903361839
150,0.2,0.5,hub_1,pcglasso,C,3.5111917342151263e-8,4.40650000000096,84.44594916393147
150,0.2,0.5,hub_1,pcglasso,C,1.2328467394420646e-7,2.80199999999968,84.4459503086305
150,0.2,0.5,hub_1,pcglasso,C,4.328761281083054e-7,2.481999999999971,84.44595742400747
150,0.2,0.5,hub_1,pcglasso,C,1.5199110829529328e-6,2.108000000000174,84.44657438076797
150,0.2,0.5,hub_1,pcglasso,C,5.336699231206308e-6,2.132999999999811,84.4499961975026
150,0.2,0.5,hub_1,pcglasso,C,1.873817422860384e-5,1.6679999999996653,84.54471302789408
150,0.2,0.5,hub_1,pcglasso,C,6.579332246575681e-5,1.7860000000000582,84.66031046003444
150,0.2,0.5,hub_1,pcglasso,C,2.310129700083161e-4,2.0245000000013533,85.87232880361431
150,0.2,0.5,hub_1,pcglasso,C,8.11130830789687e-4,1.125,107.4999892670263
150,0.2,0.5,hub_1,pcglasso,C,0.0028480358684358,0.4179999999978463,386.5606051443022
150,0.2,0.5,hub_1,pcglasso,C,0.01,0.4219999999986612,386.5606051443022
150,0.2,0.5,hub_1,pcglasso,I,9.999999999999982e-9,4.574999999999818,84.4459490301168
150,0.2,0.5,hub_1,pcglasso,I,3.5111917342151263e-8,3.7809999999990396,84.44595023127334
150,0.2,0.5,hub_1,pcglasso,I,1.2328467394420646e-7,2.981499999999869,84.44595250649228
150,0.2,0.5,hub_1,pcglasso,I,4.328761281083054e-7,3.224500000000262,84.44595250649228
150,0.2,0.5,hub_1,pcglasso,I,1.5199110829529328e-6,2.7805000000007567,84.44603509123758
150,0.2,0.5,hub_1,pcglasso,I,5.336699231206308e-6,2.781000000001768,84.44644351595865
150,0.2,0.5,hub_1,pcglasso,I,1.873817422860384e-5,2.1850000000013097,84.44982620610604
150,0.2,0.5,hub_1,pcglasso,I,6.579332246575681e-5,1.1150000000016007,84.74027243508915
150,0.2,0.5,hub_1,pcglasso,I,2.310129700083161e-4,0.8189999999995052,85.39269133591065
150,0.2,0.5,hub_1,pcglasso,I,8.11130830789687e-4,0.11600000000180444,105.22287699218845
150,0.2,0.5,hub_1,pcglasso,I,0.0028480358684358,0.15999999999985448,104.93550262581716
150,0.2,0.5,hub_1,pcglasso,I,0.01,0.09400000000096044,102.935491784972
150,0.2,0.5,hub_1,pcglassoFast_Dual,C,9.999999999999982e-9,1.431999999999789,84.44594901870072
150,0.2,0.5,hub_1,pcglassoFast_Dual,C,3.5111917342151263e-8,1.3765000000003056,84.44594902672308
150,0.2,0.5,hub_1,pcglassoFast_Dual,C,1.2328467394420646e-7,1.2415000000000873,84.44594902672308
150,0.2,0.5,hub_1,pcglassoFast_Dual,C,4.328761281083054e-7,1.1734999999989668,84.44594902459173
150,0.2,0.5,hub_1,pcglassoFast_Dual,C,1.5199110829529328e-6,1.0065000000004147,84.44594963347568
150,0.2,0.5,hub_1,pcglassoFast_Dual,C,5.336699231206308e-6,0.8400000000001455,84.44595032044514
150,0.2,0.5,hub_1,pcglassoFast_Dual,C,1.873817422860384e-5,0.7540000000008149,84.4459662467067
150,0.2,0.5,hub_1,pcglassoFast_Dual,C,6.579332246575681e-5,0.7489999999997963,84.4459662467067
150,0.2,0.5,hub_1,pcglassoFast_Dual,C,2.310129700083161e-4,0.7065000000002328,84.4459762021817
150,0.2,0.5,hub_1,pcglassoFast_Dual,C,8.11130830789687e-4,0.7804999999989377,84.446089711780985
150,0.2,0.5,hub_1,pcglassoFast_Dual,C,0.0028480358684358,0.6569999999992433,84.4463454859026
150,0.2,0.5,hub_1,pcglassoFast_Dual,C,0.01,0.602999999999156,84.44732684859711
150,0.2,0.5,hub_1,pcglassoFast_Dual,I,9.999999999999982e-9,2.4714999999996508,84.44594902017634
150,0.2,0.5,hub_1,pcglassoFast_Dual,I,3.5111917342151263e-8,2.388500000000022,84.44594903941382
150,0.2,0.5,hub_1,pcglassoFast_Dual,I,1.2328467394420646e-7,1.8590000000003783,84.44594905358906
150,0.2,0.5,hub_1,pcglassoFast_Dual,I,4.328761281083054e-7,1.8225000000002183,84.44594908298065
150,0.2,0.5,hub_1,pcglassoFast_Dual,I,1.5199110829529328e-6,1.6700000000000728,84.44595235601237
150,0.2,0.5,hub_1,pcglassoFast_Dual,I,5.336699231206308e-6,1.6560000000008586,84.44595235601237
150,0.2,0.5,hub_1,pcglassoFast_Dual,I,1.873817422860384e-5,1.7155000000002474,84.44595661074547
150,0.2,0.5,hub_1,pcglassoFast_Dual,I,6.579332246575681e-5,1.6450000000004366,84.44596735963133
150,0.2,0.5,hub_1,pcglassoFast_Dual,I,2.310129700083161e-4,1.5314999999991414,84.44613051607759
150,0.2,0.5,hub_1,pcglassoFast_Dual,I,8.11130830789687e-4,1.3469999999997526,84.44655045550061
150,0.2,0.5,hub_1,pcglassoFast_Dual,I,0.0028480358684358,1.169000000001688,84.4465021191581
150,0.2,0.5,hub_1,pcglassoFast_Dual,I,0.01,1.131999999997788,84.44726022310238
150,0.2,0.5,hub_1,pcglassoFast_Primal,C,9.999999999999982e-9,44.60899999999947,84.44595032687718
150,0.2,0.5,hub_1,pcglassoFast_Primal,C,3.5111917342151263e-8,36.53200000000015,84.44595252985467
150,0.2,0.5,hub_1,pcglassoFast_Primal,C,1.2328467394420646e-7,31.094500000000153,84.44595268069597
150,0.2,0.5,hub_1,pcglassoFast_Primal,C,4.328761281083054e-7,21.555500000000393,84.44596315191103
150,0.2,0.5,hub_1,pcglassoFast_Primal,C,1.5199110829529328e-6,17.288500000000568,84.4460194667777
150,0.2,0.5,hub_1,pcglassoFast_Primal,C,5.336699231206308e-6,13.231500000000779,84.44595248173782
150,0.2,0.5,hub_1,pcglassoFast_Primal,C,1.873817422860384e-5,8.43249999999989,84.4460742135159
150,0.2,0.5,hub_1,pcglassoFast_Primal,C,6.579332246575681e-5,4.403000000002066,84.44776223861507
150,0.2,0.5,hub_1,pcglassoFast_Primal,C,2.310129700083161e-4,2.0205000000005384,84.45199072829165
150,0.2,0.5,hub_1,pcglassoFast_Primal,C,8.11130830789687e-4,1.1710000000002765,84.45974507103465
150,0.2,0.5,hub_1,pcglassoFast_Primal,C,0.0028480358684358,0.7880000000004657,84.52583911426842
150,0.2,0.5,hub_1,pcglassoFast_Primal,C,0.01,0.4370000000017171,84.64181469153544
150,0.2,0.5,hub_1,pcglassoFast_Primal,I,9.999999999999982e-9,50.451500000000124,84.44595035112629
150,0.2,0.5,hub_1,pcglassoFast_Primal,I,3.5111917342151263e-8,41.45100000000002,84.44595023212497
150,0.2,0.5,hub_1,pcglassoFast_Primal,I,1.2328467394420646e-7,32.15699999999924,84.44595227513663
150,0.2,0.5,hub_1,pcglassoFast_Primal,I,4.328761281083054e-7,26.313500000000204,84.44596675135975
150,0.2,0.5,hub_1,pcglassoFast_Primal,I,1.5199110829529328e-6,21.96900000000096,84.44595350359123
150,0.2,0.5,hub_1,pcglassoFast_Primal,I,5.336699231206308e-6,17.525000000000546,84.44596238229057
150,0.2,0.5,hub_1,pcglassoFast_Primal,I,1.873817422860384e-5,13.097499999999854,84.44621157605046
150,0.2,0.5,hub_1,pcglassoFast_Primal,I,6.579332246575681e-5,9.554000000000087,84.44601510824603
150,0.2,0.5,hub_1,pcglassoFast_Primal,I,2.310129700083161e-4,6.534499999999753,84.44608985418672
150,0.2,0.5,hub_1,pcglassoFast_Primal,I,8.11130830789687e-4,4.193499999999403,84.48943743845376
150,0.2,0.5,hub_1,pcglassoFast_Primal,I,0.0028480358684358,2.790500000000975,84.4492558176414
150,0.2,0.5,hub_1,pcglassoFast_Primal,I,0.01,1.0930000000007567,84.4937231024142
150,0.2,0.5,random,pcglasso,C,9.999999999999982e-9,3.230500000000575,124.45679053264546
150,0.2,0.5,random,pcglasso,C,3.5111917342151263e-8,3.0424999999995634,124.45679055559684
150,0.2,0.5,random,pcglasso,C,1.2328467394420646e-7,2.7510000000002037,124.45679092307022
150,0.2,0.5,random,pcglasso,C,4.328761281083054e-7,2.1639999999988504,124.4567962897807
150,0.2,0.5,random,pcglasso,C,1.5199110829529328e-6,1.8220000000001164,124.45685295474186
150,0.2,0.5,random,pcglasso,C,5.336699231206308e-6,1.512499999999818,124.45718843906376
150,0.2,0.5,random,pcglasso,C,1.873817422860384e-5,1.046000000001186,124.45922474756104
150,0.2,0.5,random,pcglasso,C,6.579332246575681e-5,0.7119999999995343,124.46674057847385
150,0.2,0.5,random,pcglasso,C,2.310129700083161e-4,0.6510000000016589,124.57218560346088
150,0.2,0.5,random,pcglasso,C,8.11130830789687e-4,0.2835000000004584,126.78864731111744
150,0.2,0.5,random,pcglasso,C,0.0028480358684358,0.0750000000007276,260.8229003744671
150,0.2,0.5,random,pcglasso,C,0.01,0.06899999999950523,280.48911514183635
150,0.2,0.5,random,pcglasso,I,9.999999999999982e-9,6.044499999999971,124.45679054632568
150,0.2,0.5,random,pcglasso,I,3.5111917342151263e-8,4.8969999999999345,124.45679075728896
150,0.2,0.5,random,pcglasso,I,1.2328467394420646e-7,3.650000000001455,124.45679331243436
150,0.2,0.5,random,pcglasso,I,4.328761281083054e-7,2.6835000000000946,124.45682448445407
150,0.2,0.5,random,pcglasso,I,1.5199110829529328e-6,1.6184999999995853,124.45721798675304
150,0.2,0.5,random,pcglasso,I,5.336699231206308e-6,1.1689999999989595,124.4575703958655
150,0.2,0.5,random,pcglasso,I,1.873817422860384e-5,0.6559999999999491,124.46729202357318
150,0.2,0.5,random,pcglasso,I,6.579332246575681e-5,0.3539999999993597,124.53172409071875
150,0.2,0.5,random,pcglasso,I,2.310129700083161e-4,0.19800000000032017,124.8025380982243
150,0.2,0.5,random,pcglasso,I,8.11130830789687e-4,0.12099999999918508,125.2049897270862
150,0.2,0.5,random,pcglasso,I,0.0028480358684358,0.08399999999892316,124.9095396177356
150,0.2,0.5,random,pcglasso,I,0.01,0.06699999999909778,125.61486252523856
150,0.2,0.5,random,pcglassoFast_Dual,C,9.999999999999982e-9,0.4735000000000582,124.45679053944924
150,0.2,0.5,random,pcglassoFast_Dual,C,3.5111917342151263e-8,0.39100000000053114,124.45679071236286
150,0.2,0.5,random,pcglassoFast_Dual,C,1.2328467394420646e-7,0.3789999999989959,124.45679077802356
150,0.2,0.5,random,pcglassoFast_Dual,C,4.328761281083054e-7,0.29399999999986903,124.45679160551494
150,0.2,0.5,random,pcglassoFast_Dual,C,1.5199110829529328e-6,0.27450000000044383,124.4567927436364
150,0.2,0.5,random,pcglassoFast_Dual,C,5.336699231206308e-6,0.36049999999977445,124.45679810923936
150,0.2,0.5,random,pcglassoFast_Dual,C,1.873817422860384e-5,0.22300000000177533,124.45681182564478
150,0.2,0.5,random,pcglassoFast_Dual,C,6.579332246575681e-5,0.2030000000013388,124.45684696536466
150,0.2,0.5,random,pcglassoFast_Dual,C,2.310129700083161e-4,0.17599999999947613,124.4569617790962
150,0.2,0.5,random,pcglassoFast_Dual,C,8.11130830789687e-4,0.24899999999979627,124.45822560640072
150,0.2,0.5,random,pcglassoFast_Dual,C,0.0028480358684358,0.09200000000055296,124.46304183456344
150,0.2,0.5,random,pcglassoFast_Dual,C,0.01,0.07699999999749707,124.46489994449097
150,0.2,0.5,random,pcglassoFast_Dual,I,9.999999999999982e-9,0.4089999999996507,124.4567905567348
150,0.2,0.5,random,pcglassoFast_Dual,I,3.5111917342151263e-8,0.3500000000003638,124.4567907138035
150,0.2,0.5,random,pcglassoFast_Dual,I,1.2328467394420646e-7,0.2900000000008731,124.45679086326884
150,0.2,0.5,random,pcglassoFast_Dual,I,4.328761281083054e-7,0.2510000000002037,124.456791313604
150,0.2,0.5,random,pcglassoFast_Dual,I,1.5199110829529328e-6,0.21150000000034197,124.45679455318204
150,0.2,0.5,random,pcglassoFast_Dual,I,5.336699231206308e-6,0.1999999999989086,124.45679814067974
150,0.2,0.5,random,pcglassoFast_Dual,I,1.873817422860384e-5,0.18000000000029104,124.45680861512734
150,0.2,0.5,random,pcglassoFast_Dual,I,6.579332246575681e-5,0.15799999999944703,124.4568472294806
150,0.2,0.5,random,pcglassoFast_Dual,I,2.310129700083161e-4,0.1334999999999127,124.4570038188371
150,0.2,0.5,random,pcglassoFast_Dual,I,8.11130830789687e-4,0.11500000000160072,124.45744027313002
150,0.2,0.5,random,pcglassoFast_Dual,I,0.0028480358684358,0.09000000000014552,124.45917696440664
150,0.2,0.5,random,pcglassoFast_Dual,I,0.01,0.07599999999911233,124.46173352760312
150,0.2,0.5,random,pcglassoFast_Primal,C,9.999999999999982e-9,1.6459999999988213,124.45679056482268
150,0.2,0.5,random,pcglassoFast_Primal,C,3.5111917342151263e-8,1.5010000000002037,124.45679064429837
150,0.2,0.5,random,pcglassoFast_Primal,C,1.2328467394420646e-7,1.287000000000262,124.45679101943004
150,0.2,0.5,random,pcglassoFast_Primal,C,4.328761281083054e-7,0.9389999999993961,124.45679215645268
150,0.2,0.5,random,pcglassoFast_Primal,C,1.5199110829529328e-6,0.7780000000002474,124.4567965727698
150,0.2,0.5,random,pcglassoFast_Primal,C,5.336699231206308e-6,0.6399999999994179,124.45680909288834
150,0.2,0.5,random,pcglassoFast_Primal,C,1.873817422860384e-5,0.5640000000003056,124.4568307926694
150,0.2,0.5,random,pcglassoFast_Primal,C,6.579332246575681e-5,0.4664999999986321,124.4568974945147
150,0.2,0.5,random,pcglassoFast_Primal,C,2.310129700083161e-4,0.3870000000024447,124.45716039009145
150,0.2,0.5,random,pcglassoFast_Primal,C,8.11130830789687e-4,0.3349999999991269,124.4577608488023
150,0.2,0.5,random,pcglassoFast_Primal,C,0.0028480358684358,0.27699999999822467,124.4596556375408
150,0.2,0.5,random,pcglassoFast_Primal,C,0.01,0.25,124.462180445339
150,0.2,0.5,random,pcglassoFast_Primal,I,9.999999999999982e-9,2.2210000000004584,124.45679056215428
150,0.2,0.5,random,pcglassoFast_Primal,I,3.5111917342151263e-8,2.0529999999998836,124.45679069490168
150,0.2,0.5,random,pcglassoFast_Primal,I,1.2328467394420646e-7,1.569999999999709,124.45679111478336
150,0.2,0.5,random,pcglassoFast_Primal,I,4.328761281083054e-7,1.393000000000029,124.45679239132002
150,0.2,0.5,random,pcglassoFast_Primal,I,1.5199110829529328e-6,1.3500000000003638,124.45679703290898
150,0.2,0.5,random,pcglassoFast_Primal,I,5.336699231206308e-6,1.0684999999994034,124.4568123407794
150,0.2,0.5,random,pcglassoFast_Primal,I,1.873817422860384e-5,0.9034999999994398,124.45686599439162
150,0.2,0.5,random,pcglassoFast_Primal,I,6.579332246575681e-5,0.7539999999999054,124.45705534204278
150,0.2,0.5,random,pcglassoFast_Primal,I,2.310129700083161e-4,0.6430000000000291,124.45719889910208
150,0.2,0.5,random,pcglassoFast_Primal,I,8.11130830789687e-4,0.4319999999970605,124.45897413233372
150,0.2,0.5,random,pcglassoFast_Primal,I,0.0028480358684358,0.2510000000002037,124.46695548608258
150,0.2,0.5,random,pcglassoFast_Primal,I,0.01,0.1929999999993015,124.4738132149824
200,0.1,0,AR2,pcglasso,C,9.999999999999982e-9,4.68850000000009,163.96660534629484
200,0.1,0,AR2,pcglasso,C,3.5111917342151263e-8,3.7219999999999795,163.9666058445071
200,0.1,0,AR2,pcglasso,C,1.2328467394420646e-7,3.649499999999989,163.96660634016365
200,0.1,0,AR2,pcglasso,C,4.328761281083054e-7,3.507999999999811,163.9666093042166
200,0.1,0,AR2,pcglasso,C,1.5199110829529328e-6,3.230000000000473,163.9666435121603
200,0.1,0,AR2,pcglasso,C,5.336699231206308e-6,3.0850000000000364,163.96715657425102
200,0.1,0,AR2,pcglasso,C,1.873817422860384e-5,2.11200000000008,163.974519640406
200,0.1,0,AR2,pcglasso,C,6.579332246575681e-5,1.3485000000000582,164.0723445015999
200,0.1,0,AR2,pcglasso,C,2.310129700083161e-4,0.8739999999997963,165.02090257087542
200,0.1,0,AR2,pcglasso,C,8.11130830789687e-4,0.2900000000008731,192.19797457294072
200,0.1,0,AR2,pcglasso,C,0.0028480358684358,0.21500000000014552,232.42087339835908
200,0.1,0,AR2,pcglasso,C,0.01,0.18699999999989816,207.55883647093833
200,0.1,0,AR2,pcglasso,I,9.999999999999982e-9,3.408999999999878,163.9666053545023
200,0.1,0,AR2,pcglasso,I,3.5111917342151263e-8,2.8715000000001965,163.96660572199312
200,0.1,0,AR2,pcglasso,I,1.2328467394420646e-7,2.7135000000002947,163.96660611629687
200,0.1,0,AR2,pcglasso,I,4.328761281083054e-7,2.5064999999995052,163.96661038425168
200,0.1,0,AR2,pcglasso,I,1.5199110829529328e-6,2.2740000000012515,163.96665375951662
200,0.1,0,AR2,pcglasso,I,5.336699231206308e-6,2.041500000000269,163.96728801782024
200,0.1,0,AR2,pcglasso,I,1.873817422860384e-5,1.5360000000000582,163.969473009745
200,0.1,0,AR2,pcglasso,I,6.579332246575681e-5,1.011000000000422,164.00275694066113
200,0.1,0,AR2,pcglasso,I,2.310129700083161e-4,0.6380000000008295,164.3416883830485
200,0.1,0,AR2,pcglasso,I,8.11130830789687e-4,0.2860000000000582,168.48070668378716
200,0.1,0,AR2,pcglasso,I,0.0028480358684358,0.18650000000070577,168.74017494271988
200,0.1,0,AR2,pcglasso,I,0.01,0.18499999999949068,168.74017494271988
200,0.1,0,AR2,pcglassoFast_Dual,C,9.999999999999982e-9,0.4469999999999459,163.9666053397728
200,0.1,0,AR2,pcglassoFast_Dual,C,3.5111917342151263e-8,0.4149999999999636,163.9666053431178
200,0.1,0,AR2,pcglassoFast_Dual,C,1.2328467394420646e-7,0.3880000000003747,163.96660539000757
200,0.1,0,AR2,pcglassoFast_Dual,C,4.328761281083054e-7,0.3670000000001892,163.96660549771633
200,0.1,0,AR2,pcglassoFast_Dual,C,1.5199110829529328e-6,0.3680000000003929,163.96660549771633
200,0.1,0,AR2,pcglassoFast_Dual,C,5.336699231206308e-6,0.3545000000003711,163.96660586772174
200,0.1,0,AR2,pcglassoFast_Dual,C,1.873817422860384e-5,0.3239999999996144,163.96661316122055
200,0.1,0,AR2,pcglassoFast_Dual,C,6.579332246575681e-5,0.32549999999991996,163.96661316122055
200,0.1,0,AR2,pcglassoFast_Dual,C,2.310129700083161e-4,0.3099999999994907,163.9666312230388
200,0.1,0,AR2,pcglassoFast_Dual,C,8.11130830789687e-4,0.29500000000007276,163.96672011030856
200,0.1,0,AR2,pcglassoFast_Dual,C,0.0028480358684358,0.28000000000065484,163.96718476016412
200,0.1,0,AR2,pcglassoFast_Dual,C,0.01,0.2710000000006403,163.96915784854573
200,0.1,0,AR2,pcglassoFast_Dual,I,9.999999999999982e-9,0.4659999999998945,163.96660534009987
200,0.1,0,AR2,pcglassoFast_Dual,I,3.5111917342151263e-8,0.3249999999998181,163.9666053438689
200,0.1,0,AR2,pcglassoFast_Dual,I,1.2328467394420646e-7,0.3109999999996944,163.96660535566411
200,0.1,0,AR2,pcglassoFast_Dual,I,4.328761281083054e-7,0.2969999999995707,163.96660539966396
200,0.1,0,AR2,pcglassoFast_Dual,I,1.5199110829529328e-6,0.3939999999997781,163.9666055620288
200,0.1,0,AR2,pcglassoFast_Dual,I,5.336699231206308e-6,0.3874999999998181,163.96660610718126
200,0.1,0,AR2,pcglassoFast_Dual,I,1.873817422860384e-5,0.2569999999996071,163.96660839559945
200,0.1,0,AR2,pcglassoFast_Dual,I,6.579332246575681e-5,0.34400000000005093,163.96661955716525
200,0.1,0,AR2,pcglassoFast_Dual,I,2.310129700083161e-4,0.34900000000016007,163.96661955716525
200,0.1,0,AR2,pcglassoFast_Dual,I,8.11130830789687e-4,0.2119999999995343,163.96690553062416
200,0.1,0,AR2,pcglassoFast_Dual,I,0.0028480358684358,0.20200000000113505,163.9669421439095
200,0.1,0,AR2,pcglassoFast_Dual,I,0.01,0.1679999999996653,163.9720717113887
200,0.1,0,AR2,pcglassoFast_Primal,C,9.999999999999982e-9,1.8624999999999545,163.9666053418567
200,0.1,0,AR2,pcglassoFast_Primal,C,3.5111917342151263e-8,1.7039999999999509,163.966605356757
200,0.1,0,AR2,pcglassoFast_Primal,C,1.2328467394420646e-7,1.61850000000004,163.96660537989527
200,0.1,0,AR2,pcglassoFast_Primal,C,4.328761281083054e-7,1.5479999999997744,163.96660544355348
200,0.1,0,AR2,pcglassoFast_Primal,C,1.5199110829529328e-6,1.404500000000553,163.96660604544957
200,0.1,0,AR2,pcglassoFast_Primal,C,5.336699231206308e-6,1.345999999999549,163.96660722642088
200,0.1,0,AR2,pcglassoFast_Primal,C,1.873817422860384e-5,1.253999999998996,163.9666104401064
200,0.1,0,AR2,pcglassoFast_Primal,C,6.579332246575681e-5,1.1875,163.9666195082414
200,0.1,0,AR2,pcglassoFast_Primal,C,2.310129700083161e-4,1.0354999999999563,163.96672121568412
200,0.1,0,AR2,pcglassoFast_Primal,C,8.11130830789687e-4,0.9605000000001382,163.96694785937524
200,0.1,0,AR2,pcglassoFast_Primal,C,0.0028480358684358,0.8784999999998035,163.96764254099372
200,0.1,0,AR2,pcglassoFast_Primal,C,0.01,0.8079999999999927,163.96982147045586
200,0.1,0,AR2,pcglassoFast_Primal,I,9.999999999999982e-9,1.72199999999998,163.96660534427554
200,0.1,0,AR2,pcglassoFast_Primal,I,3.5111917342151263e-8,1.6539999999999964,163.96660535165293
200,0.1,0,AR2,pcglassoFast_Primal,I,1.2328467394420646e-7,1.577499999999418,163.9666053681969
200,0.1,0,AR2,pcglassoFast_Primal,I,4.328761281083054e-7,1.4160000000001671,163.96660554104758
200,0.1,0,AR2,pcglassoFast_Primal,I,1.5199110829529328e-6,1.3609999999998763,163.96660589696614
200,0.1,0,AR2,pcglassoFast_Primal,I,5.336699231206308e-6,1.27350000000024,163.96660688593914
200,0.1,0,AR2,pcglassoFast_Primal,I,1.873817422860384e-5,1.1995000000006257,163.9666096575609
200,0.1,0,AR2,pcglassoFast_Primal,I,6.579332246575681e-5,1.117500000000291,163.96661769307525
200,0.1,0,AR2,pcglassoFast_Primal,I,2.310129700083161e-4,0.97400000000016,163.96671113972002
200,0.1,0,AR2,pcglassoFast_Primal,I,8.11130830789687e-4,0.9014999999999418,163.96692379258363
200,0.1,0,AR2,pcglassoFast_Primal,I,0.0028480358684358,0.8265000000001237,163.96758362170192
200,0.1,0,AR2,pcglassoFast_Primal,I,0.01,0.7474999999994907,163.96966961996162
200,0.1,0,hub_09,pcglasso,C,9.999999999999982e-9,2.5464999999999804,197.2643520603396
200,0.1,0,hub_09,pcglasso,C,3.5111917342151263e-8,2.4909999999999854,197.2643520603396
200,0.1,0,hub_09,pcglasso,C,1.2328467394420646e-7,2.011999999999716,197.26435212663063
200,0.1,0,hub_09,pcglasso,C,4.328761281083054e-7,1.708499999999276,197.2643524360231
200,0.1,0,hub_09,pcglasso,C,1.5199110829529328e-6,1.7219999999997526,197.2643524360231
200,0.1,0,hub_09,pcglasso,C,5.336699231206308e-6,1.625,197.264353053967
200,0.1,0,hub_09,pcglasso,C,1.873817422860384e-5,1.3854999999994106,197.26436664721857
200,0.1,0,hub_09,pcglasso,C,6.579332246575681e-5,0.9825000000000728,197.26516319395395
200,0.1,0,hub_09,pcglasso,C,2.310129700083161e-4,0.6739999999990687,197.29535714431464
200,0.1,0,hub_09,pcglasso,C,8.11130830789687e-4,0.5440000000007785,198.62390332911275
200,0.1,0,hub_09,pcglasso,C,0.0028480358684358,0.1430000000000291,237.50262516022943
200,0.1,0,hub_09,pcglasso,C,0.01,0.1430000000000291,237.50262516022943
200,0.1,0,hub_09,pcglasso,I,9.999999999999982e-9,2.5384999999998854,197.26435206041072
200,0.1,0,hub_09,pcglasso,I,3.5111917342151263e-8,2.6345000000001164,197.26435206041072
200,0.1,0,hub_09,pcglasso,I,1.2328467394420646e-7,2.23050000000012,197.26435206376624
200,0.1,0,hub_09,pcglasso,I,4.328761281083054e-7,2.0160000000000764,197.26435215157187
200,0.1,0,hub_09,pcglasso,I,1.5199110829529328e-6,1.6755000000002838,197.2643543007223
200,0.1,0,hub_09,pcglasso,I,5.336699231206308e-6,1.5815000000002328,197.26435816068263
200,0.1,0,hub_09,pcglasso,I,1.873817422860384e-5,1.2799999999997453,197.26441807586767
200,0.1,0,hub_09,pcglasso,I,6.579332246575681e-5,0.9279999999998836,197.26474189395137
200,0.1,0,hub_09,pcglasso,I,2.310129700083161e-4,0.5139999999992142,197.37839823335617
200,0.1,0,hub_09,pcglasso,I,8.11130830789687e-4,0.2944999999999709,197.6947899433186
200,0.1,0,hub_09,pcglasso,I,0.0028480358684358,0.3070000000006985,197.53245125163176
200,0.1,0,hub_09,pcglasso,I,0.01,0.3029999999998836,197.53245125163176
200,0.1,0,hub_09,pcglassoFast_Dual,C,9.999999999999982e-9,0.33499999999997954,197.26435206529257
200,0.1,0,hub_09,pcglassoFast_Dual,C,3.5111917342151263e-8,0.3089999999999691,197.26435207098905
200,0.1,0,hub_09,pcglassoFast_Dual,C,1.2328467394420646e-7,0.29399999999986903,197.26435208466629
200,0.1,0,hub_09,pcglassoFast_Dual,C,4.328761281083054e-7,0.28099999999994907,197.2643521814075
200,0.1,0,hub_09,pcglassoFast_Dual,C,1.5199110829529328e-6,0.23799999999937427,197.26435471328628
200,0.1,0,hub_09,pcglassoFast_Dual,C,5.336699231206308e-6,0.2249999999985448,197.26435561007656
200,0.1,0,hub_09,pcglassoFast_Dual,C,1.873817422860384e-5,0.23099999999976717,197.2643541369174
200,0.1,0,hub_09,pcglassoFast_Dual,C,6.579332246575681e-5,0.204000000000633,197.26436008987145
200,0.1,0,hub_09,pcglassoFast_Dual,C,2.310129700083161e-4,0.29949999999917054,197.26459286660136
200,0.1,0,hub_09,pcglassoFast_Dual,C,8.11130830789687e-4,0.16449999999986176,197.26465079866747
200,0.1,0,hub_09,pcglassoFast_Dual,C,0.0028480358684358,0.15899999999965075,197.26500668851867
200,0.1,0,hub_09,pcglassoFast_Dual,C,0.01,0.1540000000004511,197.26465414440963
200,0.1,0,hub_09,pcglassoFast_Dual,I,9.999999999999982e-9,0.3875000000000455,197.26435205530024
200,0.1,0,hub_09,pcglassoFast_Dual,I,3.5111917342151263e-8,0.3720000000002983,197.26435205691135
200,0.1,0,hub_09,pcglassoFast_Dual,I,1.2328467394420646e-7,0.24199999999973443,197.26435206770591
200,0.1,0,hub_09,pcglassoFast_Dual,I,4.328761281083054e-7,0.19099999999980355,197.2643528277628
200,0.1,0,hub_09,pcglassoFast_Dual,I,1.5199110829529328e-6,0.19100000000071304,197.2643528277628
200,0.1,0,hub_09,pcglassoFast_Dual,I,5.336699231206308e-6,0.1790000000000873,197.2643522094724
200,0.1,0,hub_09,pcglassoFast_Dual,I,1.873817422860384e-5,0.16699999999946158,197.2643536411229
200,0.1,0,hub_09,pcglassoFast_Dual,I,6.579332246575681e-5,0.1390000000010332,197.26437214583456
200,0.1,0,hub_09,pcglassoFast_Dual,I,2.310129700083161e-4,0.12799999999970169,197.264404250356
200,0.1,0,hub_09,pcglassoFast_Dual,I,8.11130830789687e-4,0.11499999999978172,197.2644880275841
200,0.1,0,hub_09,pcglassoFast_Dual,I,0.0028480358684358,0.102999999999156,197.2647210994268
200,0.1,0,hub_09,pcglassoFast_Dual,I,0.01,0.10100000000056752,197.2647210994268
200,0.1,0,hub_09,pcglassoFast_Primal,C,9.999999999999982e-9,1.0059999999999718,197.26435205158268
200,0.1,0,hub_09,pcglassoFast_Primal,C,3.5111917342151263e-8,0.9249999999997272,197.26435205331177
200,0.1,0,hub_09,pcglassoFast_Primal,C,1.2328467394420646e-7,0.8454999999999018,197.2643520644208
200,0.1,0,hub_09,pcglassoFast_Primal,C,4.328761281083054e-7,0.8450000000002547,197.2643520644208
200,0.1,0,hub_09,pcglassoFast_Primal,C,1.5199110829529328e-6,0.7745000000013533,197.26435215518063
200,0.1,0,hub_09,pcglassoFast_Primal,C,5.336699231206308e-6,0.7745000000004438,197.26435215518063
200,0.1,0,hub_09,pcglassoFast_Primal,C,1.873817422860384e-5,0.7739999999994325,197.26435215518063
200,0.1,0,hub_09,pcglassoFast_Primal,C,6.579332246575681e-5,0.70049999999992,197.26435343307676
200,0.1,0,hub_09,pcglassoFast_Primal,C,2.310129700083161e-4,0.7029999999995198,197.26435343307676
200,0.1,0,hub_09,pcglassoFast_Primal,C,8.11130830789687e-4,0.6234999999996944,197.2643757998944
200,0.1,0,hub_09,pcglassoFast_Primal,C,0.0028480358684358,0.6260000000002037,197.2643757998944
200,0.1,0,hub_09,pcglassoFast_Primal,C,0.01,0.5545000000001892,197.26480453342853
200,0.1,0,hub_09,pcglassoFast_Primal,I,9.999999999999982e-9,0.7609999999999673,197.2643520528415
200,0.1,0,hub_09,pcglassoFast_Primal,I,3.5111917342151263e-8,0.759499999999889,197.2643520528415
200,0.1,0,hub_09,pcglassoFast_Primal,I,1.2328467394420646e-7,0.6859999999996944,197.26435206091017
200,0.1,0,hub_09,pcglassoFast_Primal,I,4.328761281083054e-7,0.6840000000001965,197.26435206091017
200,0.1,0,hub_09,pcglassoFast_Primal,I,1.5199110829529328e-6,0.6165000000000873,197.26435213689672
200,0.1,0,hub_09,pcglassoFast_Primal,I,5.336699231206308e-6,0.6120000000009895,197.26435213689672
200,0.1,0,hub_09,pcglassoFast_Primal,I,1.873817422860384e-5,0.5425000000004729,197.2643531868451
200,0.1,0,hub_09,pcglassoFast_Primal,I,6.579332246575681e-5,0.5370000000002619,197.2643531868451
200,0.1,0,hub_09,pcglassoFast_Primal,I,2.310129700083161e-4,0.4660000000003493,197.26436921249513
200,0.1,0,hub_09,pcglassoFast_Primal,I,8.11130830789687e-4,0.4705000000003565,197.26436921249513
200,0.1,0,hub_09,pcglassoFast_Primal,I,0.0028480358684358,0.46749999999974534,197.26436921249513
200,0.1,0,hub_09,pcglassoFast_Primal,I,0.01,0.391500000000633,197.26459548292337
200,0.1,0,hub_1,pcglasso,C,9.999999999999982e-9,59.077999999999975,68.66445710051312
200,0.1,0,hub_1,pcglasso,C,3.5111917342151263e-8,43.50900000000024,68.66445979634013
200,0.1,0,hub_1,pcglasso,C,1.2328467394420646e-7,41.99350000000004,68.66446040504157
200,0.1,0,hub_1,pcglasso,C,4.328761281083054e-7,28.265499999999975,68.66459795861522
200,0.1,0,hub_1,pcglasso,C,1.5199110829529328e-6,26.82000000000062,68.66463477021269
200,0.1,0,hub_1,pcglasso,C,5.336699231206308e-6,24.670500000000175,68.66476928640118
200,0.1,0,hub_1,pcglasso,C,1.873817422860384e-5,16.30500000000029,68.67431240151353
200,0.1,0,hub_1,pcglasso,C,6.579332246575681e-5,11.638500000000022,70.17812001450045
200,0.1,0,hub_1,pcglasso,C,2.310129700083161e-4,11.793499999999765,70.33718077601401
200,0.1,0,hub_1,pcglasso,C,8.11130830789687e-4,11.346000000000458,84.43990635523804
200,0.1,0,hub_1,pcglasso,C,0.0028480358684358,2.8630000000011933,209.4701331057515
200,0.1,0,hub_1,pcglasso,C,0.01,2.8439999999991414,209.4701331057515
200,0.1,0,hub_1,pcglasso,I,9.999999999999982e-9,211.86750000000006,68.66445696744753
200,0.1,0,hub_1,pcglasso,I,3.5111917342151263e-8,177.77350000000024,68.66445698697305
200,0.1,0,hub_1,pcglasso,I,1.2328467394420646e-7,145.64550000000008,68.66445722465436
200,0.1,0,hub_1,pcglasso,I,4.328761281083054e-7,113.53350000000046,68.66446005502802
200,0.1,0,hub_1,pcglasso,I,1.5199110829529328e-6,81.19100000000071,68.6645038825822
200,0.1,0,hub_1,pcglasso,I,5.336699231206308e-6,55.28300000000036,68.66532521703186
200,0.1,0,hub_1,pcglasso,I,1.873817422860384e-5,4.043999999999869,73.91672014250801
200,0.1,0,hub_1,pcglasso,I,6.579332246575681e-5,1.6739999999999782,76.01030404638702
200,0.1,0,hub_1,pcglasso,I,2.310129700083161e-4,1.6404999999995198,76.35778610756167
200,0.1,0,hub_1,pcglasso,I,8.11130830789687e-4,1.7144999999991342,76.09532671209743
200,0.1,0,hub_1,pcglasso,I,0.0028480358684358,1.050000000000182,76.79110083157613
200,0.1,0,hub_1,pcglasso,I,0.01,0.9715000000005602,78.24518838479725
200,0.1,0,hub_1,pcglassoFast_Dual,C,9.999999999999982e-9,48.56050000000005,68.66445700782455
200,0.1,0,hub_1,pcglassoFast_Dual,C,3.5111917342151263e-8,38.09199999999987,68.66445850851049
200,0.1,0,hub_1,pcglassoFast_Dual,C,1.2328467394420646e-7,41.471000000000004,68.66445722240645
200,0.1,0,hub_1,pcglassoFast_Dual,C,4.328761281083054e-7,34.85500000000002,68.66446048617672
200,0.1,0,hub_1,pcglassoFast_Dual,C,1.5199110829529328e-6,30.535499999999956,68.66446713471376
200,0.1,0,hub_1,pcglassoFast_Dual,C,5.336699231206308e-6,26.786999999999352,68.66448786777032
200,0.1,0,hub_1,pcglassoFast_Dual,C,1.873817422860384e-5,22.10900000000038,68.66471485902686
200,0.1,0,hub_1,pcglassoFast_Dual,C,6.579332246575681e-5,20.228500000001077,68.66533815523852
200,0.1,0,hub_1,pcglassoFast_Dual,C,2.310129700083161e-4,19.866000000000895,68.66571393668733
200,0.1,0,hub_1,pcglassoFast_Dual,C,8.11130830789687e-4,18.930500000000393,68.66711056052783
200,0.1,0,hub_1,pcglassoFast_Dual,C,0.0028480358684358,14.194500000000517,68.69146639064842
200,0.1,0,hub_1,pcglassoFast_Dual,C,0.01,13.851999999999862,68.69639779586714
200,0.1,0,hub_1,pcglassoFast_Dual,I,9.999999999999982e-9,136.93900000000008,68.6644569796464
200,0.1,0,hub_1,pcglassoFast_Dual,I,3.5111917342151263e-8,129.02649999999994,68.66445741684923
200,0.1,0,hub_1,pcglassoFast_Dual,I,1.2328467394420646e-7,129.8050000000003,68.664457707673
200,0.1,0,hub_1,pcglassoFast_Dual,I,4.328761281083054e-7,128.26050000000032,68.66445794755151
200,0.1,0,hub_1,pcglassoFast_Dual,I,1.5199110829529328e-6,123.83700000000044,68.66446167061775
200,0.1,0,hub_1,pcglassoFast_Dual,I,5.336699231206308e-6,120.13700000000063,68.66448090819308
200,0.1,0,hub_1,pcglassoFast_Dual,I,1.873817422860384e-5,117.51199999999972,68.66454033686882
200,0.1,0,hub_1,pcglassoFast_Dual,I,6.579332246575681e-5,115.33899999999994,68.66458356084506
200,0.1,0,hub_1,pcglassoFast_Dual,I,2.310129700083161e-4,110.77199999999993,68.66508486200318
200,0.1,0,hub_1,pcglassoFast_Dual,I,8.11130830789687e-4,105.3130000000001,68.66989701221333
200,0.1,0,hub_1,pcglassoFast_Dual,I,0.0028480358684358,103.27650000000085,68.67296868303382
200,0.1,0,hub_1,pcglassoFast_Dual,I,0.01,98.02999999999975,68.70439997917717
200,0.1,0,hub_1,pcglassoFast_Primal,C,9.999999999999982e-9,24.5165,68.66445710019707
200,0.1,0,hub_1,pcglassoFast_Primal,C,3.5111917342151263e-8,21.08549999999991,68.66445750552481
200,0.1,0,hub_1,pcglassoFast_Primal,C,1.2328467394420646e-7,18.681499999999687,68.66445886498326
200,0.1,0,hub_1,pcglassoFast_Primal,C,4.328761281083054e-7,16.195500000000266,68.66446288207082
200,0.1,0,hub_1,pcglassoFast_Primal,C,1.5199110829529328e-6,14.150499999999738,68.664476573527
200,0.1,0,hub_1,pcglassoFast_Primal,C,5.336699231206308e-6,12.80200000000059,68.66449065453463
200,0.1,0,hub_1,pcglassoFast_Primal,C,1.873817422860384e-5,12.02350000000115,68.66449301120699
200,0.1,0,hub_1,pcglassoFast_Primal,C,6.579332246575681e-5,11.13299999999981,68.66450681593074
200,0.1,0,hub_1,pcglassoFast_Primal,C,2.310129700083161e-4,9.703499999999622,68.66470965874443
200,0.1,0,hub_1,pcglassoFast_Primal,C,8.11130830789687e-4,8.014500000001135,68.66517721027698
200,0.1,0,hub_1,pcglassoFast_Primal,C,0.0028480358684358,6.305500000000393,68.66810818239112
200,0.1,0,hub_1,pcglassoFast_Primal,C,0.01,5.2299999999995634,68.67789851025897
200,0.1,0,hub_1,pcglassoFast_Primal,I,9.999999999999982e-9,22.439499999999953,68.6644570945149
200,0.1,0,hub_1,pcglassoFast_Primal,I,3.5111917342151263e-8,20.258000000000038,68.66445745776184
200,0.1,0,hub_1,pcglassoFast_Primal,I,1.2328467394420646e-7,17.72649999999976,68.66445866641462
200,0.1,0,hub_1,pcglassoFast_Primal,I,4.328761281083054e-7,15.585500000000138,68.66446256473365
200,0.1,0,hub_1,pcglassoFast_Primal,I,1.5199110829529328e-6,14.149500000000444,68.66447402074067
200,0.1,0,hub_1,pcglassoFast_Primal,I,5.336699231206308e-6,12.83350000000064,68.66448821789263
200,0.1,0,hub_1,pcglassoFast_Primal,I,1.873817422860384e-5,12.069000000000415,68.66450729786504
200,0.1,0,hub_1,pcglassoFast_Primal,I,6.579332246575681e-5,11.520999999999733,68.66453895177432
200,0.1,0,hub_1,pcglassoFast_Primal,I,2.310129700083161e-4,10.528999999998632,68.66478325167895
200,0.1,0,hub_1,pcglassoFast_Primal,I,8.11130830789687e-4,9.52100000000064,68.66594719075084
200,0.1,0,hub_1,pcglassoFast_Primal,I,0.0028480358684358,8.805499999999483,68.66966814628982
200,0.1,0,hub_1,pcglassoFast_Primal,I,0.01,7.569000000000415,68.68563026549155
200,0.1,0,random,pcglasso,C,9.999999999999982e-9,21.555500000000052,146.15225822880404
200,0.1,0,random,pcglasso,C,3.5111917342151263e-8,17.51650000000018,146.1522666692935
200,0.1,0,random,pcglasso,C,1.2328467394420646e-7,14.398000000000138,146.15233724731618
200,0.1,0,random,pcglasso,C,4.328761281083054e-7,10.4975000000004,146.1549498172323
200,0.1,0,random,pcglasso,C,1.5199110829529328e-6,8.310500000000502,146.1604710378319
200,0.1,0,random,pcglasso,C,5.336699231206308e-6,4.7205000000003565,146.51239440029235
200,0.1,0,random,pcglasso,C,1.873817422860384e-5,3.132999999999811,146.99087727997707
200,0.1,0,random,pcglasso,C,6.579332246575681e-5,2.440500000000611,149.2640762659028
200,0.1,0,random,pcglasso,C,2.310129700083161e-4,1.376999999999498,153.37080526716426
200,0.1,0,random,pcglasso,C,8.11130830789687e-4,1.4390000000003056,168.028581315188
200,0.1,0,random,pcglasso,C,0.0028480358684358,0.23799999999937427,295.69267128375003
200,0.1,0,random,pcglasso,C,0.01,0.2430000000003929,295.69267128375003
200,0.1,0,random,pcglasso,I,9.999999999999982e-9,24.210999999999785,146.15225827598206
200,0.1,0,random,pcglasso,I,3.5111917342151263e-8,21.68249999999989,146.15226135458423
200,0.1,0,random,pcglasso,I,1.2328467394420646e-7,17.772500000000036,146.15230593725343
200,0.1,0,random,pcglasso,I,4.328761281083054e-7,15.25400000000036,146.1528628774608
200,0.1,0,random,pcglasso,I,1.5199110829529328e-6,10.096000000001368,146.16575568091554
200,0.1,0,random,pcglasso,I,5.336699231206308e-6,5.124499999999898,146.462315069454
200,0.1,0,random,pcglasso,I,1.873817422860384e-5,3.060500000000502,147.51735450795456
200,0.1,0,random,pcglasso,I,6.579332246575681e-5,1.879000000000815,148.86146248278618
200,0.1,0,random,pcglasso,I,2.310129700083161e-4,1.1610000000000582,150.9907401571121
200,0.1,0,random,pcglasso,I,8.11130830789687e-4,0.6340000000000146,154.3352521331301
200,0.1,0,random,pcglasso,I,0.0028480358684358,0.5540000000000873,155.92607412029955
200,0.1,0,random,pcglasso,I,0.01,0.5494999999991705,155.92607412029955
200,0.1,0,random,pcglassoFast_Dual,C,9.999999999999982e-9,10.817500000000052,146.15225793740774
200,0.1,0,random,pcglassoFast_Dual,C,3.5111917342151263e-8,8.31899999999996,146.15225796583266
200,0.1,0,random,pcglassoFast_Dual,C,1.2328467394420646e-7,6.70049999999992,146.1522600048324
200,0.1,0,random,pcglassoFast_Dual,C,4.328761281083054e-7,5.3960000000001855,146.1522634239216
200,0.1,0,random,pcglassoFast_Dual,C,1.5199110829529328e-6,3.805500000000393,146.15226090570445
200,0.1,0,random,pcglassoFast_Dual,C,5.336699231206308e-6,2.8519999999998618,146.15231136729471
200,0.1,0,random,pcglassoFast_Dual,C,1.873817422860384e-5,3.219500000000153,146.15231403020982
200,0.1,0,random,pcglassoFast_Dual,C,6.579332246575681e-5,2.4549999999999272,146.15241088652058
200,0.1,0,random,pcglassoFast_Dual,C,2.310129700083161e-4,1.5270000000000437,146.15512649805157
200,0.1,0,random,pcglassoFast_Dual,C,8.11130830789687e-4,1.3890000000001237,146.15765671997875
200,0.1,0,random,pcglassoFast_Dual,C,0.0028480358684358,1.1715000000003783,146.15939557699016
200,0.1,0,random,pcglassoFast_Dual,C,0.01,1.158000000001266,146.1601037116266
200,0.1,0,random,pcglassoFast_Dual,I,9.999999999999982e-9,7.5174999999997,146.15225794836226
200,0.1,0,random,pcglassoFast_Dual,I,3.5111917342151263e-8,6.9659999999998945,146.15225794818645
200,0.1,0,random,pcglassoFast_Dual,I,1.2328467394420646e-7,6.754999999999654,146.15225869909233
200,0.1,0,random,pcglassoFast_Dual,I,4.328761281083054e-7,6.2840000000001055,146.15225886078886
200,0.1,0,random,pcglassoFast_Dual,I,1.5199110829529328e-6,5.941499999999905,146.15226046592483
200,0.1,0,random,pcglassoFast_Dual,I,5.336699231206308e-6,5.889999999999418,146.15226652089552
200,0.1,0,random,pcglassoFast_Dual,I,1.873817422860384e-5,5.814000000001215,146.1522794728672
200,0.1,0,random,pcglassoFast_Dual,I,6.579332246575681e-5,5.450000000000728,146.15247391251737
200,0.1,0,random,pcglassoFast_Dual,I,2.310129700083161e-4,5.497000000000298,146.15310911471465
200,0.1,0,random,pcglassoFast_Dual,I,8.11130830789687e-4,5.506000000000313,146.15297098128002
200,0.1,0,random,pcglassoFast_Dual,I,0.0028480358684358,4.524000000000342,146.17513793663667
200,0.1,0,random,pcglassoFast_Dual,I,0.01,3.9575000000004366,146.2615685101295
200,0.1,0,random,pcglassoFast_Primal,C,9.999999999999982e-9,36.92099999999999,146.1522586532408
200,0.1,0,random,pcglassoFast_Primal,C,3.5111917342151263e-8,28.855000000000018,146.15225894070386
200,0.1,0,random,pcglassoFast_Primal,C,1.2328467394420646e-7,22.2800000000002,146.1522594341723
200,0.1,0,random,pcglassoFast_Primal,C,4.328761281083054e-7,17.489000000000033,146.1522604731848
200,0.1,0,random,pcglassoFast_Primal,C,1.5199110829529328e-6,13.35949999999957,146.15226284007602
200,0.1,0,random,pcglassoFast_Primal,C,5.336699231206308e-6,8.598499999999149,146.1522698760972
200,0.1,0,random,pcglassoFast_Primal,C,1.873817422860384e-5,6.734000000000378,146.15229991269905
200,0.1,0,random,pcglassoFast_Primal,C,6.579332246575681e-5,5.403999999999542,146.15243874102455
200,0.1,0,random,pcglassoFast_Primal,C,2.310129700083161e-4,4.04950000000008,146.1528475587795
200,0.1,0,random,pcglassoFast_Primal,C,8.11130830789687e-4,3.1455000000005384,146.1540321707763
200,0.1,0,random,pcglassoFast_Primal,C,0.0028480358684358,2.2434999999995853,146.15773500658386
200,0.1,0,random,pcglassoFast_Primal,C,0.01,1.7330000000001746,146.16957431860607
200,0.1,0,random,pcglassoFast_Primal,I,9.999999999999982e-9,66.54600000000005,146.15225862392853
200,0.1,0,random,pcglassoFast_Primal,I,3.5111917342151263e-8,54.0150000000001,146.15225887114343
200,0.1,0,random,pcglassoFast_Primal,I,1.2328467394420646e-7,45.364500000000135,146.15225942248316
200,0.1,0,random,pcglassoFast_Primal,I,4.328761281083054e-7,39.901000000000295,146.15226058377098
200,0.1,0,random,pcglassoFast_Primal,I,1.5199110829529328e-6,33.712000000000444,146.15226226733537
200,0.1,0,random,pcglassoFast_Primal,I,5.336699231206308e-6,23.948999999999614,146.1522706678609
200,0.1,0,random,pcglassoFast_Primal,I,1.873817422860384e-5,16.588999999999942,146.1522977190078
200,0.1,0,random,pcglassoFast_Primal,I,6.579332246575681e-5,12.791500000001179,146.15241058648877
200,0.1,0,random,pcglassoFast_Primal,I,2.310129700083161e-4,9.259000000000015,146.15271329272375
200,0.1,0,random,pcglassoFast_Primal,I,8.11130830789687e-4,6.463999999999942,146.15399607137422
200,0.1,0,random,pcglassoFast_Primal,I,0.0028480358684358,4.870500000000902,146.16208526552882
200,0.1,0,random,pcglassoFast_Primal,I,0.01,3.880500000000211,146.19634915916313
200,0.1,0.5,AR2,pcglasso,C,9.999999999999982e-9,1.8065000000000282,167.0540789038516
200,0.1,0.5,AR2,pcglasso,C,3.5111917342151263e-8,1.7255000000002383,167.0540789053846
200,0.1,0.5,AR2,pcglasso,C,1.2328467394420646e-7,1.675000000000182,167.05407893696065
200,0.1,0.5,AR2,pcglasso,C,4.328761281083054e-7,1.5830000000000837,167.05407921453823
200,0.1,0.5,AR2,pcglasso,C,1.5199110829529328e-6,1.579000000000633,167.05407921453823
200,0.1,0.5,AR2,pcglasso,C,5.336699231206308e-6,1.6669999999994616,167.05407947544785
200,0.1,0.5,AR2,pcglasso,C,1.873817422860384e-5,1.3025000000006912,167.05408685272596
200,0.1,0.5,AR2,pcglasso,C,6.579332246575681e-5,0.961500000000342,167.05421134243886
200,0.1,0.5,AR2,pcglasso,C,2.310129700083161e-4,0.7560000000012224,167.0554233754931
200,0.1,0.5,AR2,pcglasso,C,8.11130830789687e-4,0.477999999999156,167.990722271413
200,0.1,0.5,AR2,pcglasso,C,0.0028480358684358,0.19800000000032017,283.7106635526587
200,0.1,0.5,AR2,pcglasso,C,0.01,0.1859999999996944,277.7360623584828
200,0.1,0.5,AR2,pcglasso,I,9.999999999999982e-9,0.8669999999999618,167.05407890384703
200,0.1,0.5,AR2,pcglasso,I,3.5111917342151263e-8,0.8029999999998836,167.05407890490443
200,0.1,0.5,AR2,pcglasso,I,1.2328467394420646e-7,0.744499999999789,167.05407893284325
200,0.1,0.5,AR2,pcglasso,I,4.328761281083054e-7,0.6545000000000982,167.05407988254493
200,0.1,0.5,AR2,pcglasso,I,1.5199110829529328e-6,0.6474999999991269,167.05407988254493
200,0.1,0.5,AR2,pcglasso,I,5.336699231206308e-6,0.6190000000005966,167.0540806440051
200,0.1,0.5,AR2,pcglasso,I,1.873817422860384e-5,0.5,167.0541368167881
200,0.1,0.5,AR2,pcglasso,I,6.579332246575681e-5,0.31199999999989814,167.05515471957932
200,0.1,0.5,AR2,pcglasso,I,2.310129700083161e-4,0.3024999999997817,167.0544957661767
200,0.1,0.5,AR2,pcglasso,I,8.11130830789687e-4,0.15999999999985448,167.0698849715492
200,0.1,0.5,AR2,pcglasso,I,0.0028480358684358,0.16699999999946158,167.08533393417164
200,0.1,0.5,AR2,pcglasso,I,0.01,0.13700000000062573,167.09303716718608
200,0.1,0.5,AR2,pcglassoFast_Dual,C,9.999999999999982e-9,0.2400000000000091,167.0540789038921
200,0.1,0.5,AR2,pcglassoFast_Dual,C,3.5111917342151263e-8,0.3509999999998854,167.0540789051186
200,0.1,0.5,AR2,pcglassoFast_Dual,C,1.2328467394420646e-7,0.22199999999975265,167.0540789051186
200,0.1,0.5,AR2,pcglassoFast_Dual,C,4.328761281083054e-7,0.22199999999975265,167.0540789051186
200,0.1,0.5,AR2,pcglassoFast_Dual,C,1.5199110829529328e-6,0.2015000000001237,167.05407892970555
200,0.1,0.5,AR2,pcglassoFast_Dual,C,5.336699231206308e-6,0.20099999999911233,167.05407892970555
200,0.1,0.5,AR2,pcglassoFast_Dual,C,1.873817422860384e-5,0.3055000000003929,167.05407942592024
200,0.1,0.5,AR2,pcglassoFast_Dual,C,6.579332246575681e-5,0.19199999999909775,167.05407942592024
200,0.1,0.5,AR2,pcglassoFast_Dual,C,2.310129700083161e-4,0.17300000000068394,167.054089599595
200,0.1,0.5,AR2,pcglassoFast_Dual,C,8.11130830789687e-4,0.17700000000058935,167.054089599595
200,0.1,0.5,AR2,pcglassoFast_Dual,C,0.0028480358684358,0.17799999999988358,167.054089599595
200,0.1,0.5,AR2,pcglassoFast_Dual,C,0.01,0.15999999999985448,167.0542913476329
200,0.1,0.5,AR2,pcglassoFast_Dual,I,9.999999999999982e-9,0.16699999999991633,167.05407890390558
200,0.1,0.5,AR2,pcglassoFast_Dual,I,3.5111917342151263e-8,0.15249999999969077,167.0540789052256
200,0.1,0.5,AR2,pcglassoFast_Dual,I,1.2328467394420646e-7,0.15299999999979264,167.0540789052256
200,0.1,0.5,AR2,pcglassoFast_Dual,I,4.328761281083054e-7,0.13400000000001455,167.0540789233807
200,0.1,0.5,AR2,pcglassoFast_Dual,I,1.5199110829529328e-6,0.13299999999981085,167.0540789233807
200,0.1,0.5,AR2,pcglassoFast_Dual,I,5.336699231206308e-6,0.12000000000080036,167.05407917746248
200,0.1,0.5,AR2,pcglassoFast_Dual,I,1.873817422860384e-5,0.12599999999838474,167.05407917746248
200,0.1,0.5,AR2,pcglassoFast_Dual,I,6.579332246575681e-5,0.1069999999999709,167.05408280171616
200,0.1,0.5,AR2,pcglassoFast_Dual,I,2.310129700083161e-4,0.11200000000098952,167.05408280171616
200,0.1,0.5,AR2,pcglassoFast_Dual,I,8.11130830789687e-4,0.09550000000035652,167.05413399485022
200,0.1,0.5,AR2,pcglassoFast_Dual,I,0.0028480358684358,0.09399999999914144,167.05413399485022
200,0.1,0.5,AR2,pcglassoFast_Dual,I,0.01,0.09499999999934516,167.05413399485022
200,0.1,0.5,AR2,pcglassoFast_Primal,C,9.999999999999982e-9,1.1420000000000528,167.05407890395892
200,0.1,0.5,AR2,pcglassoFast_Primal,C,3.5111917342151263e-8,1.0039999999999054,167.05407890581574
200,0.1,0.5,AR2,pcglassoFast_Primal,C,1.2328467394420646e-7,1.001999999999498,167.05407890581574
200,0.1,0.5,AR2,pcglassoFast_Primal,C,4.328761281083054e-7,0.9979999999995924,167.05407890581574
200,0.1,0.5,AR2,pcglassoFast_Primal,C,1.5199110829529328e-6,0.925999999999476,167.05407893936598
200,0.1,0.5,AR2,pcglassoFast_Primal,C,5.336699231206308e-6,0.9350000000013096,167.05407893936598
200,0.1,0.5,AR2,pcglassoFast_Primal,C,1.873817422860384e-5,0.8569999999999709,167.0540795421146
200,0.1,0.5,AR2,pcglassoFast_Primal,C,6.579332246575681e-5,0.8659999999999854,167.0540795421146
200,0.1,0.5,AR2,pcglassoFast_Primal,C,2.310129700083161e-4,0.7869999999993524,167.05409056264193
200,0.1,0.5,AR2,pcglassoFast_Primal,C,8.11130830789687e-4,0.7849999999998545,167.05409056264193
200,0.1,0.5,AR2,pcglassoFast_Primal,C,0.0028480358684358,0.7785000000003492,167.05409056264193
200,0.1,0.5,AR2,pcglassoFast_Primal,C,0.01,0.7079999999987194,167.0542964131409
200,0.1,0.5,AR2,pcglassoFast_Primal,I,9.999999999999982e-9,0.74899999999991,167.05407890403632
200,0.1,0.5,AR2,pcglassoFast_Primal,I,3.5111917342151263e-8,0.7110000000000127,167.0540789066745
200,0.1,0.5,AR2,pcglassoFast_Primal,I,1.2328467394420646e-7,0.6765000000000327,167.0540789066745
200,0.1,0.5,AR2,pcglassoFast_Primal,I,4.328761281083054e-7,0.6015000000002146,167.0540789394087
200,0.1,0.5,AR2,pcglassoFast_Primal,I,1.5199110829529328e-6,0.6109999999989668,167.0540789394087
200,0.1,0.5,AR2,pcglassoFast_Primal,I,5.336699231206308e-6,0.602999999999156,167.0540789394087
200,0.1,0.5,AR2,pcglassoFast_Primal,I,1.873817422860384e-5,0.5299999999997453,167.05407935334546
200,0.1,0.5,AR2,pcglassoFast_Primal,I,6.579332246575681e-5,0.5290000000004511,167.05407935334546
200,0.1,0.5,AR2,pcglassoFast_Primal,I,2.310129700083161e-4,0.4580000000005384,167.05408469063107
200,0.1,0.5,AR2,pcglassoFast_Primal,I,8.11130830789687e-4,0.45799999999871943,167.05408469063107
200,0.1,0.5,AR2,pcglassoFast_Primal,I,0.0028480358684358,0.3850000000002183,167.0541552411616
200,0.1,0.5,AR2,pcglassoFast_Primal,I,0.01,0.3829999999998108,167.0541552411616
200,0.1,0.5,hub_09,pcglasso,C,9.999999999999982e-9,3.5659999999999172,169.31078643532203
200,0.1,0.5,hub_09,pcglasso,C,3.5111917342151263e-8,3.384000000000242,169.31078643536696
200,0.1,0.5,hub_09,pcglasso,C,1.2328467394420646e-7,3.2949999999991633,169.31078643536696
200,0.1,0.5,hub_09,pcglasso,C,4.328761281083054e-7,3.312000000000353,169.31078643536696
200,0.1,0.5,hub_09,pcglasso,C,1.5199110829529328e-6,3.2950000000000728,169.31078643545524
200,0.1,0.5,hub_09,pcglasso,C,5.336699231206308e-6,3.091500000000451,169.31078643629965
200,0.1,0.5,hub_09,pcglasso,C,1.873817422860384e-5,2.33849999999984,169.31078647306612
200,0.1,0.5,hub_09,pcglasso,C,6.579332246575681e-5,1.7469999999993888,169.31078662762667
200,0.1,0.5,hub_09,pcglasso,C,2.310129700083161e-4,1.305000000000291,169.31079174503904
200,0.1,0.5,hub_09,pcglasso,C,8.11130830789687e-4,0.555000000000291,169.40235438351027
200,0.1,0.5,hub_09,pcglasso,C,0.0028480358684358,0.1679999999996653,219.59312206272276
200,0.1,0.5,hub_09,pcglasso,C,0.01,0.16899999999986903,219.59312206272276
200,0.1,0.5,hub_09,pcglasso,I,9.999999999999982e-9,0.8250000000000455,169.31078643532226
200,0.1,0.5,hub_09,pcglasso,I,3.5111917342151263e-8,0.7419999999997344,169.31078643532612
200,0.1,0.5,hub_09,pcglasso,I,1.2328467394420646e-7,0.6729999999997744,169.31078643537109
200,0.1,0.5,hub_09,pcglasso,I,4.328761281083054e-7,0.5700000000001637,169.31078643695756
200,0.1,0.5,hub_09,pcglasso,I,1.5199110829529328e-6,0.5689999999995052,169.31078643695756
200,0.1,0.5,hub_09,pcglasso,I,5.336699231206308e-6,0.5375000000003638,169.31078644556644
200,0.1,0.5,hub_09,pcglasso,I,1.873817422860384e-5,0.503500000000713,169.31078644566816
200,0.1,0.5,hub_09,pcglasso,I,6.579332246575681e-5,0.3940000000002328,169.3107872349441
200,0.1,0.5,hub_09,pcglasso,I,2.310129700083161e-4,0.34900000000016007,169.31079450614095
200,0.1,0.5,hub_09,pcglasso,I,8.11130830789687e-4,0.18149999999968713,169.3120615012498
200,0.1,0.5,hub_09,pcglasso,I,0.0028480358684358,0.12299999999959256,169.32613144217527
200,0.1,0.5,hub_09,pcglasso,I,0.01,0.06300000000010186,171.81578348076937
200,0.1,0.5,hub_09,pcglassoFast_Dual,C,9.999999999999982e-9,0.31100000000003547,169.31078643560028
200,0.1,0.5,hub_09,pcglassoFast_Dual,C,3.5111917342151263e-8,0.27999999999974534,169.31078643785793
200,0.1,0.5,hub_09,pcglassoFast_Dual,C,1.2328467394420646e-7,0.2824999999997999,169.31078643785793
200,0.1,0.5,hub_09,pcglassoFast_Dual,C,4.328761281083054e-7,0.2670000000002801,169.31078645869084
200,0.1,0.5,hub_09,pcglassoFast_Dual,C,1.5199110829529328e-6,0.2684999999992215,169.31078645869084
200,0.1,0.5,hub_09,pcglassoFast_Dual,C,5.336699231206308e-6,0.2514999999993961,169.31078665067423
200,0.1,0.5,hub_09,pcglassoFast_Dual,C,1.873817422860384e-5,0.2319999999999709,169.310788420028
200,0.1,0.5,hub_09,pcglassoFast_Dual,C,6.579332246575681e-5,0.23500000000058208,169.310788420028
200,0.1,0.5,hub_09,pcglassoFast_Dual,C,2.310129700083161e-4,0.2250000000003638,169.3108046469363
200,0.1,0.5,hub_09,pcglassoFast_Dual,C,8.11130830789687e-4,0.22249999999985448,169.3108046469363
200,0.1,0.5,hub_09,pcglassoFast_Dual,C,0.0028480358684358,0.2055000000000291,169.3109394163017
200,0.1,0.5,hub_09,pcglassoFast_Dual,C,0.01,0.18849999999929423,169.311822702202
200,0.1,0.5,hub_09,pcglassoFast_Dual,I,9.999999999999982e-9,0.13099999999985812,169.31078643649752
200,0.1,0.5,hub_09,pcglassoFast_Dual,I,3.5111917342151263e-8,0.13700000000017099,169.31078643649752
200,0.1,0.5,hub_09,pcglassoFast_Dual,I,1.2328467394420646e-7,0.11900000000059664,169.3107864460232
200,0.1,0.5,hub_09,pcglassoFast_Dual,I,4.328761281083054e-7,0.11699999999927968,169.3107864460232
200,0.1,0.5,hub_09,pcglassoFast_Dual,I,1.5199110829529328e-6,0.10199999999895226,169.31078653270274
200,0.1,0.5,hub_09,pcglassoFast_Dual,I,5.336699231206308e-6,0.10100000000056752,169.31078653270274
200,0.1,0.5,hub_09,pcglassoFast_Dual,I,1.873817422860384e-5,0.09100000000034925,169.3107873219174
200,0.1,0.5,hub_09,pcglassoFast_Dual,I,6.579332246575681e-5,0.08799999999973807,169.3107873219174
200,0.1,0.5,hub_09,pcglassoFast_Dual,I,2.310129700083161e-4,0.0749999999989086,169.31079485176278
200,0.1,0.5,hub_09,pcglassoFast_Dual,I,8.11130830789687e-4,0.06099999999969441,169.31086642468748
200,0.1,0.5,hub_09,pcglassoFast_Dual,I,0.0028480358684358,0.06099999999969441,169.31086642468748
200,0.1,0.5,hub_09,pcglassoFast_Dual,I,0.01,0.06000000000130967,169.31086642468748
200,0.1,0.5,hub_09,pcglassoFast_Primal,C,9.999999999999982e-9,1.2854999999999563,169.3107864357541
200,0.1,0.5,hub_09,pcglassoFast_Primal,C,3.5111917342151263e-8,1.2084999999997308,169.31078643917778
200,0.1,0.5,hub_09,pcglassoFast_Primal,C,1.2328467394420646e-7,1.195999999999913,169.31078643917778
200,0.1,0.5,hub_09,pcglassoFast_Primal,C,4.328761281083054e-7,1.1289999999999054,169.31078647011094
200,0.1,0.5,hub_09,pcglassoFast_Primal,C,1.5199110829529328e-6,1.1244999999998981,169.31078647011094
200,0.1,0.5,hub_09,pcglassoFast_Primal,C,5.336699231206308e-6,1.05199999999968,169.3107867491293
200,0.1,0.5,hub_09,pcglassoFast_Primal,C,1.873817422860384e-5,1.0470000000004802,169.3107867491293
200,0.1,0.5,hub_09,pcglassoFast_Primal,C,6.579332246575681e-5,0.9774999999999636,169.3107892639347
200,0.1,0.5,hub_09,pcglassoFast_Primal,C,2.310129700083161e-4,0.9074999999993452,169.3108119081558
200,0.1,0.5,hub_09,pcglassoFast_Primal,C,8.11130830789687e-4,0.9074999999993452,169.3108119081558
200,0.1,0.5,hub_09,pcglassoFast_Primal,C,0.0028480358684358,0.8350000000000364,169.31098975676812
200,0.1,0.5,hub_09,pcglassoFast_Primal,C,0.01,0.7655000000004293,169.31212454431363
200,0.1,0.5,hub_09,pcglassoFast_Primal,I,9.999999999999982e-9,0.6110000000001037,169.3107864354674
200,0.1,0.5,hub_09,pcglassoFast_Primal,I,3.5111917342151263e-8,0.5900000000001455,169.31078643661945
200,0.1,0.5,hub_09,pcglassoFast_Primal,I,1.2328467394420646e-7,0.46299999999973807,169.31078644689293
200,0.1,0.5,hub_09,pcglassoFast_Primal,I,4.328761281083054e-7,0.4645000000004984,169.31078644689293
200,0.1,0.5,hub_09,pcglassoFast_Primal,I,1.5199110829529328e-6,0.39350000000013097,169.31078653849457
200,0.1,0.5,hub_09,pcglassoFast_Primal,I,5.336699231206308e-6,0.3960000000006403,169.31078653849457
200,0.1,0.5,hub_09,pcglassoFast_Primal,I,1.873817422860384e-5,0.3169999999990978,169.31078735692458
200,0.1,0.5,hub_09,pcglassoFast_Primal,I,6.579332246575681e-5,0.3209999999999127,169.31078735692458
200,0.1,0.5,hub_09,pcglassoFast_Primal,I,2.310129700083161e-4,0.25099999999838474,169.31079502065012
200,0.1,0.5,hub_09,pcglassoFast_Primal,I,8.11130830789687e-4,0.1749999999992724,169.3108669393638
200,0.1,0.5,hub_09,pcglassoFast_Primal,I,0.0028480358684358,0.17400000000088767,169.3108669393638
200,0.1,0.5,hub_09,pcglassoFast_Primal,I,0.01,0.27000000000043656,169.3108669393638
200,0.1,0.5,hub_1,pcglasso,C,9.999999999999982e-9,17.523000000000025,107.79923040168978
200,0.1,0.5,hub_1,pcglasso,C,3.5111917342151263e-8,14.113000000000056,107.79923376864151
200,0.1,0.5,hub_1,pcglasso,C,1.2328467394420646e-7,12.735499999999774,107.79925389776812
200,0.1,0.5,hub_1,pcglasso,C,4.328761281083054e-7,11.773499999999785,107.79933417534949
200,0.1,0.5,hub_1,pcglasso,C,1.5199110829529328e-6,9.814500000000407,107.8001886435666
200,0.1,0.5,hub_1,pcglasso,C,5.336699231206308e-6,9.5049999999992,107.80087751453546
200,0.1,0.5,hub_1,pcglasso,C,1.873817422860384e-5,8.478000000000065,107.80617022949455
200,0.1,0.5,hub_1,pcglasso,C,6.579332246575681e-5,7.171500000000378,108.08888485759256
200,0.1,0.5,hub_1,pcglasso,C,2.310129700083161e-4,7.982999999999265,108.00872510676948
200,0.1,0.5,hub_1,pcglasso,C,8.11130830789687e-4,12.166500000000267,122.22898441679914
200,0.1,0.5,hub_1,pcglasso,C,0.0028480358684358,2.9570000000003347,335.1589038637586
200,0.1,0.5,hub_1,pcglasso,C,0.01,2.874499999999898,335.1589038637586
200,0.1,0.5,hub_1,pcglasso,I,9.999999999999982e-9,19.91049999999973,107.79923042243252
200,0.1,0.5,hub_1,pcglasso,I,3.5111917342151263e-8,16.585499999999683,107.7992355044137
200,0.1,0.5,hub_1,pcglasso,I,1.2328467394420646e-7,14.922500000000127,107.79924849257102
200,0.1,0.5,hub_1,pcglasso,I,4.328761281083054e-7,14.576499999999669,107.79936224087707
200,0.1,0.5,hub_1,pcglasso,I,1.5199110829529328e-6,12.342000000000553,107.79962040133026
200,0.1,0.5,hub_1,pcglasso,I,5.336699231206308e-6,11.773999999999432,107.80608091478032
200,0.1,0.5,hub_1,pcglasso,I,1.873817422860384e-5,9.107499999999163,107.81666706130748
200,0.1,0.5,hub_1,pcglasso,I,6.579332246575681e-5,1.0429999999987558,119.29562013187044
200,0.1,0.5,hub_1,pcglasso,I,2.310129700083161e-4,0.8270000000002256,120.4873802875461
200,0.1,0.5,hub_1,pcglasso,I,8.11130830789687e-4,0.8400000000001455,119.99182099317454
200,0.1,0.5,hub_1,pcglasso,I,0.0028480358684358,0.4920000000001892,121.0641019713584
200,0.1,0.5,hub_1,pcglasso,I,0.01,0.4259999999994762,121.84522077433706
200,0.1,0.5,hub_1,pcglassoFast_Dual,C,9.999999999999982e-9,191.8655,107.79923023719005
200,0.1,0.5,hub_1,pcglassoFast_Dual,C,3.5111917342151263e-8,189.00099999999998,107.79923023719005
200,0.1,0.5,hub_1,pcglassoFast_Dual,C,1.2328467394420646e-7,189.45400000000018,107.79923024927776
200,0.1,0.5,hub_1,pcglassoFast_Dual,C,4.328761281083054e-7,189.24350000000004,107.7992302465765
200,0.1,0.5,hub_1,pcglassoFast_Dual,C,1.5199110829529328e-6,188.3055000000004,107.79923296155177
200,0.1,0.5,hub_1,pcglassoFast_Dual,C,5.336699231206308e-6,188.46349999999984,107.79923296155177
200,0.1,0.5,hub_1,pcglassoFast_Dual,C,1.873817422860384e-5,188.03399999999965,107.79924675966276
200,0.1,0.5,hub_1,pcglassoFast_Dual,C,6.579332246575681e-5,187.5680000000002,107.79924679921058
200,0.1,0.5,hub_1,pcglassoFast_Dual,C,2.310129700083161e-4,187.82899999999972,107.7996758471982
200,0.1,0.5,hub_1,pcglassoFast_Dual,C,8.11130830789687e-4,187.51949999999943,107.7996758471982
200,0.1,0.5,hub_1,pcglassoFast_Dual,C,0.0028480358684358,188.08349999999973,107.79965173812327
200,0.1,0.5,hub_1,pcglassoFast_Dual,C,0.01,187.0059999999994,107.80366606988026
200,0.1,0.5,hub_1,pcglassoFast_Dual,I,9.999999999999982e-9,23.036000000000058,107.7992302085314
200,0.1,0.5,hub_1,pcglassoFast_Dual,I,3.5111917342151263e-8,22.650499999999738,107.7992302085314
200,0.1,0.5,hub_1,pcglassoFast_Dual,I,1.2328467394420646e-7,22.485000000000127,107.79923022266954
200,0.1,0.5,hub_1,pcglassoFast_Dual,I,4.328761281083054e-7,22.008499999999913,107.79923047558844
200,0.1,0.5,hub_1,pcglassoFast_Dual,I,1.5199110829529328e-6,21.92150000000038,107.79923167048923
200,0.1,0.5,hub_1,pcglassoFast_Dual,I,5.336699231206308e-6,21.798499999999876,107.79923167048923
200,0.1,0.5,hub_1,pcglassoFast_Dual,I,1.873817422860384e-5,21.655499999999847,107.7992408278829
200,0.1,0.5,hub_1,pcglassoFast_Dual,I,6.579332246575681e-5,21.7529999999997,107.79925471773709
200,0.1,0.5,hub_1,pcglassoFast_Dual,I,2.310129700083161e-4,21.45600000000013,107.7992870810386
200,0.1,0.5,hub_1,pcglassoFast_Dual,I,8.11130830789687e-4,21.463000000000648,107.7992870810386
200,0.1,0.5,hub_1,pcglassoFast_Dual,I,0.0028480358684358,21.342000000000553,107.79937801008856
200,0.1,0.5,hub_1,pcglassoFast_Dual,I,0.01,20.761000000000422,107.81865326603236
200,0.1,0.5,hub_1,pcglassoFast_Primal,C,9.999999999999982e-9,97.46999999999997,107.79923205304064
200,0.1,0.5,hub_1,pcglassoFast_Primal,C,3.5111917342151263e-8,79.28550000000018,107.79923406157609
200,0.1,0.5,hub_1,pcglassoFast_Primal,C,1.2328467394420646e-7,68.37050000000045,107.79923714614672
200,0.1,0.5,hub_1,pcglassoFast_Primal,C,4.328761281083054e-7,56.695000000000164,107.7992329541958
200,0.1,0.5,hub_1,pcglassoFast_Primal,C,1.5199110829529328e-6,45.57500000000073,107.7992625894
200,0.1,0.5,hub_1,pcglassoFast_Primal,C,5.336699231206308e-6,34.57250000000113,107.79941848683109
200,0.1,0.5,hub_1,pcglassoFast_Primal,C,1.873817422860384e-5,22.911000000000058,107.80014979737584
200,0.1,0.5,hub_1,pcglassoFast_Primal,C,6.579332246575681e-5,11.40899999999965,107.79954415718407
200,0.1,0.5,hub_1,pcglassoFast_Primal,C,2.310129700083161e-4,4.737500000000182,107.79982779864808
200,0.1,0.5,hub_1,pcglassoFast_Primal,C,8.11130830789687e-4,3.196999999999207,107.83075229958384
200,0.1,0.5,hub_1,pcglassoFast_Primal,C,0.0028480358684358,2.6705000000001746,107.81367658681772
200,0.1,0.5,hub_1,pcglassoFast_Primal,C,0.01,2.3850000000002183,107.81805168846152
200,0.1,0.5,hub_1,pcglassoFast_Primal,I,9.999999999999982e-9,104.03700000000003,107.79923162548796
200,0.1,0.5,hub_1,pcglassoFast_Primal,I,3.5111917342151263e-8,81.798,107.7992330299235
200,0.1,0.5,hub_1,pcglassoFast_Primal,I,1.2328467394420646e-7,71.33800000000019,107.79923108042648
200,0.1,0.5,hub_1,pcglassoFast_Primal,I,4.328761281083054e-7,59.315999999999804,107.79925765828708
200,0.1,0.5,hub_1,pcglassoFast_Primal,I,1.5199110829529328e-6,48.69300000000021,107.79923861359444
200,0.1,0.5,hub_1,pcglassoFast_Primal,I,5.336699231206308e-6,37.01899999999932,107.79937304388356
200,0.1,0.5,hub_1,pcglassoFast_Primal,I,1.873817422860384e-5,25.510999999999513,107.80022041650784
200,0.1,0.5,hub_1,pcglassoFast_Primal,I,6.579332246575681e-5,15.358500000000276,107.79944365829056
200,0.1,0.5,hub_1,pcglassoFast_Primal,I,2.310129700083161e-4,7.475499999999556,107.80164110790676
200,0.1,0.5,hub_1,pcglassoFast_Primal,I,8.11130830789687e-4,4.648499999999331,107.806092430321
200,0.1,0.5,hub_1,pcglassoFast_Primal,I,0.0028480358684358,3.345500000001266,107.87525140820055
200,0.1,0.5,hub_1,pcglassoFast_Primal,I,0.01,2.9124999999994543,108.02353603987754
200,0.1,0.5,random,pcglasso,C,9.999999999999982e-9,15.999000000000024,156.35691180723074
200,0.1,0.5,random,pcglasso,C,3.5111917342151263e-8,14.185000000000173,156.35691260636932
200,0.1,0.5,random,pcglasso,C,1.2328467394420646e-7,10.992500000000291,156.35694119804722
200,0.1,0.5,random,pcglasso,C,4.328761281083054e-7,9.485499999999774,156.3570434203775
200,0.1,0.5,random,pcglasso,C,1.5199110829529328e-6,7.900499999999738,156.35783257520174
200,0.1,0.5,random,pcglasso,C,5.336699231206308e-6,4.611499999999069,156.37796338219823
200,0.1,0.5,random,pcglasso,C,1.873817422860384e-5,3.0255000000006476,156.4386160061308
200,0.1,0.5,random,pcglasso,C,6.579332246575681e-5,2.1015000000006694,157.11616445225852
200,0.1,0.5,random,pcglasso,C,2.310129700083161e-4,1.227999999999156,159.63817228846997
200,0.1,0.5,random,pcglasso,C,8.11130830789687e-4,0.7009999999991123,163.98528240841694
200,0.1,0.5,random,pcglasso,C,0.0028480358684358,0.21200000000044383,386.5910870840109
200,0.1,0.5,random,pcglasso,C,0.01,0.2180000000007567,386.5910870840109
200,0.1,0.5,random,pcglasso,I,9.999999999999982e-9,23.834499999999935,156.3569116955466
200,0.1,0.5,random,pcglasso,I,3.5111917342151263e-8,20.383499999999913,156.35691264040943
200,0.1,0.5,random,pcglasso,I,1.2328467394420646e-7,16.661999999999807,156.3569262068632
200,0.1,0.5,random,pcglasso,I,4.328761281083054e-7,13.38150000000087,156.3570837158989
200,0.1,0.5,random,pcglasso,I,1.5199110829529328e-6,9.318000000000211,156.3601793415739
200,0.1,0.5,random,pcglasso,I,5.336699231206308e-6,4.626499999999396,156.41278936334334
200,0.1,0.5,random,pcglasso,I,1.873817422860384e-5,1.6945000000005166,156.59034785784203
200,0.1,0.5,random,pcglasso,I,6.579332246575681e-5,0.8674999999993815,156.85672396320197
200,0.1,0.5,random,pcglasso,I,2.310129700083161e-4,0.4699999999993451,157.47232068724028
200,0.1,0.5,random,pcglasso,I,8.11130830789687e-4,0.26999999999952706,158.75134608832494
200,0.1,0.5,random,pcglasso,I,0.0028480358684358,0.22400000000016007,158.8673691555748
200,0.1,0.5,random,pcglasso,I,0.01,0.20499999999992724,159.03489478117675
200,0.1,0.5,random,pcglassoFast_Dual,C,9.999999999999982e-9,3.492999999999995,156.3569116446857
200,0.1,0.5,random,pcglassoFast_Dual,C,3.5111917342151263e-8,2.634499999999889,156.35691163406668
200,0.1,0.5,random,pcglassoFast_Dual,C,1.2328467394420646e-7,2.1750000000006366,156.35691177353343
200,0.1,0.5,random,pcglassoFast_Dual,C,4.328761281083054e-7,2.0214999999998327,156.35691221689947
200,0.1,0.5,random,pcglassoFast_Dual,C,1.5199110829529328e-6,2.167500000000018,156.35691396085497
200,0.1,0.5,random,pcglassoFast_Dual,C,5.336699231206308e-6,1.9544999999998254,156.35691677588352
200,0.1,0.5,random,pcglassoFast_Dual,C,1.873817422860384e-5,1.6945000000005166,156.35693569394556
200,0.1,0.5,random,pcglassoFast_Dual,C,6.579332246575681e-5,1.53899999999976,156.35699215134645
200,0.1,0.5,random,pcglassoFast_Dual,C,2.310129700083161e-4,1.4055000000007567,156.3574112318977
200,0.1,0.5,random,pcglassoFast_Dual,C,8.11130830789687e-4,0.7550000000001091,156.3618660133937
200,0.1,0.5,random,pcglassoFast_Dual,C,0.0028480358684358,0.5579999999999927,156.37152955000957
200,0.1,0.5,random,pcglassoFast_Dual,C,0.01,0.4359999999996944,156.38401380743747
200,0.1,0.5,random,pcglassoFast_Dual,I,9.999999999999982e-9,3.8395000000000437,156.3569116171971
200,0.1,0.5,random,pcglassoFast_Dual,I,3.5111917342151263e-8,3.349999999999909,156.35691166539704
200,0.1,0.5,random,pcglassoFast_Dual,I,1.2328467394420646e-7,2.6210000000000946,156.35691366251535
200,0.1,0.5,random,pcglassoFast_Dual,I,4.328761281083054e-7,2.1359999999999673,156.35692268038508
200,0.1,0.5,random,pcglassoFast_Dual,I,1.5199110829529328e-6,2.124499999999898,156.35692394679234
200,0.1,0.5,random,pcglassoFast_Dual,I,5.336699231206308e-6,2.094500000000153,156.35694052354316
200,0.1,0.5,random,pcglassoFast_Dual,I,1.873817422860384e-5,2.052500000000691,156.35694671713523
200,0.1,0.5,random,pcglassoFast_Dual,I,6.579332246575681e-5,1.5880000000006476,156.35704732163953
200,0.1,0.5,random,pcglassoFast_Dual,I,2.310129700083161e-4,1.65099999999984,156.35720994198394
200,0.1,0.5,random,pcglassoFast_Dual,I,8.11130830789687e-4,1.3575000000000728,156.35785679811255
200,0.1,0.5,random,pcglassoFast_Dual,I,0.0028480358684358,1.0445000000008804,156.36119622329176
200,0.1,0.5,random,pcglassoFast_Dual,I,0.01,0.7189999999991414,156.3991989060774
200,0.1,0.5,random,pcglassoFast_Primal,C,9.999999999999982e-9,17.88149999999996,156.3569117066829
200,0.1,0.5,random,pcglassoFast_Primal,C,3.5111917342151263e-8,15.10349999999994,156.35691174976756
200,0.1,0.5,random,pcglassoFast_Primal,C,1.2328467394420646e-7,13.389000000000578,156.35691196840477
200,0.1,0.5,random,pcglassoFast_Primal,C,4.328761281083054e-7,10.909000000000106,156.3569125071026
200,0.1,0.5,random,pcglassoFast_Primal,C,1.5199110829529328e-6,9.492999999999483,156.3569136108669
200,0.1,0.5,random,pcglassoFast_Primal,C,5.336699231206308e-6,7.669499999999971,156.3569247425881
200,0.1,0.5,random,pcglassoFast_Primal,C,1.873817422860384e-5,5.992999999999483,156.35695179927106
200,0.1,0.5,random,pcglassoFast_Primal,C,6.579332246575681e-5,4.300000000000182,156.35710487487586
200,0.1,0.5,random,pcglassoFast_Primal,C,2.310129700083161e-4,3.001999999999498,156.35765065259355
200,0.1,0.5,random,pcglassoFast_Primal,C,8.11130830789687e-4,2.283499999999549,156.35970046463845
200,0.1,0.5,random,pcglassoFast_Primal,C,0.0028480358684358,1.679000000000087,156.36373664037626
200,0.1,0.5,random,pcglassoFast_Primal,C,0.01,0.8665000000000873,156.41399325880636
200,0.1,0.5,random,pcglassoFast_Primal,I,9.999999999999982e-9,26.395500000000084,156.35691170665487
200,0.1,0.5,random,pcglassoFast_Primal,I,3.5111917342151263e-8,23.264000000000124,156.35691174735837
200,0.1,0.5,random,pcglassoFast_Primal,I,1.2328467394420646e-7,20.802500000000236,156.356911948718
200,0.1,0.5,random,pcglassoFast_Primal,I,4.328761281083054e-7,17.818500000000313,156.3569123145526
200,0.1,0.5,random,pcglassoFast_Primal,I,1.5199110829529328e-6,15.227499999999964,156.35691351723318
200,0.1,0.5,random,pcglassoFast_Primal,I,5.336699231206308e-6,12.648000000000138,156.35692017813247
200,0.1,0.5,random,pcglassoFast_Primal,I,1.873817422860384e-5,10.28899999999976,156.35695105352968
200,0.1,0.5,random,pcglassoFast_Primal,I,6.579332246575681e-5,8.149499999999534,156.35710473585783
200,0.1,0.5,random,pcglassoFast_Primal,I,2.310129700083161e-4,6.2960000000002765,156.35746036768768
200,0.1,0.5,random,pcglassoFast_Primal,I,8.11130830789687e-4,4.578000000001339,156.35954454058685
200,0.1,0.5,random,pcglassoFast_Primal,I,0.0028480358684358,3.430500000000393,156.36737837262578
200,0.1,0.5,random,pcglassoFast_Primal,I,0.01,2.0255000000006476,156.4095783688283
200,0.2,0,AR2,pcglasso,C,9.999999999999982e-9,3.947499999999877,188.57412731794335
200,0.2,0,AR2,pcglasso,C,3.5111917342151263e-8,3.5119999999999436,188.57412735035405
200,0.2,0,AR2,pcglasso,C,1.2328467394420646e-7,3.375999999999749,188.57412777852713
200,0.2,0,AR2,pcglasso,C,4.328761281083054e-7,3.338999999999942,188.57412802425463
200,0.2,0,AR2,pcglasso,C,1.5199110829529328e-6,3.3405000000002474,188.57413301450492
200,0.2,0,AR2,pcglasso,C,5.336699231206308e-6,2.9785000000001673,188.57445554431055
200,0.2,0,AR2,pcglasso,C,1.873817422860384e-5,2.294499999999971,188.5778519464027
200,0.2,0,AR2,pcglasso,C,6.579332246575681e-5,1.52599999999984,188.61300344134676
200,0.2,0,AR2,pcglasso,C,2.310129700083161e-4,1.0015000000003056,189.1894051812841
200,0.2,0,AR2,pcglasso,C,8.11130830789687e-4,0.46599999999853026,202.94934895336712
200,0.2,0,AR2,pcglasso,C,0.0028480358684358,0.1959999999999127,262.80396596551566
200,0.2,0,AR2,pcglasso,C,0.01,0.18299999999999272,258.372623585919
200,0.2,0,AR2,pcglasso,I,9.999999999999982e-9,2.122000000000071,188.5741273182208
200,0.2,0,AR2,pcglasso,I,3.5111917342151263e-8,1.9450000000001637,188.5741273302733
200,0.2,0,AR2,pcglasso,I,1.2328467394420646e-7,1.7094999999999345,188.57412748203333
200,0.2,0,AR2,pcglasso,I,4.328761281083054e-7,1.6814999999996871,188.57412777462935
200,0.2,0,AR2,pcglasso,I,1.5199110829529328e-6,1.5979999999999563,188.5741310290778
200,0.2,0,AR2,pcglasso,I,5.336699231206308e-6,1.4605000000001382,188.57422624678065
200,0.2,0,AR2,pcglasso,I,1.873817422860384e-5,1.0789999999997235,188.5752840007951
200,0.2,0,AR2,pcglasso,I,6.579332246575681e-5,0.7065000000002328,188.58837633203936
200,0.2,0,AR2,pcglasso,I,2.310129700083161e-4,0.38099999999940337,188.7855281700258
200,0.2,0,AR2,pcglasso,I,8.11130830789687e-4,0.18400000000110597,189.26923986668623
200,0.2,0,AR2,pcglasso,I,0.0028480358684358,0.1639999999988504,189.42515675122564
200,0.2,0,AR2,pcglasso,I,0.01,0.16499999999905413,189.42515675122564
200,0.2,0,AR2,pcglassoFast_Dual,C,9.999999999999982e-9,0.5135000000000218,188.5741273095197
200,0.2,0,AR2,pcglassoFast_Dual,C,3.5111917342151263e-8,0.362999999999829,188.5741273095197
200,0.2,0,AR2,pcglassoFast_Dual,C,1.2328467394420646e-7,0.34500000000025466,188.5741273193973
200,0.2,0,AR2,pcglassoFast_Dual,C,4.328761281083054e-7,0.3170000000000073,188.57412748137148
200,0.2,0,AR2,pcglassoFast_Dual,C,1.5199110829529328e-6,0.3015000000004875,188.57412788670024
200,0.2,0,AR2,pcglassoFast_Dual,C,5.336699231206308e-6,0.40099999999983993,188.57412932169456
200,0.2,0,AR2,pcglassoFast_Dual,C,1.873817422860384e-5,0.27700000000004366,188.5741343954892
200,0.2,0,AR2,pcglassoFast_Dual,C,6.579332246575681e-5,0.2669999999998254,188.5741343954892
200,0.2,0,AR2,pcglassoFast_Dual,C,2.310129700083161e-4,0.26050000000032014,188.57415272644369
200,0.2,0,AR2,pcglassoFast_Dual,C,8.11130830789687e-4,0.2429999999994834,188.574218562613
200,0.2,0,AR2,pcglassoFast_Dual,C,0.0028480358684358,0.2359999999998763,188.57445819800148
200,0.2,0,AR2,pcglassoFast_Dual,C,0.01,0.216999999998734,188.57534048123804
200,0.2,0,AR2,pcglassoFast_Dual,I,9.999999999999982e-9,0.2719999999999345,188.57412730935783
200,0.2,0,AR2,pcglassoFast_Dual,I,3.5111917342151263e-8,0.25600000000031287,188.57412731903864
200,0.2,0,AR2,pcglassoFast_Dual,I,1.2328467394420646e-7,0.2449999999998909,188.57412735400095
200,0.2,0,AR2,pcglassoFast_Dual,I,4.328761281083054e-7,0.2290000000002692,188.57412747240292
200,0.2,0,AR2,pcglassoFast_Dual,I,1.5199110829529328e-6,0.2139999999999418,188.5741278819918
200,0.2,0,AR2,pcglassoFast_Dual,I,5.336699231206308e-6,0.3169999999990978,188.57412935074217
200,0.2,0,AR2,pcglassoFast_Dual,I,1.873817422860384e-5,0.19499999999970896,188.57412935074217
200,0.2,0,AR2,pcglassoFast_Dual,I,6.579332246575681e-5,0.18299999999908323,188.57413459417077
200,0.2,0,AR2,pcglassoFast_Dual,I,2.310129700083161e-4,0.1710000000002765,188.5741534888759
200,0.2,0,AR2,pcglassoFast_Dual,I,8.11130830789687e-4,0.15599999999994907,188.5742238138759
200,0.2,0,AR2,pcglassoFast_Dual,I,0.0028480358684358,0.14199999999982538,188.5744836115316
200,0.2,0,AR2,pcglassoFast_Dual,I,0.01,0.12700000000040745,188.57549196804203
200,0.2,0,AR2,pcglassoFast_Primal,C,9.999999999999982e-9,1.8134999999999761,188.57412730663145
200,0.2,0,AR2,pcglassoFast_Primal,C,3.5111917342151263e-8,1.7490000000000236,188.57412731064667
200,0.2,0,AR2,pcglassoFast_Primal,C,1.2328467394420646e-7,1.6460000000001855,188.5741273215055
200,0.2,0,AR2,pcglassoFast_Primal,C,4.328761281083054e-7,1.5050000000001091,188.5741274857266
200,0.2,0,AR2,pcglassoFast_Primal,C,1.5199110829529328e-6,1.436999999999898,188.5741278964425
200,0.2,0,AR2,pcglassoFast_Primal,C,5.336699231206308e-6,1.358499999999367,188.57412930450545
200,0.2,0,AR2,pcglassoFast_Primal,C,1.873817422860384e-5,1.2820000000001528,188.57413409408673
200,0.2,0,AR2,pcglassoFast_Primal,C,6.579332246575681e-5,1.2119999999995343,188.57415049795455
200,0.2,0,AR2,pcglassoFast_Primal,C,2.310129700083161e-4,1.1459999999997308,188.57420745018865
200,0.2,0,AR2,pcglassoFast_Primal,C,8.11130830789687e-4,1.0709999999990032,188.5744061886279
200,0.2,0,AR2,pcglassoFast_Primal,C,0.0028480358684358,0.9950000000008004,188.57510355835396
200,0.2,0,AR2,pcglassoFast_Primal,C,0.01,0.92699999999968,188.5775658584577
200,0.2,0,AR2,pcglassoFast_Primal,I,9.999999999999982e-9,1.4519999999999982,188.5741273096456
200,0.2,0,AR2,pcglassoFast_Primal,I,3.5111917342151263e-8,1.2664999999997235,188.5741273187581
200,0.2,0,AR2,pcglassoFast_Primal,I,1.2328467394420646e-7,1.1890000000003056,188.57412735108772
200,0.2,0,AR2,pcglassoFast_Primal,I,4.328761281083054e-7,1.1154999999998836,188.5741274557329
200,0.2,0,AR2,pcglassoFast_Primal,I,1.5199110829529328e-6,1.045999999999367,188.5741277979075
200,0.2,0,AR2,pcglassoFast_Primal,I,5.336699231206308e-6,0.978000000000975,188.57412897513464
200,0.2,0,AR2,pcglassoFast_Primal,I,1.873817422860384e-5,0.8949999999986176,188.57413300472783
200,0.2,0,AR2,pcglassoFast_Primal,I,6.579332246575681e-5,0.8289999999997235,188.5741469577548
200,0.2,0,AR2,pcglassoFast_Primal,I,2.310129700083161e-4,0.7529999999987922,188.5741962795213
200,0.2,0,AR2,pcglassoFast_Primal,I,8.11130830789687e-4,0.6820000000006985,188.5743730538216
200,0.2,0,AR2,pcglassoFast_Primal,I,0.0028480358684358,0.6404999999995198,188.5750180408916
200,0.2,0,AR2,pcglassoFast_Primal,I,0.01,0.5344999999997526,188.5774106807527
200,0.2,0,hub_09,pcglasso,C,9.999999999999982e-9,6.8980000000000246,199.8719210333041
200,0.2,0,hub_09,pcglasso,C,3.5111917342151263e-8,3.923000000000002,199.87192105537835
200,0.2,0,hub_09,pcglasso,C,1.2328467394420646e-7,3.8080000000004475,199.87192104311737
200,0.2,0,hub_09,pcglasso,C,4.328761281083054e-7,3.5410000000001673,199.8719211086273
200,0.2,0,hub_09,pcglasso,C,1.5199110829529328e-6,3.0750000000007276,199.87192492943817
200,0.2,0,hub_09,pcglasso,C,5.336699231206308e-6,2.6459999999988213,199.8719558289363
200,0.2,0,hub_09,pcglasso,C,1.873817422860384e-5,1.904000000000451,199.87237418327464
200,0.2,0,hub_09,pcglasso,C,6.579332246575681e-5,1.13799999999992,199.88270374716373
200,0.2,0,hub_09,pcglasso,C,2.310129700083161e-4,0.938000000000102,199.8963311946464
200,0.2,0,hub_09,pcglasso,C,8.11130830789687e-4,0.643500000000131,199.9282910749463
200,0.2,0,hub_09,pcglasso,C,0.0028480358684358,0.19350000000031287,267.77356800923985
200,0.2,0,hub_09,pcglasso,C,0.01,0.17400000000088767,268.71784388521803
200,0.2,0,hub_09,pcglasso,I,9.999999999999982e-9,10.969000000000051,199.87192103413005
200,0.2,0,hub_09,pcglasso,I,3.5111917342151263e-8,10.393000000000029,199.8719210338917
200,0.2,0,hub_09,pcglasso,I,1.2328467394420646e-7,10.024499999999989,199.8719210455218
200,0.2,0,hub_09,pcglasso,I,4.328761281083054e-7,9.519999999999982,199.87192135955473
200,0.2,0,hub_09,pcglasso,I,1.5199110829529328e-6,8.96350000000075,199.87192280519545
200,0.2,0,hub_09,pcglasso,I,5.336699231206308e-6,7.629000000000815,199.8719487289253
200,0.2,0,hub_09,pcglasso,I,1.873817422860384e-5,5.113500000000386,199.87231207995004
200,0.2,0,hub_09,pcglasso,I,6.579332246575681e-5,3.3765000000003056,199.87520328608133
200,0.2,0,hub_09,pcglasso,I,2.310129700083161e-4,0.4890000000004875,199.9715513714244
200,0.2,0,hub_09,pcglasso,I,8.11130830789687e-4,0.25,199.97468063716985
200,0.2,0,hub_09,pcglasso,I,0.0028480358684358,0.15199999999913416,199.9778422701808
200,0.2,0,hub_09,pcglasso,I,0.01,0.11799999999857393,199.9780106963943
200,0.2,0,hub_09,pcglassoFast_Dual,C,9.999999999999982e-9,0.4180000000000064,199.87192103429248
200,0.2,0,hub_09,pcglassoFast_Dual,C,3.5111917342151263e-8,0.25999999999976353,199.87192104168284
200,0.2,0,hub_09,pcglassoFast_Dual,C,1.2328467394420646e-7,0.2460000000000946,199.87192105604052
200,0.2,0,hub_09,pcglassoFast_Dual,C,4.328761281083054e-7,0.24000000000023647,199.87192105604052
200,0.2,0,hub_09,pcglassoFast_Dual,C,1.5199110829529328e-6,0.3289999999997235,199.87192105675413
200,0.2,0,hub_09,pcglassoFast_Dual,C,5.336699231206308e-6,0.19199999999909775,199.8719220237107
200,0.2,0,hub_09,pcglassoFast_Dual,C,1.873817422860384e-5,0.1929999999993015,199.8719220237107
200,0.2,0,hub_09,pcglassoFast_Dual,C,6.579332246575681e-5,0.1749999999992724,199.87192375285707
200,0.2,0,hub_09,pcglassoFast_Dual,C,2.310129700083161e-4,0.15499999999974534,199.87197907306137
200,0.2,0,hub_09,pcglassoFast_Dual,C,8.11130830789687e-4,0.1459999999988213,199.87208387349213
200,0.2,0,hub_09,pcglassoFast_Dual,C,0.0028480358684358,0.14400000000023283,199.87207731286333
200,0.2,0,hub_09,pcglassoFast_Dual,C,0.01,0.13249999999970896,199.87261371371287
200,0.2,0,hub_09,pcglassoFast_Dual,I,9.999999999999982e-9,0.5459999999998217,199.87192103549393
200,0.2,0,hub_09,pcglassoFast_Dual,I,3.5111917342151263e-8,0.5295000000000982,199.87192103549393
200,0.2,0,hub_09,pcglassoFast_Dual,I,1.2328467394420646e-7,0.5255000000001928,199.87192103549393
200,0.2,0,hub_09,pcglassoFast_Dual,I,4.328761281083054e-7,0.617500000000291,199.87192104384104
200,0.2,0,hub_09,pcglassoFast_Dual,I,1.5199110829529328e-6,0.5779999999999745,199.87192126493895
200,0.2,0,hub_09,pcglassoFast_Dual,I,5.336699231206308e-6,0.49099999999998545,199.87192126493895
200,0.2,0,hub_09,pcglassoFast_Dual,I,1.873817422860384e-5,0.4709999999995489,199.87192263546515
200,0.2,0,hub_09,pcglassoFast_Dual,I,6.579332246575681e-5,0.4709999999995489,199.871925849401
200,0.2,0,hub_09,pcglassoFast_Dual,I,2.310129700083161e-4,0.4390000000003056,199.8720763451548
200,0.2,0,hub_09,pcglassoFast_Dual,I,8.11130830789687e-4,0.6319999999996071,199.8721248848402
200,0.2,0,hub_09,pcglassoFast_Dual,I,0.0028480358684358,0.09149999999954161,199.97523172730732
200,0.2,0,hub_09,pcglassoFast_Dual,I,0.01,0.059500000000298314,199.98038015571032
200,0.2,0,hub_09,pcglassoFast_Primal,C,9.999999999999982e-9,1.433499999999981,199.87192103561296
200,0.2,0,hub_09,pcglassoFast_Primal,C,3.5111917342151263e-8,1.365500000000111,199.87192104029015
200,0.2,0,hub_09,pcglassoFast_Primal,C,1.2328467394420646e-7,1.2635000000000218,199.87192105417145
200,0.2,0,hub_09,pcglassoFast_Primal,C,4.328761281083054e-7,1.1199999999998909,199.87192122750932
200,0.2,0,hub_09,pcglassoFast_Primal,C,1.5199110829529328e-6,1.0489999999999782,199.8719216250139
200,0.2,0,hub_09,pcglassoFast_Primal,C,5.336699231206308e-6,0.9854999999997744,199.8719228410035
200,0.2,0,hub_09,pcglassoFast_Primal,C,1.873817422860384e-5,0.9014999999999418,199.8719266210609
200,0.2,0,hub_09,pcglassoFast_Primal,C,6.579332246575681e-5,0.8334999999997308,199.87193829042985
200,0.2,0,hub_09,pcglassoFast_Primal,C,2.310129700083161e-4,0.7620000000006257,199.87197449189455
200,0.2,0,hub_09,pcglassoFast_Primal,C,8.11130830789687e-4,0.6849999999994907,199.8720878925286
200,0.2,0,hub_09,pcglassoFast_Primal,C,0.0028480358684358,0.6144999999996799,199.8724536855466
200,0.2,0,hub_09,pcglassoFast_Primal,C,0.01,0.5419999999994616,199.8737003789399
200,0.2,0,hub_09,pcglassoFast_Primal,I,9.999999999999982e-9,2.725500000000011,199.8719210372221
200,0.2,0,hub_09,pcglassoFast_Primal,I,3.5111917342151263e-8,2.657000000000153,199.87192104511604
200,0.2,0,hub_09,pcglassoFast_Primal,I,1.2328467394420646e-7,2.580500000000029,199.87192106944775
200,0.2,0,hub_09,pcglassoFast_Primal,I,4.328761281083054e-7,2.5,199.8719211432651
200,0.2,0,hub_09,pcglassoFast_Primal,I,1.5199110829529328e-6,2.443500000000313,199.87192136686815
200,0.2,0,hub_09,pcglassoFast_Primal,I,5.336699231206308e-6,2.3554999999996653,199.8719220442355
200,0.2,0,hub_09,pcglassoFast_Primal,I,1.873817422860384e-5,2.2739999999994325,199.8719241249582
200,0.2,0,hub_09,pcglassoFast_Primal,I,6.579332246575681e-5,2.130500000000211,199.87194944134444
200,0.2,0,hub_09,pcglassoFast_Primal,I,2.310129700083161e-4,2.063000000000102,199.8720056214693
200,0.2,0,hub_09,pcglassoFast_Primal,I,8.11130830789687e-4,2.3499999999994543,199.87218638609863
200,0.2,0,hub_09,pcglassoFast_Primal,I,0.0028480358684358,0.3194999999996071,199.97531936429343
200,0.2,0,hub_09,pcglassoFast_Primal,I,0.01,0.17299999999977445,199.9804116156428
200,0.2,0,hub_1,pcglasso,C,9.999999999999982e-9,30.714500000000044,72.11594152597542
200,0.2,0,hub_1,pcglasso,C,3.5111917342151263e-8,24.58699999999999,72.11595555504327
200,0.2,0,hub_1,pcglasso,C,1.2328467394420646e-7,21.11349999999993,72.1160283130362
200,0.2,0,hub_1,pcglasso,C,4.328761281083054e-7,17.735999999999876,72.11876549140881
200,0.2,0,hub_1,pcglasso,C,1.5199110829529328e-6,17.786999999999352,72.11876549140881
200,0.2,0,hub_1,pcglasso,C,5.336699231206308e-6,16.5054999999993,72.12018190243978
200,0.2,0,hub_1,pcglasso,C,1.873817422860384e-5,15.061500000000706,72.14997133481555
200,0.2,0,hub_1,pcglasso,C,6.579332246575681e-5,10.991500000000087,72.1727681542132
200,0.2,0,hub_1,pcglasso,C,2.310129700083161e-4,4.272500000000946,99.3494650937887
200,0.2,0,hub_1,pcglasso,C,8.11130830789687e-4,4.484000000000378,100.4613831993083
200,0.2,0,hub_1,pcglasso,C,0.0028480358684358,1.904000000000451,442.4462168717836
200,0.2,0,hub_1,pcglasso,C,0.01,1.8919999999998256,442.4462168717836
200,0.2,0,hub_1,pcglasso,I,9.999999999999982e-9,37.51950000000011,72.11594210654432
200,0.2,0,hub_1,pcglasso,I,3.5111917342151263e-8,32.728999999999814,72.11595330388504
200,0.2,0,hub_1,pcglasso,I,1.2328467394420646e-7,30.461499999999887,72.11600282967548
200,0.2,0,hub_1,pcglasso,I,4.328761281083054e-7,29.07049999999981,72.11603233767174
200,0.2,0,hub_1,pcglasso,I,1.5199110829529328e-6,26.63550000000032,72.11651984994266
200,0.2,0,hub_1,pcglasso,I,5.336699231206308e-6,18.727500000000873,72.39986663078957
200,0.2,0,hub_1,pcglasso,I,1.873817422860384e-5,16.063999999999396,72.18877524876753
200,0.2,0,hub_1,pcglasso,I,6.579332246575681e-5,1.6904999999987922,95.27581904559364
200,0.2,0,hub_1,pcglasso,I,2.310129700083161e-4,1.6354999999994106,94.99368558737532
200,0.2,0,hub_1,pcglasso,I,8.11130830789687e-4,1.7154999999993379,94.95256009514264
200,0.2,0,hub_1,pcglasso,I,0.0028480358684358,1.0460000000002765,96.24493020894715
200,0.2,0,hub_1,pcglasso,I,0.01,0.9679999999989376,97.08468199702403
200,0.2,0,hub_1,pcglassoFast_Dual,C,9.999999999999982e-9,6.555999999999983,72.1159406525806
200,0.2,0,hub_1,pcglassoFast_Dual,C,3.5111917342151263e-8,6.010499999999865,72.11594065493495
200,0.2,0,hub_1,pcglassoFast_Dual,C,1.2328467394420646e-7,5.583999999999833,72.11594067482507
200,0.2,0,hub_1,pcglassoFast_Dual,C,4.328761281083054e-7,5.518500000000131,72.11594072698257
200,0.2,0,hub_1,pcglassoFast_Dual,C,1.5199110829529328e-6,5.042500000000473,72.11594149055948
200,0.2,0,hub_1,pcglassoFast_Dual,C,5.336699231206308e-6,4.535000000000764,72.11594711762844
200,0.2,0,hub_1,pcglassoFast_Dual,C,1.873817422860384e-5,4.42200000000048,72.115950996681
200,0.2,0,hub_1,pcglassoFast_Dual,C,6.579332246575681e-5,4.03400000000056,72.11604249232528
200,0.2,0,hub_1,pcglassoFast_Dual,C,2.310129700083161e-4,4.011500000000524,72.11604249232528
200,0.2,0,hub_1,pcglassoFast_Dual,C,8.11130830789687e-4,3.899999999999636,72.11654609588882
200,0.2,0,hub_1,pcglassoFast_Dual,C,0.0028480358684358,3.54950000000008,72.11808211668014
200,0.2,0,hub_1,pcglassoFast_Dual,C,0.01,3.39850000000024,72.12022406987455
200,0.2,0,hub_1,pcglassoFast_Dual,I,9.999999999999982e-9,35.32600000000002,72.11594065298434
200,0.2,0,hub_1,pcglassoFast_Dual,I,3.5111917342151263e-8,34.65300000000025,72.11594065441994
200,0.2,0,hub_1,pcglassoFast_Dual,I,1.2328467394420646e-7,33.80650000000014,72.11594101364335
200,0.2,0,hub_1,pcglassoFast_Dual,I,4.328761281083054e-7,33.46950000000015,72.11594105478832
200,0.2,0,hub_1,pcglassoFast_Dual,I,1.5199110829529328e-6,33.6880000000001,72.11594105426865
200,0.2,0,hub_1,pcglassoFast_Dual,I,5.336699231206308e-6,33.20650000000023,72.11594659089401
200,0.2,0,hub_1,pcglassoFast_Dual,I,1.873817422860384e-5,33.0029999999997,72.1159492158555
200,0.2,0,hub_1,pcglassoFast_Dual,I,6.579332246575681e-5,32.96399999999903,72.11595293511242
200,0.2,0,hub_1,pcglassoFast_Dual,I,2.310129700083161e-4,32.74249999999938,72.1161376509054
200,0.2,0,hub_1,pcglassoFast_Dual,I,8.11130830789687e-4,32.51349999999911,72.11622767093179
200,0.2,0,hub_1,pcglassoFast_Dual,I,0.0028480358684358,32.378499999999804,72.11673438902383
200,0.2,0,hub_1,pcglassoFast_Dual,I,0.01,31.92150000000038,72.1208707293664
200,0.2,0,hub_1,pcglassoFast_Primal,C,9.999999999999982e-9,279.50649999999996,72.11594694918831
200,0.2,0,hub_1,pcglassoFast_Primal,C,3.5111917342151263e-8,182.79300000000012,72.11596009359646
200,0.2,0,hub_1,pcglassoFast_Primal,C,1.2328467394420646e-7,134.99900000000025,72.11597430365855
200,0.2,0,hub_1,pcglassoFast_Primal,C,4.328761281083054e-7,100.07400000000008,72.11597749235185
200,0.2,0,hub_1,pcglassoFast_Primal,C,1.5199110829529328e-6,72.46199999999953,72.11594781780316
200,0.2,0,hub_1,pcglassoFast_Primal,C,5.336699231206308e-6,48.79249999999956,72.11600824881367
200,0.2,0,hub_1,pcglassoFast_Primal,C,1.873817422860384e-5,26.67450000000008,72.11659235862773
200,0.2,0,hub_1,pcglassoFast_Primal,C,6.579332246575681e-5,10.069499999999607,72.11852709155971
200,0.2,0,hub_1,pcglassoFast_Primal,C,2.310129700083161e-4,6.274999999999636,72.11704463777062
200,0.2,0,hub_1,pcglassoFast_Primal,C,8.11130830789687e-4,4.782499999999345,72.1373234280566
200,0.2,0,hub_1,pcglassoFast_Primal,C,0.0028480358684358,4.20299999999952,72.12226312949065
200,0.2,0,hub_1,pcglassoFast_Primal,C,0.01,3.155999999999949,72.49137232748645
200,0.2,0,hub_1,pcglassoFast_Primal,I,9.999999999999982e-9,275.98850000000004,72.11594694492902
200,0.2,0,hub_1,pcglassoFast_Primal,I,3.5111917342151263e-8,183.8760000000002,72.11596239996805
200,0.2,0,hub_1,pcglassoFast_Primal,I,1.2328467394420646e-7,139.66250000000036,72.11596066445948
200,0.2,0,hub_1,pcglassoFast_Primal,I,4.328761281083054e-7,103.3779999999997,72.11598523413268
200,0.2,0,hub_1,pcglassoFast_Primal,I,1.5199110829529328e-6,76.12199999999939,72.11595457949156
200,0.2,0,hub_1,pcglassoFast_Primal,I,5.336699231206308e-6,53.660499999999956,72.11598452805794
200,0.2,0,hub_1,pcglassoFast_Primal,I,1.873817422860384e-5,30.47100000000046,72.11669105679638
200,0.2,0,hub_1,pcglassoFast_Primal,I,6.579332246575681e-5,14.943500000000313,72.11601046731273
200,0.2,0,hub_1,pcglassoFast_Primal,I,2.310129700083161e-4,8.530499999999847,72.11614945295902
200,0.2,0,hub_1,pcglassoFast_Primal,I,8.11130830789687e-4,6.116500000000087,72.11906791078057
200,0.2,0,hub_1,pcglassoFast_Primal,I,0.0028480358684358,4.577500000000327,72.2332027496258
200,0.2,0,hub_1,pcglassoFast_Primal,I,0.01,3.940499999998792,72.15422863030155
200,0.2,0,random,pcglasso,C,9.999999999999982e-9,33.60450000000003,159.60513325849294
200,0.2,0,random,pcglasso,C,3.5111917342151263e-8,25.9820000000002,159.605140920118
200,0.2,0,random,pcglasso,C,1.2328467394420646e-7,21.626499999999396,159.60528844510213
200,0.2,0,random,pcglasso,C,4.328761281083054e-7,12.371999999999844,159.61785222186552
200,0.2,0,random,pcglasso,C,1.5199110829529328e-6,9.97149999999965,159.62821561274473
200,0.2,0,random,pcglasso,C,5.336699231206308e-6,8.492999999999483,159.64550077820007
200,0.2,0,random,pcglasso,C,1.873817422860384e-5,5.100999999999658,161.2334864043965
200,0.2,0,random,pcglasso,C,6.579332246575681e-5,3.486000000000786,162.75228488806957
200,0.2,0,random,pcglasso,C,2.310129700083161e-4,2.6885000000002037,166.62542518332486
200,0.2,0,random,pcglasso,C,8.11130830789687e-4,2.005500000000211,179.89858811350766
200,0.2,0,random,pcglasso,C,0.0028480358684358,0.21899999999914144,370.2851885857506
200,0.2,0,random,pcglasso,C,0.01,0.21450000000004366,370.2851885857506
200,0.2,0,random,pcglasso,I,9.999999999999982e-9,33.31449999999995,159.60514011211544
200,0.2,0,random,pcglasso,I,3.5111917342151263e-8,25.987500000000182,159.6052570075166
200,0.2,0,random,pcglasso,I,1.2328467394420646e-7,24.499499999999898,159.6053296732773
200,0.2,0,random,pcglasso,I,4.328761281083054e-7,15.95299999999952,159.6084481252787
200,0.2,0,random,pcglasso,I,1.5199110829529328e-6,14.407500000000255,159.61276739771228
200,0.2,0,random,pcglasso,I,5.336699231206308e-6,7.371499999999287,159.8176227559786
200,0.2,0,random,pcglasso,I,1.873817422860384e-5,3.543999999999869,161.48249588566756
200,0.2,0,random,pcglasso,I,6.579332246575681e-5,2.1064999999989595,161.1889191218805
200,0.2,0,random,pcglasso,I,2.310129700083161e-4,1.012499999999818,163.71066002809363
200,0.2,0,random,pcglasso,I,8.11130830789687e-4,0.3140000000003056,166.45885531819363
200,0.2,0,random,pcglasso,I,0.0028480358684358,0.25200000000040745,167.96997295822408
200,0.2,0,random,pcglasso,I,0.01,0.24899999999979627,167.96997295822408
200,0.2,0,random,pcglassoFast_Dual,C,9.999999999999982e-9,5.853000000000009,159.60513145119813
200,0.2,0,random,pcglassoFast_Dual,C,3.5111917342151263e-8,4.758999999999787,159.60513146337763
200,0.2,0,random,pcglassoFast_Dual,C,1.2328467394420646e-7,4.0275000000001455,159.605132017117
200,0.2,0,random,pcglassoFast_Dual,C,4.328761281083054e-7,3.389499999999771,159.60513551230778
200,0.2,0,random,pcglassoFast_Dual,C,1.5199110829529328e-6,2.8854999999998654,159.60514135533515
200,0.2,0,random,pcglassoFast_Dual,C,5.336699231206308e-6,1.95049999999992,159.6051986332095
200,0.2,0,random,pcglassoFast_Dual,C,1.873817422860384e-5,1.5394999999998618,159.60532695059553
200,0.2,0,random,pcglassoFast_Dual,C,6.579332246575681e-5,1.4180000000005748,159.60532146992426
200,0.2,0,random,pcglassoFast_Dual,C,2.310129700083161e-4,1.1710000000002765,159.60554447924883
200,0.2,0,random,pcglassoFast_Dual,C,8.11130830789687e-4,0.943000000000211,159.60638203200864
200,0.2,0,random,pcglassoFast_Dual,C,0.0028480358684358,0.5990000000001601,159.61566589047845
200,0.2,0,random,pcglassoFast_Dual,C,0.01,0.45650000000023283,159.62317653514003
200,0.2,0,random,pcglassoFast_Dual,I,9.999999999999982e-9,6.106999999999971,159.60513132598098
200,0.2,0,random,pcglassoFast_Dual,I,3.5111917342151263e-8,5.11850000000004,159.6051315426511
200,0.2,0,random,pcglassoFast_Dual,I,1.2328467394420646e-7,4.610000000000127,159.60513216506635
200,0.2,0,random,pcglassoFast_Dual,I,4.328761281083054e-7,3.7894999999998618,159.6051378849985
200,0.2,0,random,pcglassoFast_Dual,I,1.5199110829529328e-6,3.5635000000011132,159.60513828967407
200,0.2,0,random,pcglassoFast_Dual,I,5.336699231206308e-6,2.968499999999949,159.60516671574914
200,0.2,0,random,pcglassoFast_Dual,I,1.873817422860384e-5,3.183000000000902,159.60517074789465
200,0.2,0,random,pcglassoFast_Dual,I,6.579332246575681e-5,2.625500000000102,159.60552371612806
200,0.2,0,random,pcglassoFast_Dual,I,2.310129700083161e-4,2.7030000000004293,159.605719131134
200,0.2,0,random,pcglassoFast_Dual,I,8.11130830789687e-4,2.6154999999998836,159.60622541317787
200,0.2,0,random,pcglassoFast_Dual,I,0.0028480358684358,2.5800000000008367,159.60719770134344
200,0.2,0,random,pcglassoFast_Dual,I,0.01,2.0310000000008586,159.6271278670221
200,0.2,0,random,pcglassoFast_Primal,C,9.999999999999982e-9,30.14149999999995,159.60513167157765
200,0.2,0,random,pcglassoFast_Primal,C,3.5111917342151263e-8,25.715999999999894,159.60513180168584
200,0.2,0,random,pcglassoFast_Primal,C,1.2328467394420646e-7,20.481000000000222,159.6051322380758
200,0.2,0,random,pcglassoFast_Primal,C,4.328761281083054e-7,19.336499999999887,159.60513314272254
200,0.2,0,random,pcglassoFast_Primal,C,1.5199110829529328e-6,13.30199999999968,159.60513409640052
200,0.2,0,random,pcglassoFast_Primal,C,5.336699231206308e-6,9.292499999999563,159.6051390556002
200,0.2,0,random,pcglassoFast_Primal,C,1.873817422860384e-5,6.779000000000451,159.60515163120013
200,0.2,0,random,pcglassoFast_Primal,C,6.579332246575681e-5,4.967000000000553,159.60526109616853
200,0.2,0,random,pcglassoFast_Primal,C,2.310129700083161e-4,3.657999999999447,159.6058317971234
200,0.2,0,random,pcglassoFast_Primal,C,8.11130830789687e-4,3.007999999999811,159.60613070591364
200,0.2,0,random,pcglassoFast_Primal,C,0.0028480358684358,2.3519999999989523,159.608741642085
200,0.2,0,random,pcglassoFast_Primal,C,0.01,1.3474999999998545,159.64151873083856
200,0.2,0,random,pcglassoFast_Primal,I,9.999999999999982e-9,51.03499999999997,159.6051315591509
200,0.2,0,random,pcglassoFast_Primal,I,3.5111917342151263e-8,46.10849999999982,159.60513167438071
200,0.2,0,random,pcglassoFast_Primal,I,1.2328467394420646e-7,39.22600000000011,159.6051319634209
200,0.2,0,random,pcglassoFast_Primal,I,4.328761281083054e-7,34.510499999999865,159.6051330300873
200,0.2,0,random,pcglassoFast_Primal,I,1.5199110829529328e-6,28.668499999998858,159.6051363320235
200,0.2,0,random,pcglassoFast_Primal,I,5.336699231206308e-6,24.527499999999236,159.6051470934524
200,0.2,0,random,pcglassoFast_Primal,I,1.873817422860384e-5,16.878999999999905,159.60518361892264
200,0.2,0,random,pcglassoFast_Primal,I,6.579332246575681e-5,11.157500000000255,159.60532988422085
200,0.2,0,random,pcglassoFast_Primal,I,2.310129700083161e-4,8.64049999999952,159.60582642286005
200,0.2,0,random,pcglassoFast_Primal,I,8.11130830789687e-4,6.523000000000138,159.60581358668335
200,0.2,0,random,pcglassoFast_Primal,I,0.0028480358684358,4.689499999999498,159.60788014729872
200,0.2,0,random,pcglassoFast_Primal,I,0.01,3.837999999999738,159.6264151702066
200,0.2,0.5,AR2,pcglasso,C,9.999999999999982e-9,1.35249999999985,169.29222414372902
200,0.2,0.5,AR2,pcglasso,C,3.5111917342151263e-8,1.28449999999998,169.29222414375374
200,0.2,0.5,AR2,pcglasso,C,1.2328467394420646e-7,1.2404999999998836,169.2922241438435
200,0.2,0.5,AR2,pcglasso,C,4.328761281083054e-7,1.20699999999988,169.29222414473313
200,0.2,0.5,AR2,pcglasso,C,1.5199110829529328e-6,1.2040000000015425,169.29222414473313
200,0.2,0.5,AR2,pcglasso,C,5.336699231206308e-6,1.1624999999994543,169.29222416048475
200,0.2,0.5,AR2,pcglasso,C,1.873817422860384e-5,1.043999999999869,169.2922242511005
200,0.2,0.5,AR2,pcglasso,C,6.579332246575681e-5,0.8379999999997381,169.29222886230073
200,0.2,0.5,AR2,pcglasso,C,2.310129700083161e-4,0.6830000000009022,169.29223648412113
200,0.2,0.5,AR2,pcglasso,C,8.11130830789687e-4,0.5615000000007058,169.29277629759454
200,0.2,0.5,AR2,pcglasso,C,0.0028480358684358,0.1749999999992724,317.5102349871718
200,0.2,0.5,AR2,pcglasso,C,0.01,0.18149999999968713,317.5102349871718
200,0.2,0.5,AR2,pcglasso,I,9.999999999999982e-9,0.4764999999997599,169.2922241437315
200,0.2,0.5,AR2,pcglasso,I,3.5111917342151263e-8,0.44050000000015643,169.29222414374317
200,0.2,0.5,AR2,pcglasso,I,1.2328467394420646e-7,0.41600000000016735,169.29222414377998
200,0.2,0.5,AR2,pcglasso,I,4.328761281083054e-7,0.3899999999994179,169.29222414430936
200,0.2,0.5,AR2,pcglasso,I,1.5199110829529328e-6,0.38700000000062573,169.29222414430936
200,0.2,0.5,AR2,pcglasso,I,5.336699231206308e-6,0.36299999999937427,169.29222415727972
200,0.2,0.5,AR2,pcglasso,I,1.873817422860384e-5,0.3499999999985448,169.29222415703816
200,0.2,0.5,AR2,pcglasso,I,6.579332246575681e-5,0.2790000000004511,169.2922251008054
200,0.2,0.5,AR2,pcglasso,I,2.310129700083161e-4,0.19799999999941065,169.29229332669212
200,0.2,0.5,AR2,pcglasso,I,8.11130830789687e-4,0.15050000000064756,169.29334934277267
200,0.2,0.5,AR2,pcglasso,I,0.0028480358684358,0.13099999999940337,169.29742792886833
200,0.2,0.5,AR2,pcglasso,I,0.01,0.06700000000091677,171.81578348076937
200,0.2,0.5,AR2,pcglassoFast_Dual,C,9.999999999999982e-9,0.19900000000006912,169.29222414379754
200,0.2,0.5,AR2,pcglassoFast_Dual,C,3.5111917342151263e-8,0.1959999999999127,169.29222414379754
200,0.2,0.5,AR2,pcglassoFast_Dual,C,1.2328467394420646e-7,0.17999999999938154,169.29222414595236
200,0.2,0.5,AR2,pcglassoFast_Dual,C,4.328761281083054e-7,0.1790000000000873,169.29222414595236
200,0.2,0.5,AR2,pcglassoFast_Dual,C,1.5199110829529328e-6,0.18300000000090225,169.29222414595236
200,0.2,0.5,AR2,pcglassoFast_Dual,C,5.336699231206308e-6,0.17399999999906868,169.2922242162747
200,0.2,0.5,AR2,pcglassoFast_Dual,C,1.873817422860384e-5,0.1640000000006694,169.2922242162747
200,0.2,0.5,AR2,pcglassoFast_Dual,C,6.579332246575681e-5,0.16349999999965803,169.2922242162747
200,0.2,0.5,AR2,pcglassoFast_Dual,C,2.310129700083161e-4,0.15500000000065484,169.29222687506223
200,0.2,0.5,AR2,pcglassoFast_Dual,C,8.11130830789687e-4,0.15200000000004366,169.29222687506223
200,0.2,0.5,AR2,pcglassoFast_Dual,C,0.0028480358684358,0.15349999999943975,169.29222687506223
200,0.2,0.5,AR2,pcglassoFast_Dual,C,0.01,0.13700000000062573,169.29234344427277
200,0.2,0.5,AR2,pcglassoFast_Dual,I,9.999999999999982e-9,0.24699999999995725,169.29222414376483
200,0.2,0.5,AR2,pcglassoFast_Dual,I,3.5111917342151263e-8,0.11700000000018916,169.29222414376483
200,0.2,0.5,AR2,pcglassoFast_Dual,I,1.2328467394420646e-7,0.10450000000037107,169.29222414495698
200,0.2,0.5,AR2,pcglassoFast_Dual,I,4.328761281083054e-7,0.1069999999999709,169.29222414495698
200,0.2,0.5,AR2,pcglassoFast_Dual,I,1.5199110829529328e-6,0.08799999999973807,169.29222418493725
200,0.2,0.5,AR2,pcglassoFast_Dual,I,5.336699231206308e-6,0.09099999999943975,169.29222418493725
200,0.2,0.5,AR2,pcglassoFast_Dual,I,1.873817422860384e-5,0.08700000000135333,169.29222418493725
200,0.2,0.5,AR2,pcglassoFast_Dual,I,6.579332246575681e-5,0.07700000000113505,169.29222560898586
200,0.2,0.5,AR2,pcglassoFast_Dual,I,2.310129700083161e-4,0.0750000000007276,169.29222560898586
200,0.2,0.5,AR2,pcglassoFast_Dual,I,8.11130830789687e-4,0.0750000000007276,169.29222560898586
200,0.2,0.5,AR2,pcglassoFast_Dual,I,0.0028480358684358,0.06199999999989814,169.29228217215004
200,0.2,0.5,AR2,pcglassoFast_Dual,I,0.01,0.06099999999969441,169.29228217215004
200,0.2,0.5,AR2,pcglassoFast_Primal,C,9.999999999999982e-9,0.9379999999999882,169.29222414379896
200,0.2,0.5,AR2,pcglassoFast_Primal,C,3.5111917342151263e-8,0.9424999999998818,169.29222414379896
200,0.2,0.5,AR2,pcglassoFast_Primal,C,1.2328467394420646e-7,0.8534999999997126,169.29222414597663
200,0.2,0.5,AR2,pcglassoFast_Primal,C,4.328761281083054e-7,0.8559999999997672,169.29222414597663
200,0.2,0.5,AR2,pcglassoFast_Primal,C,1.5199110829529328e-6,0.856499999999869,169.29222414597663
200,0.2,0.5,AR2,pcglassoFast_Primal,C,5.336699231206308e-6,0.7825000000002547,169.29222421636257
200,0.2,0.5,AR2,pcglassoFast_Primal,C,1.873817422860384e-5,0.7779999999993379,169.29222421636257
200,0.2,0.5,AR2,pcglassoFast_Primal,C,6.579332246575681e-5,0.7810000000008586,169.29222421636257
200,0.2,0.5,AR2,pcglassoFast_Primal,C,2.310129700083161e-4,0.7100000000009459,169.29222684870822
200,0.2,0.5,AR2,pcglassoFast_Primal,C,8.11130830789687e-4,0.7064999999993233,169.29222684870822
200,0.2,0.5,AR2,pcglassoFast_Primal,C,0.0028480358684358,0.7020000000002256,169.29222684870822
200,0.2,0.5,AR2,pcglassoFast_Primal,C,0.01,0.6280000000006112,169.2923405612255
200,0.2,0.5,AR2,pcglassoFast_Primal,I,9.999999999999982e-9,0.46299999999996544,169.29222414376648
200,0.2,0.5,AR2,pcglassoFast_Primal,I,3.5111917342151263e-8,0.46299999999973807,169.29222414376648
200,0.2,0.5,AR2,pcglassoFast_Primal,I,1.2328467394420646e-7,0.39299999999957436,169.29222414499807
200,0.2,0.5,AR2,pcglassoFast_Primal,I,4.328761281083054e-7,0.39499999999952706,169.29222414499807
200,0.2,0.5,AR2,pcglassoFast_Primal,I,1.5199110829529328e-6,0.3209999999999127,169.29222418592252
200,0.2,0.5,AR2,pcglassoFast_Primal,I,5.336699231206308e-6,0.3239999999996144,169.29222418592252
200,0.2,0.5,AR2,pcglassoFast_Primal,I,1.873817422860384e-5,0.3179999999993015,169.29222418592252
200,0.2,0.5,AR2,pcglassoFast_Primal,I,6.579332246575681e-5,0.24600000000100408,169.29222562965515
200,0.2,0.5,AR2,pcglassoFast_Primal,I,2.310129700083161e-4,0.2469999999993888,169.29222562965515
200,0.2,0.5,AR2,pcglassoFast_Primal,I,8.11130830789687e-4,0.24650000000019645,169.29222562965515
200,0.2,0.5,AR2,pcglassoFast_Primal,I,0.0028480358684358,0.17400000000088767,169.29228247650605
200,0.2,0.5,AR2,pcglassoFast_Primal,I,0.01,0.17849999999998545,169.29228247650605
200,0.2,0.5,hub_09,pcglasso,C,9.999999999999982e-9,0.55600000000004,169.31471807488612
200,0.2,0.5,hub_09,pcglasso,C,3.5111917342151263e-8,0.5270000000000437,169.3147182874099
200,0.2,0.5,hub_09,pcglasso,C,1.2328467394420646e-7,0.5070000000000618,169.31472089111395
200,0.2,0.5,hub_09,pcglasso,C,4.328761281083054e-7,0.5050000000001091,169.31472089111395
200,0.2,0.5,hub_09,pcglasso,C,1.5199110829529328e-6,0.5079999999998108,169.31472089111395
200,0.2,0.5,hub_09,pcglasso,C,5.336699231206308e-6,0.5069999999996071,169.31472089111395
200,0.2,0.5,hub_09,pcglasso,C,1.873817422860384e-5,0.477999999999156,169.315122347132
200,0.2,0.5,hub_09,pcglasso,C,6.579332246575681e-5,0.36899999999968713,169.32010135098105
200,0.2,0.5,hub_09,pcglasso,C,2.310129700083161e-4,0.37700000000040745,169.37878078029905
200,0.2,0.5,hub_09,pcglasso,C,8.11130830789687e-4,0.2709999999988213,169.36168845974026
200,0.2,0.5,hub_09,pcglasso,C,0.0028480358684358,0.29500000000007276,221.8305143196915
200,0.2,0.5,hub_09,pcglasso,C,0.01,0.1694999999999709,221.840461019172
200,0.2,0.5,hub_09,pcglasso,I,9.999999999999982e-9,0.16049999999995634,169.31471805639396
200,0.2,0.5,hub_09,pcglasso,I,3.5111917342151263e-8,0.13100000000031287,169.3147180608874
200,0.2,0.5,hub_09,pcglasso,I,1.2328467394420646e-7,0.10799999999971988,169.31471811593184
200,0.2,0.5,hub_09,pcglasso,I,4.328761281083054e-7,0.08500000000003638,169.31471879022956
200,0.2,0.5,hub_09,pcglasso,I,1.5199110829529328e-6,0.08499999999912689,169.31471879022956
200,0.2,0.5,hub_09,pcglasso,I,5.336699231206308e-6,0.08500000000094587,169.31471879022956
200,0.2,0.5,hub_09,pcglasso,I,1.873817422860384e-5,0.09100000000034925,169.31471879022956
200,0.2,0.5,hub_09,pcglasso,I,6.579332246575681e-5,0.09099999999943975,169.31472705025718
200,0.2,0.5,hub_09,pcglasso,I,2.310129700083161e-4,0.08999999999832653,169.31482824073024
200,0.2,0.5,hub_09,pcglasso,I,8.11130830789687e-4,0.06400000000030559,169.33125951230645
200,0.2,0.5,hub_09,pcglasso,I,0.0028480358684358,0.0639999999984866,169.51699511341255
200,0.2,0.5,hub_09,pcglasso,I,0.01,0.06299999999828287,171.81578348076937
200,0.2,0.5,hub_09,pcglassoFast_Dual,C,9.999999999999982e-9,0.13550000000003593,169.31471805599452
200,0.2,0.5,hub_09,pcglassoFast_Dual,C,3.5111917342151263e-8,0.13599999999996726,169.31471805599452
200,0.2,0.5,hub_09,pcglassoFast_Dual,C,1.2328467394420646e-7,0.13500000000021828,169.31471805599452
200,0.2,0.5,hub_09,pcglassoFast_Dual,C,4.328761281083054e-7,0.13799999999991996,169.31471805599452
200,0.2,0.5,hub_09,pcglassoFast_Dual,C,1.5199110829529328e-6,0.13400000000001455,169.31471805599452
200,0.2,0.5,hub_09,pcglassoFast_Dual,C,5.336699231206308e-6,0.13449999999920692,169.31471805599452
200,0.2,0.5,hub_09,pcglassoFast_Dual,C,1.873817422860384e-5,0.13999999999941792,169.31471805599452
200,0.2,0.5,hub_09,pcglassoFast_Dual,C,6.579332246575681e-5,0.14100000000144064,169.31471805599452
200,0.2,0.5,hub_09,pcglassoFast_Dual,C,2.310129700083161e-4,0.13400000000001455,169.31471805599452
200,0.2,0.5,hub_09,pcglassoFast_Dual,C,8.11130830789687e-4,0.13400000000001455,169.31471805599452
200,0.2,0.5,hub_09,pcglassoFast_Dual,C,0.0028480358684358,0.12349999999969441,169.3147180559949
200,0.2,0.5,hub_09,pcglassoFast_Dual,C,0.01,0.11900000000059664,169.3147180559949
200,0.2,0.5,hub_09,pcglassoFast_Dual,I,9.999999999999982e-9,0.06200000000012551,169.31471805599455
200,0.2,0.5,hub_09,pcglassoFast_Dual,I,3.5111917342151263e-8,0.06000000000040018,169.31471805599455
200,0.2,0.5,hub_09,pcglassoFast_Dual,I,1.2328467394420646e-7,0.06099999999969441,169.31471805599455
200,0.2,0.5,hub_09,pcglassoFast_Dual,I,4.328761281083054e-7,0.06000000000040018,169.31471805599455
200,0.2,0.5,hub_09,pcglassoFast_Dual,I,1.5199110829529328e-6,0.05999999999949068,169.31471805599455
200,0.2,0.5,hub_09,pcglassoFast_Dual,I,5.336699231206308e-6,0.05999999999949068,169.31471805599455
200,0.2,0.5,hub_09,pcglassoFast_Dual,I,1.873817422860384e-5,0.05999999999949068,169.31471805599455
200,0.2,0.5,hub_09,pcglassoFast_Dual,I,6.579332246575681e-5,0.06199999999989814,169.31471805599455
200,0.2,0.5,hub_09,pcglassoFast_Dual,I,2.310129700083161e-4,0.06099999999969441,169.31471805599455
200,0.2,0.5,hub_09,pcglassoFast_Dual,I,8.11130830789687e-4,0.06099999999969441,169.31471805599455
200,0.2,0.5,hub_09,pcglassoFast_Dual,I,0.0028480358684358,0.06099999999969441,169.31471805599455
200,0.2,0.5,hub_09,pcglassoFast_Dual,I,0.01,0.06499999999869033,169.31471805599455
200,0.2,0.5,hub_09,pcglassoFast_Primal,C,9.999999999999982e-9,0.5370000000000346,169.31471805599455
200,0.2,0.5,hub_09,pcglassoFast_Primal,C,3.5111917342151263e-8,0.5369999999998072,169.31471805599455
200,0.2,0.5,hub_09,pcglassoFast_Primal,C,1.2328467394420646e-7,0.5369999999998072,169.31471805599455
200,0.2,0.5,hub_09,pcglassoFast_Primal,C,4.328761281083054e-7,0.5320000000001528,169.31471805599455
200,0.2,0.5,hub_09,pcglassoFast_Primal,C,1.5199110829529328e-6,0.532999999999447,169.31471805599455
200,0.2,0.5,hub_09,pcglassoFast_Primal,C,5.336699231206308e-6,0.5339999999996508,169.31471805599455
200,0.2,0.5,hub_09,pcglassoFast_Primal,C,1.873817422860384e-5,0.5319999999992433,169.31471805599455
200,0.2,0.5,hub_09,pcglassoFast_Primal,C,6.579332246575681e-5,0.532999999999447,169.31471805599455
200,0.2,0.5,hub_09,pcglassoFast_Primal,C,2.310129700083161e-4,0.5339999999996508,169.31471805599455
200,0.2,0.5,hub_09,pcglassoFast_Primal,C,8.11130830789687e-4,0.5304999999998472,169.31471805599455
200,0.2,0.5,hub_09,pcglassoFast_Primal,C,0.0028480358684358,0.5309999999999491,169.31471805599455
200,0.2,0.5,hub_09,pcglassoFast_Primal,C,0.01,0.4600000000009459,169.31471805599563
200,0.2,0.5,hub_09,pcglassoFast_Primal,I,9.999999999999982e-9,0.1755000000000564,169.31471805599455
200,0.2,0.5,hub_09,pcglassoFast_Primal,I,3.5111917342151263e-8,0.1750000000001819,169.31471805599455
200,0.2,0.5,hub_09,pcglassoFast_Primal,I,1.2328467394420646e-7,0.17599999999947613,169.31471805599455
200,0.2,0.5,hub_09,pcglassoFast_Primal,I,4.328761281083054e-7,0.1750000000001819,169.31471805599455
200,0.2,0.5,hub_09,pcglassoFast_Primal,I,1.5199110829529328e-6,0.1750000000010914,169.31471805599455
200,0.2,0.5,hub_09,pcglassoFast_Primal,I,5.336699231206308e-6,0.1750000000010914,169.31471805599455
200,0.2,0.5,hub_09,pcglassoFast_Primal,I,1.873817422860384e-5,0.17400000000088767,169.31471805599455
200,0.2,0.5,hub_09,pcglassoFast_Primal,I,6.579332246575681e-5,0.1750000000010914,169.31471805599455
200,0.2,0.5,hub_09,pcglassoFast_Primal,I,2.310129700083161e-4,0.1750000000010914,169.31471805599455
200,0.2,0.5,hub_09,pcglassoFast_Primal,I,8.11130830789687e-4,0.17400000000088767,169.31471805599455
200,0.2,0.5,hub_09,pcglassoFast_Primal,I,0.0028480358684358,0.17400000000088767,169.31471805599455
200,0.2,0.5,hub_09,pcglassoFast_Primal,I,0.01,0.17300000000068394,169.31471805599455
200,0.2,0.5,hub_1,pcglasso,C,9.999999999999982e-9,14.264999999999986,110.60045650670786
200,0.2,0.5,hub_1,pcglasso,C,3.5111917342151263e-8,13.323000000000093,110.6004571830428
200,0.2,0.5,hub_1,pcglasso,C,1.2328467394420646e-7,12.44250000000011,110.60046489539198
200,0.2,0.5,hub_1,pcglasso,C,4.328761281083054e-7,9.80749999999989,110.60049878054728
200,0.2,0.5,hub_1,pcglasso,C,1.5199110829529328e-6,7.867500000000291,110.618263845803
200,0.2,0.5,hub_1,pcglasso,C,5.336699231206308e-6,7.552999999999884,110.63546835429936
200,0.2,0.5,hub_1,pcglasso,C,1.873817422860384e-5,7.770499999999629,110.65788129687697
200,0.2,0.5,hub_1,pcglasso,C,6.579332246575681e-5,7.045000000000073,111.17039285555856
200,0.2,0.5,hub_1,pcglasso,C,2.310129700083161e-4,7.278000000000247,113.52890817267276
200,0.2,0.5,hub_1,pcglasso,C,8.11130830789687e-4,3.8630000000011937,142.29250709696498
200,0.2,0.5,hub_1,pcglasso,C,0.0028480358684358,1.6149999999997815,580.9310803910286
200,0.2,0.5,hub_1,pcglasso,C,0.01,1.6149999999997815,580.9310803910286
200,0.2,0.5,hub_1,pcglasso,I,9.999999999999982e-9,12.427500000000009,110.6004565317313
200,0.2,0.5,hub_1,pcglasso,I,3.5111917342151263e-8,11.50649999999996,110.6004568459964
200,0.2,0.5,hub_1,pcglasso,I,1.2328467394420646e-7,9.0625,110.60045809042852
200,0.2,0.5,hub_1,pcglasso,I,4.328761281083054e-7,9.077999999999975,110.60051290465174
200,0.2,0.5,hub_1,pcglasso,I,1.5199110829529328e-6,7.275000000001455,110.6018414997557
200,0.2,0.5,hub_1,pcglasso,I,5.336699231206308e-6,7.172999999998865,110.60327166457566
200,0.2,0.5,hub_1,pcglasso,I,1.873817422860384e-5,6.053000000000793,110.70939057916873
200,0.2,0.5,hub_1,pcglasso,I,6.579332246575681e-5,2.95049999999992,111.96694615424144
200,0.2,0.5,hub_1,pcglasso,I,2.310129700083161e-4,2.470499999999447,112.05937646416028
200,0.2,0.5,hub_1,pcglasso,I,8.11130830789687e-4,0.6824999999998909,137.3656758389306
200,0.2,0.5,hub_1,pcglasso,I,0.0028480358684358,0.47400000000016007,139.4631699171673
200,0.2,0.5,hub_1,pcglasso,I,0.01,0.22699999999895223,138.83069140775876
200,0.2,0.5,hub_1,pcglassoFast_Dual,C,9.999999999999982e-9,4.0989999999999895,110.60045643576814
200,0.2,0.5,hub_1,pcglassoFast_Dual,C,3.5111917342151263e-8,3.401500000000169,110.60045644342566
200,0.2,0.5,hub_1,pcglassoFast_Dual,C,1.2328467394420646e-7,3.2674999999999272,110.60045647224298
200,0.2,0.5,hub_1,pcglassoFast_Dual,C,4.328761281083054e-7,3.213999999999942,110.60045653676012
200,0.2,0.5,hub_1,pcglassoFast_Dual,C,1.5199110829529328e-6,2.7955000000001746,110.60045858265852
200,0.2,0.5,hub_1,pcglassoFast_Dual,C,5.336699231206308e-6,2.6460000000006403,110.60045858265852
200,0.2,0.5,hub_1,pcglassoFast_Dual,C,1.873817422860384e-5,2.6660000000001673,110.6004594364132
200,0.2,0.5,hub_1,pcglassoFast_Dual,C,6.579332246575681e-5,2.4109999999991487,110.60046853521568
200,0.2,0.5,hub_1,pcglassoFast_Dual,C,2.310129700083161e-4,2.1959999999999127,110.6005805074757
200,0.2,0.5,hub_1,pcglassoFast_Dual,C,8.11130830789687e-4,2.1094999999986612,110.60068080167704
200,0.2,0.5,hub_1,pcglassoFast_Dual,C,0.0028480358684358,1.8599999999996726,110.60130757672566
200,0.2,0.5,hub_1,pcglassoFast_Dual,C,0.01,2.0230000000010477,110.60105054819122
200,0.2,0.5,hub_1,pcglassoFast_Dual,I,9.999999999999982e-9,7.876000000000204,110.60045643805526
200,0.2,0.5,hub_1,pcglassoFast_Dual,I,3.5111917342151263e-8,7.245000000000346,110.60045643805526
200,0.2,0.5,hub_1,pcglassoFast_Dual,I,1.2328467394420646e-7,7.405999999999949,110.60045645935833
200,0.2,0.5,hub_1,pcglassoFast_Dual,I,4.328761281083054e-7,7.116500000000087,110.60045645935833
200,0.2,0.5,hub_1,pcglassoFast_Dual,I,1.5199110829529328e-6,6.9614999999994325,110.6004568246872
200,0.2,0.5,hub_1,pcglassoFast_Dual,I,5.336699231206308e-6,6.539499999998952,110.6004617838945
200,0.2,0.5,hub_1,pcglassoFast_Dual,I,1.873817422860384e-5,6.74199999999928,110.60046659331424
200,0.2,0.5,hub_1,pcglassoFast_Dual,I,6.579332246575681e-5,6.258499999999913,110.6004722750632
200,0.2,0.5,hub_1,pcglassoFast_Dual,I,2.310129700083161e-4,6.250500000000102,110.60049914765858
200,0.2,0.5,hub_1,pcglassoFast_Dual,I,8.11130830789687e-4,6.133500000000822,110.60070973868324
200,0.2,0.5,hub_1,pcglassoFast_Dual,I,0.0028480358684358,5.64049999999952,110.60208189836982
200,0.2,0.5,hub_1,pcglassoFast_Dual,I,0.01,5.253000000000611,110.61414586352764
200,0.2,0.5,hub_1,pcglassoFast_Primal,C,9.999999999999982e-9,186.16450000000003,110.60045747160032
200,0.2,0.5,hub_1,pcglassoFast_Primal,C,3.5111917342151263e-8,159.4235000000001,110.6004574898333
200,0.2,0.5,hub_1,pcglassoFast_Primal,C,1.2328467394420646e-7,136.1840000000002,110.60046534124189
200,0.2,0.5,hub_1,pcglassoFast_Primal,C,4.328761281083054e-7,113.9685000000004,110.60045802888725
200,0.2,0.5,hub_1,pcglassoFast_Primal,C,1.5199110829529328e-6,90.70550000000094,110.60055792839604
200,0.2,0.5,hub_1,pcglassoFast_Primal,C,5.336699231206308e-6,69.7410000000009,110.60048754376892
200,0.2,0.5,hub_1,pcglassoFast_Primal,C,1.873817422860384e-5,50.32349999999951,110.60051100565936
200,0.2,0.5,hub_1,pcglassoFast_Primal,C,6.579332246575681e-5,34.3725000000004,110.60075954957372
200,0.2,0.5,hub_1,pcglassoFast_Primal,C,2.310129700083161e-4,20.402999999999338,110.60868085883573
200,0.2,0.5,hub_1,pcglassoFast_Primal,C,8.11130830789687e-4,9.747000000001208,110.64217815167488
200,0.2,0.5,hub_1,pcglassoFast_Primal,C,0.0028480358684358,2.793999999999869,110.66154240714133
200,0.2,0.5,hub_1,pcglassoFast_Primal,C,0.01,2.066000000000713,110.62140724820196
200,0.2,0.5,hub_1,pcglassoFast_Primal,I,9.999999999999982e-9,190.28199999999993,110.60045887573868
200,0.2,0.5,hub_1,pcglassoFast_Primal,I,3.5111917342151263e-8,163.92250000000013,110.60045850050912
200,0.2,0.5,hub_1,pcglassoFast_Primal,I,1.2328467394420646e-7,140.67450000000008,110.60045934032225
200,0.2,0.5,hub_1,pcglassoFast_Primal,I,4.328761281083054e-7,118.43750000000045,110.60046229162582
200,0.2,0.5,hub_1,pcglassoFast_Primal,I,1.5199110829529328e-6,96.08599999999933,110.60045813022109
200,0.2,0.5,hub_1,pcglassoFast_Primal,I,5.336699231206308e-6,73.52900000000045,110.60088727738356
200,0.2,0.5,hub_1,pcglassoFast_Primal,I,1.873817422860384e-5,53.977499999999964,110.60046876869032
200,0.2,0.5,hub_1,pcglassoFast_Primal,I,6.579332246575681e-5,37.54400000000078,110.60224847340407
200,0.2,0.5,hub_1,pcglassoFast_Primal,I,2.310129700083161e-4,26.095499999999447,110.60121833116594
200,0.2,0.5,hub_1,pcglassoFast_Primal,I,8.11130830789687e-4,16.44500000000062,110.63124568823802
200,0.2,0.5,hub_1,pcglassoFast_Primal,I,0.0028480358684358,10.422999999999774,110.61325199527052
200,0.2,0.5,hub_1,pcglassoFast_Primal,I,0.01,5.243500000000495,110.64719004283374
200,0.2,0.5,random,pcglasso,C,9.999999999999982e-9,12.769999999999868,161.00734420156894
200,0.2,0.5,random,pcglasso,C,3.5111917342151263e-8,10.880499999999984,161.0073459497506
200,0.2,0.5,random,pcglasso,C,1.2328467394420646e-7,9.413500000000113,161.00735453178112
200,0.2,0.5,random,pcglasso,C,4.328761281083054e-7,8.24200000000019,161.00744647212065
200,0.2,0.5,random,pcglasso,C,1.5199110829529328e-6,6.95299999999952,161.0083602005654
200,0.2,0.5,random,pcglasso,C,5.336699231206308e-6,6.458499999999731,161.01082228653632
200,0.2,0.5,random,pcglasso,C,1.873817422860384e-5,4.721499999999651,161.01773604419134
200,0.2,0.5,random,pcglasso,C,6.579332246575681e-5,3.1865000000007058,161.12087210622244
200,0.2,0.5,random,pcglasso,C,2.310129700083161e-4,1.6420000000007349,163.9187570051609
200,0.2,0.5,random,pcglasso,C,8.11130830789687e-4,0.73700000000008,168.913734744974
200,0.2,0.5,random,pcglasso,C,0.0028480358684358,0.216999999998734,418.47704423645536
200,0.2,0.5,random,pcglasso,C,0.01,0.21500000000014552,418.47704423645536
200,0.2,0.5,random,pcglasso,I,9.999999999999982e-9,12.41800000000012,161.00734424435402
200,0.2,0.5,random,pcglasso,I,3.5111917342151263e-8,10.322500000000218,161.00734736654894
200,0.2,0.5,random,pcglasso,I,1.2328467394420646e-7,8.773499999999785,161.00736390641256
200,0.2,0.5,random,pcglasso,I,4.328761281083054e-7,8.054000000000087,161.0074043387705
200,0.2,0.5,random,pcglasso,I,1.5199110829529328e-6,6.898000000000138,161.00796787407378
200,0.2,0.5,random,pcglasso,I,5.336699231206308e-6,5.8455000000003565,161.00918177173477
200,0.2,0.5,random,pcglasso,I,1.873817422860384e-5,3.849500000000262,161.01629877620823
200,0.2,0.5,random,pcglasso,I,6.579332246575681e-5,1.610499999998865,161.393535325055
200,0.2,0.5,random,pcglasso,I,2.310129700083161e-4,0.4525000000003274,163.00637855809546
200,0.2,0.5,random,pcglasso,I,8.11130830789687e-4,0.3099999999994907,164.86500934000432
200,0.2,0.5,random,pcglasso,I,0.0028480358684358,0.19500000000061846,164.10541482938814
200,0.2,0.5,random,pcglasso,I,0.01,0.23999999999978172,165.18090954299998
200,0.2,0.5,random,pcglassoFast_Dual,C,9.999999999999982e-9,2.520500000000027,161.00734391266062
200,0.2,0.5,random,pcglassoFast_Dual,C,3.5111917342151263e-8,2.1994999999999436,161.00734392969056
200,0.2,0.5,random,pcglassoFast_Dual,C,1.2328467394420646e-7,1.9674999999997453,161.00734423266218
200,0.2,0.5,random,pcglassoFast_Dual,C,4.328761281083054e-7,1.7970000000000255,161.00734428566702
200,0.2,0.5,random,pcglassoFast_Dual,C,1.5199110829529328e-6,1.5889999999999418,161.00734907705188
200,0.2,0.5,random,pcglassoFast_Dual,C,5.336699231206308e-6,1.2510000000002035,161.00735211243085
200,0.2,0.5,random,pcglassoFast_Dual,C,1.873817422860384e-5,1.1145000000005894,161.0073762095556
200,0.2,0.5,random,pcglassoFast_Dual,C,6.579332246575681e-5,0.9880000000002838,161.00742313155484
200,0.2,0.5,random,pcglassoFast_Dual,C,2.310129700083161e-4,0.8384999999998399,161.00772029409336
200,0.2,0.5,random,pcglassoFast_Dual,C,8.11130830789687e-4,0.6170000000001892,161.0123659230481
200,0.2,0.5,random,pcglassoFast_Dual,C,0.0028480358684358,0.5529999999998836,161.01207400596243
200,0.2,0.5,random,pcglassoFast_Dual,C,0.01,0.48700000000098953,161.01653771196578
200,0.2,0.5,random,pcglassoFast_Dual,I,9.999999999999982e-9,2.0219999999999345,161.00734390012357
200,0.2,0.5,random,pcglassoFast_Dual,I,3.5111917342151263e-8,1.9344999999993888,161.00734409730322
200,0.2,0.5,random,pcglassoFast_Dual,I,1.2328467394420646e-7,1.6935000000003129,161.00734421647385
200,0.2,0.5,random,pcglassoFast_Dual,I,4.328761281083054e-7,1.7694999999994252,161.00734489337532
200,0.2,0.5,random,pcglassoFast_Dual,I,1.5199110829529328e-6,1.5225000000000364,161.00734802411245
200,0.2,0.5,random,pcglassoFast_Dual,I,5.336699231206308e-6,1.393500000000131,161.0073754255523
200,0.2,0.5,random,pcglassoFast_Dual,I,1.873817422860384e-5,1.16150000000016,161.0074167678494
200,0.2,0.5,random,pcglassoFast_Dual,I,6.579332246575681e-5,1.0560000000004948,161.00753729781502
200,0.2,0.5,random,pcglassoFast_Dual,I,2.310129700083161e-4,0.8980000000001382,161.00812129571344
200,0.2,0.5,random,pcglassoFast_Dual,I,8.11130830789687e-4,0.7234999999991487,161.01086631958026
200,0.2,0.5,random,pcglassoFast_Dual,I,0.0028480358684358,0.555000000000291,161.01758947210357
200,0.2,0.5,random,pcglassoFast_Dual,I,0.01,0.4904999999998836,161.03402835877893
200,0.2,0.5,random,pcglassoFast_Primal,C,9.999999999999982e-9,15.17450000000008,161.00734395979956
200,0.2,0.5,random,pcglassoFast_Primal,C,3.5111917342151263e-8,13.413999999999987,161.00734405497417
200,0.2,0.5,random,pcglassoFast_Primal,C,1.2328467394420646e-7,11.233499999999822,161.00734426508885
200,0.2,0.5,random,pcglassoFast_Primal,C,4.328761281083054e-7,9.928999999999633,161.0073449092558
200,0.2,0.5,random,pcglassoFast_Primal,C,1.5199110829529328e-6,8.248999999999796,161.00734683991604
200,0.2,0.5,random,pcglassoFast_Primal,C,5.336699231206308e-6,7.403500000000349,161.0073522391769
200,0.2,0.5,random,pcglassoFast_Primal,C,1.873817422860384e-5,6.078000000000429,161.00737985691214
200,0.2,0.5,random,pcglassoFast_Primal,C,6.579332246575681e-5,4.530500000000757,161.00742265697124
200,0.2,0.5,random,pcglassoFast_Primal,C,2.310129700083161e-4,3.426499999999578,161.00766165526895
200,0.2,0.5,random,pcglassoFast_Primal,C,8.11130830789687e-4,2.5230000000001382,161.00807167689968
200,0.2,0.5,random,pcglassoFast_Primal,C,0.0028480358684358,2.045499999999265,161.00847271284505
200,0.2,0.5,random,pcglassoFast_Primal,C,0.01,1.4809999999997672,161.02183767842925
200,0.2,0.5,random,pcglassoFast_Primal,I,9.999999999999982e-9,19.976,161.00734395957403
200,0.2,0.5,random,pcglassoFast_Primal,I,3.5111917342151263e-8,17.68000000000029,161.0073440487234
200,0.2,0.5,random,pcglassoFast_Primal,I,1.2328467394420646e-7,15.697000000000116,161.00734433723323
200,0.2,0.5,random,pcglassoFast_Primal,I,4.328761281083054e-7,13.69900000000007,161.00734499016244
200,0.2,0.5,random,pcglassoFast_Primal,I,1.5199110829529328e-6,12.166999999999462,161.00734678069682
200,0.2,0.5,random,pcglassoFast_Primal,I,5.336699231206308e-6,10.328999999999724,161.00735349429954
200,0.2,0.5,random,pcglassoFast_Primal,I,1.873817422860384e-5,8.574999999999818,161.00738183815673
200,0.2,0.5,random,pcglassoFast_Primal,I,6.579332246575681e-5,7.005500000000211,161.0075074324324
200,0.2,0.5,random,pcglassoFast_Primal,I,2.310129700083161e-4,5.2094999999999345,161.00815589830944
200,0.2,0.5,random,pcglassoFast_Primal,I,8.11130830789687e-4,3.6914999999999054,161.00932009750298
200,0.2,0.5,random,pcglassoFast_Primal,I,0.0028480358684358,2.779500000000553,161.01068599742777
200,0.2,0.5,random,pcglassoFast_Primal,I,0.01,2.1165000000000873,161.0155989792542
